B_cells,T_cells,CD8_T_cells,Cytotoxic,NK_cells,Monocytic,Myeloid_DC,Neutrophils,Endothelial,Fibroblasts,cytolytic,Tcell_inflamed_GEP18,B_cell_sig,proliferation,stroma,hypoxia,EMT,sample,tissue,physiotype,case_id
1.5600929086564819,1.6181818072803356,1.1519821862495996,1.54579189333248,1.4789611371417701,2.4011763614761734,1.8139505430040792,1.947497024770786,3.495412999338856,4.994988042228148,1.1285929602206703,2.4352780673361045,2.2205102007864106,3.6160140159359964,5.345005361762403,3.494593589022461,2.5495172815541483,00d461ae-a1d8-42f2-abd8-5e159363d857.rna_seq.augmented_star_gene_counts.tsv,Tumor,1,TCGA-44-2666
1.7377170446969867,2.274599895557061,1.848059133032158,2.182739907484496,1.6031482763164875,3.463087921980072,2.5067703281182454,2.0047056930905365,3.629030217248164,5.295704536572251,2.0814237244678693,3.617321109389523,3.124447022153409,4.335458976560096,7.05159347500101,5.022035466693925,2.995095904060075,00fabec9-d311-4994-a7e5-eb91178d14f2.rna_seq.augmented_star_gene_counts.tsv,Tumor,2,TCGA-69-A59K
2.0853257127362492,1.9793645030064793,1.4571381004126358,1.798016862322513,1.5180092678885002,3.285462324888489,2.135668385157133,2.103431221903316,3.9140618916216763,5.94080310859182,1.893346151478248,2.5579508558820265,3.224588188863648,4.062897652802833,6.9104211069924135,4.220543852374619,3.885812804337416,01ebdef8-920f-4b71-8b44-512598962d6b.rna_seq.augmented_star_gene_counts.tsv,Tumor,1,TCGA-99-8032
0.8414082320092683,2.009105037809708,1.568914205358713,1.7846892075323453,1.3693789734303219,3.5977360023799725,2.1355253689125293,2.1246365472180218,3.045168129101917,5.361309410985224,1.9734901735212018,3.693434908184306,1.9816049748013618,5.060447062817498,6.512346239298996,4.849567167476836,3.3780688094714577,020a2284-03f3-4439-89bb-2292ebc3ecd2.rna_seq.augmented_star_gene_counts.tsv,Tumor,2,TCGA-95-7562
1.554630833583926,2.725828969630314,2.276751711428017,2.6443849169416755,2.0942765849614555,4.259335768455059,2.7855907945353686,2.42458609342943,4.332667876186734,6.3510155074849814,3.3532052387954314,3.943807706892381,2.437509529313953,4.999077289522248,7.423569273504623,4.279972686526824,4.100628848239218,02f6c9d4-8296-4e00-9e78-4f4d8c942340.rna_seq.augmented_star_gene_counts.tsv,Tumor,3,TCGA-91-6848
2.112225546784473,2.560861616821746,1.7779855083973608,2.377473377222954,1.756487248479381,3.9392640649178476,2.6163916926374013,2.304751256137924,3.6845098681996657,5.519363231048297,2.254353240776094,3.412634779686373,3.1770721860225355,4.0011721040887185,6.302658108714288,3.6866130703442175,3.1521149837904168,0326e97a-2ec7-4038-98f3-03d94962d869.rna_seq.augmented_star_gene_counts.tsv,Tumor,2,TCGA-97-7546
1.1781431128927256,2.2048752323135727,2.1670610577433904,2.224064415891911,1.9158605078409863,3.108889160168577,2.023285738557231,1.914266923294609,2.0072338094704136,4.225391886313136,2.4193510804871696,3.4759009823904155,2.191165778213662,4.555739740383561,5.240517678081747,5.574581986034014,3.4676850816033933,03c7ece7-500d-4c38-a600-bd6863562bfd.rna_seq.augmented_star_gene_counts.tsv,Tumor,3,TCGA-49-AARQ
2.4605107243962547,2.055444627570894,1.3383484010700488,1.6767353269358483,1.3210912281510399,2.995332205263343,2.23020481997966,1.8874299739566545,2.9287646407612273,5.306325029780904,1.5201867645431029,2.6057082584234355,3.131195931971201,3.9521501828218835,6.2201013530416835,3.8229545912364675,2.733161741414251,044b4834-bb51-40c8-8027-e5d752fa8787.rna_seq.augmented_star_gene_counts.tsv,Tumor,1,TCGA-55-8616
1.7398265620169704,1.9732747889657967,1.4193826082921857,1.8980534033908454,1.438864345762,3.590752113413078,2.9194777637444167,2.198060858163681,3.780080156573193,5.360403615896392,1.9741875244726046,3.450337611185522,2.2205858983276823,3.6825003691095697,6.602741145897543,4.243116861505656,3.187407413953891,04c4affd-ca5d-4ea4-95d1-a6502e80d1af.rna_seq.augmented_star_gene_counts.tsv,Tumor,1,TCGA-64-1681
1.928640331510373,2.357819161174262,1.865368553724585,2.1680502011591765,1.614679681653658,3.4107620586506497,2.4370473183464663,2.163911366314484,2.742098039425492,4.271939114481556,2.6443800895772687,3.2051713812065863,2.8658246612994707,3.6725090176555275,5.245659899309588,4.272086381262816,2.6735134364909587,04ce9fac-b5f3-4830-935e-9d6ea74ee915.rna_seq.augmented_star_gene_counts.tsv,Tumor,1,TCGA-MP-A4T6
1.0334450636048973,2.3193638502302485,2.3998572850681055,3.375019753333279,2.433415781125838,4.650771916355436,3.1936471841365406,2.8355976748108906,4.687793475629547,5.119146625468125,3.4265594099329446,3.5813992265917736,1.4436872631600404,3.0596634265013547,6.021789151547466,3.411834924665133,2.748449025533358,050f4ef1-e774-490e-9450-8f2d473b1a21.rna_seq.augmented_star_gene_counts.tsv,Normal,2,TCGA-73-4676
0.6368521873335679,1.4144201670839238,1.2119477296061973,1.8845367681870144,1.3123258447337958,2.380705288194631,1.4942904041693983,1.2125878514568078,3.880942561254471,4.345755091467641,1.8866474674105527,2.544796795842908,0.8831688558941005,3.2918239273801486,4.882175974816417,3.1827344502791886,2.490452663730843,059b5dc1-45f7-4d7c-b07a-878b6db6d881.rna_seq.augmented_star_gene_counts.tsv,Tumor,3,TCGA-78-7156
0.8567927295931367,1.8292620081172317,1.6208258900031092,2.3505338396933126,1.6187130696196728,3.9160131987134834,2.8707148089055403,2.1710791128872238,4.126597391335298,5.083128434239211,2.4256997191499505,3.2561289893039547,1.1432417773991408,3.286352826736545,6.011171339774508,3.140556978239241,2.923420417093763,05ca3ffd-a4d9-4667-80e2-d15125e88f7c.rna_seq.augmented_star_gene_counts.tsv,Tumor,2,TCGA-97-A4M1
2.1566198420242744,2.8074523145697303,2.305664093511218,2.5385249106705636,1.9005664461874627,3.7513828691551483,2.455585128059911,2.185662607073302,2.824816418457339,4.987380065362859,3.042449558564732,4.059036673481829,3.385577953800886,5.187267505217257,5.990897893673342,5.946151137811379,4.1856704610045385,06770623-6a10-4874-9eea-1497077f18ac.rna_seq.augmented_star_gene_counts.tsv,Tumor,1,TCGA-55-A4DF
2.767888569907706,2.1527360177154686,1.5823452946677574,2.0235817904418227,1.6329184220800101,3.5013614234370753,2.4367752849644986,2.272292957021465,3.6527006248618465,6.140852476337019,2.2580505789741947,2.9733832480081572,3.662037730019218,5.123674647344534,6.829097831372714,4.397411800191223,3.2610650388279447,068ba2ae-288c-446d-8d17-72445ce4f788.rna_seq.augmented_star_gene_counts.tsv,Tumor,1,TCGA-93-A4JN
0.45074130661174266,0.8848986243099031,0.790327477942417,1.599894303794413,1.0825624365506348,2.633387724898649,1.5347562645875548,1.461284343962647,4.440086242716761,4.825184556174939,1.4523943437423013,1.9664312933919794,0.6051313111590674,3.7529688757993735,5.505623041535365,3.702566492245766,2.410292301616491,06c83065-5800-451a-84a7-7a7f352493ec.rna_seq.augmented_star_gene_counts.tsv,Tumor,3,TCGA-78-7633
0.7657555391110955,1.660007559940229,1.236258997868624,1.8811152369990236,1.2841040769042305,3.861878610765124,1.9128340740420833,2.2040502338098134,3.229133942271221,5.172997489132314,1.5308850604922597,2.676798042232876,1.131161198043826,4.230833433844833,6.354716629906297,5.981393110817773,3.2513305925138964,06deab65-ccea-473f-ad0e-7e3928df2e07.rna_seq.augmented_star_gene_counts.tsv,Tumor,2,TCGA-05-4426
0.8772050222286089,1.9421174113953164,2.0480179566715306,2.9032177570697244,2.20941824786785,4.25708726138125,2.854756408369376,2.4873400708083637,4.912765239286064,5.637658872553939,3.355146454115059,3.2312350612691976,1.0875401086200016,3.1619928047558794,6.3135123134908735,3.1838207265063687,3.069125821851717,06f0836c-ae3f-4c83-bb20-a5a74796bb11.rna_seq.augmented_star_gene_counts.tsv,Normal,2,TCGA-50-5932
0.9773347953884417,2.134282392845645,1.9155543533240649,2.537971710229857,1.7600340852041445,4.489777972349934,3.061763005663825,2.691400494134116,4.398279427827973,5.149270091324666,2.6671070812035333,3.4021238853154916,0.9554769548254682,2.8990181157047665,5.945412248243556,3.186691832941902,2.8892177869456757,07a66ae7-6b95-4d57-b308-dcb30672b6b9.rna_seq.augmented_star_gene_counts.tsv,Normal,3,TCGA-55-6971
1.9552456745301476,2.1192825986330153,1.753939252394216,2.5679731129221253,2.0209094638567127,3.9228453620724317,2.778931989689665,2.472715507904882,4.140362479697712,5.878886513346662,2.7896612780682126,3.1988471742444635,2.5859867125296434,3.7674928599702273,6.667306904627414,4.163648422890147,3.08414167751619,07c5dadf-e801-4c1f-9109-7a2495407c75.rna_seq.augmented_star_gene_counts.tsv,Tumor,1,TCGA-97-A4M5
1.6023543732638132,2.301652605178185,2.1816560265110962,2.6702433432036776,1.9091816365249938,4.036768864589821,2.4055471577709495,2.8052754743436057,4.336326849061728,5.951972086810746,2.8899103589947877,3.646068167084135,2.1747615446128163,4.219553685419885,6.739182056777409,4.320992898872301,3.1848214618018265,07c8891d-1917-45f8-bd1d-4c59d1baafaa.rna_seq.augmented_star_gene_counts.tsv,Tumor,1,TCGA-91-6830
0.9159666218761144,1.6360041139527373,1.4296309270879273,1.6810071545822818,1.1533289374581273,2.496472335708916,1.2761209155628197,1.2376615270336337,2.412831317587195,3.2711745259294074,1.9600698916368238,3.014331429388309,1.4269299318482351,3.3854930040173716,4.131286007666365,4.244617999698643,2.4289707331511674,0832f2ee-ad00-42c7-8cc3-9c63a7b5cea9.rna_seq.augmented_star_gene_counts.tsv,Tumor,2,TCGA-78-7163
1.7369637276369807,1.4824146713923696,1.1049626679694442,1.6246124665687962,1.1603466904543631,3.899350334918811,2.7815592531176145,2.019380000659166,3.0349025902068036,6.102979105384675,1.2094836475115196,2.742660220371231,2.354818301686899,3.6138714302048576,7.317273816008741,3.427588740407766,3.7669091543480215,085fd4df-27f7-4680-a0b5-8726f9eab370.rna_seq.augmented_star_gene_counts.tsv,Tumor,2,TCGA-49-4512
1.1969793596536669,1.7582746461926715,1.3916180425835596,1.9104518759957068,1.393271941546815,3.6648311745007467,2.650425295615162,2.20318600839299,3.5008246728285664,5.816181035195168,1.7516958277831658,2.892874469813046,1.6285984737631507,4.124779184480025,6.752004223041084,3.9135656293381427,2.901355736065147,087c2c93-d071-41e1-a2e8-a1961ba54a86.rna_seq.augmented_star_gene_counts.tsv,Tumor,1,TCGA-86-8073
0.6881199456509786,0.40372997562369667,0.4485761486236218,1.266633499358149,0.7690553189348225,3.357322547507672,1.9970411076732084,1.6336228546186133,3.348704844350784,4.498513445111116,0.9938206163210578,2.1307197191798917,1.1403979089276948,3.6170965022327084,5.475933770975071,3.8005387817464706,2.770801783470987,094bd5ef-b1ca-46c6-b717-2519e5a6151b.rna_seq.augmented_star_gene_counts.tsv,Tumor,3,TCGA-71-6725
1.6091919379097581,2.8252087283927705,2.8055349023162015,3.0248918749602915,2.1547807440689173,4.0337706082550095,2.7764044115073148,2.7847732143559822,3.425726782376379,5.1747035855324075,3.3597033416471658,4.328004219705078,2.8485317373989005,4.642595518249722,5.844273425818097,4.358588226677244,2.90762971520616,09728f38-787f-4868-b28d-8cf6afa3c71b.rna_seq.augmented_star_gene_counts.tsv,Tumor,1,TCGA-05-5425
0.5511116887947589,1.5614926551420598,1.5609992218721735,1.893678788029652,1.2618014587201734,3.641523766549143,1.8256941130846602,1.6961495717091641,3.055112438809504,5.23619562319429,1.8628476520563098,3.068021977340225,0.45066313249235523,5.308719587521512,6.062613246285039,4.748259485463038,3.1712571763347337,0a11e8dc-5d34-4fcb-b2dc-aa57b4e90fc9.rna_seq.augmented_star_gene_counts.tsv,Tumor,3,TCGA-78-7146
1.1403355557183665,1.7473455831987688,1.9051028791817062,2.1376863730110434,1.6822291478282512,2.992044667934545,1.6088981144743977,2.559406128296419,2.8277304156782903,4.431117175237465,2.744191675867828,2.646579347979765,1.8929794728172193,4.8286740730198625,5.373128826223665,4.602298949607194,2.592646018554574,0a4e0b83-7afa-475b-8586-e9e79e31d6d2.rna_seq.augmented_star_gene_counts.tsv,Tumor,2,TCGA-62-A471
1.560134090175374,2.5262507338342566,2.0688311258992447,2.3419645368065796,1.9420830261959474,4.181719106153933,2.7687903988493536,2.480038280228317,3.85483095531005,5.437324486433345,2.7859534058015685,3.8181122303318378,2.5866818158744693,4.348480144900038,6.3498869511899985,3.8920002920380505,3.5131025701426664,0a5dab01-33ff-41d1-8842-7b7f18a6efe0.rna_seq.augmented_star_gene_counts.tsv,Tumor,1,TCGA-91-6828
1.8508692559635984,2.3304616972458536,1.6434984065661025,2.0411831777902956,1.6360746412368077,2.9336782955133573,1.974772794768791,2.030224184603252,2.7581809136352646,4.738255451548665,2.306182977013001,3.182871910967207,2.6147203975436524,4.071662149489474,5.426540898180847,3.7710454651251943,2.492983209270365,0b55cf48-41ca-4d54-a6c6-fa15c711370b.rna_seq.augmented_star_gene_counts.tsv,Tumor,2,TCGA-44-3917
2.1498781566214826,3.0921882163306713,2.9662971596467256,3.095119392876496,2.3428524818924004,3.9121861647763807,2.658554852445974,2.2729336156206297,3.3607382010187035,5.934255007360822,3.5454879432477906,4.625854379461498,3.123536993535379,4.838095216789389,7.084636329067935,3.7457772106485603,3.564802406671833,0ba8665b-be52-4288-838a-8f5d189f809d.rna_seq.augmented_star_gene_counts.tsv,Tumor,2,TCGA-49-AAR3
1.9304787960163077,2.2654576208077133,1.7631017676988368,2.4386156043026292,1.8101978262763774,4.615658478760181,3.523833642935839,2.779826910504319,4.292639808339486,6.611809241966316,2.2926359362533626,3.6683035987473533,2.823635796217213,3.8469933539568237,7.680667428435468,4.492513626615303,3.5237558101615347,0bb88c14-58c0-45d8-a8f3-f41840f62d37.rna_seq.augmented_star_gene_counts.tsv,Tumor,2,TCGA-44-6777
1.5808212778285373,2.2440349701664535,1.9825136066387756,2.7632541070384335,1.9006540170603543,4.549879586737943,2.902751751122176,3.001202902944275,4.946604068544122,5.3499495753543815,2.8504809838138536,3.68617920277112,1.681269616549485,2.8044029224123004,5.993529845596875,3.5319381343909817,3.224849227027473,0c09f267-c052-4208-83f3-9acbad0867d5.rna_seq.augmented_star_gene_counts.tsv,Normal,3,TCGA-91-6831
1.9779867620323457,2.7320801142998254,2.0738072982214866,2.8382090680244345,1.910720559407356,4.706719682621319,3.4037057881253694,2.7819420700687796,4.151305357376983,5.200505884193253,2.654503473905768,4.066843283766818,2.5772476784018044,3.073299156701131,6.274385556616133,3.1488832596120693,3.29022856394923,0c73a12d-b6a0-4ee0-9364-6744964e3526.rna_seq.augmented_star_gene_counts.tsv,Normal,2,TCGA-55-6979
1.7382329519420308,1.8717153791628647,1.3352132779805692,1.8311267163245781,1.4528580792432695,3.535646041209966,2.1779664662227307,2.1364773740450866,3.7060089053475007,6.081955548006801,1.7938502972862307,3.0159267274358186,2.6228047734378026,4.152709408841527,7.095208484555533,4.876671455252002,3.4471676849052044,0e3e11b9-9f43-4a0d-8665-023fae9f8b00.rna_seq.augmented_star_gene_counts.tsv,Tumor,1,TCGA-38-6178
0.7844819605366912,2.0022105764325713,1.8796820466680586,2.0261785221748156,1.4910184867805005,3.6686024849288,2.4256514758553664,1.7275083613547177,2.722283139779594,4.618860951196715,2.2699994975213458,3.6620499590245768,1.2057133853191562,4.830496583679435,5.53543597097255,4.637727259679634,2.824395656866264,0f6c0159-7342-4519-83f5-52c2d457c4f8.rna_seq.augmented_star_gene_counts.tsv,Tumor,2,TCGA-78-7147
0.535527758879659,1.2377330691552022,0.8061955993705926,1.4964234774753278,1.103362498106667,3.7183164643623665,2.544907309170289,1.7952751736047492,3.152876171160073,5.808665148235991,1.2814766125068437,2.3595343827491853,0.6485381597022519,3.9594432468832017,6.874900567238342,5.542775968026985,3.290549472351892,1084d48c-88e8-4d67-9049-d0e4cd7f9535.rna_seq.augmented_star_gene_counts.tsv,Tumor,3,TCGA-62-A46V
0.8651770160067648,1.8382092090978575,1.5913966018930954,2.3796408755752623,1.6167111489702155,4.145905986887941,2.998653499790495,2.3356728641852142,5.3298288301974,5.827795815258216,2.483022817485363,3.10917810065008,0.980847914278098,3.193695534866158,6.687688762988212,3.3344263965901106,3.260969946732196,11d52676-7017-48b4-872a-cefb91b8651c.rna_seq.augmented_star_gene_counts.tsv,Normal,3,TCGA-44-2655
2.7403160247289278,2.637596196111118,2.155182411389984,2.4065031167179605,1.8697126288812735,3.7609817925527844,2.883228686440726,2.017329841599147,3.634602674636629,5.551369888006833,2.62791200067488,3.5392010380328682,3.9424878828174994,3.4675714047938895,6.348885451160219,3.3573273909551116,2.871146194818981,1205cc6a-c42f-44c8-bf1c-84ef49eaaee4.rna_seq.augmented_star_gene_counts.tsv,Tumor,2,TCGA-50-8457
1.825448617330737,3.0465953293759243,2.313821392896172,2.571031366738591,1.9248643013618583,3.9392707724126117,3.0832588837137656,2.3045527625243287,4.296768101181517,5.872295235876333,3.02854348950072,3.9930276985292465,2.4130207114232403,3.8747426930204636,6.635160163481595,5.0033753176605185,3.2410073523729883,129a4f1c-81ee-4ebb-8c97-0a60fcc114d6.rna_seq.augmented_star_gene_counts.tsv,Tumor,1,TCGA-99-7458
2.846179838682279,2.729798189841285,2.014280538310069,2.465710081255659,1.8505088811270833,3.8988279867174516,2.979048379675887,2.188301325125103,3.6086015598667,5.66023879474034,2.539956668356477,3.5409323050984503,3.515228837475543,3.5608273815170253,6.329348567479021,4.481730457667234,3.198076193929956,12beb3ab-f6e1-42b0-af74-1a8cbb3416c0.rna_seq.augmented_star_gene_counts.tsv,Tumor,1,TCGA-J2-A4AG
1.6920591053597656,2.344823098848237,1.6649986435014286,2.0884918990075305,1.5771720111059317,4.4346175413660704,3.1801170548206943,2.628427066976663,3.461246856254205,6.853102080831976,2.0711537154197712,3.3793127223514223,2.02358951793463,3.782464410579758,7.668274691087437,4.95280607894958,3.906797416468874,12da2172-3304-4dad-bd80-3039e6d49de3.rna_seq.augmented_star_gene_counts.tsv,Tumor,1,TCGA-J2-8192
2.2189681330244118,2.7703355088862636,1.937071226828859,2.2438275936539194,1.820552898227803,3.9139892315043956,3.221978627988253,2.6239522882797983,3.8355860056474405,5.673063373052837,2.4248617546874396,3.752678706821313,2.989942281565011,3.885154293901209,6.433389243485362,4.075070398454169,3.140159716444641,131b98d5-aaf4-4a6c-bb96-c33895cd814a.rna_seq.augmented_star_gene_counts.tsv,Tumor,1,TCGA-97-A4M7
0.7795463923048835,1.441296471360893,1.1772248334343443,1.6870967611216166,1.2054164951588697,3.568143397104798,2.6674690066311544,1.8907039168922875,4.111156099719387,5.285872448830891,1.3781420907718995,2.7179651392512487,0.9291398839562878,4.37499050122553,6.690978268365869,3.5085879127670725,2.9647644754610156,131c0149-e810-4004-97e0-6c8a4aa9049d.rna_seq.augmented_star_gene_counts.tsv,Tumor,2,TCGA-97-8179
2.5451034543267563,2.943009318192818,2.0288959087225424,2.4596099374350704,1.9620679753299537,4.130146754067223,3.1174026457621897,2.5690803751734554,3.3104043402466794,5.577922014644174,2.5796666948824063,3.9716342903338955,3.1984793159206673,3.7761535653345004,6.459169934480637,4.15100602176418,3.0867085038210615,143cbdd4-689e-4ba9-b0ad-069629dc7dfa.rna_seq.augmented_star_gene_counts.tsv,Tumor,1,TCGA-97-A4M6
3.2452575248294133,2.812375853384686,2.1251828362934106,2.3997063651236044,1.812175445640914,3.7340102670541446,2.9805756373528425,2.1621768438882154,3.7727361768799033,5.768745173185353,2.654747989645339,3.400467987583393,4.170095435542225,3.605813086381615,6.455521166315018,3.644425237971807,3.0207500075785,145db6c5-f7ad-4e2f-88f1-d68bc457848a.rna_seq.augmented_star_gene_counts.tsv,Tumor,1,TCGA-97-8172
1.6634199808085122,2.2938031230053966,2.205186637467931,2.5069393191431124,1.6889215217256466,3.3980310260040576,2.451981689359936,2.089209925272184,2.595484312775978,5.2532927561064655,3.3432661075003702,3.5417730922357205,2.7799775254509886,4.538664777526099,6.090578152105413,3.7032399640947866,2.4547094236261726,146a69db-f304-4dd3-97e2-4d11b6512069.rna_seq.augmented_star_gene_counts.tsv,Tumor,2,TCGA-44-3917
1.661601906831527,2.292648653466984,1.9235017221410875,2.484123032313114,1.717967600335194,4.45458223534031,3.041556792000837,2.4286647460185944,3.2790457296659534,5.575604413601814,2.194739697197429,3.735979062297056,2.5627424349156533,4.747600060648526,6.748085205401534,4.902860620242931,3.4328129217073573,14797b04-c56a-4ceb-bd0f-a4e785e90f75.rna_seq.augmented_star_gene_counts.tsv,Tumor,2,TCGA-05-4398
2.1342785075498716,3.299382335919491,3.2571073170323834,3.492610086212668,2.6753422503691477,4.25174445171946,3.006963370395874,2.759724588265542,3.362417138729799,5.779195798470508,4.551237826478056,4.919072575335656,3.101467401727508,4.631705104213472,6.490401974514213,4.378220811093404,3.234217490906687,14aca23b-01ce-4532-8f2f-3b22b05a4757.rna_seq.augmented_star_gene_counts.tsv,Tumor,1,TCGA-55-8089
0.7772445557030606,1.6707520111358225,1.4826925085716656,1.9300667855824467,1.4107337009736725,2.9623063001847734,1.4892041320367801,1.9137273156836092,2.835791182741793,6.116823996379099,2.0449129741601575,2.4803688639605115,1.249419688255823,4.90776220993122,7.1133838715502105,4.971995172657152,3.2663365692854116,14e05372-1acb-4479-904b-ce8acef028eb.rna_seq.augmented_star_gene_counts.tsv,Tumor,2,TCGA-78-7150
3.087513593582384,3.5696503152084373,2.9828676779788585,3.2676759655958545,2.6273292684757648,3.9600740115341133,3.145621338501322,2.8255395682671756,3.6514475627700818,6.015161071002137,4.044163206065949,4.480807205350884,4.1341846942851985,4.133542312437786,6.822285795993611,4.8864411371331204,3.490930787641273,156a175b-b419-4089-8541-7318e3dee78a.rna_seq.augmented_star_gene_counts.tsv,Tumor,1,TCGA-MP-A4TJ
1.078972270554258,2.011405589622732,1.5411706582976685,2.146214073244137,1.5425489148806093,3.2511062330214364,2.40612860376547,2.1258879424390904,3.645694986502075,4.608071482585996,2.2449705018298456,3.072888991820516,2.097058182842306,3.3711295705842623,5.452901968574876,3.8858272672953795,2.902481941409836,160dd8d4-3262-4789-bd92-d5470bc7d41b.rna_seq.augmented_star_gene_counts.tsv,Tumor,1,TCGA-62-A46S
1.0832925727681941,1.6947880695630728,1.5957939671845516,1.9513509989422027,1.509248001003136,3.095122942190857,1.7424258522712155,1.896027329796254,3.3150014063238653,4.956250649264725,2.1384856410002127,2.87817000313327,1.7731117806714345,5.233907403019231,5.621422334714878,4.54628162012208,3.0559086418209302,186b7ed8-cc25-45b6-bf7d-25d7a3a2154a.rna_seq.augmented_star_gene_counts.tsv,Tumor,3,TCGA-91-6836
1.7467656707883352,2.281003341077075,2.226722498730637,3.1601644069856114,2.2979946780731306,4.423464842754701,3.4981293895619325,2.6805562263276763,3.9775931842158894,6.126783670887906,2.6073916053284583,3.590500379342693,2.3191465445420847,3.4511612531052753,6.98918140906936,5.730962264123507,3.5082292305204907,1890feb6-9f7f-4437-9828-198ff43e16b0.rna_seq.augmented_star_gene_counts.tsv,Tumor,1,TCGA-44-3398
0.7384614261195516,1.8736084556317198,1.7586703827761017,1.9430674558898804,1.473897025804964,3.1070484807858243,1.5783186216999585,2.2871686946391447,3.5743227752384694,4.851326723184857,2.4122799780596145,2.7412070315342487,0.9427576820382639,5.0726903601722135,5.685540728044929,4.023799317408626,2.600283595271428,19853c82-c205-4af9-badd-82946eec14ad.rna_seq.augmented_star_gene_counts.tsv,Tumor,2,TCGA-78-7220
2.7399831044985516,2.332628465063932,1.7789579823260877,2.0937539068634603,1.4990467010874866,3.470286854238247,2.4012471946285685,1.9705749363469636,2.8521167142834383,5.190260777857558,2.138301946514892,3.3649129684107177,3.653533673125176,3.7167073046173837,5.971916557659867,3.614683622740288,2.6662778480089004,1a0143ed-cd70-498f-b094-bc71b6921fb3.rna_seq.augmented_star_gene_counts.tsv,Tumor,1,TCGA-55-A4DG
2.418681907665875,2.3719146414246723,1.6768982368195327,2.071159295694806,1.755055578550052,4.3731383890616735,3.335774033346529,2.6560195938542073,3.6912641337536827,7.234516247808176,1.9780437669728839,3.104851232865973,3.3140508642637805,3.5791229300102296,8.251457241345467,4.664688723693586,4.200547010079672,1aa0401e-b389-4852-87ef-e1ae357b76dc.rna_seq.augmented_star_gene_counts.tsv,Tumor,1,TCGA-50-8459
1.193157395695528,2.425916021273239,2.5294221573591105,3.2588245704495566,2.3110522706021763,4.763165720678255,3.2521255354505896,3.1431584066656364,4.182696385178651,4.815077022550689,3.4389264246723084,4.042741309128548,1.5265023860295286,3.046023800158151,5.49882312480299,3.218982001316005,2.7527978665721293,1b22e14e-321b-4609-9aa2-9df6285ca948.rna_seq.augmented_star_gene_counts.tsv,Normal,2,TCGA-38-4632
4.107189096212335,3.312376159489426,2.604750001094846,3.115054500883264,2.233543904685821,4.469140273721766,3.656578971623251,2.714394937717271,4.2825092174697055,5.207518087122265,3.2210078072446295,3.934632094837976,4.835432130627342,3.927029862998986,5.97174877710122,3.333530616972475,2.945730820526063,1bd869a0-98a7-4e19-994f-41a1ce2c7b2d.rna_seq.augmented_star_gene_counts.tsv,Normal,1,TCGA-44-2657
1.269384229900963,1.9202809018888054,1.5290678589209883,2.269768736689135,1.5562599935253933,3.7969621567334335,2.385821626487338,2.344512644893855,3.5648271137472354,4.952489106537592,2.076010610512843,2.9691449604916875,1.711897004764526,4.035837246071545,5.728982695635295,4.1632012517730335,2.8339027218904786,1c66cca9-ad78-44e5-ab54-be31d4a66437.rna_seq.augmented_star_gene_counts.tsv,Tumor,1,TCGA-MP-A4T7
1.6194649710650466,2.2501387110630686,1.5517938740336537,1.7995662744979053,1.5458099396562157,3.0342474821612893,2.0494462482109332,2.329713161641766,3.4516930205866023,5.54566337881383,1.7460934401982258,2.856896648924975,2.1923487999755853,3.393908022381063,6.231850153680684,4.260841068796688,3.1821802463635773,1ca692e6-1dff-4d84-ace1-671bac7b9f61.rna_seq.augmented_star_gene_counts.tsv,Tumor,2,TCGA-44-4112
2.631689128335076,2.198685168666216,1.5049351844061365,1.906452289225216,1.5130156538679913,3.2650804404699265,2.450148983398442,1.8763950947868844,3.1044367456081052,5.455156959235858,1.7424195641144244,3.1013620865965597,3.5747017888836696,3.7792097773716713,6.529413992337345,4.736182281890983,2.934239631416656,1d7be20b-b4ca-47bb-9552-689f2e3ff0f7.rna_seq.augmented_star_gene_counts.tsv,Tumor,1,TCGA-44-A4SU
0.7240461881432326,2.1779627737279164,2.028600108903687,2.449755139470108,1.7279741090482734,3.6976718110319187,2.675310456425014,1.7566913516694964,3.0903321478772767,4.724811292136285,3.119428468411366,3.65024117797371,0.9558312234963477,3.226180376283512,6.034331955827939,3.7848319094336382,2.625620023124942,1da64d9f-f5dd-4017-bf82-d1a61512b56b.rna_seq.augmented_star_gene_counts.tsv,Tumor,2,TCGA-67-3770
2.18824339662248,2.542266013422037,2.0637236850797795,2.293952289034458,1.6311382303389979,3.49285684726438,2.8674899162880765,2.091885119545849,3.414953642635989,5.192906949825972,2.5345976738197873,3.6847323912791206,2.9761846810628008,3.2770650422448107,6.093974382735543,3.4557942441589296,2.9602613803512856,1e3d606d-e374-460c-a046-b6c98aa8256b.rna_seq.augmented_star_gene_counts.tsv,Tumor,1,TCGA-67-6217
1.5192628485781146,2.6855252209133957,2.295803023381246,2.6326874407933163,2.0594805866591233,3.354078769157784,2.436604908114561,2.134746984620221,3.0372151445481554,5.450622658287881,3.2180390688728533,3.760026016864634,2.3601422895722757,4.17711818288387,6.793860335431093,3.9554202909348555,3.153098206691281,1efac920-fb46-4ac8-b8b1-d1f2743edefe.rna_seq.augmented_star_gene_counts.tsv,Tumor,1,TCGA-55-7907
1.4200225463321796,2.2044412385694008,1.9795247263831224,2.320387453462633,1.9932045084607244,3.134914606765041,1.976864701198209,1.9819621204732911,3.9796363317914976,6.613043202079285,2.49619221209109,3.2030878162374297,2.663921498501306,4.870293138993571,7.636511440959204,4.9234037706869955,3.834277822521975,1f71e82c-0781-4d19-bc26-6c3c176827c5.rna_seq.augmented_star_gene_counts.tsv,Tumor,1,TCGA-50-5946
1.8986737840707328,2.682657409252882,2.2883986967534358,2.5855646991095838,1.8224114661034447,4.318235886130832,2.8031208655523216,2.847551624951936,3.571986328998715,6.128765700241456,2.788492449230195,3.949075352797403,3.1488146915461455,4.423643286115027,7.092627804776899,5.331506180574307,3.7822361006670895,1f7293ad-85b2-4d42-afcc-88cf1027cf5f.rna_seq.augmented_star_gene_counts.tsv,Tumor,2,TCGA-44-3396
1.1195609368472852,1.9248358878262222,1.4955093027092052,2.2405507064222134,1.5243492431601589,4.057352412012485,2.8653709236641722,2.599199801891491,3.330771975807845,5.251917445936882,2.2025371978192503,3.219907548859008,1.6582502707832174,3.4596992356112994,6.117409896000203,4.568807718273996,3.049129871562335,1f7938f1-e04e-4ed0-8189-3d701c6fef72.rna_seq.augmented_star_gene_counts.tsv,Tumor,1,TCGA-05-4403
1.7895322363449855,2.077944752223606,1.232158859239609,1.4351132249587304,1.149617631339397,3.260533956374238,2.5640504049174386,1.680316341971596,3.131915658615721,5.385632505214672,1.4026016439621596,2.880667510240723,2.693549028353124,3.3432134051536884,5.830845839112468,3.4922578919430896,2.9492760568586114,20cddb4c-1ad4-4f0e-bd5e-3071f573b2d0.rna_seq.augmented_star_gene_counts.tsv,Tumor,1,TCGA-97-7547
1.6178478166331454,2.6927664152738497,2.1013179089817045,2.5445326511826063,1.887834539078774,3.8480684675112817,3.050762710015578,2.1328355727834487,2.7242832490128466,4.974962020467971,2.60828912722661,3.6803323762549374,2.1693031909207336,3.786791411563769,5.5346009480259895,3.83580050285813,2.581840004786012,20ecdb2d-16ad-437b-ac0e-b84339c769a6.rna_seq.augmented_star_gene_counts.tsv,Tumor,2,TCGA-97-A4M0
1.6498888444091198,2.596231051921558,1.6975670233008082,1.8747164012590771,1.3963320089460798,3.6651701243158263,2.226552385257651,2.099678325849268,3.1728923385447456,5.332086370617704,2.2404048489481263,3.2767970691964283,2.029380329532478,3.7844961500719023,6.7295368479389435,4.682330634710514,3.2626538391063695,2172f060-6402-44dc-a918-2f9c15c21fa4.rna_seq.augmented_star_gene_counts.tsv,Tumor,2,TCGA-55-7815
1.0866516348730508,2.672842058416635,2.3885269220144996,2.995071980325838,2.203910281881367,4.301981842890728,2.9776045568121496,2.688829455508048,4.793783934245833,5.7954051646408455,3.2570737192854065,3.767439776816102,1.5712021701947367,3.035008311148402,6.30126106760942,3.162390754173273,2.9329903533742394,21893490-77c4-4bc8-b8ea-0a5f16762f6b.rna_seq.augmented_star_gene_counts.tsv,Normal,3,TCGA-44-6146
0.9633714880070838,1.2221048584544774,1.1152814981356154,1.7167736412273593,0.8260747626000208,3.7038017201553295,2.5992806173804754,1.8111132697564045,3.1490512865421607,4.843358509781304,2.502045200650435,2.3641793085277256,1.5486531324905768,3.2198895966702237,5.601435612582435,3.825790169828968,2.475136405538062,21a80f43-21be-4549-901b-c99083021c30.rna_seq.augmented_star_gene_counts.tsv,Tumor,2,TCGA-62-8397
0.8920313567955709,3.1966074864871077,2.495023292517464,2.9169758010475975,2.082422602434333,4.5979781241049595,3.268229386990967,2.6337788388493295,3.2033609268071697,5.077928747084991,3.2450290475187513,4.764722175560963,1.4002901580919929,4.707210147660766,5.950693004705665,4.626147188364601,2.9993682180967816,21eea21d-7db3-4f85-a9e4-72cbb562b5ed.rna_seq.augmented_star_gene_counts.tsv,Tumor,1,TCGA-62-A46U
1.9831256510108486,2.396141747679544,2.018752992143464,2.164273882799759,1.5927353863225115,3.070010740802889,2.152565989209535,1.9239644970640053,3.1123836850623388,5.555066228898191,2.99090021052646,3.4591644385077407,2.928771386517052,4.1527235127910975,6.238179741285484,4.043482293566825,2.7494421108188924,22002e84-1d7a-4f93-9934-9d74f45195c0.rna_seq.augmented_star_gene_counts.tsv,Tumor,2,TCGA-55-7914
2.9994573087898053,3.329819599279046,2.49309891423241,2.9192877374635806,2.328134187368946,4.09441218873787,3.2249585023868366,2.4519988005104594,3.5114845123537015,6.084734437859157,3.0718712255415,4.460144558299333,3.9613632250506248,4.145573181281492,6.97847538096991,4.026437506583031,3.37039972672274,2276a330-e86b-46e1-be45-ae41d217ef66.rna_seq.augmented_star_gene_counts.tsv,Tumor,1,TCGA-97-A4LX
2.1621441347126704,2.2905252833388645,2.068999126763837,2.2767229571479755,1.7940981717133602,3.6941120270797883,2.3466050073225517,2.415254144827045,3.556687914635802,5.949651011545206,2.46888832844181,3.353684259008521,3.5316122830429664,4.009008282330337,6.871686230870998,4.523347805805825,3.3015117503943316,22c48da7-f220-43f4-a1b0-fd57358f7ae7.rna_seq.augmented_star_gene_counts.tsv,Tumor,1,TCGA-50-5930
0.6823478499611055,1.8134074141031769,1.7005651691367885,2.185457770389762,1.4657236890838596,3.696343907668733,1.922902905326206,2.6894824401182498,3.3123407237115785,4.99615042590813,2.6960211591836485,2.729943642271603,1.4534931271977376,4.4266003388230395,5.970151209897111,4.81969769175225,3.154631413857718,22cd91fc-54c5-43e0-80ff-19a419298721.rna_seq.augmented_star_gene_counts.tsv,Tumor,2,TCGA-L9-A5IP
1.8546326162245188,1.5973556189771907,1.1869947267418406,1.812717085952235,1.2848927783078825,3.348838686188179,2.133188386035846,1.985716588165911,3.4680736063653748,4.660605823300923,1.7156455704935598,2.4355714639006516,2.8741746926678946,3.271289400156058,5.245138639134423,4.244401316660258,2.6766212471615547,22d87348-bca7-4428-b8e2-2f161d77bcc5.rna_seq.augmented_star_gene_counts.tsv,Tumor,1,TCGA-69-8253
4.210585592705826,3.495083043583978,2.7684617967233787,3.0497879885217634,2.4060211835870593,3.8831626817071245,3.5187075196848148,2.4248809743726825,3.9113983922808635,5.9799597942913145,3.4274269818851306,4.159234682409285,4.894988997059489,3.9338080811377876,6.779656575371659,3.585862251246279,3.5661040494559253,2301103f-5cbe-4cb6-b5da-0b83b39e4616.rna_seq.augmented_star_gene_counts.tsv,Tumor,1,TCGA-50-5055
2.6607998414688283,2.444493862060908,1.9706897084730135,2.214189124938465,1.8005724681914996,3.043587503262369,2.209487779729718,1.9798494663710824,3.3585141072974927,5.112143505683463,2.2173896583333006,3.1285488198888256,3.396714860696772,4.095449070934703,6.098066194176636,3.7407372208447907,2.7427013861343807,2306a9ab-37ae-4dfd-b992-4f62022c3d4c.rna_seq.augmented_star_gene_counts.tsv,Tumor,1,TCGA-95-A4VK
1.4205033964918556,1.842764680058599,1.250271676335427,1.8780217333199987,1.3157216862051002,3.4395227014602545,2.6628610520043074,2.124281226213139,3.6343237064163207,4.745870499362733,1.7641915112768447,3.005489950102486,1.7849571712442063,3.6850896286847146,5.462640459692849,4.851680591103967,2.661255808956609,233b6aa7-9d3f-4db0-a900-03f7cf4d0ac4.rna_seq.augmented_star_gene_counts.tsv,Tumor,1,TCGA-NJ-A55O
0.896108016578719,1.7702331359030108,1.6309868458303391,2.1852005433552355,1.4781695821333416,3.790398913047695,2.03811629655246,2.208411682534845,3.316173440166888,5.597020490771416,2.3414344116705497,3.198283276956823,1.8455129727256772,4.116440437044105,6.7006664919497645,4.908229245379662,3.0916974514575997,23aeef43-0657-45f1-835e-52a829f0bea2.rna_seq.augmented_star_gene_counts.tsv,Tumor,2,TCGA-55-8506
1.3319397754662847,1.7816715920380164,1.2282784429349327,1.7360684750384305,1.3742364218337846,3.7345892948393353,2.6524456025235463,2.141474620319234,3.4764355214067626,5.605962037551414,1.5994546869441484,2.886062516867103,2.146294960960889,4.310892217036834,6.6527997433941914,5.2865157631534005,3.302025175785708,25212f64-8017-4b93-b171-10a830558566.rna_seq.augmented_star_gene_counts.tsv,Tumor,1,TCGA-55-8090
1.7395887696372252,2.441551299376782,1.674761302768762,2.289349686087258,1.6215294739893753,4.022871921283665,2.827393387549978,2.3812209393299604,3.4453584991160757,5.520849991130432,2.2891293478279056,3.2682123806500973,2.0914944258228267,4.68215171764572,6.775498433567022,4.338691815281982,3.0001766176296014,256e320c-e4de-4918-b3bc-b71657bfd4cc.rna_seq.augmented_star_gene_counts.tsv,Tumor,1,TCGA-86-7953
1.6758282446163741,1.9581180005303853,1.471763637339277,1.8697168078943343,1.393957300698988,3.586901473263453,3.145139093440395,2.1461410060877233,3.487537082591091,5.356059510203367,1.8189238644438306,3.121447205467,2.385202769786501,3.8241995394833754,5.906024046085508,4.266911888670374,2.8868138836321853,258b0b5e-2b09-4378-9606-83955ca19d7c.rna_seq.augmented_star_gene_counts.tsv,Tumor,1,TCGA-05-4249
1.6337073370772488,2.220722277485837,1.719900560650031,2.0119390728561735,1.333997063883668,3.69533105512314,2.8439234393798247,2.12516752361723,3.444159626515902,5.550721921917106,2.13101177082558,3.2672637118515904,2.255590616711946,4.437917391887555,6.623423582717933,3.7279813379236115,3.0768303960144667,25a6fe1b-0472-489f-a721-f596395badb1.rna_seq.augmented_star_gene_counts.tsv,Tumor,1,TCGA-55-7576
2.2964836691879245,2.288731159158798,1.6447424089071945,2.1838573522232156,1.5822277654424515,3.7729690672141403,2.673499169675382,2.37981824059097,3.097298524636231,5.194331441114062,2.6240597935532883,3.1952416653184135,3.2016430337443884,4.076427981526005,6.270177927692703,3.868138344072962,3.0447229749187295,25ef25f6-9982-41ad-9823-62763c6c29eb.rna_seq.augmented_star_gene_counts.tsv,Tumor,1,TCGA-MP-A4SW
1.1579224662442695,1.2070112301305413,0.9614469992083942,1.5124704873064194,1.3124916358678234,3.3027845640673155,1.9303355267569178,2.257363074427867,3.4488070180185746,6.188637482033269,1.1972323325249095,2.1779560654472467,1.912837221601536,4.289260523529977,7.0200436473128,5.075682026533888,3.530595609965083,268f14f5-e6f7-413a-90a6-20a205012246.rna_seq.augmented_star_gene_counts.tsv,Tumor,1,TCGA-55-8505
1.8775948859049036,2.414460281762335,1.2211821617137149,1.5781175688082296,1.2421829812719625,3.2601627543052527,2.3293881697767893,2.189631206532642,2.9381688821644674,4.602616843580752,1.555192736399985,2.920783482474061,2.0859823383551843,2.903227158741068,5.294302857130822,3.166171988482946,2.798724782310374,26fdaa75-cea5-4355-b3b1-6b5c2c75e542.rna_seq.augmented_star_gene_counts.tsv,Tumor,2,TCGA-44-5645
1.5205839575307742,2.7507868507415782,2.6884522676721345,3.01909197807796,2.351844708156371,4.165871257071262,2.381475928540623,2.5460589016540216,3.350822527148172,5.811065271416034,3.7545004267948388,4.010603803472058,2.318201352484131,4.72984085374439,6.853131290555596,4.730153650806631,3.646795962145876,27266d85-3f2c-489f-9e5d-663d94ae9f55.rna_seq.augmented_star_gene_counts.tsv,Tumor,2,TCGA-50-6592
2.5331655283072823,2.598592554615692,2.1448416836840054,2.4095743362460107,1.8992887167613082,3.9665142099093162,2.7253216545968613,2.349683207017969,3.0483272948042544,6.07240085324047,2.5009460157214227,3.7675493183234243,3.6597982707061227,4.562157134687102,6.866644291524347,4.199116454934007,3.222107156334583,27e24fc6-af40-4152-8424-a9d365c717d9.rna_seq.augmented_star_gene_counts.tsv,Tumor,1,TCGA-55-8511
1.9879392763021726,3.0685102964816946,2.794411983761532,3.05144132249681,2.248323888615574,4.302563803425376,2.9939030020784223,2.542501171054094,3.825636292930801,5.91819727752288,3.3853006898686626,4.44860959242509,3.072607294798262,4.326131977047191,7.00440470979891,4.6895403682416825,3.481844432022431,28e5e6cc-60b0-4324-b05e-d05af474da90.rna_seq.augmented_star_gene_counts.tsv,Tumor,1,TCGA-69-7978
0.7792788197216522,2.1561013211975237,2.082042479853066,2.5499938828405306,2.047414485652508,3.8983283801186674,2.436335671161445,2.432172610086309,4.319450164223194,6.7284417186895125,3.01301436907349,4.060777826353568,1.4842680179547072,4.76137038215663,7.684925556246824,5.605931106285238,4.728903204505955,29000c50-6667-4281-a97a-5f02cb24a8f4.rna_seq.augmented_star_gene_counts.tsv,Tumor,2,TCGA-50-6595
1.0530819722587368,2.6937307331434437,2.2659595324687754,3.15314698261221,2.0697470654616366,4.838890435810738,3.095434108581347,3.468228193212743,5.236630222473135,5.43831762069188,3.1636439933477623,4.141791350023546,1.3664561577955274,2.9887225227405563,6.172286136298375,3.3354158372168636,3.143171460100203,290ad2c0-6aeb-4eba-b3e7-fc47e8bfbdce.rna_seq.augmented_star_gene_counts.tsv,Normal,2,TCGA-44-6778
1.1879600656017917,2.0846206069352857,1.9474728661065555,2.5431907350895404,1.8856585096040333,3.7998108761859357,2.2593605984701792,2.276861291143714,3.5344271000739824,5.001181001224049,2.8593580547813735,3.7979923031939915,2.2632673887110095,4.633377157162341,5.922419065907013,4.139100340302692,3.098741673274398,2a05b2c0-f94d-4c07-889a-def7131895bd.rna_seq.augmented_star_gene_counts.tsv,Tumor,1,TCGA-86-A4JF
1.0151192646443692,2.8445434299670307,2.6384919785241854,2.627825162568424,1.9517303852906267,3.2863734028734566,2.3433017165539174,2.440117053752396,3.0324183174204173,4.529486885374251,3.8789677645542677,4.435652363894537,1.497714681112287,4.712822266248183,5.30862007376687,4.299589164212347,3.355134700926918,2a48ffd2-9212-48f4-a836-7572eb2feffe.rna_seq.augmented_star_gene_counts.tsv,Tumor,2,TCGA-62-8402
0.6131347140589785,1.5177583214580548,1.3986861454221293,1.9341958407144604,1.487166215613348,3.191595523736576,1.6804638872173212,1.6339103981614453,3.1413920006375613,5.317341514169691,2.1697796292022953,2.7438610110708423,1.5077783724497191,5.840017004488144,6.223625261542126,3.4655181194424873,3.278474705219021,2a53d9f7-430a-45c5-9171-8ee65dc560dd.rna_seq.augmented_star_gene_counts.tsv,Tumor,2,TCGA-44-7667
1.0508504824371712,1.7294375885900954,1.514359054887677,1.8327842514085864,1.3655804770372615,3.267964171566779,1.935939852414382,1.963078619698642,3.557587130616104,5.615179345532994,1.9989674484495303,2.98870019686867,1.8133887074853159,4.1347890870439254,6.793545176548918,4.480044875243117,3.244746856914906,2aef96ea-5379-4066-8df1-66218ab77425.rna_seq.augmented_star_gene_counts.tsv,Tumor,2,TCGA-44-8117
0.95834191356733,1.8561902113351307,1.5171087076479746,2.373589809312237,1.6505752788453676,4.509815939700263,3.033763210958123,2.757571482767934,5.105961747562399,6.043961498858842,2.2394395457227327,3.024930413315072,1.1682005090992627,3.050864255949358,7.07249134465849,3.1675994827013403,3.1546171314080365,2b4652fb-eef5-427e-b4f0-24164c042e52.rna_seq.augmented_star_gene_counts.tsv,Normal,3,TCGA-44-2665
1.7580483703753842,2.8139791867499766,2.563936153137057,2.90956423572024,2.139712812005664,4.1454022422914365,3.1642187160855806,2.417966671632367,3.8764675012720105,5.47566233857885,3.498391567746161,4.294585882946541,2.3566289920979466,4.793784737895461,6.392594655703103,5.289204609127697,3.2264058584113284,2b99d8d7-f329-4fe6-97b5-167953311755.rna_seq.augmented_star_gene_counts.tsv,Tumor,1,TCGA-95-A4VN
0.5940348717440588,1.6665826982302672,1.1563818718476087,1.670965848310937,1.247879708717331,4.234218414238903,2.645078285982798,2.190084137185697,3.340569414791217,6.701781833609168,1.9526290791062662,2.863864790312106,1.2260700555889987,3.998628715787038,7.704672122446601,5.001312074483954,3.790808574139998,2beab6d3-563d-421f-bf4a-7e1f843ec637.rna_seq.augmented_star_gene_counts.tsv,Tumor,2,TCGA-97-8547
1.3714800547836028,1.844523618982791,1.186066735927002,1.7388896247101466,1.2990696289330326,3.862409444358184,2.4633289341783855,2.212428465212269,3.8934493570398203,5.638136756009146,1.261827590556988,2.5882937318867674,2.219333910225562,3.9648668889388494,6.3325863026447715,4.09444821838295,3.0239680172370997,2e86db3a-ac57-49d2-8378-5d5e7412eff7.rna_seq.augmented_star_gene_counts.tsv,Tumor,1,TCGA-50-6673
1.439881755186555,2.5373918014650965,2.2311420052445325,2.505311634971476,1.7862512312191308,3.59605367578742,3.002865453438449,2.291816441631275,3.428481371753796,5.462422601413344,3.0052776396253043,3.655968094718191,2.1780958012336185,4.537320487933818,6.030342598261658,3.8197184004301326,2.9800414904863013,2f00871b-1c4a-4fe9-94f6-42493fd95841.rna_seq.augmented_star_gene_counts.tsv,Tumor,1,TCGA-80-5607
1.9451209917067056,2.288549691345635,2.049779651116058,2.3428730635070245,1.802675987148471,2.8668598167790713,1.9670601208271334,1.971760744394221,3.173754018932402,4.363154450596919,2.5715218410690253,3.309751185309961,2.7903684270545424,4.551923973223542,5.4776732929234315,3.3240479202232596,2.875418019654416,2f03d42e-9735-4edb-87d9-ec443b7801a5.rna_seq.augmented_star_gene_counts.tsv,Tumor,1,TCGA-49-4514
1.9342723009423652,2.8284699031215954,2.5637311551741937,3.0394435802947526,2.3746286074930167,3.8990886259475097,2.898074070760181,2.0734300121470697,3.635813703098212,5.388888442238396,3.677190763933032,3.922711294194243,2.9253437691721595,4.721681434726534,6.363853583553413,4.2194110104182965,2.9633537217337027,2f8abb88-ae9f-4315-bcad-4263862bd11b.rna_seq.augmented_star_gene_counts.tsv,Tumor,1,TCGA-78-8660
0.818194068306242,2.1946280641490685,1.947047434082681,2.8122401123070793,2.1227535302988843,4.114442184136631,3.0834582240949193,2.451583183305113,5.15230450717009,5.731437430977486,3.1854193358034513,3.5835539102401097,0.850313340257115,3.2361822031953995,6.555403445478438,3.3391123878069457,3.204514981859769,2f93d52a-e8ab-454b-ae76-74b35cd561da.rna_seq.augmented_star_gene_counts.tsv,Normal,3,TCGA-50-5935
0.6602031505853047,1.873415086408967,1.8176971904793342,2.554731545036187,1.6364042803841548,4.479693285752937,3.0888996157004303,2.240734764875031,3.370364872344519,4.437217803946633,3.0014359226447005,3.1826576430258244,0.6659789427089655,3.068231590220945,5.458063782379414,3.452244542426904,2.6926110537718406,2f966635-6a77-4205-9bab-df5940a973aa.rna_seq.augmented_star_gene_counts.tsv,Tumor,3,TCGA-91-8496
1.737834095530136,1.9961434747191649,1.3455587907173794,1.8858733672295374,1.2969946453415249,3.6453772668198994,2.8377885422429046,1.9404359939512024,3.3730122978468886,5.113307139235788,1.8843113580606445,2.839351936758343,2.1964971575599157,3.9056358363179893,5.818008482594401,4.3504805738037335,3.0936507347720053,2fde57cd-97d2-492d-b37d-a4e2d43239cf.rna_seq.augmented_star_gene_counts.tsv,Tumor,1,TCGA-55-6986
1.3312727196006537,1.9796105685977106,1.694381773327835,2.180922025897436,1.6236813905902896,2.760090182270875,1.870360505768744,1.7473670602446099,2.9587777688641093,4.630710148370329,2.642095526383324,3.16715946354744,2.709636487201001,4.27041178358342,5.683239783648485,5.05999329575227,3.6709622866761764,3041806b-5855-4930-aeb8-a30472658d54.rna_seq.augmented_star_gene_counts.tsv,Tumor,3,TCGA-4B-A93V
0.5820652940309192,1.4318625590376832,0.98727354110914,1.7933242176208177,1.0348416027184146,4.23548694774593,2.7696042275242987,2.104785543856071,2.9923568538637415,5.622596440113304,2.358592233912577,2.454401039918548,1.1666015992452932,3.562100227781386,6.6013931246545,3.8673439561176846,2.9340021208053253,30a6ea89-8eda-47cf-b336-e070fcd08740.rna_seq.augmented_star_gene_counts.tsv,Tumor,2,TCGA-NJ-A4YI
1.1085470001032447,2.4056594313779245,2.0363830066118163,2.732993584779438,1.7755404005972442,4.5049473741483474,3.136911521900181,2.750678984715076,3.694215572178576,5.071234616022052,2.9538146802185805,3.8293010813882375,1.1168289301217054,3.2022214380161595,6.262903215518932,3.271618318357005,2.9382671826719466,31a238a8-4238-4d56-aac5-4769ce173664.rna_seq.augmented_star_gene_counts.tsv,Normal,2,TCGA-55-6983
2.373234782577042,3.2518270452341924,2.943233724156271,3.0981340655815957,2.487047195659198,3.8766791309388378,2.811858695515737,2.0932413318580205,2.98213593904526,5.502128245290741,3.9943156499813024,4.60778604153429,3.9149570704649417,4.301783734632618,6.215616362483002,3.9947590624758176,2.7513231792740567,32248a54-89ad-43a3-aa20-1c1897cb0054.rna_seq.augmented_star_gene_counts.tsv,Tumor,2,TCGA-86-6851
0.5364986096756164,1.024540198505209,0.9370333081147265,1.5882363839434297,1.1398023852814876,3.894297790262156,2.4791700972714827,2.169550197996606,2.7769894666806842,5.667388376483329,0.7123729383519719,2.26605905100935,1.0735294265326485,4.1397880938070255,6.563179557565579,3.422047135715757,2.865663808650473,322ff57d-60a1-45d6-a103-c953d11924f1.rna_seq.augmented_star_gene_counts.tsv,Tumor,2,TCGA-38-4628
1.7461540506199982,2.730499374698229,2.1437570752551367,2.3195742236738424,1.7541446160668674,3.2652379109078877,2.4179806078838912,2.0115457627352926,3.682575114452647,5.812626254583914,2.6455071575163194,3.7520488806366976,2.6789945635651056,3.613589280318114,6.672067770395225,3.4899918369595366,3.184358063958098,325c7d6b-292d-46e5-85d1-785ae8a48c33.rna_seq.augmented_star_gene_counts.tsv,Tumor,3,TCGA-44-2659
2.65674858003472,3.101454675687433,2.534392814348513,2.733720125399217,2.171735930045757,4.0734119338143095,3.1752889716153185,2.7567197017618974,3.410611478571259,5.949734929471402,2.899738132282117,4.166735306818971,4.046243487940213,3.972059354688687,7.099135732772694,4.7389909466864495,3.2512101797741044,32675d71-6f79-4b8f-ab7c-e2350b15875c.rna_seq.augmented_star_gene_counts.tsv,Tumor,1,TCGA-44-A47G
0.907870061255185,1.813947744925406,1.4972425375864165,1.664485065102239,1.1554604625817484,2.6647753563773757,1.8417932782956477,1.771149804224279,2.657044002722429,4.6429928070602395,2.1514552855229208,2.9105147162090574,1.8356661473573033,4.425588975225215,5.5410253878186575,3.4982704306195003,2.6951942571317646,3289364c-0dc2-43e8-bfe2-57d25e8612e5.rna_seq.augmented_star_gene_counts.tsv,Tumor,2,TCGA-73-A9RS
1.1443201655047137,2.2151799974278323,1.8340987593422466,2.4452500231433265,1.9145843669979679,4.025721181612083,2.813947219321722,2.7716644622349205,3.725578527667537,6.229367954544393,2.487489173710639,3.951800951223851,1.8060527493311989,3.7373281428790404,7.2039913739503305,5.162619824653392,3.8946369520589608,32dd8db9-1e43-497e-a35a-664d7d15ed60.rna_seq.augmented_star_gene_counts.tsv,Tumor,1,TCGA-55-8091
0.6974010350569654,1.37673856849791,1.3448412600537447,1.8138491480446823,1.2486311922935138,4.036680120129255,2.3443176811499753,2.0702945807086737,3.6322738833988377,5.478720829311022,1.5609853174858377,2.6962614670474987,0.7279660518831478,4.865643782650047,6.487499474612352,4.328830579662292,3.1574871692768913,32e5ef2b-4387-4d2c-8e62-d18b5106414f.rna_seq.augmented_star_gene_counts.tsv,Tumor,2,TCGA-73-4676
1.4994627785873056,2.042454879136077,1.8636644079800166,2.7722717592902497,2.05797947775227,4.517612391109325,2.8479212582730438,3.1581884671819793,4.349737259277193,5.196704428336031,2.8220654086672905,3.2799379088871636,2.254840497883626,2.900620488506248,6.127296486050724,3.2985848055896008,3.1747582169813326,32ff57d1-3fde-461b-be45-e49365149543.rna_seq.augmented_star_gene_counts.tsv,Normal,2,TCGA-44-6145
1.6720322822445972,2.3670494643779008,2.2281203288489566,2.7186505571210815,1.8945269929229902,4.132653661864956,2.970829982990208,2.375341243067013,3.781136925496527,5.421940219969916,2.9766383429753454,3.996729040444324,2.2170930310778942,3.2237554125461427,6.187128930253396,4.949544835178369,3.3909324828692555,330845b9-1d53-47af-8cb7-30ce5d30625d.rna_seq.augmented_star_gene_counts.tsv,Tumor,1,TCGA-49-4505
1.4481108716029272,2.024305472992198,1.3588451110762698,1.8332162883168124,1.4809755059070642,4.2987192556250315,3.069499015437804,2.53084972269775,3.1406915230405,6.542953334778597,1.5466714539187638,3.2083421562162666,2.153708730619819,4.779797209810408,7.326155736955088,4.5959578287457585,3.318514174243963,3369898e-21d8-4ded-8bbc-a746b1a743ad.rna_seq.augmented_star_gene_counts.tsv,Tumor,1,TCGA-44-6775
1.1633496435135338,1.7136327294084408,1.4784587867851227,2.0682914231901868,1.5075918899579959,4.770104780192402,2.775705578266202,3.036531799304329,3.0967534009803095,5.99084991276678,1.9355923393426804,3.169060068613335,1.8119052107271836,4.743629361294286,7.231245700504847,5.85413826727525,3.6104177023169037,33e0a8b2-3e7e-46da-b5ef-76463308d3b9.rna_seq.augmented_star_gene_counts.tsv,Tumor,2,TCGA-44-2662
2.4020692255673017,2.9664372722273686,2.557992040931768,2.752792827718586,2.0613578321949273,3.7593660222319594,2.839014983570981,2.634606929649523,3.5607207551629254,5.421415171877365,3.0094682655488523,4.006136136426569,3.690923194244907,3.4813465528485654,6.212927123090443,4.398711037871451,3.005302286480819,34774d7b-1184-4b5f-b6a9-e16c428ca7ce.rna_seq.augmented_star_gene_counts.tsv,Tumor,1,TCGA-86-8076
2.392309832826352,2.223093922237222,1.8493101949504216,2.415875989396478,1.7725210443555413,3.68954999842395,2.533556721148877,2.1576283742170332,3.2244689724090665,4.750862125953661,2.353076495274883,3.1225976102774955,3.3508882809996514,3.188632047482497,5.604186865808747,3.5175276066006056,2.9746396276458733,34d64c67-b35b-418e-a7b2-759804876762.rna_seq.augmented_star_gene_counts.tsv,Tumor,1,TCGA-91-6849
2.5397029285924844,3.068147632445097,2.429999993217835,2.637846874615255,1.9645617613444353,4.155617632238318,3.0823992203202772,2.858731147613835,3.9591302357423643,6.010387447613991,2.7333670539329478,3.9877999936625264,3.6901698281969892,4.474764826415648,6.827922976461448,4.4033580918507065,3.730419074672672,35a9d225-0988-4e31-9a39-d54f3a63bea8.rna_seq.augmented_star_gene_counts.tsv,Tumor,1,TCGA-L9-A743
0.6124527060078031,1.272721905675117,1.2740302166457889,1.5109333392862239,1.2475591229354817,2.4821756373826296,1.5600052283623342,1.6497642286044278,3.8416629622632206,5.4465995932211255,1.7168635252587519,2.1210888109816866,1.118626681902039,3.470228682763952,6.354007278371855,5.0119742890687045,2.6567571327147994,35fc369e-6f16-415b-badb-380eedb2157b.rna_seq.augmented_star_gene_counts.tsv,Tumor,1,TCGA-78-7161
1.147944314624891,2.261215068991672,2.089828118256894,3.038976767241837,2.2008324449477388,4.243997382689902,3.48424691664211,2.289601177566671,4.11130537429621,5.115351266959579,3.10822688105588,3.8364557872936467,1.8183938092134457,2.910446739924444,6.213308399102412,3.1302123006763978,2.9705628780614397,36280315-a32b-4743-8a78-82bbfd116b82.rna_seq.augmented_star_gene_counts.tsv,Normal,2,TCGA-49-4512
1.182040963305272,2.601768499223187,1.9232100832655874,2.577442282184117,1.7853523735605983,4.218734243159799,3.5929708892289165,2.7315227283809285,4.177947932368501,6.298187270353582,2.2868138436584298,3.6060915508196936,1.8435935994229864,3.969607567529062,7.501059866490275,5.3188358641390066,3.682211683192995,367864dd-ccd2-473e-9661-6ff4342a4e64.rna_seq.augmented_star_gene_counts.tsv,Tumor,1,TCGA-73-4658
1.9599333620921358,2.242582842721045,1.945736447770358,2.417502634898551,1.829620123776544,3.787741333961808,2.2283967575334924,2.5012115732601368,3.38142174797696,5.350242249271056,2.683931040317041,3.4895059385534593,2.9694358193945374,4.42367019633242,6.309642554661053,4.609633089626161,3.5127550183133147,36db1d28-8a10-46cc-91ef-d5036aaba9c3.rna_seq.augmented_star_gene_counts.tsv,Tumor,1,TCGA-05-4432
1.6056474990381835,1.5857831885146325,1.2724223452577283,1.727644667432951,1.2521373557807227,3.1257467092363567,2.0107751747612457,2.219998588392244,3.650728090738084,5.718622159982717,1.3429283643827725,2.6809748139166785,2.653359519112157,4.1828378653642915,6.693147418401292,4.376808428598686,3.12218064026015,36f81494-52c4-49db-9dba-26a0c2de2e8e.rna_seq.augmented_star_gene_counts.tsv,Tumor,1,TCGA-99-8025
2.5208369914763264,2.394572986200905,1.7433059846898833,2.0074175183928857,1.62133324683468,3.9020976664118487,2.540314082525238,2.4321984145484064,3.008470060048901,4.962206252261225,1.871259234885453,3.319820472816725,3.201397374519271,4.414223222224411,5.923800956049375,4.90395095296806,3.183680992881606,38fbb0e8-cd18-425d-becf-791c8e8a8911.rna_seq.augmented_star_gene_counts.tsv,Tumor,1,TCGA-49-AAQV
1.9113132840541165,3.1447255040411344,2.7882943073747204,3.008677009376456,2.316955691569054,3.7851016631296557,2.853459469513966,2.386548706291316,3.3791764419452255,5.965049193393521,3.457202511471059,4.59486566057436,3.2034020060260135,4.28380493539497,7.171745834041696,4.343445281936338,3.5366030824599664,39807893-979e-44c6-ada9-444c68b863c3.rna_seq.augmented_star_gene_counts.tsv,Tumor,2,TCGA-MP-A4T4
0.7669989641856171,1.0768162878037415,1.0635633651661813,1.568319745357385,0.959204192262298,2.267283594407636,1.6062771035972447,0.9758462071360698,2.5442535926850107,3.1772610334155744,1.271844936932241,2.2650643218741946,1.165499422111453,2.960706052532092,4.141878754582008,3.1688583065654927,2.3408159318552504,39af4940-aeba-4d26-96fc-68da8663bc81.rna_seq.augmented_star_gene_counts.tsv,Tumor,2,TCGA-49-4486
0.6171670354965612,1.5716370933639634,1.1476736253387159,1.6782478182377862,1.1738744788439317,3.1986033997046563,1.6546990209809151,1.705250262367229,3.040498788312299,5.001027492028521,1.381927890472133,2.2361154280084015,1.7716032623843705,3.962331226981525,5.938105603871239,4.3932439994288925,3.0273806906149052,3a284d39-2913-4d8c-b46a-9b1e991cfd0b.rna_seq.augmented_star_gene_counts.tsv,Tumor,3,TCGA-NJ-A4YF
0.6564275473378954,1.3967903917322295,1.071387561395819,1.77361784668547,1.4235373588531537,3.16072039848844,1.9260540970924818,1.8883672687178366,3.508816178724281,6.0138823756585955,1.3561011391504838,2.003895274392846,1.15113675924886,4.157473326885042,6.755408788479281,4.349391324989162,3.114433078045514,3a8b14d9-c521-48d4-9400-074d752afe1b.rna_seq.augmented_star_gene_counts.tsv,Tumor,1,TCGA-MP-A4T8
1.6023352969890516,1.9723905094625236,1.5570068267224009,1.793171323057911,1.4286058069926495,3.231248592754947,2.1527059337945107,1.8940901631473157,3.8362044615158504,5.8505737769000605,1.7904587536600252,2.6373114754306837,2.0864959916677517,4.819741308100416,6.465097150332747,4.1151967278561195,3.353370887355068,3b21349a-ee41-45bf-87de-19b6cda494d5.rna_seq.augmented_star_gene_counts.tsv,Tumor,1,TCGA-69-7973
0.953581362496631,1.908528235586774,1.7345355623138403,2.0753405813088186,1.5559142312006637,2.955284573114433,2.0336281422621636,2.28672230771237,3.2848436932032703,4.662974847752401,2.729157615746817,3.087797712815381,1.644664576628022,4.2660003907446695,5.576637158327488,4.758094544971121,2.65342503349446,3b286ed4-51bd-4a1e-9eab-b0ee9adf3b72.rna_seq.augmented_star_gene_counts.tsv,Tumor,1,TCGA-80-5608
0.8081363048351832,1.0632614883164855,0.8526282713763553,1.4886209107658075,1.0119790944277802,3.2070955023417094,1.9109670995377628,1.6979745595824756,3.775672463859803,5.682459556083118,1.11310799616984,1.9850975999514842,1.4109150982122438,3.81119284993114,6.5119715122650526,4.335476647537998,3.019540661757157,3b5d9bee-5e4f-4afc-b297-2f072ef18a93.rna_seq.augmented_star_gene_counts.tsv,Tumor,1,TCGA-44-7671
1.6448667814306737,2.279315242158897,1.7771271861199114,2.5508588188162395,2.001036376515083,4.171935431782172,2.9073129256255412,2.464731092384229,4.2977485607193255,6.040604242085634,2.358690502040647,3.1856663257497932,2.0297489278930136,4.056269973897546,7.077412817490337,5.062406666036845,3.5024572863046854,3c6fdcc9-916b-4ec2-be58-1dd15e7d94a2.rna_seq.augmented_star_gene_counts.tsv,Tumor,1,TCGA-MP-A4T9
0.8759220898888768,1.3332167942604194,1.2822666461227503,1.7373942648938268,1.2945899548426774,3.2743081683675013,1.825792156969388,2.7750192815484254,3.5207435568601184,4.641282927141536,1.5611378901513495,2.393989068681215,1.038085767226216,4.576462473319456,5.613817419627596,3.856560672452454,2.7217561278398295,3ce23908-d2b9-42b0-a409-5fbd767496c2.rna_seq.augmented_star_gene_counts.tsv,Tumor,2,TCGA-49-6742
1.1479362490887943,1.448162826927428,1.1690183736297175,1.8189746530806483,1.241335057534729,2.843938845236448,2.319972369025798,1.9550060432209235,3.2688587248061625,4.366850766136423,1.9361910090436494,2.4152545681822546,1.523967005972804,3.3632741593730318,5.0247123578584985,4.746479302546851,2.9294563794222053,3d006e45-8ebf-4ba1-b003-13b711c0d0ee.rna_seq.augmented_star_gene_counts.tsv,Tumor,2,TCGA-78-7540
1.2544883826047424,1.7930823963194418,1.1147845715359217,1.6506441112327586,1.4123574803102483,3.922918810656526,2.4370954614399833,3.043750949194528,3.142279813343305,5.722620961852558,1.278483659831084,2.819606941221357,1.5055934172601257,3.9474693042295934,6.968447026363362,4.912292983693109,3.5672324943436338,3d11905a-16eb-40b2-a36b-e37dca6359d3.rna_seq.augmented_star_gene_counts.tsv,Tumor,2,TCGA-44-2662
1.4007300676295027,2.0482783628262284,1.7068347503288097,2.590514186065377,1.9097531124273268,4.142749573194931,2.8861907601276853,2.736905019635049,4.726564213931841,5.13211336709541,2.5792070714018345,3.241662918827073,1.55007120684811,3.01605565485971,5.991214700523162,3.5020641464327533,3.1346180692154686,3db0576d-969f-4cb6-9e5d-51407b953ef4.rna_seq.augmented_star_gene_counts.tsv,Normal,2,TCGA-55-6986
1.206782960414568,2.540427234693771,2.289735545613769,2.9611174735035553,2.0606689154698623,4.782601982071612,3.09182688857316,2.82593232719793,4.428461539010184,4.975536008291621,3.0576376853185168,3.693526225160406,1.3459454284456995,2.7965145592725555,6.024458874930584,3.232837723295227,3.0103603242204238,3dbeacde-e4f1-443a-b34e-28c44acce88c.rna_seq.augmented_star_gene_counts.tsv,Normal,3,TCGA-91-6836
1.7181413988404943,2.3785949872983254,1.9607504895524284,2.629595192964014,1.6983254962276402,4.330494518930701,3.2043488967344245,2.3705323500843796,2.9697836395233717,4.734201898822706,2.498982367615872,3.4918512346154107,2.181721648188708,3.429298730134341,5.7541752097572525,3.345861063131352,2.8369287833045216,3ddd596f-b02f-4b51-a837-3c684437600f.rna_seq.augmented_star_gene_counts.tsv,Tumor,1,TCGA-05-5423
0.8480786272260271,1.9775281919751566,1.664997060471922,2.0087763614819565,1.3932769397936682,3.615135705908326,2.2534849229667118,2.0113404930243615,2.784656077564845,4.5661229754164125,2.230350829150094,3.245635484824012,1.9151749930799309,5.441447293666025,5.962229226499796,4.013498834539954,3.2718787021557274,3dde8e24-6a2b-49ab-b4df-c058f18a3851.rna_seq.augmented_star_gene_counts.tsv,Tumor,2,TCGA-78-7536
0.7778544495225337,1.596180238480062,1.5554952391966845,1.9142324125281198,1.3102735371893564,3.30493412521364,2.1525507749112744,1.7182045301390645,2.860223850613039,5.394235791596413,1.9947632118089063,2.8726942904428587,0.8075262590139908,4.601888078691818,6.5273125252565904,5.4779015955179045,3.4862449878783153,3e08ac76-9fba-40cf-8743-e2e1fb14f067.rna_seq.augmented_star_gene_counts.tsv,Tumor,3,TCGA-50-6594
1.6196294222815912,1.7881012566975774,1.2942516796907881,1.9547940540854645,1.3986332857713926,3.1385438841547333,2.029986329364615,1.4570686349535789,3.7249118116446303,5.15096412704949,1.5869617777946532,2.5016594513854593,2.530944766706874,3.4110174680302925,5.845763839144718,3.7310106820076157,2.682843167011598,3e5fa22c-f02a-4da4-881c-6aa2869058c1.rna_seq.augmented_star_gene_counts.tsv,Tumor,1,TCGA-86-8281
1.9425738603419553,3.216788544057029,2.986060347237217,3.3654033166389685,2.4799613371967504,4.493773391671832,2.877488304096363,2.4877172184989798,3.454066643319073,5.641228812225825,4.077856353278424,4.786551711604853,3.112517381622254,3.8789223493100358,6.804202626607233,4.623295066354444,3.323422729495134,3f579bea-4481-42cd-b433-4f4ff65cf7b0.rna_seq.augmented_star_gene_counts.tsv,Tumor,1,TCGA-44-3918
1.8139551001446246,1.7741509094875545,1.544629479993143,1.924740248715274,1.4548686282105412,3.829193763423379,2.7933238465780312,2.2448341589538283,3.562506416795884,5.516093782702568,1.7405172459303946,2.7726665608040717,2.482961850023737,3.299032095320418,6.067596945447522,4.0051283279435195,3.458995091957353,3f79d678-e5d5-443e-a7df-187c2acd2b2c.rna_seq.augmented_star_gene_counts.tsv,Tumor,1,TCGA-44-6148
0.6548940751617528,1.8325802160792852,1.8496820356302233,2.5663771468059298,1.8145046978159012,3.480720633092948,2.224526449660563,2.231374637183179,3.0318241334915883,4.527660162756972,2.9866774777063556,3.2486423812400718,1.0231106349163768,4.428993532120653,5.351294071395695,5.486507971582329,3.3810348209867116,3f7a9aee-2d10-4426-855b-de9a48b278ce.rna_seq.augmented_star_gene_counts.tsv,Tumor,2,TCGA-05-4395
1.1390721591681037,1.7817920999091876,1.4565801661643143,2.274860977526933,1.422456527596079,4.413315259589234,2.85311707789067,2.3679604780641803,2.9727795516678275,3.8418690897238754,1.9602027984678516,2.9502032700882115,1.915080752547731,3.310416406059133,4.819822978923892,3.4433688937006677,2.522247841509699,40386f32-719d-480f-9ba7-57e1eea23b30.rna_seq.augmented_star_gene_counts.tsv,Tumor,1,TCGA-91-A4BD
0.6876764297669936,1.4170373410286194,0.9583179388626647,1.4196633439971345,1.0585219736491223,3.386328857704647,2.713564082969549,1.7501956635871092,2.8493252410678864,5.095811336747158,1.3685350425832605,2.3385969525493513,0.9890642113586268,3.377888851063962,5.981209969119388,3.7711468831120207,2.828468380688999,404aadcc-cb30-4dba-b2b3-efd573cd9ffe.rna_seq.augmented_star_gene_counts.tsv,Tumor,2,TCGA-55-8087
0.8832924035497144,1.6473531599036657,1.315266884886017,1.9312041839341303,1.2859970282580557,4.389668173110947,2.3929741200895704,2.4007045571899215,3.4691230352197024,5.150523259216036,1.7547652212515499,3.0951498859060154,1.4850739837029767,3.669735277081224,6.540229881454876,4.571972214814664,3.07427284463087,4102816c-2ab8-4ecb-83b0-4f78c052bcd8.rna_seq.augmented_star_gene_counts.tsv,Tumor,1,TCGA-55-6543
0.8733602432480955,1.470151812022186,0.9834816870425189,1.535845784785885,1.3670307577660432,3.9075434968253444,2.744438158508655,2.0596246638155926,3.0746118107651923,6.393759784860187,1.2117587623068082,2.7712669219388952,1.466928700390765,4.239299708957877,7.194993139545428,5.348273415737449,3.779698051070428,41fde338-9254-4ad2-9806-d7864c2d038e.rna_seq.augmented_star_gene_counts.tsv,Tumor,1,TCGA-MP-A4SY
1.8660872706458003,2.216830781183553,1.4130206037779627,1.8327792372959648,1.3872419364338144,3.3759160882214907,2.7862676375437023,1.8247045143009655,3.6175149505950652,5.376928779103852,1.7715287571342229,2.8904772600241895,2.5935419886698305,3.6650607197018124,6.342980108399692,3.3637107164305102,3.3343848241854444,42ecec5f-f097-4d86-a9d9-cf0507b08c42.rna_seq.augmented_star_gene_counts.tsv,Tumor,1,TCGA-55-8097
1.757083066295722,2.256950152287809,1.8734805924597295,2.3256480671394666,1.767277982349827,4.374813232822557,2.7402739490256556,2.6290685496051083,3.4174472684354713,6.135677585418724,2.19932801209543,3.7328710880554175,2.8649296679201055,4.141985656399282,7.2691165420452855,5.03363056535925,3.7265297151158023,430458f1-86d8-4ec8-a8fe-6a58ac832bdd.rna_seq.augmented_star_gene_counts.tsv,Tumor,2,TCGA-05-4382
1.3722303684229837,2.175656868747095,1.867061396752842,2.2923791986792983,1.7306840013737912,3.8615614255984063,2.0891961396407086,2.36323570668358,3.772533235288147,6.359851787450592,3.2708294444912416,3.2756538841051985,2.2280723238052937,4.7172643887716434,7.549443662467988,5.349828403682159,4.181613476796986,45310b76-8ea1-4d13-9d9f-1f1d874e0285.rna_seq.augmented_star_gene_counts.tsv,Tumor,1,TCGA-44-8119
1.0241044541339215,1.4667566065112512,1.0548362774027067,1.7140939252524374,1.1058400507695034,2.908180259864751,1.8382138261201357,2.2655943620862122,2.7936553891223683,5.401404882763556,1.2823791801177116,2.2410632346593315,1.7253078640839965,4.132988807419699,6.200900979925363,5.6624530799737265,3.201083299596534,4564496a-31da-4537-abe0-5b3f2455ed13.rna_seq.augmented_star_gene_counts.tsv,Tumor,2,TCGA-05-5429
1.345563411829553,2.028363995957679,1.8867033133888125,2.134005046263561,1.8332143798389546,3.082847055048258,2.114016513053367,1.575887815811487,3.3388927459005173,5.4375646999966385,2.576215842004892,3.140531924798331,2.2790082234698237,5.526931122054677,6.54226990452595,4.885796739967727,4.007590546229425,461cd8f2-fe53-448d-b6a9-0a95792464c7.rna_seq.augmented_star_gene_counts.tsv,Tumor,1,TCGA-86-8358
1.2581053956102115,1.9356592988311898,1.4678069388943278,1.9355625993762282,1.5091117987759672,3.1089577030802404,1.8148919527008778,2.0566544113424343,3.7042638201880456,6.031132045623431,2.0126216681972746,2.898827998023455,2.443312050712445,4.239681102989759,7.069436315170131,3.863208296378467,3.109151261930899,4772e349-a753-4c41-9c48-ae3af0f58520.rna_seq.augmented_star_gene_counts.tsv,Tumor,1,TCGA-55-A48Y
2.6109406931024224,2.996819736291718,2.3904869958847286,2.69432875809344,2.0474921797821666,3.8641742117884377,3.1402066579563166,2.385821776790884,3.7805421438251456,5.661267750531192,3.0400350840256403,3.8282822750607974,3.572824323479177,4.261845213291614,6.452311910196103,4.037499651589455,3.0736752651642676,4822db97-46d7-4302-bef9-63086b777e9c.rna_seq.augmented_star_gene_counts.tsv,Tumor,1,TCGA-93-A4JO
0.364670174225218,1.2029151096419632,0.7922768195817783,1.217779952011375,1.3940420896352934,2.1033002257651168,1.364087045478227,1.5585357489235407,3.5553795527082674,4.917518869498946,0.6700682897557251,1.4488083250570836,0.4460483954464341,4.380879597477516,5.482965592961462,4.830741963537318,2.7894859572206077,482e60ad-222e-4ead-8a3c-a3b44e54aa5e.rna_seq.augmented_star_gene_counts.tsv,Tumor,3,TCGA-55-A494
1.1970241717760564,3.0163718420307206,2.9956549340260956,3.2627628906798245,2.334149306487998,3.4678665900225907,1.9803358599007612,1.8269407021859583,2.837822384713411,5.72587853066135,4.077004430469293,4.027180032877704,2.389210371787712,4.135315672467281,6.681563076819086,4.56182610275543,3.8872145727708562,484f0a13-a636-484b-9880-5066955dee6e.rna_seq.augmented_star_gene_counts.tsv,Tumor,2,TCGA-64-5781
0.9698603133719662,1.9388491177162994,1.418156718047358,2.0371122853640298,1.57409101305036,3.9098823608994566,3.0413385680688156,2.150287887158373,4.211474799499517,5.8354693881582325,2.0575079141095722,2.9348152590216383,1.029358816310747,3.8759485315396063,7.01320992910433,4.03080506767467,3.416697377372516,48fdafbf-3f8b-46ba-8aa9-f081f0b54739.rna_seq.augmented_star_gene_counts.tsv,Tumor,2,TCGA-55-A57B
1.3932538644693904,1.8271022993840047,1.7752045467137605,1.8226073998889525,1.3948758647480755,3.6236634730004815,2.1959496884205727,1.6381397641361055,2.5109697993037163,5.078440073220259,1.9545841376902995,3.0314095125522638,2.271514918684302,5.23811213848812,6.331672475733822,5.500860285243571,3.0466921933906304,4933c476-e3f3-45b0-b158-dcbe0539644e.rna_seq.augmented_star_gene_counts.tsv,Tumor,2,TCGA-44-7660
1.8159777021921988,1.9102177113723828,1.5770698446830826,1.9381426301790317,1.4511891368055492,3.831996468520856,2.5596461523899374,2.2331576859797275,2.990717873510744,6.334896689872632,2.1725652137888933,3.5827398319644126,2.761309443060402,4.374547118090285,7.607322418224227,4.959963021892384,3.368964358700647,4966ebc7-b3d5-49d1-885d-f6ae4a8781e6.rna_seq.augmented_star_gene_counts.tsv,Tumor,1,TCGA-55-6982
2.0476623734170443,1.8204262005770422,1.1766718830668155,1.6973101780355548,1.2320660846006573,3.0651948361432164,2.0156354209007716,2.526585175335432,3.542293817090793,4.836285299113357,1.5279674229051976,2.165044515599444,2.8386639258985173,3.8849821908866904,5.538322268256053,5.608474642937145,3.0401729979953,49932944-ad54-4c6c-affc-08a4b76de933.rna_seq.augmented_star_gene_counts.tsv,Tumor,1,TCGA-55-6984
1.8916636000542046,2.0003304108828055,1.8497846898417356,2.2262148986985477,1.6217559782584765,3.7530329134391884,2.7968223387536635,2.239507600877555,3.144542846946386,5.67252977560417,2.729764578304482,3.352934810990396,2.753519982238844,3.423245170287775,6.44265457094976,4.666771273490497,3.3425887677737856,49ab8f1a-6252-47b0-9f16-63e065f33efd.rna_seq.augmented_star_gene_counts.tsv,Tumor,1,TCGA-67-3772
1.0619949703775382,1.9212580137870663,1.711663489133531,1.8487934978678124,1.4181293149219034,2.682186342704007,1.6856026011736307,1.6677136502380314,2.924912945551454,5.34064978614412,1.682926757861297,2.564614954403817,2.076623700064358,5.2339574614665025,6.248505846781926,4.600201615067808,3.9389431475108188,49acc5ad-6a61-41e1-9acb-4260e932a184.rna_seq.augmented_star_gene_counts.tsv,Tumor,1,TCGA-55-7570
1.2379874598539913,2.330243701918592,2.3743104234421852,2.914411138366064,2.026937883245209,4.9141195307550944,3.124429155957423,3.340125243580751,3.9086955041527105,5.673635284895868,2.970660483113643,4.2499613921775525,1.283399742865057,4.464735217719353,6.693554116747305,5.345399467859228,3.4510241246087916,4a1a0323-0cfb-4f33-ba44-0039283f9334.rna_seq.augmented_star_gene_counts.tsv,Tumor,1,TCGA-75-5126
2.032181513604302,1.907486249439597,1.544794794643734,2.1010830927218955,1.4443270543615307,4.074091381499031,2.537922591145049,2.575190173987622,3.73349143130621,5.942918740709106,2.0026498408813844,3.166248571010977,3.128052287409613,4.286995176083788,6.76537185501741,5.7240749229475,3.1833909560215035,4a39a182-e583-4ff0-a8f0-f73b0f5c4f20.rna_seq.augmented_star_gene_counts.tsv,Tumor,1,TCGA-50-5939
1.713695379044669,2.061538037151748,1.9335886576794261,2.1976973603129375,1.574960022993559,2.9883310842257664,2.1375139970845622,1.8940767840979116,2.83547903628608,4.3161230258684675,1.9541879846645196,2.9302802016368044,3.3368645633817513,3.748293920761529,5.348897983572431,3.877426911502962,2.7928612563375816,4a967e6f-d39a-4fe5-864b-a43e8184a852.rna_seq.augmented_star_gene_counts.tsv,Tumor,1,TCGA-49-AAR2
1.372774570115637,2.3635908592350683,1.893831689832016,2.234714542384159,1.5573968118368102,3.4054484663237954,2.272629363241544,1.7687487991058186,3.390155414170846,5.390909138971686,2.5100945305144577,3.45184946657983,2.501104974591159,4.260628915299482,6.446942969078073,3.9740182359865583,3.0172918596826195,4ad05e6b-e3d8-4048-8f61-1e79e421de0b.rna_seq.augmented_star_gene_counts.tsv,Tumor,1,TCGA-95-7567
2.1181297882982957,2.2455088333919364,2.009891809978901,2.633389111066188,1.739598709637168,4.434182799685816,3.158151510206498,2.5338146683076537,3.781225474503273,5.748957596909582,3.156193146437321,3.4622908238687353,2.971263574355354,3.5603179807798835,6.688812830187925,4.383831732708089,3.466605391839194,4b6c958a-7e20-4b88-b30a-2406b123c8c1.rna_seq.augmented_star_gene_counts.tsv,Tumor,1,TCGA-97-8177
2.4346680273077554,3.155373733577714,3.062864707499333,3.1528881020312647,2.2013965448742026,3.458496357919223,2.6474375206294516,1.953975834217207,2.57133649374926,4.485827099241919,3.611275252447616,4.848578115289708,3.3408616017248947,4.366830927270798,5.45054413382031,3.389785416711401,2.735593512792436,4b6faa2b-5b8d-4ee5-ac5d-aafa6d95327f.rna_seq.augmented_star_gene_counts.tsv,Tumor,1,TCGA-64-5778
2.1724137286675975,3.0693478552949305,2.5061390093735727,3.290950462959158,2.36591020767625,4.623632582903794,3.149504281159646,3.033082447585629,4.689890953367381,5.4251307928745325,3.6803629678641356,4.292605623980577,2.663513667390499,3.162153078804862,6.2503199759631105,3.321890114297779,3.0291191502584383,4f332295-b93c-48bf-8125-3a1539a03742.rna_seq.augmented_star_gene_counts.tsv,Normal,2,TCGA-55-6970
1.1488590846990525,2.0756605324438704,1.3801159492316428,2.0785817875543318,1.6314793130756595,4.206987645214259,2.991058449048719,2.3740396077830836,3.623737811653839,6.888259915566851,1.5885048384195701,2.987911169286805,2.0690938926215803,3.950186487780967,7.677165208484289,5.018680422683179,3.8372514826814026,4f721842-9460-4376-b577-59c3731f34a6.rna_seq.augmented_star_gene_counts.tsv,Tumor,1,TCGA-64-5815
1.2193468704367372,2.4000604997735535,1.6740908382518949,1.9914852506224079,1.4833553069355245,3.7971003539089985,3.375352454640372,1.969584645312792,3.072263225516179,5.0709907001494825,2.7032556688872185,3.3414312523069154,2.0053347313075136,4.213526776646216,6.1823756550955835,4.524102069607285,2.950754972291512,4f8b284e-7e42-45c5-b7cc-57cc678ec3df.rna_seq.augmented_star_gene_counts.tsv,Tumor,1,TCGA-44-A47A
1.8969368276513794,2.1231173329202067,1.6826934028747524,2.000957313264296,1.583468086487784,3.3016793815507315,2.0174577005652337,2.0162846381019937,2.8536406212182888,5.600555236478431,1.9224325712971897,3.064610885219925,3.137861075388627,4.355215868428363,6.662166284283465,3.6211109538330204,3.287813568847622,50c308c9-922a-4083-ae09-e5e4d8c437af.rna_seq.augmented_star_gene_counts.tsv,Tumor,1,TCGA-49-AARE
1.503212029353972,1.8613981461926419,1.303745330918717,1.823014432034596,1.4165057641713295,4.064007351008646,2.639795614009473,2.3771222581106417,3.5118112071471588,6.616559909799891,1.4403162024427765,3.118938614478447,2.3515985576261613,4.684753405725337,7.524476608199916,4.987418502339619,4.077394743623043,5158a031-b856-4423-9418-031b3107e88f.rna_seq.augmented_star_gene_counts.tsv,Tumor,1,TCGA-86-8075
2.3381843662542225,3.5123555857969264,2.998251671923792,3.2490635746057808,2.5585102910849686,4.231462722767019,3.0947875054594354,2.7485375824968505,3.952667718905462,6.149044292209921,3.795965801071694,4.762877805272249,3.6825088256733958,3.629401433086378,7.111059608873267,4.432728137223572,3.6944370338211017,5241ced4-4a72-40dc-9698-a647fb6d03a4.rna_seq.augmented_star_gene_counts.tsv,Tumor,1,TCGA-99-8028
1.1929186974081882,1.953887217405929,1.3726016621414137,2.015696923459675,1.5903591725883903,3.8977714178714944,2.4031171721207505,2.532773077734572,3.974855526299074,7.008406673916602,1.9538162239566137,2.9072776818160637,1.9285091593351205,3.9500030065958023,8.397099548369114,4.002195617973726,4.465329994207232,525e9185-ed15-403d-8987-93c50e4b89a1.rna_seq.augmented_star_gene_counts.tsv,Tumor,1,TCGA-44-6774
1.6933831744494772,1.826537300592177,1.398047305656984,1.9584250009897695,1.411099649197314,3.758423883015408,2.727245781110336,2.068380698614466,3.5815183200693568,6.362403057636638,1.8195741999900457,2.7728218391740613,2.630631244872546,3.953584371601482,7.050513237331481,3.655200227486997,3.0744495099702625,52b34ef3-a814-4aa9-a395-6beea6a71f11.rna_seq.augmented_star_gene_counts.tsv,Tumor,1,TCGA-05-4405
1.8235889839827057,2.4331398868938043,1.8774173281509159,2.2009392376814896,1.6145512471672105,3.9441071535038446,2.561162107629026,2.375718255730863,3.705169347971134,5.1259057388075435,2.3918135844555675,3.617417884091074,2.7563805918423068,4.423137649610871,5.790993280109565,4.117170086503808,2.5624424394077128,52beaa60-92f3-48cf-a695-78bb66ccd4f6.rna_seq.augmented_star_gene_counts.tsv,Tumor,1,TCGA-55-6970
0.6892789523370568,0.5138086976880394,0.4458389004350174,0.6222554624167614,0.7463576062917793,2.1651366188460965,1.03984845953454,0.9946753426709197,3.1386261863692066,5.497760054404131,0.6540965726212677,1.2467390005802554,0.3503071351304454,5.469026096398723,6.520608545818835,5.241929692020303,4.714668301739852,52e52b5d-4112-4616-8ddd-2a4524a91778.rna_seq.augmented_star_gene_counts.tsv,Tumor,3,TCGA-50-6591
0.7417491465967632,1.1426209212667886,0.9073865860592342,1.500102850545173,1.0749321584535956,3.6176522793841195,2.496573013615261,1.677541465678726,3.504819732942327,6.066365781650251,0.9599279517786361,2.5472535182055176,1.1445988135319756,4.465924184967071,6.987132945933245,4.4840245162082955,3.4664738334169036,53244201-6282-42ea-9da4-31524ca39bf8.rna_seq.augmented_star_gene_counts.tsv,Tumor,2,TCGA-86-8279
1.5557290658225822,2.396129753561399,1.9686965016681062,2.5624726035289966,1.6291782875621883,4.406318452613823,3.2355001043902356,2.5286443667727183,3.499929467124952,4.824638636889426,2.9075559982033816,3.584890910680712,2.0930918101209866,4.105268886383943,5.776306700723065,5.204939579527774,2.8319387697903853,534541e5-89a2-46bc-98d3-1fed57d6e4c1.rna_seq.augmented_star_gene_counts.tsv,Tumor,1,TCGA-62-A46Y
0.5471127903808788,0.8137318774083449,1.0168361742284326,1.7564991499397224,1.2386535445333378,2.052603402004842,1.091705647078935,0.9426769517708216,2.4580637679738806,3.123458656963383,1.8503820779705276,1.902586722850892,0.8074272670277709,3.541114259832514,4.463354260456756,3.105127949735527,2.5669266575728504,5418228b-cfd0-4580-87c6-3ebf6282ad73.rna_seq.augmented_star_gene_counts.tsv,Tumor,3,TCGA-55-6972
2.5621110359168724,2.1749742743971336,1.5494451387297317,1.998554960359548,1.6871984072081205,3.3052556557700665,2.5683880370563617,1.9884821287248347,3.5837240495563925,6.2724111336112145,1.9607086739398238,2.677787182042082,3.6480233923534096,3.899668554256483,7.130050153056915,3.9206197048613083,3.4685707774912315,5444c7d2-9c7e-4b9e-a8ee-7d64c375be17.rna_seq.augmented_star_gene_counts.tsv,Tumor,1,TCGA-MP-A4TD
0.8287986386307947,1.3819562542862545,1.044761386451087,1.4898532614395563,1.1034293622702256,2.8796028718192415,1.5530620551064696,1.8181600203219175,3.2507070774954436,4.705607707192332,1.3073361903182634,2.4659156647491303,1.68423760607781,4.7526535996273065,5.382661508636521,4.165337905503536,2.9169805199953864,55071ef3-bf09-43a2-a54c-a9ec61a84615.rna_seq.augmented_star_gene_counts.tsv,Tumor,1,TCGA-86-7713
0.8923446376749433,1.8220580251441845,1.673725058977754,2.4971099755819215,1.63639187117854,4.244486395473954,3.0597933913802757,2.481207182760946,4.026522826583959,4.848172433295454,2.5062789424294705,3.2410206412247287,1.0210925635660089,2.8198545189499775,5.731953905824571,3.1985436550242476,2.863909908072545,5511e816-3ce5-4d0c-80a7-71ee42ba8fc9.rna_seq.augmented_star_gene_counts.tsv,Normal,3,TCGA-55-6984
1.1002187903852656,2.3782353383937043,2.0699965883546168,2.9006687259049753,2.1235637864538566,4.410864021936969,3.2205469851288386,2.4723720134558604,4.559819545824799,5.121588457456417,3.0019515297643258,3.599646849921338,1.596778658877665,3.427828050192223,6.0767312574344485,3.4283102668768475,3.212531656220167,5541c1a3-e0e5-4ded-ae0a-687e87a7d708.rna_seq.augmented_star_gene_counts.tsv,Tumor,2,TCGA-75-6203
1.8608965800668529,2.4893284923122496,2.01479356133687,2.18016496397543,1.6243057650449582,2.713215194765093,2.5260521462962946,1.5695029189331,2.5411495681730947,4.591398929409207,2.3735431076674094,3.5504500497992186,2.988914060308168,3.239377493408085,5.217964565045856,2.964557949725395,2.8618283126625412,555b77b9-d686-4f0e-a099-25bd5715a5e9.rna_seq.augmented_star_gene_counts.tsv,Tumor,2,TCGA-50-6597
1.110982667316921,1.821057716365941,1.3328504468249434,1.8911610522284907,1.4712735120588794,3.472517717256832,2.1828028648524613,2.396470606783811,3.477296175295797,5.7407153100719315,1.553005045586622,2.768619350526227,1.8683016086788293,5.110785393630141,6.754041527368717,4.3291825813496985,3.607582030241894,55e5447a-96d1-4d95-91ad-b5790392bbfa.rna_seq.augmented_star_gene_counts.tsv,Tumor,1,TCGA-50-5072
1.2354731087462298,3.152327181747878,3.2177484257732347,3.470230911212258,2.573924173052657,3.6478260773357865,2.3653823229353677,2.3982715686269884,2.951791051179342,5.28515858329204,4.2577615045296,4.4860618088487305,1.8231632585449282,4.67062266691021,5.800093185669869,4.041402552884526,3.068045110485923,56081bb7-480c-446f-9e21-41627df3b569.rna_seq.augmented_star_gene_counts.tsv,Tumor,3,TCGA-95-7944
1.9651782142069614,2.591122648205135,2.1758899413549053,2.8091605009277654,1.9311517654703885,4.657020810375701,3.3991864539447434,2.8240877805168587,3.617886566221825,5.414529044151661,2.945730149627031,3.811097355038324,2.3743705712117937,4.03452237493444,6.2635731040794385,3.8895701351029164,3.04744467321704,564e41d6-f9a4-4a6b-bb97-f8e5423b84bd.rna_seq.augmented_star_gene_counts.tsv,Tumor,1,TCGA-69-8453
2.63948281899207,3.4816768446364046,3.0397874444341797,3.241190181012476,2.4400504047443423,4.286891747844397,3.227133419655309,2.519315949907809,3.748366636571548,6.174641994524073,3.569818324744779,4.697596685631807,3.8596415678389615,4.233620418652447,7.042503876631744,3.869069547141358,3.379762710933447,56afb18f-7fdd-4672-be59-4d3a03b806de.rna_seq.augmented_star_gene_counts.tsv,Tumor,2,TCGA-50-5049
1.3952612722215112,2.0977504735112773,1.724729432886982,1.924100787620081,1.6662025202141029,3.1572332245624,2.216221408979144,2.051188751279208,3.3291189646684227,5.9029729704320015,2.034050208834416,3.143897296424273,2.6312841213401086,4.674297682959673,7.013776473619835,4.7880909917826004,3.5759355312825,56ba7921-5bee-4a1e-9fba-a78a034547a6.rna_seq.augmented_star_gene_counts.tsv,Tumor,1,TCGA-55-8614
1.778668958724744,2.1353463387065412,1.6466542586375774,2.161155353352587,1.5494966302185713,3.4065220622133814,2.6664760299466304,2.5442618995408615,3.863829522347363,5.357582772397272,2.1164025322397277,2.9728318973938515,2.23333751071755,3.542825061453337,6.134945233260593,3.9134469380705763,3.122800175718121,56c858be-3637-4ba0-81be-208a3edac992.rna_seq.augmented_star_gene_counts.tsv,Tumor,1,TCGA-97-7941
1.7790211940916998,2.6310616914958014,2.2634256669855364,2.7495411768898306,2.0736910800528654,4.210897037470855,3.1864975767645562,2.567873844226181,3.80914684252278,6.016528319961975,2.6745197017454054,3.860776767773341,2.5536547112623835,4.289017804151986,7.080869754515394,4.004944271366873,3.1024240851474834,56d2e7e0-7686-417f-a698-393a1385d87e.rna_seq.augmented_star_gene_counts.tsv,Tumor,1,TCGA-55-8510
1.3560152948735784,1.954385968069541,1.8171799529728216,2.07824307978825,1.6621481055230374,3.8363847635741553,2.228806033075305,2.2399917412452943,3.4581073369639044,5.9972194562619885,2.5734473025427906,3.3748500304167677,2.492038441757689,5.182308861382036,7.2647004898299885,4.7482518108436516,4.030942054953726,56d7d6b5-33c0-4551-967c-afce1f970395.rna_seq.augmented_star_gene_counts.tsv,Tumor,2,TCGA-91-6831
1.054649584348742,2.2505145304531693,1.9529177586699003,2.317942852440222,1.9621372137873483,3.4585940560159045,2.11689288843725,2.209746701307469,3.667393523737334,6.4923524156416486,2.725236595834006,3.4145580064467658,1.8036977071910414,4.058534606642352,7.128055150057683,5.232267601485004,3.457904714442359,57048ebe-3153-4e65-bbca-eadb92b99d31.rna_seq.augmented_star_gene_counts.tsv,Tumor,1,TCGA-NJ-A4YP
2.3994564686583555,2.388371219341637,1.9516429677564482,2.5132949069972126,1.9167468530348721,3.848815619534933,2.988138533212212,2.1630617356017585,3.6240437692103113,5.060574077695484,2.5585209283426877,3.3937501103078294,3.2502880817695234,4.376902691625462,6.3060420594043745,3.7465601917064264,3.4116413615484094,57512aba-e397-4ab8-b1ed-de197e6f92fd.rna_seq.augmented_star_gene_counts.tsv,Tumor,1,TCGA-49-AAR0
2.459435162014618,1.6054710394118163,1.141575343639674,1.4884717631620938,1.1911815191018198,3.0857713532224693,1.9083607239455247,1.8610426814713763,3.5429591283804323,5.49642149239528,1.3069111914952813,2.135835866766645,3.2934195405687547,3.814897261874361,6.270682864800941,4.818213224890021,3.7325895442803434,57ae0185-984b-40a7-8d95-1a6a2cc0b03a.rna_seq.augmented_star_gene_counts.tsv,Tumor,1,TCGA-NJ-A55R
2.0117985999174324,2.295474063656405,1.974987603228716,2.1710293177610906,1.861273179550443,3.114564792173695,2.4558716879266678,1.7305602995820164,2.7872104620604214,4.564598614841547,2.693683096817548,3.3622999613146023,3.025461557304558,5.271414144933718,5.481166765203905,4.588451192160436,3.6530928229699264,57d89d75-a9bb-4bd3-af76-d29def9a9625.rna_seq.augmented_star_gene_counts.tsv,Tumor,2,TCGA-55-8620
2.6251612914263314,2.381686086881795,1.984474993114978,2.3956358984924564,1.8421955940305597,3.9222607064704382,2.9508627450889366,2.698714393023437,4.376824895584128,5.7730165258161295,2.6116817608148155,3.2303615307981315,3.3497534618038123,3.326555115979664,6.934273494907309,3.7094702753002657,3.3187038948173253,58681163-9f9d-4f74-a1bb-3a4bcb4856d6.rna_seq.augmented_star_gene_counts.tsv,Tumor,1,TCGA-49-AARR
1.3154070096360664,2.700864415751597,2.4590845599022346,2.782846252339788,1.9622943252015037,4.629791697330374,2.461506220598629,3.160576685297666,3.40062385401174,6.459844406992086,3.0440014035746197,4.09489345689471,1.9521734879142318,4.7673750443796585,7.367806646670364,5.420727382282276,4.0251499777715924,58e4f0e6-3b0f-4370-8abf-0b4d533672c5.rna_seq.augmented_star_gene_counts.tsv,Tumor,2,TCGA-44-2668
1.6922143890900685,2.009217759507668,1.4836705365051326,2.1031556697402567,1.578209750979911,3.7810352407786456,2.7895807687753664,2.3312786848608544,3.6193378374824756,5.099520070270607,1.8477604864296167,3.0284836984445707,2.285527201221883,3.6758203434996535,5.661932993176254,3.6157728315682887,2.89740873642052,593623b6-0f7d-4089-8697-518c573c86c6.rna_seq.augmented_star_gene_counts.tsv,Tumor,1,TCGA-86-8056
1.3908161458319632,2.819639290520035,2.403015612170887,2.6224551283053437,1.9684545346171638,3.631898622747327,2.6674706448162686,1.9098012608355723,2.7215940852032134,4.849648032812442,2.99991168510423,4.083962525847479,2.12865057170211,3.747761417186273,5.7029864465133775,3.2151245282965997,2.640803514665178,59578e5d-b76f-46eb-b5d9-7c90b8a9dbe4.rna_seq.augmented_star_gene_counts.tsv,Tumor,2,TCGA-78-7539
2.426281027486606,2.515438672624272,2.0541967890962245,2.576876909880962,1.9036048456784753,4.399237943037798,3.6246212400826687,2.6885078567446334,2.6685528151855804,4.4610760530996405,2.3634624451504704,3.394825485507726,3.3286820582325403,3.516096197967929,5.654703585031018,4.487337990985699,2.880434665921097,597af330-73d5-4905-803e-56d744ab723d.rna_seq.augmented_star_gene_counts.tsv,Tumor,1,TCGA-55-7728
0.8336597465788569,1.6073186571254996,1.07516778936005,1.7044887314622115,1.3066676778521924,2.6375208620436497,1.7674336439262084,1.8183370400644965,3.595625483626387,4.681025623810605,1.6030533964663505,2.6356006000998695,1.4098413638245413,3.920434342051014,5.528439753529454,4.184291097833138,2.4531170842458474,59a0b90e-8b8b-41b8-95f0-d51961a94be5.rna_seq.augmented_star_gene_counts.tsv,Tumor,1,TCGA-05-4396
2.518511760135757,2.5456584528064283,1.868152862480136,2.022497589781571,1.455192140169444,3.2465477465259305,2.4928339761064184,2.0420648895448505,3.056242087239937,4.436930058280673,2.123663041066842,3.5580388526399003,3.000799683041296,4.439252728478644,5.402180595218609,4.051781355260062,2.7713244520639693,59e8b7b7-5183-4655-aa5e-e4b5ba73eded.rna_seq.augmented_star_gene_counts.tsv,Tumor,1,TCGA-55-7727
1.2024016226499685,1.6053267100661308,1.1343049526582714,1.5449934593808068,1.2240723155366275,3.367962889927066,2.0374134704103137,2.111630705117863,3.4728659139641347,5.434734291917565,1.3495583556426032,2.4403288741681264,2.219982769097133,4.9050167051755205,6.438769419766355,5.010229066633157,3.2236472809555208,5a1b3a79-375e-47a7-8a30-b37fbfd8162d.rna_seq.augmented_star_gene_counts.tsv,Tumor,1,TCGA-05-4390
1.2779396920793966,1.6894724623654778,1.4253466394798555,1.5208543411561928,1.2965253833046577,2.746299956775857,1.6272780950212289,1.7881190050540658,3.3746419619113674,5.336738753552193,1.7000073983195252,2.341350812775038,2.2851687859235716,4.667417716060125,6.1792436037340055,4.646406769483615,3.2122919231007563,5a335f07-9b07-46cf-8902-503b24f89bfa.rna_seq.augmented_star_gene_counts.tsv,Tumor,1,TCGA-64-5774
1.1565201298532517,2.5888627250871252,2.4287156650401758,3.3922485556653053,2.6404460891443624,4.311428007646037,2.8706421068601538,2.6629494773555797,4.949939017197279,5.346940063646049,3.765637811655017,3.780442093069519,1.6740883820867312,3.114216769026894,6.028745040698033,3.1709624636405094,3.2012969631462225,5c5dec6e-b6ee-44af-a42e-485bdf54bde4.rna_seq.augmented_star_gene_counts.tsv,Normal,2,TCGA-55-6972
3.264095691431383,2.949552140478561,2.29407738162124,2.4873488807881143,1.9976940364618576,3.4831532922861936,3.0491520957148444,2.3729020037479462,3.8155846983971533,5.584203310611213,2.7678283408864397,3.7012725596354383,4.011078784310002,3.355543321439354,6.438085088717941,4.573046709647923,3.0743005305272075,5d081953-cf3a-40cb-95bf-f418ed3879ac.rna_seq.augmented_star_gene_counts.tsv,Tumor,1,TCGA-S2-AA1A
2.08204168634956,2.9039692372775936,2.691938854698269,2.9667933017195103,2.400036391660036,4.324337372370939,2.9897924162329867,2.7176988199410066,4.251855629756469,6.9781404987903235,3.5729872650170966,3.866345610567235,3.346216823450032,3.9737061090479324,7.7039404081114755,4.349120804533398,3.81855087482268,5d843590-36a7-4568-88a4-2bc09e14927f.rna_seq.augmented_star_gene_counts.tsv,Tumor,2,TCGA-78-8648
0.918936518936831,1.265416707901168,1.3812649855482777,1.8819281273761972,1.2528692314015164,3.4514061607042468,1.9818888536044539,1.8754508061458517,2.784413705383905,5.150402073658907,1.4623208781500847,2.6567400838400514,1.4629345352433083,4.178400275957618,6.325793730213369,4.435686628127456,3.7448000563070165,5eef868d-7c7f-42e8-aabf-ce3f75405c7a.rna_seq.augmented_star_gene_counts.tsv,Tumor,2,TCGA-95-7948
2.700668844225447,2.878571339339093,2.2087660327373833,2.6660153210671167,2.0511802693289534,3.9186193562314022,2.929786716347183,2.3660771514221217,3.4117238733582695,6.194592714435345,3.187114745774264,3.9471387591596,3.7766939055502995,4.362381371664295,7.258228496113513,4.450386279688615,3.766758665395385,5f74c5cb-1127-4a5c-975e-58e5abc4db03.rna_seq.augmented_star_gene_counts.tsv,Tumor,1,TCGA-44-7672
2.151031823086007,3.171781125131921,2.6737988595767024,3.306929829049001,2.323590542517012,4.5475327472254135,3.134331629133303,2.9486474040285744,2.7235710222375786,4.841707023844663,3.570611556323541,4.63197645056155,3.4782626719263963,3.919906552875697,5.418825810923784,3.110835803650938,2.662227739398131,5fd9d2a8-3a95-440c-a0de-8ad5fd86e156.rna_seq.augmented_star_gene_counts.tsv,Tumor,2,TCGA-05-5420
1.3619063085410568,2.9204205324773462,2.472529280587555,3.156480505047415,2.4328608290070983,4.426915503715985,3.20198559877034,2.809741775143071,4.675543754530378,5.584180233393361,3.609711745133209,4.198527686760818,1.754727158554062,3.163451712735617,6.453063710817672,3.309746693712766,3.0405963707077017,602ac1fc-c8ad-4e47-988b-1e9e1aa3ce26.rna_seq.augmented_star_gene_counts.tsv,Normal,2,TCGA-55-6982
1.038868010138397,0.9825563766845395,0.760119528941684,1.3951931309173322,1.1901376512427397,3.116801802902262,2.042493400187236,1.8647656244867068,2.859166666320594,5.33641078339397,0.8928462354275329,1.9943657827656827,1.3720467316204774,4.43029024731329,6.455232046270962,3.939173657903555,3.321188638878855,6078603d-a4e2-4a1a-abca-01fb63106888.rna_seq.augmented_star_gene_counts.tsv,Tumor,1,TCGA-MN-A4N1
1.8747129891110694,2.4252536058539316,2.262463241113747,2.7103460457344646,2.0123376452459514,3.439996980296323,2.3645124643163,1.8709467051215742,3.282370206334562,5.562998084903718,3.183577646219688,3.8599196834870537,2.295130346926607,4.365723052445947,6.3575834939266755,4.594959053112737,3.646251527635961,60cc41cd-a0af-4cad-a4be-253781e2f0b8.rna_seq.augmented_star_gene_counts.tsv,Tumor,2,TCGA-49-6761
1.4618905502164763,2.850922307568231,2.467213527991315,2.774426609774197,2.199947617663212,3.816572851706969,2.892406790222066,2.513794117243635,3.093864408761867,5.999611982687628,3.3599687775494154,4.183820835487462,1.8454982072576622,4.241349608239485,6.915001997566288,4.236351557300075,3.443975208312531,61807b4d-bbab-4ea8-a904-35c562ec6c29.rna_seq.augmented_star_gene_counts.tsv,Tumor,2,TCGA-44-A4SS
1.0961106265171476,2.208112110514371,2.1221049130077474,2.3143787443035664,1.7191945732668255,3.3136523313825985,2.3615381775437956,2.0527314330497566,3.3390125459114732,4.704719492961679,2.805816964098372,3.5811613430866607,2.15892159760735,5.5392407553636875,5.967086064249524,5.013336484804712,4.164890672466972,6200626d-556e-400d-81f4-e397ce49585f.rna_seq.augmented_star_gene_counts.tsv,Tumor,3,TCGA-91-8499
1.4747785922527692,3.3470044443258216,3.061308781325667,3.2528787730173097,2.51909223097194,3.4177953575404576,2.654043906912301,2.188955100982501,3.5552014299033248,5.8757097350772245,4.5332128049837905,4.959981079510009,2.084123162442929,5.2406487271968345,6.590384449347726,5.169438491560786,3.3620761390637446,62b8c824-3e80-4341-bfee-78d04be904c9.rna_seq.augmented_star_gene_counts.tsv,Tumor,1,TCGA-83-5908
0.8415250572598436,1.7810125843106062,1.0027879888924731,1.4220739999821328,1.1984460378227106,2.463820927674192,1.6991053388793873,2.3597735705307317,3.5031235676130255,4.912841379084141,1.2401260671920986,2.2833088464062126,1.1675596996811513,2.72749210112887,5.602912754465737,4.401376050399002,2.8643677189267827,6338619f-470c-4ae1-8b45-959b5f9ad3da.rna_seq.augmented_star_gene_counts.tsv,Tumor,2,TCGA-44-6146
2.5459426067428828,2.1182138700161257,1.590278840561292,2.047850430792127,1.604450392431204,3.3730374106144816,2.731613977415301,2.1822567669759825,3.5801024600279834,5.539453207064578,1.8604797691597954,3.1845421510430287,3.4922628599400816,4.160169278419058,6.482949906597241,4.902716587684896,3.2842176266151775,6460f151-7102-476d-b03b-fb4ea776b1ea.rna_seq.augmented_star_gene_counts.tsv,Tumor,1,TCGA-49-AARN
1.2016843302097413,2.386192326034551,2.1313743067367374,2.459300850055583,1.9428324500070386,3.8399120517899887,2.262611184714031,2.239124441076348,2.784176057934497,5.423656489443336,2.9761827258799394,3.659617155906779,2.6526507982979215,4.844557010433875,6.23815532457899,4.0861880276100795,3.25379273127158,64a2d5cb-2892-4d2a-aa7a-cc1a6dec1c46.rna_seq.augmented_star_gene_counts.tsv,Tumor,1,TCGA-MP-A4TA
0.7415450910297043,1.3398112776238307,1.151908144281882,1.6580303523892206,0.9992990180449176,2.702278175321775,1.826123825599772,1.3621839478260944,3.2379514407940038,4.946679166659715,1.3342060494198447,2.248311298801759,1.0618383548963863,4.383503260942842,6.162888849613578,4.338338244036913,2.9810999366432136,6531e137-3d23-44e7-af10-51e9cc517192.rna_seq.augmented_star_gene_counts.tsv,Tumor,3,TCGA-78-8662
0.4655024023481011,1.253431221338876,1.169303408700228,2.1627755122082326,1.445170208573727,3.6323022388736135,3.0253533604250253,1.9627513549873057,3.2306040608869826,4.902368253538472,1.6715572209419554,2.4168326969961815,0.9104793148263178,4.254213007718261,5.977294531547043,4.648015003483545,2.9813590192083788,6545e778-687c-4b82-b6b6-b5d438879069.rna_seq.augmented_star_gene_counts.tsv,Tumor,3,TCGA-78-7535
1.3450910182186095,1.5426677122295833,1.3394759560411862,1.8761770334898757,1.3653568065077488,3.0448840408353046,2.248392345596656,1.952358835710918,3.5322841954099853,4.827664911472404,1.7023568354568253,2.6377238661907056,1.938478956361576,4.407173374841486,5.254185841808283,3.5083238707011386,2.520604547709422,655b5152-d150-4b2a-b7cc-ef70dc0b2256.rna_seq.augmented_star_gene_counts.tsv,Tumor,1,TCGA-44-2666
0.9307022990790439,1.8101578031368293,1.6801809266034922,2.294928904085352,1.4804488393678061,4.817463463204872,2.162809064878689,3.071636497608618,3.2879631873739763,5.797968471087761,2.620220049501738,3.09443582302524,1.988391703462446,4.44727460389029,6.519006124785997,4.418863692259981,3.45509658141099,65a2c4cf-7c84-4ca8-a37e-8deecb6ef026.rna_seq.augmented_star_gene_counts.tsv,Tumor,3,TCGA-86-7711
0.9532589496396376,1.8247191638538578,1.548015725481447,2.0110780529997223,1.4352674240677235,2.958829373817652,2.071164103138863,1.7251919045701378,2.9166635434281574,4.703298926248145,2.0746743099314857,3.5995268431422236,1.4048735502904426,5.003523795332048,5.527191114818765,5.913738225472527,3.4055481199100384,6667948a-1834-4572-a1b3-3bc9096650e8.rna_seq.augmented_star_gene_counts.tsv,Tumor,1,TCGA-78-7542
1.4733918749893395,1.664467264860838,1.5162124787904447,1.8912472210936755,1.4827047257972812,2.608717478592606,1.5517218819309073,1.7358616296271887,2.590492434393092,4.466996528391873,1.7664997635356063,2.5364540258715325,2.3394967593184552,3.937384022761714,5.479427321936175,4.571113700804302,2.5592330488514055,673621c0-f5d4-4eea-a0ae-469214a70e82.rna_seq.augmented_star_gene_counts.tsv,Tumor,2,TCGA-78-7166
3.0612835601528374,2.8676429574493403,2.208007365246397,2.496094349092207,2.040806514543767,3.46499814920489,3.141170791334703,2.3761168857712924,3.595839348092133,5.625104411629068,2.652496012537716,3.5094940431207178,3.7114678725517076,3.766367686691013,6.73451123504192,3.6821769545643224,3.249207631691436,67fc0674-3f48-41ec-a650-7efaa41607fa.rna_seq.augmented_star_gene_counts.tsv,Tumor,1,TCGA-NJ-A55A
1.2459358413485928,1.6217063228895063,1.3186890034514984,1.6598044948876256,1.233062423264613,2.7147561424382913,1.8112488729327079,1.288497338308924,3.2245468132086166,4.296061929558378,1.6133083062551907,2.702812510675513,1.9094568687593374,4.693396937425176,5.668341509483548,3.6655560818993234,2.7733620192788786,6804af50-1b4f-4872-83b8-bae24d398cb4.rna_seq.augmented_star_gene_counts.tsv,Tumor,2,TCGA-L9-A7SV
3.42629818734648,2.9707396085696876,2.221405638672329,2.6016544758532176,1.9661574891632445,3.355984401286026,3.0275689246994077,1.7923588663011951,3.3303927187985836,5.270738141025168,2.765537062252214,3.5857780844364413,4.236384418877118,3.373512814465795,6.001091434510147,3.650186389125456,2.8064418235974204,681308e4-1122-4343-9d6b-63df6a39d302.rna_seq.augmented_star_gene_counts.tsv,Tumor,1,TCGA-MP-A4TH
2.324732367073753,2.589862649858069,1.9209104477470635,2.2000287792366664,1.4602170039544617,3.7186587198338463,2.7808948517264866,2.105154499649846,3.251284978763267,5.294504903738049,2.2828210585037647,3.4246528598608093,3.158492147760845,3.987991373199097,6.109605442411377,3.8402878958658633,3.021620745910488,68f5d95d-e7ae-46d3-b836-e741fde98f23.rna_seq.augmented_star_gene_counts.tsv,Tumor,1,TCGA-73-4662
2.4765858904563984,3.1446946721356195,2.7634162843805194,3.021383867418394,2.0577696432997574,4.493073554481338,3.560513602304797,2.531462635329306,3.2526333603128847,5.214762038977621,3.7140254277271665,4.397366032022718,3.375553734140498,3.3552621352838434,6.128444573010956,3.6178644748001356,2.7460118651907006,6906b453-44ef-404a-9fe6-2b4d5fa65110.rna_seq.augmented_star_gene_counts.tsv,Tumor,1,TCGA-44-2661
1.1012588633323959,2.2753211518321432,2.013370834936272,3.107434835211862,2.285888862163482,4.609420598583949,2.9209985400479246,2.548887371861629,4.802373832991251,5.398047519915904,3.3773874351659385,3.553411332920963,0.9756612909921248,3.009636328369519,6.343914417966057,3.1703164410610465,3.044075320458036,6a8d149a-963f-4e36-a031-aef7b057452b.rna_seq.augmented_star_gene_counts.tsv,Normal,3,TCGA-50-5936
1.9412567638540106,3.438945589552282,2.9223242206325546,3.3648937843687277,2.6769237158687744,4.556808383740661,3.204477633201495,2.7107537926170244,3.7765185985633063,6.338829673201492,3.717502732539563,4.645390987953597,2.6348713279184404,4.5973533747894555,7.590162484561284,5.007273193459812,4.112737811708267,6aa56177-0576-454d-81e8-28aa9ce76406.rna_seq.augmented_star_gene_counts.tsv,Tumor,1,TCGA-MP-A4TI
1.241479190752365,2.2697622477342,2.070567482154783,3.128779741652502,2.3360407237140204,4.226384353721908,2.8305773102721252,2.5204648238931116,5.036018184670196,5.475302580190772,3.498326426941624,3.4203016031212674,1.687935876293865,3.09538373938783,6.292226098626389,3.21072176275308,3.19952625665271,6af2f60a-15cf-401e-8e3b-e44637fbd92e.rna_seq.augmented_star_gene_counts.tsv,Normal,2,TCGA-44-5645
1.6418918493715948,1.9637422036034677,1.7744024755683134,2.2532949569300915,1.6055816256726372,3.6223160652523703,2.6678554632813176,1.8977982460207738,2.9416260764755733,5.208779305945629,2.210974781168738,3.6095426047953842,2.526852281528125,4.4845724469148855,6.20823284763288,5.0750129371633586,3.2226800268633857,6b48d62b-0932-48df-9448-ae6dcb8853b2.rna_seq.augmented_star_gene_counts.tsv,Tumor,1,TCGA-55-8302
2.133050507643802,3.3697689790480467,2.622084222321828,2.8704652104426422,2.20742662378719,3.944613702850475,3.191001772193929,2.399299057822047,3.508611352140228,5.869181493477826,3.0644284719398307,4.11841372972437,3.059271635193606,3.9329305151440916,6.631945352392305,3.2845725172085394,3.0460310696038855,6b51d2ce-51ed-4b34-890d-9f83d363118c.rna_seq.augmented_star_gene_counts.tsv,Tumor,1,TCGA-93-7347
0.7203275614273138,1.1997164034865408,1.1594998894085702,1.8119574202021071,1.2793062711211909,2.6494392805543554,1.7166664261181361,1.3448118994095475,3.407207349639345,4.398830739285936,2.5088162030687955,2.3342476585279694,1.3042065747500602,3.5630325341949023,5.289577905452293,3.9044201013568447,2.3535102189981516,6c438dcf-6ec0-4bf7-8122-875490967b70.rna_seq.augmented_star_gene_counts.tsv,Tumor,2,TCGA-MP-A5C7
0.8435353709823866,2.144428030041143,1.943772525172466,3.0346777395875217,2.1095662598208658,4.75023167110437,3.003133158837435,3.1321137079735784,4.910308501540085,6.063408784417579,3.1320211176717914,3.5880882779375765,0.9181617634759018,2.857709781011358,6.715071881302345,3.1066994128310483,3.057764691448237,6d614e24-5a82-409e-bb6e-c52c5f53efd5.rna_seq.augmented_star_gene_counts.tsv,Normal,3,TCGA-44-2662
2.2710075572820725,2.9539873699927774,2.4159064046317846,2.66032838414393,2.0767992010543277,3.746728278120776,2.1933213121284356,2.2614726824608344,3.295254601999399,6.093867795233914,3.2884597757078975,3.908479367490485,3.789594046252925,4.74901043909725,7.090518081703397,5.055155175120653,4.103657380863926,6e2e3178-73ad-4590-a56b-bb7fd9984acd.rna_seq.augmented_star_gene_counts.tsv,Tumor,3,TCGA-55-6969
2.0875508538768854,3.0080759850046688,2.429411566490011,2.6784810391987564,2.013426715863575,4.368386630833508,3.13917240984242,2.627335836252642,3.9820144735600667,6.125202395220553,3.0186147488480635,4.005186636110182,2.9849667826791935,3.8441136110144853,7.122606752154907,4.2244918660814825,3.7036893357484586,6efebff1-f165-415e-9001-45a782638785.rna_seq.augmented_star_gene_counts.tsv,Tumor,1,TCGA-49-6744
1.2637374118046638,2.3915299299219677,2.212765123124198,2.619746836271355,1.7558316100036957,3.9832502427055383,2.9496171975882435,2.371486781888376,3.290034873786614,5.321247153506226,2.264847494296842,3.632629502751696,1.9804343104505173,4.696017713067881,6.36416964269505,4.454595179981172,3.255180603045278,6f53a60f-3be2-48df-a15a-4675e99efba1.rna_seq.augmented_star_gene_counts.tsv,Tumor,1,TCGA-38-4632
1.2494590765641231,1.7524406463757973,1.434506248309885,1.9940882694076063,1.4343493256191424,4.157512280424826,2.5440686135916084,2.564356020267207,3.3646990791520093,5.184066707244097,1.7588209824269465,3.0193273325485666,1.947086343501665,4.450109052341038,5.919388459087772,4.263249333033389,3.263591875843165,6f6bf240-1ca4-47d0-9a77-17b0ce9b8ae7.rna_seq.augmented_star_gene_counts.tsv,Tumor,1,TCGA-55-1592
1.4878518996613725,1.9977639990337117,1.8230292789217117,2.0747972456998225,1.77896297099851,3.781623827346101,2.372082141688928,2.545411225464775,3.3701743025214292,5.636444865257661,2.321816499532191,3.4564751069204758,2.8471615358340285,4.602673581745932,6.528154768680818,5.019377913492086,3.469997649795759,7086e8ce-d1e5-4901-ac33-31c299f46356.rna_seq.augmented_star_gene_counts.tsv,Tumor,1,TCGA-55-8204
1.2434346799884706,1.359250342229009,1.430403896582174,1.8257793190172866,1.4056192692544485,3.428279504953981,2.396174655048322,1.9640895381629757,3.653787610495522,5.536853919264661,2.2849855847387754,2.704755721242,1.5961862785264826,4.858524712188817,6.434757085763165,3.9883731497045254,2.8615919047014704,70d623a4-5140-4010-8eed-5f95a9fdd168.rna_seq.augmented_star_gene_counts.tsv,Tumor,3,TCGA-05-4245
3.4873738362117597,3.1010316715174806,2.361827683657482,2.6306625892300315,2.201146490958388,3.6926671997449185,2.7099091257082013,2.3340415450645593,3.5699444785405983,6.522255567161185,2.8994216209251196,3.996393246341106,4.24784525778557,4.335532426502856,7.366143442414969,4.467204847433408,3.695684084006357,71809317-f775-4faa-b1c6-40bae85c69aa.rna_seq.augmented_star_gene_counts.tsv,Tumor,1,TCGA-93-A4JQ
2.3024605786482737,2.455961403094326,1.979339442243512,2.3672145984484403,1.6624170232803983,3.6610984068732053,2.784272531241605,2.0302243218402753,3.2978260589404207,5.570049194455113,2.828374890386754,3.376867142234736,2.882655682132154,3.4680417651573654,6.472793180214082,3.9539265943744573,3.4033449474034883,72726dc4-fa08-4e34-9539-29ddb19dd782.rna_seq.augmented_star_gene_counts.tsv,Tumor,1,TCGA-49-4501
0.6630048364497715,0.9312345236833357,0.8633634172318269,1.134559171391464,0.8187143845462524,2.1171508404445554,1.4444445144718503,1.8165641935867696,3.0983841417046984,3.863508140478722,1.0941206311287828,1.8267650756315672,0.9659228116160977,4.4575673641453575,4.80843440079184,4.219910751361544,2.4713848046596687,7276835e-ce0e-4fc6-a329-27d936c136ba.rna_seq.augmented_star_gene_counts.tsv,Tumor,2,TCGA-55-8094
0.7520136968512517,0.8748017553132822,0.5236372592709929,0.9218378127004052,0.6980401328932637,2.7664872974307393,1.3716970187576831,1.2883371274803255,2.5055147506496693,4.938191753655329,0.5778157575205184,2.077290317515607,0.8929027160620845,4.369828463293034,6.385027247639217,4.167778130595275,3.0333258590194685,72fe0e80-b3e6-4249-8345-fb9ff8d2ca9b.rna_seq.augmented_star_gene_counts.tsv,Tumor,3,TCGA-69-7760
1.3809457063036494,1.7134053977609922,1.720197421112418,1.9053818493464836,1.4811575149332072,3.867262166137504,2.0440174934637185,2.9023805235915243,3.642810702670128,6.442093271275971,1.906168822581412,2.661752334333917,2.669137711665914,4.0510258005306845,7.26025703585479,4.3479408973995195,3.8571524289855645,731c955b-e1e8-462a-9c94-64310f2d7eae.rna_seq.augmented_star_gene_counts.tsv,Tumor,2,TCGA-MN-A4N4
2.3683652896707916,2.6726199061712883,1.9638088674537202,2.036535285857599,1.6906462114709258,2.8489555094584165,1.900196210106232,2.1579444643821435,3.711404921997022,5.787720714701185,2.3645922214438437,2.931883992972444,3.749993181007299,4.580089752858476,6.838468603618239,4.5314072985282925,3.3790343498320707,73559b1e-ad93-432f-a7bb-c3946d4120d4.rna_seq.augmented_star_gene_counts.tsv,Tumor,2,TCGA-64-5779
0.5839513401717042,1.4357307477692633,1.05252859796978,1.5417360494526984,1.0741503516569881,2.5952665902103713,1.857854229407803,2.0539517641582936,3.4822020494901937,4.615478585731988,1.5356259999082984,2.332714320280647,1.0012138643923787,3.5002682347231993,5.431428754436253,5.0413029987580495,2.514690588214093,735e3d15-4df3-4162-b819-1ebc1991bfce.rna_seq.augmented_star_gene_counts.tsv,Tumor,2,TCGA-44-6146
1.3157219003716283,2.4490670574259403,1.7715562880049835,2.069732883912174,1.5985352573208509,3.648010173284285,2.806856469259059,2.061082709992387,3.677904532623769,5.198770039636707,2.257473769332784,3.581423693967326,2.0848075052799255,3.6385323032875565,6.239578366556046,4.117717024589738,2.9846438546924206,73babed8-f934-42c7-9020-30f7c3e1766d.rna_seq.augmented_star_gene_counts.tsv,Tumor,1,TCGA-50-5935
1.6403338530183809,3.1085834546538003,2.562336195108696,2.8515812731924783,2.091446988717077,3.6100894606815372,2.55426962012433,2.15226468742802,3.5176897260559925,5.007881413479171,3.2765112517430564,4.23759845827295,2.7983980600612055,4.73276671273088,5.935925694366468,4.956393811089191,2.8364513887531784,73d96384-ebea-4467-8663-ada78336233c.rna_seq.augmented_star_gene_counts.tsv,Tumor,1,TCGA-55-7911
0.5752306533677847,1.3036899016637409,1.1492784076561626,1.5679233256806873,1.3096901360273099,3.4730348900467103,1.8579009067883485,2.393984139902045,2.641957319921974,4.93121734384848,1.3904308665519713,2.7648918532543636,0.6623243714458129,4.768473399772513,5.844462419089116,4.556815723067719,3.403615895422554,73fc90cb-2b56-4a6b-8083-42f6647a2478.rna_seq.augmented_star_gene_counts.tsv,Tumor,3,TCGA-75-6214
0.8188708958027284,2.954924942831581,2.9059760678331803,3.13669309338751,2.227183091840476,3.9773181619468376,2.55166805084131,2.259239322708558,3.2560569473205248,4.983216024953944,3.8815963595580647,4.493123594897678,1.4762332166590528,5.356872292967514,6.433191735438264,4.11752291563157,3.47013525527136,743f08af-5537-4454-a219-18639e5127c6.rna_seq.augmented_star_gene_counts.tsv,Tumor,2,TCGA-73-4666
1.1921556176912533,2.1691212563463744,1.7323987186047718,2.3590516588787787,1.6971432969954516,3.821804632380856,2.8323250424265187,2.5796704686667757,4.022123448501935,5.394952145066779,2.61045227902588,3.224661418612784,1.6437540920691207,3.54110556236111,6.2605952657070105,5.035683616989074,3.217916925095764,74aaf5e2-be23-49b1-b694-3a3dde306a5d.rna_seq.augmented_star_gene_counts.tsv,Tumor,1,TCGA-55-7284
1.0261456936763649,1.6168671727941586,1.288002263140393,1.6282282939110508,1.4099478936067134,3.6402686895144596,2.4338835225258655,2.2480552339531386,3.286149082661141,6.5968908870972065,1.2544773244789644,2.8091888669730354,1.6750623140517944,4.703029857808123,7.747128019731541,4.5372843742781725,3.75182044724232,74ab82a4-a55b-4e4c-b3f5-1f9317860914.rna_seq.augmented_star_gene_counts.tsv,Tumor,2,TCGA-55-7726
1.586838044372512,2.8442089720067387,2.0366845545057446,2.3833196630373945,1.9548942825526272,3.666689043868161,2.186560556402933,2.46920270302618,3.5831995816996747,5.328309613097526,2.72700521465455,3.9621995297938195,2.322666116838463,3.389241688998114,6.171652224498611,4.236420310787417,3.0676611273332277,758b1a4d-bd46-4611-b8c3-49c5f62a2dab.rna_seq.augmented_star_gene_counts.tsv,Tumor,1,TCGA-44-3918
1.0473555993900505,2.3797328534258244,2.0300066180304754,2.621962173545565,1.7922123452105942,3.5731851549725904,2.9555365537640674,2.1904207048011854,3.442501719223719,4.857533263169867,2.7764293117148218,3.883145990932716,1.73046611050836,3.4916490755917535,5.796578182644008,3.7913888804516915,2.602601717985179,75eaaf2c-7cd9-416d-88c0-7c5502db9ab5.rna_seq.augmented_star_gene_counts.tsv,Tumor,2,TCGA-67-3773
0.9199281791796169,1.3787799603953015,1.098485516359157,1.7555973034153922,1.1921272277063557,2.5948228333476844,1.7112220074061664,1.5549431030637213,3.58465342238783,4.775039857981109,1.4483244532587811,2.3644232033837254,1.3007832791599556,3.2802436031029014,5.529186003746734,3.4178156239694624,2.4671511254263576,7623e22f-3401-47b3-be94-23f5da20ee0d.rna_seq.augmented_star_gene_counts.tsv,Tumor,1,TCGA-44-6776
2.271246182668029,2.3648110617812432,1.8888309683260442,2.2163982427774904,1.5870570224448872,2.9792799018943765,2.323438466215983,1.9488241228147483,3.5459715883395218,4.948960198755951,2.5680381709859086,3.2212248377031454,2.953206854318352,3.9153467296375037,5.635630885079185,4.192227281796129,2.593721276973037,76413057-e8a8-42b7-b545-897e3b32580d.rna_seq.augmented_star_gene_counts.tsv,Tumor,1,TCGA-78-7152
0.7727937844251116,1.5307479609685664,1.1269902792776476,1.7917773633608736,1.2380043624953772,3.657637036269057,2.4663652412681034,1.9207002229280064,3.624049947425692,5.343824817306541,1.6073096890752998,2.7091564022324715,1.106656745700249,3.1976493479214163,6.246966423607206,3.6696731852792746,2.837224267181228,7643fc1a-086e-4ea5-9766-3dde13cc00b4.rna_seq.augmented_star_gene_counts.tsv,Tumor,2,TCGA-75-6206
1.14612252337117,1.422389352444747,1.2299556690330264,1.7325745381339803,1.260809625044341,3.1930718825733977,2.1466765394325127,2.001421629908453,3.5477229335844993,5.997752509280718,1.2255306984145038,2.545446303940326,2.0430776861959834,4.311692499736299,6.932057931613926,5.476215825967557,3.5592871186755417,764d71c7-f003-4cf6-851e-1587f12b4a69.rna_seq.augmented_star_gene_counts.tsv,Tumor,2,TCGA-73-4668
1.7563598877855575,2.9148698460144815,2.6741764539088626,2.766652052984081,1.9587831002940637,4.123587453337786,2.4491361771128344,2.353134446648395,3.3610433294945095,5.3620694902506285,3.6112369244499725,4.622082627725614,2.488848675976101,3.9662880400079814,6.354337052841052,4.380417705004387,3.1076410341545353,765dc4a5-ce4d-4437-9061-20c018bbbade.rna_seq.augmented_star_gene_counts.tsv,Tumor,2,TCGA-44-3918
0.9016097774121146,1.4953610725236528,1.0703085682924514,1.616263154141308,1.148416184327904,3.6884479814090856,2.3258580258775083,1.8727982181474714,3.6030016866359538,5.966830673624291,1.2989253614826544,2.7837585853028726,1.0945321770527892,3.854639344866783,6.927366220698475,3.1079991319656908,3.146066851150647,772dcecf-b53d-42e2-8161-f48030150aa0.rna_seq.augmented_star_gene_counts.tsv,Tumor,2,TCGA-50-5944
1.4235141134450466,2.4981403122910857,2.3661322462271217,2.5651218632056927,1.9406706344892515,3.5387448767595675,2.6250317828063308,2.0363442387916435,3.1994602131072667,5.602596251186424,2.7744989697454367,3.7508719526566043,1.8439102122613082,4.457663970147362,6.544227453795804,4.3439505425792415,2.9196407212020055,77322072-2a7f-49e6-a9d1-c521c25acd70.rna_seq.augmented_star_gene_counts.tsv,Tumor,1,TCGA-69-7980
0.8662604241110596,2.047901499107151,1.4540288085225697,2.019035023270148,1.468848257052968,4.410322810197606,3.079387762288244,2.396235686890559,3.5325100234311644,6.736883901138212,1.7857521975775952,3.173705350736676,0.9856848400925495,3.8490118235867765,7.788932984738144,5.396598394523412,4.077470139052531,77b82c3f-e20c-4e3b-a55c-08af359bbb6e.rna_seq.augmented_star_gene_counts.tsv,Tumor,1,TCGA-44-2665
1.8446341219187352,1.916839076386359,1.655471375780575,2.2041797860113728,1.7497240751152698,4.228016069749545,2.5758253045400616,2.442593936712758,3.829378076984322,6.142336076820863,1.7395151901379433,3.2037464515181995,2.716499070745504,3.7951710515852506,7.24986689966718,5.059600375225616,3.437282751951546,77ca7978-5bc4-4264-8ca3-db132049c8a8.rna_seq.augmented_star_gene_counts.tsv,Tumor,1,TCGA-55-8096
1.2395686891637026,1.7149111747942802,1.4661808643435532,2.050541198222264,1.3557284692221436,3.4840393395926426,2.606089999502736,1.9574429013874215,3.691273751347941,5.132807024357211,3.3258355285683683,3.0223549464992265,1.875791028362295,3.88053847071199,6.036172241147246,3.727867057031176,2.733028978933227,78bf9571-4145-4c0d-a61a-58a878351097.rna_seq.augmented_star_gene_counts.tsv,Tumor,1,TCGA-L9-A50W
0.9495532424435557,2.6082289578661704,1.8055917812183302,2.371644631030819,1.6647319462792558,4.340937500251825,3.0217953440571614,2.644662719526774,3.7213806703145114,6.307573382509449,2.2167029548957817,3.7036024491265565,1.4966269883134624,3.5068839449120306,7.405065563523559,4.126515014374927,3.8050873619677232,78e95f3e-1067-48a8-9429-dfdd6f587066.rna_seq.augmented_star_gene_counts.tsv,Tumor,1,TCGA-55-6980
1.4981187465414607,2.170677593890559,1.525174106872433,2.0006001324445597,1.5487077802516902,4.386537763526052,3.1837740597504474,2.5469083439940152,3.2069010973676915,6.560668886912602,1.7167972250132293,3.376731432120448,2.234838067100596,4.685897989057711,7.549792497299843,4.655993180432616,3.517855241653345,7977a11b-246f-4c4c-a200-ee35d2d51fc5.rna_seq.augmented_star_gene_counts.tsv,Tumor,1,TCGA-44-6775
1.1933542490125184,2.126052474898224,1.9678375184722603,2.3248631973017084,1.743118487892543,3.6211832369895007,2.0949424655558997,2.0262647491789036,3.3509353713207477,5.562376244881044,2.8107690839382684,2.936714445403412,2.1751543427986677,4.425171756325668,6.543245492439654,5.270424668166234,3.4119773785476917,79e12f4d-94d7-45f8-b251-6b0fcbb6b885.rna_seq.augmented_star_gene_counts.tsv,Tumor,1,TCGA-86-8673
0.6945785079399805,1.3423161884962547,0.9770919467854258,1.5391374754360507,0.9492435489492241,3.5024148226390786,2.563223218446904,2.1088713231108116,3.364158674633448,4.532982291105215,1.678782333999633,2.5303772523254606,1.1169339175974566,4.258499794806852,5.494338596199819,4.535601462460636,2.7601851313411805,7a7440bf-1ca1-4c6b-80f8-7151a38e5d18.rna_seq.augmented_star_gene_counts.tsv,Tumor,2,TCGA-67-6215
2.460840556527479,3.071000451262178,2.656092152680126,2.975414294618603,2.1140472442708442,4.313438507594091,3.0090241747261897,2.56400249320613,3.722667426138756,5.717944519785573,3.2935878436223938,4.6134061029526,3.3975843779021675,4.581537149710799,6.521652386406323,4.310060854213169,2.9371350388261397,7b07706f-a1b4-4f18-a276-0822b578cc40.rna_seq.augmented_star_gene_counts.tsv,Tumor,1,TCGA-50-5941
0.70335271337472,1.3294964853433335,0.9872867831972538,1.6999164587828237,1.2423251168987124,3.972872545425414,2.7297494446680113,2.2473916054526066,3.3704022044183026,6.7797634399634905,0.8839438327501655,2.8420807886400006,1.509477279135107,4.303396167299802,7.86677197025769,5.413038707746672,3.989417048285996,7d46888b-282b-4f43-a09a-ff44bd1af110.rna_seq.augmented_star_gene_counts.tsv,Tumor,1,TCGA-64-1679
1.0163296839027165,1.46653627960597,1.2911075996879788,1.4666251828751644,1.0938181617671143,2.893235267093007,1.8156452861538008,1.9330129712766289,2.7259122439107784,4.587124873417121,1.5465558552440237,2.4606884786627052,1.7980228862237515,4.832648428984381,4.9556792605721,4.60663480217526,2.465068727171914,7d9c7c34-76e0-4622-b5f7-60e12f6d4e07.rna_seq.augmented_star_gene_counts.tsv,Tumor,1,TCGA-55-7913
0.9429180121246173,1.3726499590198475,1.3050450162503477,2.072602276235072,1.5949478048084298,3.2702653591639335,2.1437656353997783,1.9361476017361503,3.7374194847340445,5.035542269041727,1.822130735637014,2.6593928829355518,1.918128130580922,2.8004303350897946,5.776116755766578,3.888828815714237,2.407024169077885,7eab2708-6708-4f8e-b238-e06007754e7e.rna_seq.augmented_star_gene_counts.tsv,Tumor,1,TCGA-49-4510
1.4113340689672276,2.4061867361638427,2.44349518830424,2.644661670495161,1.8501603887600833,3.6034952059173992,2.3255932804724337,2.0327580769387765,2.8037268101264883,4.614307646349637,3.3415816891750785,3.540812012181646,2.472350919368607,3.776497804535916,5.13497885690526,4.000115095456028,2.5935174223165633,7ec16b5a-7a86-4a22-9f1c-74d42ab1f43d.rna_seq.augmented_star_gene_counts.tsv,Tumor,2,TCGA-49-4506
0.8781346976208714,1.2291032178048416,0.8809501557350352,1.5796398934683893,1.2388420678959935,2.8344861008569775,1.3535471769422067,1.38505020165962,2.914259173179753,4.951988113444631,1.119669441391637,2.2021247951869105,1.5465812977479365,3.7979145146409823,5.454985856095869,3.779833162746523,2.810203543439924,7ecd6087-9663-4d9d-828d-d9e9b5241c3c.rna_seq.augmented_star_gene_counts.tsv,Tumor,1,TCGA-86-8674
0.5037300687918578,1.2241411506936333,1.522718147852098,1.6091961477621564,1.3753423717881514,2.462579765410444,1.5847567312493624,1.6480610506748519,2.603805228743619,5.433811118731769,1.8137249844837142,2.761944414271358,0.7789783245183918,4.721480099942741,6.187933654455598,4.670630168376936,3.4668274282375884,7edd63ce-c5bb-4209-b8c8-98af0fae03ed.rna_seq.augmented_star_gene_counts.tsv,Tumor,3,TCGA-49-AAR9
1.1956238347192112,2.5705001171440647,2.1776864182424838,2.5093733851752673,1.7223101622574595,4.088004985877032,2.9794267547886273,2.374122399436581,3.8128888367457763,6.1395980983200955,2.8158819227560574,3.795555121907656,1.6057312855566168,4.719230399780136,7.304145203814355,4.5454799378371895,3.678155243394746,7f9b4506-b00b-4b6f-8469-d0e4a73df1d4.rna_seq.augmented_star_gene_counts.tsv,Tumor,1,TCGA-49-6745
3.3773059962433196,3.7805756750370976,3.079553954450344,3.28980554801236,2.727060156815557,4.15598819711135,3.4613742841059647,2.5549234491391815,3.9731957885646136,6.20051398167026,4.09132013798449,4.8123969131555775,4.28929947946965,3.911138371606456,7.027138460454867,3.9720667617717185,3.4828881049187244,80416b83-9ea2-4d33-8ba4-1fe9330d51f2.rna_seq.augmented_star_gene_counts.tsv,Tumor,1,TCGA-86-8671
1.5258711597358512,2.410595010360643,2.0418345375041325,2.8024589047731143,1.9542162797240203,4.564003901125084,3.3112522086120073,2.8003517692167685,4.5805588746683314,5.306841798092597,2.826401950024717,3.4702594780933147,1.9023408332675913,3.1239460330312854,6.135012428020436,3.3510859906959345,3.1219461449309276,80ef527d-5511-4944-a1b3-1426d98294b7.rna_seq.augmented_star_gene_counts.tsv,Normal,1,TCGA-55-6985
1.9451567073715361,2.7622335566122715,2.0586381007813843,2.373311497524744,1.814856304841289,4.312981421957207,2.2987161820419066,3.2634071095286408,3.260931412472831,5.99116522353049,2.5832379534004732,3.762353994175536,2.258663830138982,4.095460370877337,6.393544336322537,4.956024937850158,3.5519622775701905,812033b2-3784-44bf-8913-56307b267ea9.rna_seq.augmented_star_gene_counts.tsv,Tumor,2,TCGA-44-2668
0.9159914684162511,1.6490521799880207,1.3275205204223306,2.292302892765164,1.56136160850611,3.857513660380733,2.595039091835723,2.117069145524597,3.9918029091445373,5.131194687830799,1.887781720012421,2.68059871500738,1.302750992239969,3.440520324155099,6.022859665443522,3.736314821848734,2.7487329109749883,819e9776-131f-4c00-b93c-9936cbcc55b8.rna_seq.augmented_star_gene_counts.tsv,Tumor,1,TCGA-05-4384
1.6751746235219678,2.266831012201756,1.853688216507403,2.0334765057548694,1.65284954041045,2.523697307764919,1.8416988217681467,1.403258086417133,3.3468268081024415,4.982749085938169,2.193534949813337,3.11983018502029,2.580085069466505,4.099647264553336,6.301589808759694,3.5922727152736225,2.9784352406731247,81a33f6c-0195-45c5-87e7-7748838d0a4e.rna_seq.augmented_star_gene_counts.tsv,Tumor,1,TCGA-69-7764
2.124516245215476,2.772014043828783,2.1917053086342344,2.599018395999881,1.8841103672015072,3.9644344129801596,3.0975517521585805,2.4007609537987116,3.5395998821484125,5.533637001000076,2.5489080927033694,4.0762566550549675,3.019613765703032,4.528698135393639,6.538132582077624,5.227836547779287,3.1156011504618206,81e85e60-a0b6-4898-8cb0-02ac1a70f157.rna_seq.augmented_star_gene_counts.tsv,Tumor,1,TCGA-44-3919
1.2402514312543504,1.8000295177121464,1.6733756867848701,2.0630122746314945,1.6121951682199245,3.2408235024931606,1.8219302308825684,2.1836492837463624,2.8947781585348196,5.209232739593538,2.565477874411058,3.2554355987198695,2.337702554211311,4.46936308483361,5.952973950386918,5.682581700647584,3.1591697577111644,828b6221-7b05-4e5f-aee0-0234f06fb81e.rna_seq.augmented_star_gene_counts.tsv,Tumor,1,TCGA-MP-A4TF
2.300423930970437,3.3935196856654364,3.1892684678410035,3.297700866722842,2.6567841814398094,3.671412569064923,2.7796173869942717,2.1122886405543198,3.693867149457218,5.568659676308595,3.8812136676905977,4.8093416647702645,3.5788161000261103,3.9801288493780955,6.672789968761912,4.005366587504847,2.9303719874002043,841e54a1-9d65-4256-b70e-eb64659b40a4.rna_seq.augmented_star_gene_counts.tsv,Tumor,2,TCGA-L9-A444
1.5938747263540598,2.501591912348574,1.77464523085018,2.3569091270516456,1.702292991099806,3.8540561642997955,3.217090736715619,2.2628952374375855,3.6583041888500576,5.409905032702077,2.3430978785168355,3.440503370187722,2.071410475199946,4.203675310067262,6.263860892789504,4.1520246526013835,2.92383994129525,84595c09-6f85-4a1d-98fa-7d9bc9dc2c28.rna_seq.augmented_star_gene_counts.tsv,Tumor,1,TCGA-95-8039
1.7571293599273603,2.2778124240631037,1.8764931570548278,2.240386072542917,1.5547253610169463,3.677096800051314,2.5741525458508647,2.232508246915971,3.8347086816547704,5.210494068015835,2.8212619548656472,3.4720220896658445,2.7118586457116938,5.399523672866561,6.050654648451451,4.2934459917983565,3.8922823552032404,8536c3c1-1e75-4ebc-b792-30d7d228a117.rna_seq.augmented_star_gene_counts.tsv,Tumor,1,TCGA-44-7669
2.388877044350052,2.849972080670795,2.7184818791700613,2.9998032149228764,2.1915800135506367,3.950218830636324,3.5599896061177887,2.1898645460364534,2.918308444567377,4.925831921194793,3.503371363096821,4.210480649417105,3.226471087972013,3.619309297492003,5.5287543291915515,3.6270647564827407,2.7943413230758214,868157f2-85e5-462c-9994-1e50791ad2c0.rna_seq.augmented_star_gene_counts.tsv,Tumor,1,TCGA-50-5068
0.9450719314434093,1.8274123514299545,1.7386756099187917,2.5568159635522503,1.8161263960862375,4.718306663273508,2.742188129949786,3.2676873474270667,4.384593767749989,5.17477726136709,2.4253492609778413,3.2429653167690677,1.3125752290615802,2.756062938616513,5.901520290804146,3.5945676133946782,3.1130266810732485,87bac569-d647-4a76-8e33-6ce085888138.rna_seq.augmented_star_gene_counts.tsv,Normal,2,TCGA-50-5933
1.6745520847228617,1.9078377953121786,1.4515465995425514,2.0927492388534135,1.4506738956301999,3.9933920907944547,2.6454717186417946,2.2646089426828664,3.0087615441759614,5.661674926449631,2.1383689569401887,3.135708727303625,2.778974526852618,4.2417273695443205,6.648920108811777,4.95893745597552,3.4486132606553133,882d1be3-1f82-41e7-8538-1ef513efef32.rna_seq.augmented_star_gene_counts.tsv,Tumor,1,TCGA-05-4402
1.094787960310074,1.5260085851284835,1.3897837501285173,1.8971579488374324,1.3883273577890163,4.59037691023009,2.6995492009044395,2.988015675886352,3.016746381243322,5.934216886035583,1.9947807801757536,3.0165053183649464,1.642702826768327,4.797638909281623,6.855831421686969,5.756341161828577,3.36135192033714,883ef55a-e8c0-4774-a298-d2bfeaeeae4b.rna_seq.augmented_star_gene_counts.tsv,Tumor,3,TCGA-44-2662
0.9228294947192462,2.666565223206185,2.538532225802746,3.3643231977543895,2.6772147667920834,4.244598773088427,2.916756380029629,2.5216284858605063,4.946625911151404,5.262547712616321,3.792297821882017,3.8129816461462696,1.1856887874112685,2.9904004580259556,6.080913931017367,3.314393155952568,3.014543940139974,8885b4e5-f8e7-4198-b7ce-bc5c754f504d.rna_seq.augmented_star_gene_counts.tsv,Normal,3,TCGA-50-6595
0.8695872532210124,2.1294692025303936,1.8330188286764495,2.479349583098421,1.7182193622176163,4.213036363267167,2.9883901339480414,2.4399474425054923,5.075854265846853,5.636973122848991,2.3995807773666034,3.2595020407497945,1.06074605786491,2.982494840631298,6.483374281994028,3.098509251056913,3.304298457241244,888e2a67-2478-4680-9b48-163789783c7b.rna_seq.augmented_star_gene_counts.tsv,Normal,2,TCGA-49-6743
2.131030011624026,3.0939024841329763,2.4863099267586923,2.9010586064792467,2.1885488230422188,4.356518024157209,3.54460821554581,2.5670174769143115,3.8634017946498616,6.200529665458459,2.8792542630856612,4.419564838175942,2.976013828102333,4.460180979284107,7.368549999669749,4.627615508178118,3.4214428128288885,8929ea12-e12a-4660-ac19-72b4e7bd2e9a.rna_seq.augmented_star_gene_counts.tsv,Tumor,2,TCGA-75-6205
0.7718181958404133,2.524316494982284,2.0321436180076637,2.512891544621234,1.6361346489092659,4.099420374034619,3.0473324468807634,2.3056696002180135,3.3882988944336345,5.920002890955037,3.2435955470410343,3.8577664697106755,1.3504776947378332,4.532926928570053,6.562816257300261,4.59554579913697,3.4131074308145757,894424ab-29c3-4f41-88e7-f59d0df10c28.rna_seq.augmented_star_gene_counts.tsv,Tumor,1,TCGA-05-4425
3.646636639269067,2.732335320748614,2.09302926116697,2.5436371340423545,2.0158741125180715,3.3922420461826572,2.884957146014085,2.3859818182143635,3.4646770123547483,5.610272783263201,2.76029732768092,3.5268160763736365,4.320834992304982,4.102899607174908,6.407250956568085,3.889565952820327,3.108640310435538,897e33bc-3862-47bc-8277-a9b1b5371802.rna_seq.augmented_star_gene_counts.tsv,Tumor,1,TCGA-55-A48X
2.7478724428245793,3.1598786322984767,2.6814017730055943,2.926294817829867,2.225243775947135,4.251064332745385,2.739194561645372,2.7150228551747864,3.8691736284748988,5.7398272039700995,3.682246213542935,4.1593032704234325,3.952113124636787,4.16350949236399,6.510998170887552,4.832709171080635,3.114796932497767,89bcf4e2-f855-4035-bf0d-fe4917248223.rna_seq.augmented_star_gene_counts.tsv,Tumor,1,TCGA-55-6971
1.3455082193222743,1.81384460560585,1.1687375379749538,1.8569749217374223,1.3827259130782052,4.301823797154708,3.0625474907828374,2.5924110059244128,3.811958047654757,6.37707394828055,1.135063508444972,2.8431561181696856,1.8251069291152044,4.413107076792591,7.254800410314871,3.9419077893543166,3.3889960381251556,8a44c8a0-142b-48bb-9809-69914811bacc.rna_seq.augmented_star_gene_counts.tsv,Tumor,1,TCGA-50-6593
2.330566451217251,3.057166934961633,2.937984875370049,3.1531718164308473,2.465328307589173,4.140203142204113,2.7366244419198096,2.301007822287718,2.908297807752343,5.180289299215294,3.6049568948704156,4.352195169492183,2.858609880052878,4.992402428531413,6.256529023638947,5.043124949629376,3.2921486541495435,8a6d64cc-3f03-4a5d-b6ce-83fa9c7f7d07.rna_seq.augmented_star_gene_counts.tsv,Tumor,2,TCGA-55-7995
0.6997581004286694,1.3917796030833187,1.356284523625875,1.775874624197861,1.1008292087284615,3.3839001780712135,2.07585420670204,1.6755941902903377,2.6957509807005215,4.503570618032363,2.6183835561612705,2.991921172630134,0.9534280260704429,3.540795672968716,4.8604741904764115,4.175338322858768,2.3689084557343345,8b3aec43-4c75-4598-bf0a-168f7ffb9f3b.rna_seq.augmented_star_gene_counts.tsv,Tumor,1,TCGA-64-1680
3.219041071098287,3.0445323381060527,2.6943015257607783,3.179516514139896,2.508896940845738,3.9520902424581994,3.235213866272193,2.4502296683432085,4.75792620563648,5.730667224285045,3.34122234783121,3.8884978548357787,4.234368407325295,3.483560038477161,6.72891383765778,3.668428922131238,3.0934360275324915,8bd7c2cf-7960-46ca-9373-1c19557dd0aa.rna_seq.augmented_star_gene_counts.tsv,Tumor,1,TCGA-99-AA5R
1.7905325043274654,2.492346783301413,2.1912632546999595,2.348113120170241,1.879635891367624,3.2085331960448342,2.042041142705179,1.8627850948235174,4.164187557665395,5.358516037272679,2.7179304651869405,3.5873172744249837,2.7929615350240793,4.427641545662365,6.46560060610264,3.996824708201955,3.1635171632933092,8c55ee80-c8c3-4196-9b67-81732fffe9f4.rna_seq.augmented_star_gene_counts.tsv,Tumor,1,TCGA-91-6840
1.6872447754881805,2.2569275150632926,2.038926251925688,2.7212322190020912,1.9425929105734563,3.9812296759162145,3.059785679512129,2.4404376507325196,4.107008353605943,5.4966402457198456,3.1145594827430765,3.80407427054252,2.2461569844911313,4.571278194042145,6.589388591719486,4.752293153042975,3.2066651567993625,8ce815e6-3c63-4cbf-8480-4f07867f18da.rna_seq.augmented_star_gene_counts.tsv,Tumor,1,TCGA-69-7974
2.4860198371243953,2.012235497640561,1.462533288883083,2.205496246572538,1.544580060000889,4.16126603002799,3.4554759959710464,2.8049654685269156,3.987467183964239,5.288927588162783,2.090128928953149,3.1735998130771197,2.9881260311738718,3.2922445979136366,5.945306127106411,4.831413768312938,3.0256892389370225,8d438e20-04cb-4b39-b3a9-96a3a35de104.rna_seq.augmented_star_gene_counts.tsv,Tumor,1,TCGA-55-8513
2.11197347955084,2.6897259423081645,2.192917342360918,2.898112376228044,2.1495415057953946,4.38707312890399,3.5066642069926184,2.699212652454686,3.899248716033992,5.224401323954715,2.882973350059781,3.7674741151706916,3.1501419380616937,3.3787534104739247,5.990816893103241,3.554427322202919,2.746720980964126,8da65700-04c7-444d-826e-ec2e692b257b.rna_seq.augmented_star_gene_counts.tsv,Tumor,1,TCGA-97-A4M2
1.3159992297412413,2.0025019503337314,1.5499957955126291,1.9867520428350869,1.5009672842090258,3.687009857252741,2.3244714474936927,1.8104934028204522,3.7717306232779335,5.83090821953143,1.9035072249778322,2.8067798773056176,1.7058368656367147,3.821653717570013,6.935832289052396,4.378605974540091,3.499174070161314,8dc8ccd2-a842-4a48-a8db-007855733fc0.rna_seq.augmented_star_gene_counts.tsv,Tumor,1,TCGA-49-4490
2.122324263161126,2.2122153710538663,1.5774295059634276,2.0595297088209468,1.509408915413746,3.7070669768485858,2.7064730154631316,1.9012117741849086,4.117734670778393,5.924001179498091,1.9934710406762737,3.3520720340952987,2.7593129718684866,3.6658620567202513,6.664562154621755,4.287088501059932,3.58793387975661,8e1fcc77-bf23-42e4-949f-d429f7211dd6.rna_seq.augmented_star_gene_counts.tsv,Tumor,1,TCGA-86-8668
1.1701244283677654,2.4515467746674893,2.396741123911813,3.3593295410238935,2.6366143296684856,4.558975967985629,3.0645812847362057,2.8849303273427833,4.876481321081659,5.980381313733482,3.857702409166717,3.7080428404524164,1.4067337196369896,3.24657222489355,6.611775989254191,3.7707845250565586,3.2122506454187265,8f55fdd2-25cb-40dc-809e-2ddbdadd34c3.rna_seq.augmented_star_gene_counts.tsv,Normal,2,TCGA-44-3398
1.147821004609732,1.578805084605644,1.4599584607741207,1.9696709293833075,1.4011476293818061,3.824293581843694,2.364731181494825,2.6003541222841884,3.5707924207009225,5.226822977045806,1.69177369477643,2.428275858942162,1.5306151680341507,4.762496258369821,5.985782461644449,4.164151800184656,2.7771455534370313,8fa3359f-1e40-448a-aae8-a955c1ca3323.rna_seq.augmented_star_gene_counts.tsv,Tumor,1,TCGA-97-8176
0.5179500877243844,1.043613481877828,1.2862741616132847,1.474509336227056,1.4157154987156604,2.7031472723951335,1.2707808831387177,1.1598130372177382,2.5114426753467582,4.083744515261806,1.9316928634061377,2.370873035054852,0.5246220630775003,5.544249400475402,5.5049546951652095,5.098638176352111,3.381761503401394,905e32cb-a5bd-46a4-ac0f-32585e042695.rna_seq.augmented_star_gene_counts.tsv,Tumor,3,TCGA-91-6847
2.1128085060495816,2.9264641240020612,2.618582039775219,2.7332903606406695,1.9610073789425226,3.7085870776850065,2.845158299098871,2.2405833284013448,3.428260490626269,5.585728197797227,3.3793195733940244,4.331869933574128,2.8498389175722596,4.351868893791895,6.986269945549469,4.41111140589042,3.3530006314238037,91181a9c-3113-47b6-8d1c-8173f9eac675.rna_seq.augmented_star_gene_counts.tsv,Tumor,1,TCGA-55-6712
1.0681749511340783,2.131876734687289,1.536536101878377,2.0401334789043797,1.4994553996700155,3.4859023723980407,2.544493118087814,2.4382942392595197,3.6767044176651633,5.701909147454158,2.145987319591125,3.0635825651306847,1.5037495605789792,4.573776101051612,6.606786223380977,5.191004317792501,3.0927607228955205,918be5f7-a963-406f-8ce4-0a3e528998e5.rna_seq.augmented_star_gene_counts.tsv,Tumor,1,TCGA-62-8398
1.1784450325141904,2.27342593777069,1.7717232903629696,2.410697303789176,1.6504094714929494,3.9557876308588478,2.5789110732735288,2.3842146465451544,3.5963292314901776,5.219084928202754,2.277310383999477,3.512144837959946,1.774893281216169,3.5638847958598694,6.379672996539996,3.824732542267057,3.187622056000321,91e79d93-01a8-4908-805a-12678d68a543.rna_seq.augmented_star_gene_counts.tsv,Tumor,1,TCGA-86-A456
1.359310185978908,2.040748443471615,1.5282295921811122,1.8915363805191758,1.6613298337124272,3.081987970189076,2.0228967343830986,1.7612250772906453,3.4155063441264306,5.58343567974155,2.221119010836553,2.7240954541197406,2.671191220231216,4.552950281479236,6.40756808144426,3.9745845207360695,2.993263978285868,9207fbc6-99eb-4535-8c02-c8bba5875c1b.rna_seq.augmented_star_gene_counts.tsv,Tumor,1,TCGA-75-6211
0.9490762352574654,2.0071243533944543,1.7426746872506886,1.825453308967897,1.392441641396109,3.119015971699671,1.8537298104978526,2.256218790687062,3.003806516026422,4.695371644566808,2.1464291304283916,3.0532551771020735,2.2585096842723935,5.186726481635558,5.2118414011066685,4.1725932900264,2.848514977780643,921aa14f-d674-4ecf-b4fd-ca846acc9fa3.rna_seq.augmented_star_gene_counts.tsv,Tumor,1,TCGA-55-1596
1.371444280529282,1.9831118785024962,1.5148435538023755,2.2009575769479124,1.5745414686896495,3.8948832140980953,2.5180964796126095,2.0622839782412687,3.060110639706707,6.19050790210464,1.9505814585470902,3.2281982824966695,2.4113436118707243,4.169458344910694,6.8057175044718665,5.109602551891388,3.4130595083173696,925a2268-1a0a-402b-8bb1-e6fa32521afe.rna_seq.augmented_star_gene_counts.tsv,Tumor,1,TCGA-86-8278
1.9402960118412602,2.7593837055733337,2.717822885650814,3.036953443189815,2.106728088936074,3.9325209196099666,2.593762827375882,1.960906538855987,3.0300416759545565,4.7632041897725115,3.773225733447433,4.381064744859809,2.90793855052346,4.867981877325683,6.132510644478952,4.710599128391846,2.7765951093401418,929a50ee-02a9-44f5-8078-e4020a89263f.rna_seq.augmented_star_gene_counts.tsv,Tumor,2,TCGA-55-7994
1.6152449892867222,2.0442159839048024,1.966237733499543,2.5031450238976154,1.6585576730064873,3.958419135213874,2.454002686460482,2.571796622624014,3.122343960994172,5.36945464953518,2.534719715419405,3.7790018245092005,2.6045485920314113,5.255113773740324,6.509369435927365,5.472686782700277,2.9811155537531606,9301f86d-9d6f-4aa6-a640-a543b5aea5db.rna_seq.augmented_star_gene_counts.tsv,Tumor,2,TCGA-38-4625
3.317346708329369,3.505057627117199,2.824316487691109,2.9480306426762333,2.356809659831258,4.20386763889934,3.4338976690705314,2.463862411090863,3.7208103820141347,5.845922014865956,3.284220265771461,4.312869158658192,3.824054712681737,4.829649270428934,6.549810279634978,3.7757796741174263,3.4648085656102423,9343d3bd-0f60-49c3-8625-31a8a7a846c4.rna_seq.augmented_star_gene_counts.tsv,Tumor,1,TCGA-91-6835
1.0422553044712022,1.4409115231058032,1.2594486482729617,2.0722696627839956,1.5603811019605776,2.824363270796452,1.5686413930071468,1.5447258279225253,4.513877105211531,5.1272244493788595,1.8194100449349426,2.3612682946244705,1.8706929998662405,3.2277820134693975,5.905909081898249,3.9930857028187363,2.7645789204299724,93f32fe3-cb5b-4910-bf06-e20c876cd8a5.rna_seq.augmented_star_gene_counts.tsv,Tumor,1,TCGA-78-7149
1.2626317924064252,1.6026664305587692,1.1028905250777128,1.6103774010242453,1.2521654111970884,4.025660223070027,2.6616518305817514,2.33856725553965,3.6693596731044216,5.690647838899821,1.3728043494049955,2.5017113106015807,1.4028793620832163,4.1311821320406645,6.855846306707655,3.5335857809222926,3.1096753847408833,9446312e-b87c-411c-b9a3-a19603eff965.rna_seq.augmented_star_gene_counts.tsv,Tumor,1,TCGA-05-5715
0.6772710147215625,1.6873364031563973,1.5292197486504946,1.7301895495131534,1.370089054859631,2.792919014856926,1.4612899080360748,1.460834128401741,2.7425891561487763,4.36959023952138,2.107616446628575,2.7504576377666923,1.2465274034076455,5.634829559082257,5.384038117008334,3.8110826022057633,3.104920282621584,962d56c6-0e10-4b55-9c4d-dbb89c983d74.rna_seq.augmented_star_gene_counts.tsv,Tumor,3,TCGA-78-7155
1.9474167134677107,1.5589206087991434,0.9664114364679177,1.6980806338878252,1.3983295526723665,3.58663026070785,2.7905256300597605,2.0882090970256275,3.8088040664158074,5.548874360252411,1.1306780773006868,2.4727972328404473,2.607094719419284,4.3760507669549,6.655350311866486,4.655585903967413,3.178524194048353,96780e00-b519-4bec-a49b-c2cc2d19a744.rna_seq.augmented_star_gene_counts.tsv,Tumor,1,TCGA-55-6981
1.6207271801676084,2.051217929263603,1.8243437086897596,2.0350101874165105,1.6783623404651458,3.222937034867961,2.1859311486401505,2.4935247239437763,3.152812036206449,5.019039580513895,2.3029541977900134,3.1091821516647125,2.692913788783365,4.725627089837975,5.930353853916097,3.8987514898337174,3.195652895630942,96f7dff7-660b-4700-88b3-6479ad02f20c.rna_seq.augmented_star_gene_counts.tsv,Tumor,1,TCGA-55-1594
1.1581614921711831,1.9925245779502547,1.6280092936278485,2.2162794958200314,1.8069130558848256,4.375537087380457,2.974712935379465,2.368531481826951,4.200657890379703,7.122994935623953,2.2813747331377736,3.132227397438024,1.6823882685953153,3.6810474307138565,8.134636778510234,4.298290495181134,4.162276360191594,978fb63c-dae9-4037-81c9-598e87341931.rna_seq.augmented_star_gene_counts.tsv,Tumor,1,TCGA-38-4627
0.5901727693707863,1.8327929732219246,2.100450209089283,2.412097428651041,1.5864722099311055,3.3009943786529825,1.6664532045773208,1.9408133777047722,3.0060925178980544,4.365040878691546,2.9582279427052502,3.049358778649987,1.5195737678243189,4.9258209012122105,5.468993330016418,4.5290806664565935,2.4287703822264044,981bfd73-1d4c-47c0-870a-b9a6300858dc.rna_seq.augmented_star_gene_counts.tsv,Tumor,2,TCGA-05-4415
0.7297452840393591,2.101239308047052,1.92017280025409,2.458720773638644,1.7120204942274344,3.5241474239106836,2.5637991967371154,1.980691880064318,3.5889582933929955,4.892978768893944,2.6630801423787593,3.40020203529295,1.0079422761509356,4.194423527010889,5.655288255157792,3.4845388600995904,2.66490183890737,98a4b8cc-fd54-454c-adcd-6fe9ae159a3b.rna_seq.augmented_star_gene_counts.tsv,Tumor,1,TCGA-55-7283
3.9696352274679545,3.650870209683616,2.845804021229964,3.073325000598883,2.395351469960365,3.9741072138180176,3.2384206059088414,2.513192115341699,3.9295173632883773,5.8087230682569455,3.7501109121837803,4.153637394642266,4.8208645132079555,3.8756444593501325,6.465813914259703,3.4593325444124736,3.2257977316721465,98d020b1-0467-4131-a3cc-64d288d0e9e7.rna_seq.augmented_star_gene_counts.tsv,Tumor,1,TCGA-38-7271
0.7291518154603918,0.6694169689002767,0.6643458844662266,1.239727182850892,0.6698437604306149,2.50817897982623,1.5090859825275482,1.254502985323072,2.7241250294145467,4.021978868967354,1.8346536986833561,2.2168442163137225,1.2773987786051104,4.185870698487378,5.198923542358238,5.005036024100568,2.4668863422086367,98f4637a-4953-4f52-b90a-c768d005a3e7.rna_seq.augmented_star_gene_counts.tsv,Tumor,3,TCGA-97-8171
2.000646009571275,2.928644192707778,2.7631335952417095,3.0419546162214415,2.132949438936712,4.540867664030686,3.074070292068232,2.4865307956642804,3.7484409718828897,5.674008926150729,3.4549905848118296,4.663403528972791,2.9099964152519417,5.440610940351508,6.930125705600918,4.595601029032246,3.397225011668671,98f9eaa2-866f-4223-ad25-f93020214b4e.rna_seq.augmented_star_gene_counts.tsv,Tumor,2,TCGA-55-8205
2.056576445037131,2.441190274395677,2.043253770634098,2.425406085953342,1.7016925137302474,4.002977355518035,2.729910521602947,2.4717446488757373,2.847137622160335,5.191425516800643,2.2140754644577902,3.6240880314283155,2.8351022791575167,4.806916369744889,6.1184876074278565,4.508126358429747,3.0765435893608797,99c5c1c4-851a-42a4-b5a2-dd9da2959343.rna_seq.augmented_star_gene_counts.tsv,Tumor,1,TCGA-75-5147
1.0117665703103735,1.5487503709877553,1.299129384379506,1.8814441823823098,1.340510620066367,3.8929898836697454,2.54712400364458,2.59970593464718,3.9860288621704782,5.826817736840056,1.637054880921073,2.601411821112075,1.3271535714996465,3.4580778011200484,6.489474533220472,4.199021229089723,2.824379228759473,9a0910ce-634b-47b6-a63c-caaf219e0b55.rna_seq.augmented_star_gene_counts.tsv,Tumor,1,TCGA-J2-8194
1.1328758044400102,2.5131644794028545,2.312296369715358,2.5853186127168626,1.8043806034702061,4.481035728878654,2.309204624106081,3.0255319809970573,3.285025949507944,6.369596980162261,2.9562785759465804,3.899899954765909,1.730974142194233,4.809286752520965,7.013328361791058,5.278109574841515,3.706601830655263,9a54be5e-6201-4beb-9689-289b9849756e.rna_seq.augmented_star_gene_counts.tsv,Tumor,3,TCGA-44-2668
2.846100607082303,2.4515467035704765,1.7706630552276614,2.03598363419732,1.6661986458128093,3.6733469525619498,2.6271420133886716,2.506814529011163,4.067006955558755,5.896420938828112,1.9516922351557935,3.3501989975761486,3.7519286918237227,3.8822742283633414,6.838643296412819,4.0315070302002916,3.382029303873882,9a5e0fa6-a785-4d8e-bca5-43e02a3965bf.rna_seq.augmented_star_gene_counts.tsv,Tumor,1,TCGA-44-6147
2.2352740640937223,2.798745938314436,2.1358965799464578,2.4917871304784525,1.7718557743634211,3.902626865059645,3.146049666386038,2.200057434402165,3.91658476030925,5.810471217489585,3.2064784513941635,3.9215365989790834,3.281374236466079,4.027413498843309,6.665585462634053,4.584448376042479,3.261976385667458,9aa5eb7d-1d54-47f6-aeeb-59be4880f004.rna_seq.augmented_star_gene_counts.tsv,Tumor,1,TCGA-86-8280
1.109107180662352,1.6152259184424091,1.4477196532576875,1.8035769499652339,1.3155587483585864,3.497188888424526,2.269843586565478,2.1013371596220027,3.231036991468108,5.678476401836331,2.0964251789379986,2.921053020696523,1.6690055565650785,4.186512377446933,6.447189679297727,4.609863278363936,3.1402095954222977,9aba4243-1817-4f5f-8e9d-66da98229246.rna_seq.augmented_star_gene_counts.tsv,Tumor,3,TCGA-44-4112
2.436505371335563,2.9158880082215832,2.4338032999024883,2.920627235387233,2.1676579334399895,4.227944429338049,3.080551957166556,2.800442749670546,4.04652317810894,5.746490536861725,3.032559754476409,3.9878683841312954,3.189617853527471,4.243092454495765,6.816838909513614,3.411987843207908,3.103337266353747,9b4a912b-c42b-4a3a-8723-58b4dcb85949.rna_seq.augmented_star_gene_counts.tsv,Tumor,1,TCGA-53-7626
1.0523123455371255,2.286493528445821,1.9666931071570466,2.2225090268169665,1.7478662022490703,3.651892483101975,2.3940844428530155,2.003138353078118,3.374376946586104,5.943885744116869,2.77372380104932,3.5320537673658157,1.7670860545533391,4.9661194114440415,6.485239419655709,4.798525541736481,3.5675242812679597,9ba0ff4b-4276-45ee-a543-a2e837777923.rna_seq.augmented_star_gene_counts.tsv,Tumor,3,TCGA-55-5899
0.8239676464282257,1.753034155232353,1.6275488391627797,2.1740019571763116,1.5016939185223275,4.760026941649751,2.8509710100583345,3.0058290954047746,4.618337834310903,6.0809475412256235,2.216509044735101,3.1205909354430847,1.1251195299357688,3.5217639974285486,6.663224794036549,3.7488854619047194,3.283469222901652,9bfd464b-419a-43c0-929a-c1d219713a6f.rna_seq.augmented_star_gene_counts.tsv,Tumor,1,TCGA-38-4626
0.872557976562993,1.8326396234559568,1.8368651339414246,2.881162487477127,2.1442389338456453,4.51038743126316,2.799898231920429,3.3652549298205527,4.997698007111342,5.556032637395866,2.9729226289322974,3.2789831701629266,1.0918365605028901,3.2326709501989357,6.327563671918004,3.51421766564438,3.367307650832759,9c36a1ac-944e-49d4-888c-bfffc20a4ba6.rna_seq.augmented_star_gene_counts.tsv,Normal,2,TCGA-44-6147
0.9094639190913854,1.3379433241120546,1.1652263490748573,1.7043535835015498,1.1330672235296075,3.4523749997306044,1.9216667184416458,2.556251961910953,3.4439986346158076,5.201126302941519,1.9741346329158982,2.077067794000053,1.7843422842952295,4.372142053160016,5.408226917697619,4.325456302894273,2.734100605413984,9c92bdc5-8b9b-4843-82a4-2fa6ee4d40a3.rna_seq.augmented_star_gene_counts.tsv,Tumor,1,TCGA-05-4420
0.66969855979154,1.765717178130907,1.4104214550208896,2.0510123125643513,1.2261740190890518,4.291655085486475,2.679840581679449,2.325853060731326,2.936857728583998,4.944834472473103,2.466027411584598,3.0529646442180214,0.9456362546714036,3.5705084679157557,6.160711051621476,3.794921423140184,2.8903068950406667,9ce317be-70dc-4dd2-86b5-e6f79be6f10b.rna_seq.augmented_star_gene_counts.tsv,Tumor,2,TCGA-O1-A52J
1.3881229979116436,1.8180524762681682,1.400745644335906,1.7804507777639087,1.4442392399088009,2.455626854637505,2.0928394167892557,1.2711956483813545,3.1340646825489147,4.522031995124202,2.0044537231041484,2.7018739763982556,2.173741170992026,4.032821357249648,5.457810348593626,3.436105161569723,2.807367161562683,9d2f9191-338e-49ea-a887-a808cdf2703f.rna_seq.augmented_star_gene_counts.tsv,Tumor,1,TCGA-78-7153
1.8517530533978719,3.1018294596271607,2.9283170330032346,2.92432454858823,2.222941652337133,3.8705606301596354,2.887036660838102,2.3183138664441745,2.9735921619949144,5.066932686979622,3.3433002157005594,4.557515665533105,2.953350633691724,4.985600532617473,6.265118121018595,4.490536869930641,3.3202750605387914,9d305ba3-6558-42ed-959c-4182de1c8ebb.rna_seq.augmented_star_gene_counts.tsv,Tumor,1,TCGA-73-7499
2.19131014682848,2.656376536609246,1.6752572380855244,1.9793493679293683,1.4337857820113828,3.743489839051486,3.0507054326287033,2.1771961997679408,3.0961519316245565,4.992305399362479,2.172968281880828,3.386994122061326,2.6064646592058955,3.839077239100417,5.406108887708461,3.5256592706920737,2.951186478824627,9e504ab4-85a0-465d-be52-0c28ed83e5f8.rna_seq.augmented_star_gene_counts.tsv,Tumor,2,TCGA-44-5645
1.2242822883872084,2.4146371922454177,2.3418487875216845,2.754027897084328,1.9976794460811393,4.369098623835287,2.7565590400379985,2.3287980885118458,3.391407331609361,6.044743640620788,3.0943291375835784,4.1496106110459685,2.1703441014543747,4.630374605063937,7.2117312969118235,5.563846634337999,4.336618617902721,9ebc079c-069f-4468-8b9e-680e39a3c4ad.rna_seq.augmented_star_gene_counts.tsv,Tumor,2,TCGA-38-4629
1.5658806931844993,2.0120465986440914,1.8644836381008336,2.4159942088330606,1.7339742233047764,3.8034704924882714,2.812174763550793,2.5589014883656347,4.238406304743906,5.92477350988308,2.436290012824665,3.41410981440228,2.019390413542626,3.353973593523382,6.561896728022466,3.806050091733595,3.5310378944196,9ef1e12b-70d8-482c-b75f-6c69afd6e2ff.rna_seq.augmented_star_gene_counts.tsv,Normal,2,TCGA-91-6835
1.7151576286249663,2.0110823810987024,1.7437071536691897,2.0375235689866793,1.4904863674527762,3.3100507546554527,1.807206764584534,2.4114611686689,3.95140747054898,5.371239936565549,2.2166034701573993,2.8788338760491263,2.9505158141270282,4.4799570056115865,6.425333459129307,4.498820927575423,3.237010870497643,9f030a01-eef7-4885-8edc-316fe88860d7.rna_seq.augmented_star_gene_counts.tsv,Tumor,1,TCGA-78-7159
1.9887905560122638,2.8738104567532337,2.2208789559905315,2.523308742268787,1.8797671092381902,3.80091944001027,2.7536184891840287,2.436496303188389,3.8567639692812263,5.50513846936526,2.836764801542456,3.802041466972812,2.8117419322435553,3.684375672900395,6.083484670442096,4.601774840536812,2.9628243061567465,9f4c2cc8-8675-43be-98bb-004c45ba5a51.rna_seq.augmented_star_gene_counts.tsv,Tumor,1,TCGA-91-7771
1.1571426932691011,1.8711532753400033,1.602788248179063,2.0437861932607304,1.5723195012305144,4.09098038078764,2.8190347492178005,2.3712594396035773,3.7560785673370263,6.124984952643873,2.108293017452078,2.7169561732182483,1.768215395575277,3.43837795331567,7.235887249634038,4.173418919677967,3.339217362575957,9f938aa7-9fc1-4893-aee4-15ab668b9260.rna_seq.augmented_star_gene_counts.tsv,Tumor,2,TCGA-55-8207
1.4741814653056764,2.8069968388388657,2.122056222303502,2.20696426450599,1.7540179126688609,3.1646084815528703,2.338440657705944,2.281393494091902,3.4503607814535036,4.944863462061342,2.47975804143456,3.938014020478482,1.98354520641983,3.5353673852792777,5.899401167057836,3.8157311500697175,2.600607226789965,9f97863a-5019-41de-a095-dd20c4d55e02.rna_seq.augmented_star_gene_counts.tsv,Tumor,2,TCGA-44-2656
2.390682482404848,2.4297506539235245,1.8020278367858444,2.2916401899237804,1.8879895058996268,4.044898928704342,2.9898570879892348,2.2724002617420416,3.639702429115105,6.696677247164562,1.9677682857815153,3.3171051970599312,3.6857908925169838,4.269750136499006,7.697703804809322,4.7985538657998985,3.905997399730471,9fde5e1d-5b86-411d-b194-3eb3c6305ebd.rna_seq.augmented_star_gene_counts.tsv,Tumor,1,TCGA-MP-A4TK
2.066007761680417,1.8547504622999373,1.4893399730375236,1.9238646746661345,1.5148271508414177,3.3280417358756114,2.646667341092402,2.027535923530825,2.813637927983434,4.7056575665982345,1.6859515328496333,2.7955558347182183,2.848157982592845,3.5270063318167626,5.476151215333998,3.4729449804067394,2.8866076182524196,a0c9ebdf-951b-4d8d-aa79-3ff1c82342cd.rna_seq.augmented_star_gene_counts.tsv,Tumor,1,TCGA-44-7659
2.163008506480946,2.2634571342219365,1.2474892463705822,1.7286711592960329,1.438437674833443,3.3121748637337154,2.3283600337037926,2.473017842379398,3.222840729080795,5.237601682016272,1.1213543533615673,3.0983711183174867,2.472655503495586,3.6894677554839928,6.068336426480113,3.630156593007322,2.7969442909987565,a0ead79b-f99c-46d1-a092-4cb98291bdcc.rna_seq.augmented_star_gene_counts.tsv,Tumor,1,TCGA-44-6775
2.0468610581337234,2.364970608789162,2.2267389625946996,3.1162386826340125,2.32505377122524,4.5071847103819005,3.174356177338132,2.7769042851571872,4.745106359357946,5.804834538074441,3.582459547053582,3.6714506806840705,2.8140890986046565,3.274606998819186,6.690730463753988,3.117510630227555,3.297932015006849,a126e83e-3907-487d-901a-4cfb91d5807a.rna_seq.augmented_star_gene_counts.tsv,Normal,2,TCGA-44-6777
1.0057015820378796,1.6836250284694507,1.5324672871477867,2.388928846893462,1.6101093286208186,5.03864016115689,3.60123277219618,3.0885849861314485,3.95064052511456,4.737667843640117,2.2913097643953257,3.1702794770858453,1.1223502313751375,3.4067244864370263,6.182354308565249,2.9695849961475598,2.804490039938937,a27393cf-e1e1-427f-9a96-40e2ab1af0d1.rna_seq.augmented_star_gene_counts.tsv,Normal,2,TCGA-91-6829
1.0512983661203459,2.3548559479176934,2.5028567878113095,3.499162040505145,2.601492592773661,4.121320594452933,3.134952484414126,2.394461042726113,4.814898678772134,5.202552063672689,3.8980621747448403,3.7196004796152766,1.5185687079352403,3.148148366781753,6.017440805201339,3.5017514739463294,3.051736596163435,a3069465-cb5b-43ef-aad9-73af4534b795.rna_seq.augmented_star_gene_counts.tsv,Normal,2,TCGA-49-4490
1.2643357338403638,1.6557003835671176,1.298821174547278,1.8984695642355722,1.2666212220072022,3.145724426707005,2.274325031399804,1.55973031004682,2.970496765689807,4.551651058848361,1.6735088314121929,2.851487688681501,1.87976791430165,3.1756249157289727,5.143606531459199,3.443112383637475,2.4385221310569856,a308a190-de5d-401c-a030-e089cb6d39db.rna_seq.augmented_star_gene_counts.tsv,Tumor,1,TCGA-35-3615
1.3053559141179398,2.482601920337786,2.0989576820096008,2.8603868814486217,2.1518864993323463,4.07432375311329,2.9613140143298793,2.551557295839808,4.573174222578396,5.419328048023477,3.0254978243862367,3.899580620393741,1.8140608206219,3.0245809527931002,6.125713342548487,3.1813644162923125,2.9016046296931512,a43440a1-25e9-4841-8cc0-b5c5ebc4a8b7.rna_seq.augmented_star_gene_counts.tsv,Normal,2,TCGA-55-6980
2.699330564699359,3.257045686407764,2.375532101829147,2.801810629967909,2.335919804646447,3.3553588437922732,2.6203340769832124,2.475351916051159,3.7000502780645985,5.72580208978534,3.501099959462509,3.6649995564921465,3.718537817042491,4.528534153975963,6.695414570731961,4.753270808524037,3.9596523453235593,a4a57e8f-cf4f-4322-b7fe-2336a58cd50f.rna_seq.augmented_star_gene_counts.tsv,Tumor,1,TCGA-86-7701
1.0569714278327267,1.5573738886279438,1.4723305077500302,2.1224703995268968,1.5010279774479367,3.7734949794993735,2.3248949334342357,2.7070769960674013,3.558951823013717,4.771951729631452,2.1896619188488278,2.392574462140095,1.5920152502372646,3.243942163381993,5.411251524159244,3.982820636912951,3.197003183957689,a4f3f3fa-b161-402b-bc1a-1dddd6be8097.rna_seq.augmented_star_gene_counts.tsv,Tumor,1,TCGA-55-8512
0.8271693660265681,1.4895554951537575,1.2088080995236516,1.905906495968922,1.2844726892587335,2.7604158211472867,1.8149723876985484,1.4045167661034468,3.5421545772481617,4.381871211208251,1.7043463650405377,2.3646873477198773,1.7122514195200156,2.9382175427684905,5.186183790286478,3.303854747097579,2.474268082188967,a585711d-48a4-45bd-bb45-f9d2a7717af0.rna_seq.augmented_star_gene_counts.tsv,Tumor,2,TCGA-55-A492
1.165306010470945,1.755372122783942,1.3239715127516831,2.1561049058856385,1.776175504228322,4.075105259557211,3.129816367923407,2.565171028462991,3.3230929478186604,5.01072631457595,1.803039187595811,3.0738447864823666,1.6099014746078988,4.280866488002471,5.974772539815274,5.926915714389918,2.9611119216167916,a5f6ddd7-f795-4920-b714-ed86942953e3.rna_seq.augmented_star_gene_counts.tsv,Tumor,1,TCGA-97-8175
1.3595129521611755,2.234013259409128,2.211202650446323,2.355734508831052,1.9129776153686575,3.8279984265485933,2.4008669287060647,1.8033309676508888,2.6072230011734656,4.828905804560905,2.825635278609638,3.5528815127197237,2.311013731439957,4.5931756358447835,5.749965356351852,4.41108822285614,2.76615874739196,a6a6b9c6-9db7-42b3-a09f-770b7e126fbb.rna_seq.augmented_star_gene_counts.tsv,Tumor,2,TCGA-35-5375
1.4335269938554944,2.392609593834862,1.9502369437988778,2.3425177540826905,1.5843460410708892,4.09770947912455,2.660549733028052,2.56070382281284,3.478521831092921,4.612443289474273,2.5899719131697854,3.6002763948514604,1.6131460092337442,4.203366938988231,5.369702579203146,4.444874731309598,2.7858814320875824,a6a841ae-f63f-45ab-9a17-2288e12a9577.rna_seq.augmented_star_gene_counts.tsv,Tumor,1,TCGA-05-4433
2.5265715057853457,3.0900885420901343,2.873750892821473,3.0279208773342496,2.3203823603901075,3.9278342662831203,2.9313900270463606,2.267732838060129,3.4662739071658786,5.7033020726344725,3.9987300457948303,4.673706628226397,3.731698531757198,4.330317739201588,6.850490487876698,5.153568626533923,3.119365734185698,a6caa89b-29fc-46cf-8d6b-a6c0241be6d7.rna_seq.augmented_star_gene_counts.tsv,Tumor,2,TCGA-55-8301
1.1373065680504117,2.0237494746518236,1.676713175012095,2.671012703930817,1.886114485298916,4.533995350725985,3.1339284074253833,2.7116404368202143,5.29523663205681,5.574208144771406,2.713625370593615,3.292783320957044,1.3546585136462457,3.196094837081632,6.31654780865569,3.3149103251218683,3.177682846609375,a7517dae-ab9e-42eb-a512-eb0ca6f89166.rna_seq.augmented_star_gene_counts.tsv,Normal,3,TCGA-55-6981
2.8374878860728314,2.022798511339864,1.435362499475882,2.129555027604677,1.3206775229250596,3.88280266366869,3.133285338987586,2.0243613554472026,3.6261807166087863,5.190006500477415,2.540493769498586,3.036819955668609,3.3747064380952136,3.740408753643162,6.1102161006966345,4.950421985827484,2.7916145392018668,a787801a-cb3f-4a1f-b14c-ed8f2bfd6028.rna_seq.augmented_star_gene_counts.tsv,Tumor,2,TCGA-75-6212
3.172997405047136,3.347333255459758,2.9781436447498577,3.234118725489286,2.5315332961028205,3.5758013373710473,3.0063166606306475,2.624284970905978,3.7618747151305456,5.264752624153729,3.846278461821549,4.3815332808670036,4.1449635122910085,3.717525663508549,5.953834166192559,4.522958489266942,2.936011113786445,a7c58df0-fffc-4a80-85c4-2dab24b2edc2.rna_seq.augmented_star_gene_counts.tsv,Tumor,1,TCGA-97-7552
0.8084789702340661,1.685180414479615,1.2655581986671414,2.0904153990351952,1.3235542698095406,4.628579825332725,2.9692549108582464,2.926273118227057,5.173284181138235,5.809395120087367,1.671994390630025,2.972773971412602,1.1266991190125124,2.940458940032855,6.571847023838288,3.1997255201115533,3.246867576912895,a84ef848-a790-4e90-96b4-45b24c3aaaf4.rna_seq.augmented_star_gene_counts.tsv,Normal,3,TCGA-50-5939
0.8840575754664168,1.713646911940238,1.3989335707241277,1.9448089094986871,1.577244779765826,3.1451109189676463,2.171492255054251,1.8614703452584533,3.253628361001795,5.051717820006538,2.3947735168939,2.7047298329177285,1.5019889368720372,4.630870824576832,6.293816128419749,4.911134780924763,2.802628258473479,a8d269f5-ebc9-4b2a-9cd9-7019204a246f.rna_seq.augmented_star_gene_counts.tsv,Tumor,1,TCGA-93-8067
1.9848650686004405,2.468750038436893,2.0668602600495296,2.6733945371700454,2.0208724792148787,3.0435185171263646,2.5200865215969825,1.778358540274652,4.634928628000864,5.387996006630398,2.942575151936019,3.4587464867680167,2.5622442357082678,3.731679574819787,6.169747070906723,3.6087172706692385,2.7524243391592185,a9a12604-5100-4e45-b7f8-7e7c0d02a139.rna_seq.augmented_star_gene_counts.tsv,Tumor,1,TCGA-78-7162
1.9817042896289203,2.262243209496421,1.8007518748328113,2.1764503985618457,1.486180081685,3.3688135244322006,2.5968748443297947,2.29056314307633,3.20921711593285,4.696242654540205,2.4182285208329946,3.3807279047364016,3.2790758826429958,3.6758147600323974,5.519389002022804,4.222605171332761,2.9063748735278065,aa0b2722-97db-4b5a-9a56-213f63255097.rna_seq.augmented_star_gene_counts.tsv,Tumor,1,TCGA-69-8254
2.889859493196518,3.111011137519113,2.5472672414284454,2.865438360455356,2.1095339262224986,4.529976261251299,3.6803392534808923,2.5567445265507027,4.099955867095305,6.098945508509737,3.0929173159000705,4.083580449866687,3.7852020682349172,4.041800963487003,7.013268818617725,4.230316912985614,3.8018045947814705,aa2d6144-50d3-4096-9ecf-3cc0ceac7f41.rna_seq.augmented_star_gene_counts.tsv,Tumor,1,TCGA-50-5045
1.797639862654549,1.9800400192934928,1.5726976740961334,1.9854134735796303,1.5201581094168655,3.56748518684462,2.2958955656338516,2.167449866815807,3.832751517181576,6.235143827338647,2.08964797962442,3.276044372383889,2.75538773979903,4.040620247098605,7.123095991787631,3.785276223711282,3.233083982170237,aa305f5b-4c1d-4bc7-81d5-b2b999b327af.rna_seq.augmented_star_gene_counts.tsv,Tumor,2,TCGA-97-7554
0.8785832214926738,1.907438384775201,1.2590328750880193,1.7486233855196047,1.2911420393406972,3.5747449409679923,2.548069398511866,2.1757248525714536,3.3121174947445344,5.436961593414709,1.2997197630578787,2.562477265028635,1.9768759497562276,4.588253505261211,6.9567658926590665,4.388950427141243,3.659497093757934,aa764c7d-2e26-4e8c-94d3-870772bad93f.rna_seq.augmented_star_gene_counts.tsv,Tumor,2,TCGA-55-A490
2.8367366151708713,2.5846898045695137,1.9846103702815288,2.6688162570270095,1.892460274530418,4.68250698797093,3.2423382633695708,2.7323281185850408,4.130063273191268,5.255041616959712,2.850631959627379,3.4565517776676655,3.2593827647939095,3.2497149934505107,6.0831002044910445,3.142394923206739,2.871822170578917,aa85d7ef-5884-4eb4-a78b-3023d2e01a8b.rna_seq.augmented_star_gene_counts.tsv,Normal,2,TCGA-55-6968
0.8367506774687331,1.0723746301482016,0.8137287051619418,1.2141566998224311,1.1322409343754172,2.7448364291671483,1.5627098579448468,1.7809786819891575,2.7272341359781533,4.547749056233974,1.1791017492059908,1.511795645660755,2.085261061122518,4.113016285597392,5.411691420377363,4.555705380838365,2.9806963114129195,aab7b2a0-4181-4556-b1a8-28d31f98a43c.rna_seq.augmented_star_gene_counts.tsv,Tumor,1,TCGA-MP-A4TE
2.0479221210609135,1.7955415891227813,1.6233737588360844,2.05108086966206,1.5214125633145088,3.6582855890799824,1.9847099104004424,2.6439554180508593,3.49695024265363,5.455502722373186,1.8512714995473216,2.9021023817108444,3.5465286181827023,3.8777722639732684,6.586739105284557,4.6754646087321206,3.255120061358235,aac03db2-1e90-4c0e-9094-4df06abeb84d.rna_seq.augmented_star_gene_counts.tsv,Tumor,1,TCGA-55-8508
1.3870383891648137,2.2166872811120144,1.862712899403006,2.542391059736532,1.8070311513686443,4.180337703796793,3.220608240115943,2.5679181399797293,4.279716366039762,6.366287305277969,2.51217863024085,3.532464095623956,1.9152928182531994,3.994066442369703,7.098486224765746,4.484858261275433,3.8576703452640757,aae80a97-730b-4180-93de-56ddbb262419.rna_seq.augmented_star_gene_counts.tsv,Tumor,1,TCGA-05-4430
1.4098125203654837,2.0394976543505057,1.450746658909008,1.8977659408942638,1.2704039336711979,3.2436417540691758,2.336265492167576,1.8071702876297733,3.671134582750166,5.288812483423967,1.8799024441188856,2.8721572141988325,2.548066819625568,3.506759490333916,5.91414917458144,3.234929203324744,2.7150067965871942,ab0a7727-00ee-40fa-b5f5-a69234473e4a.rna_seq.augmented_star_gene_counts.tsv,Tumor,1,TCGA-50-5942
3.6506230822410344,3.324154118793133,2.94745695402206,3.095725457758798,2.3615652412829884,3.8765804831670163,3.187334708844733,2.260158247872742,3.6523351089967093,5.398728370880527,3.7386552057800557,4.343318394293681,4.695767693465688,3.8942631224701305,6.3524084979979545,3.8131940562637388,2.93648285119368,ab589a7b-7cc9-4257-8fd7-241d2e3658da.rna_seq.augmented_star_gene_counts.tsv,Tumor,1,TCGA-44-2657
1.1647654900898765,2.1371338637653903,1.810945097411593,2.3852038708214898,1.7537894306596857,4.08514274339928,3.448024349757183,2.414477282111071,3.3047190384130585,5.73992993006543,2.3868605636343707,3.5673111215389133,1.699691341629712,3.8468042973907695,7.1154526569257905,4.113996382923619,3.4523449748247623,acbeca74-24ec-4e54-98e6-d3f59475dde9.rna_seq.augmented_star_gene_counts.tsv,Tumor,2,TCGA-55-7281
1.6589298032875939,2.154861852624355,1.6783167272689288,1.9467402108306089,1.5219189673024545,3.5865356110207447,2.390790794456499,2.2474905092793884,2.8689456518117753,5.3492915642179115,2.085353398395817,3.066118538061042,2.394073260210791,4.9419963208454885,6.363445421204483,4.23955854892885,3.603711853714818,ad3180d3-8ae4-4446-9292-dd0c464b03c9.rna_seq.augmented_star_gene_counts.tsv,Tumor,1,TCGA-50-5066
1.045265512873298,2.319974716078658,2.2039189933583794,3.314177688367735,2.59623877410498,4.482902602968247,3.0414388537282546,2.9480122372351287,4.517845052248641,5.050292336376139,3.675427019161008,3.6183167753439167,1.1195311302441444,3.069072127280862,5.887167113139919,3.4105225990358385,2.7696848981789914,ad73d464-c21b-4d07-9f89-a322f9366f1c.rna_seq.augmented_star_gene_counts.tsv,Normal,2,TCGA-55-6978
0.8472415550728374,1.0488976726864248,1.0456350648767285,1.4595548956972906,1.1712766132136,3.684229025214896,1.984403180940755,2.328429272948597,3.103294588532469,5.776348760848114,1.3945804628038587,2.308956379545419,1.880008247432502,4.651526397559693,6.80936684838033,5.4924336064119235,3.0219944395280542,aea4fa60-a890-453e-8ba6-6f4f3d5ed084.rna_seq.augmented_star_gene_counts.tsv,Tumor,1,TCGA-73-4670
1.60209121243036,2.181386034098437,1.444747153375754,2.0447810192703657,1.3534850437637265,4.617560353631882,3.24071099251269,2.622032538745056,3.4992077699170774,5.341291664500351,1.7351528148105708,3.0257654690752043,2.381286396458716,3.6881282652359477,6.158344488411382,3.5118497125902803,2.921495303203616,aec36454-d9a1-4d51-90c6-561f219b6aee.rna_seq.augmented_star_gene_counts.tsv,Tumor,1,TCGA-55-8206
2.9264672127409197,2.815818303371723,2.2253850078032293,2.748320298861826,2.1248522448323417,4.015061598902057,3.3420440369978714,2.775709623274498,3.698567981022299,5.545393544812727,2.8561486655002266,3.851662779891553,3.7714896093683232,3.4875700833708416,6.450391893997166,4.670184818436068,3.282784903569044,aeea81c2-afda-410d-a0bb-955e7cddda09.rna_seq.augmented_star_gene_counts.tsv,Tumor,1,TCGA-38-A44F
1.036841212312498,2.388978334429142,2.0539940084095476,2.4034523683129305,1.785361763785861,3.179314058512672,2.343018521065121,1.9603576954554893,2.8528161250749364,4.587955368195573,3.0560562853452202,3.5992692514819007,1.9745203857292026,4.539245670186643,5.738899100605786,3.794280059027349,2.820611672062948,aefc9460-27d4-4d7f-8167-baa2a80935b7.rna_seq.augmented_star_gene_counts.tsv,Tumor,1,TCGA-75-7031
2.0504297112993024,2.4634417506163158,2.0583548587598264,2.4857096536544763,1.7741714686800207,3.9679565262760113,2.564164713610807,2.5806712725304783,4.234969128104194,5.106440863967902,2.74364659340415,3.696668168586924,2.521286009749871,4.161744971863145,6.304874897543016,4.592258318848788,3.7258042469422703,af276b15-2dc4-4724-bbf5-1be8224b7f73.rna_seq.augmented_star_gene_counts.tsv,Tumor,1,TCGA-55-7724
1.7587113541469983,2.551379305341986,2.1796873677356983,2.534753614653963,1.9286737390065365,3.661289577404965,2.543607456524891,2.057519673972651,3.154163644444386,5.173888552799578,3.333735452091396,3.854183085328649,3.0228149131137365,5.369917054793648,6.28796941826536,4.494532362018367,3.6397183931713206,af407c3f-2dad-4fb9-850e-4a79b361589b.rna_seq.augmented_star_gene_counts.tsv,Tumor,3,TCGA-55-6968
0.8213664566307981,1.7645010045688898,1.2712088026725845,1.7676154433268068,1.140141432021492,4.065743660053402,2.834389594309075,2.2890400667352333,3.297003207070281,6.443360157190392,1.5749388233246124,3.1758235073820362,0.7097898255446361,4.000638983618765,7.226031498301088,4.987049830409727,3.6817113336306164,af649713-fb41-496a-a94b-3691d202c1c8.rna_seq.augmented_star_gene_counts.tsv,Tumor,3,TCGA-44-2665
0.6956235354967172,1.6189302217409496,0.9822824977195338,1.7038612386754246,1.2190358789302966,3.6962258818994957,3.277494939027072,1.9782482303573634,3.1413045978799077,5.4124222564448035,1.2190042723162837,2.6835134250623396,0.7384568571132079,3.8644749790896773,6.023389874543442,3.760384630128491,2.6077131712676445,afccc865-1d58-475d-b85c-0d7eca330b0e.rna_seq.augmented_star_gene_counts.tsv,Tumor,2,TCGA-86-7714
1.0994434695310134,1.5482744322569135,1.155783096642328,1.7058518727036778,1.0882380759165744,3.619448003422855,2.3542286475707774,1.8535169526737005,3.0312027190313535,4.799682036880799,2.0609230845098914,2.6965716855611825,1.9105269868672157,3.3177192766896706,5.420186764063305,4.5750761685040535,2.6103393210020522,b0747254-d7fd-4ec9-96b1-d132540c4b46.rna_seq.augmented_star_gene_counts.tsv,Tumor,2,TCGA-55-8514
0.9698444692835174,1.4098217247106566,1.1289785424857282,1.5778918462799325,1.264588752700208,2.2785613267883216,1.4462928007005882,1.264017498876457,2.042382897780811,4.149626231884037,1.486116401029681,1.969158547669323,2.0067479568854676,4.231315386348678,4.829474604652918,4.064816773594629,2.7418661657635472,b1d9364c-d703-4884-b96d-20d8084040a8.rna_seq.augmented_star_gene_counts.tsv,Tumor,2,TCGA-64-1678
0.8685059120232508,2.075086249370065,1.830785768684412,2.4736170397405775,1.8054916402509804,4.071736491198814,2.8569446999032926,2.5038007919043443,5.098623833493859,5.65033257090759,2.648224268477911,3.3281786817579513,1.0026833205430334,2.9956650007430565,6.481858824819259,3.210599069150376,3.208709018670497,b277d25a-5485-465a-bef3-db30dc75caa8.rna_seq.augmented_star_gene_counts.tsv,Normal,2,TCGA-49-6744
2.0065950577786777,3.0311741540167016,2.904229435284496,3.059504512128072,2.246605548009474,4.088824505039083,3.204237886833166,2.442583328761508,3.6704732795531814,5.427177958938578,3.6670806476880333,4.610827172010858,2.8373818513945794,4.305375251950626,6.398060184108008,3.9581722132583588,3.0203209839397305,b307f8c5-d21f-42ae-9771-07126d58999e.rna_seq.augmented_star_gene_counts.tsv,Tumor,1,TCGA-44-2656
0.6882510738777949,1.782511231672377,1.6751247562705553,2.6166772044296933,1.8679122876201792,4.406039535478563,2.494460538825435,3.014995536613772,4.377809190100637,4.8495107334854595,2.7848277015856917,3.240848346345439,0.6765393695205036,2.848633693612256,5.8957125830232435,3.4163934650417165,3.139370640064674,b3c9ca27-6b77-4abd-92d5-45d48d34ba42.rna_seq.augmented_star_gene_counts.tsv,Normal,2,TCGA-91-6828
1.8803142478994568,2.758990597444691,2.451515166039591,2.7458979093483067,2.039125810057612,3.275211037556462,2.6261504078749724,1.8033341667428766,2.9501068162219792,3.9529440415044976,2.832997217639584,3.9121956166896177,2.994411121160705,4.111811875603331,5.0466498287430035,3.6230695496762406,2.6137200684421042,b3f38fc5-d1e6-4fd9-bd36-b413a3ac850e.rna_seq.augmented_star_gene_counts.tsv,Tumor,1,TCGA-05-4422
1.0297136935718054,1.769936767280763,1.4771240818591218,2.157597586147601,1.513333732128029,4.368690900551309,2.9676220949508214,2.429020654658977,4.548012677605644,5.506877820228887,1.8106555484771685,3.5524692057849077,1.152196959325227,4.176241156714855,6.121960151451834,4.008230054346611,3.196268701407017,b4a1a796-8bce-4b44-b4ed-fd7bf4c81b3b.rna_seq.augmented_star_gene_counts.tsv,Tumor,1,TCGA-93-A4JP
1.1518610971841632,2.138210875585351,1.7637467550470647,2.6663273358946893,1.981775526098103,4.185039411587629,2.9064163240508596,2.8807014149206602,4.645838715362798,5.866674637532903,2.9846904919838417,3.3198813900934936,1.291706225400349,3.0863835837109286,7.016498015955526,3.29823736920107,3.1344505598179224,b4dff9fc-6dab-42bc-8d32-7143e0d94043.rna_seq.augmented_star_gene_counts.tsv,Normal,2,TCGA-44-6148
1.8820593767961702,2.8913800084195063,2.7370259707715965,2.6389684569291267,1.8610957694067651,3.7459327491309713,2.9273835945538926,2.3949409804586996,3.5457963033785282,5.100561090791408,3.3314260010922716,4.565928434494145,2.4164008113421214,4.359993071819314,5.8182270550847015,3.9276630637823926,2.805328670023743,b556d35a-4855-4e56-9e02-5fc939722169.rna_seq.augmented_star_gene_counts.tsv,Tumor,1,TCGA-44-2656
3.2663777903746065,2.7301782693177885,2.1307976264090374,2.536385409314012,2.010447340546567,3.4437979609453997,2.854850152355072,2.191009010227904,3.523845254480117,5.949454134588802,2.8112797811516383,3.2658441563615215,3.8492106494746596,3.888332599402993,6.741390295199967,4.6927349731775285,3.439015989213575,b573a788-d117-48b0-9cab-c4ecbde82706.rna_seq.augmented_star_gene_counts.tsv,Tumor,1,TCGA-55-6983
2.961992262061897,3.390655571714983,3.121409349513872,3.4684476304894885,2.7146682205198944,4.38616716861804,2.766078995310635,2.7336901956425557,3.6602024746841644,5.525491085025765,4.020762996504888,4.55851517230767,4.05727762840196,4.235200768356502,6.6907256919475575,4.412382396547007,3.2116497731376783,b57cc3e6-9017-48b7-9de9-74fe57d9bf6d.rna_seq.augmented_star_gene_counts.tsv,Tumor,1,TCGA-55-6987
0.33608658421396903,1.1938932622339238,0.9514189392874697,1.3664316336661646,1.084909753469747,3.564532796100415,2.115315257548485,1.747051996363883,3.3793833460269282,5.704170748721044,1.4680155447201804,2.3136800826715604,0.7038102995911556,4.860586153211619,7.1202193006454815,5.288873307390729,2.9722981177499106,b5909b96-7ef6-497a-802e-11805dc7ded7.rna_seq.augmented_star_gene_counts.tsv,Tumor,3,TCGA-64-5775
2.2509735307631193,2.402571204737125,1.7936920329566257,2.1808957017139616,1.583466755340481,3.4849360813638746,2.6015547428643377,2.2336116532710633,3.232993942743223,4.435016518055436,2.180044600370526,3.493730283996074,3.236412726518843,4.284895313486481,5.332090726629785,4.081422547856674,2.843571294000072,b5cadc0c-3088-4f81-9561-902c8ca44c2d.rna_seq.augmented_star_gene_counts.tsv,Tumor,1,TCGA-J2-A4AE
1.8859126187506758,2.5159947353872982,2.208243630128192,2.9877717712238407,2.326441317989515,4.385872121581675,3.1603268676048875,2.7053534030142785,4.457710082109518,5.743282172407693,3.327043786449326,3.97731024241697,3.0959545641377706,3.8703122844345503,6.981009558645505,4.42297368134331,3.1859758356438546,b603c2a6-4366-415a-871e-5949a2a8a4b6.rna_seq.augmented_star_gene_counts.tsv,Tumor,1,TCGA-55-8621
2.386813924680573,2.308666014034091,1.9528573255127846,2.339026876597234,1.6716133728185696,3.862899899480387,3.0400044037079046,2.258810701967272,3.602169250858549,5.735066975763372,3.177462193973098,3.3490378578347566,3.164288970610594,3.3359479409384143,6.5977058030905695,3.179552603387839,3.193321008270295,b6ddcda9-dad4-4e70-b12a-db197a496713.rna_seq.augmented_star_gene_counts.tsv,Tumor,1,TCGA-75-7025
1.0486570037531977,1.739273826014318,1.3270452594522892,1.8486316510842378,1.3282905626080033,2.6569221178932847,2.236375286997612,1.4172707006657401,3.6692956926350617,5.667143556463583,1.6761906272473217,2.4951981373707866,2.193793590346138,3.272324364390749,5.921176501985037,2.95306093570881,3.3857944684617713,b6e9752c-ad52-457d-a37c-78ffb7ddc520.rna_seq.augmented_star_gene_counts.tsv,Tumor,2,TCGA-78-7537
0.6147466570591554,1.3180486967641303,1.247241150208017,1.9898041026804412,1.160079965461389,4.065544148868142,2.791368902847457,1.988613643011575,3.05117628939496,5.180709280290697,1.2948940876348787,2.720534691015979,0.7401649671282736,4.938353576585346,6.67984857514876,6.089664217694342,3.3389651623466263,b70dcd97-e1e4-417c-a05f-b37acdde6684.rna_seq.augmented_star_gene_counts.tsv,Tumor,3,TCGA-95-8494
1.2053379041877934,2.307096394880073,2.161698703290314,2.569278021901954,1.9021396283779406,3.633985770372808,2.5157318756629072,2.203056169072201,3.181792573359525,4.743014480479583,3.154818963335925,3.751453300877804,1.688712926566809,4.48509573304833,5.911248960511766,5.646149837448708,3.165071769115683,b71b334c-768e-46f6-bc7e-c95a11f44f03.rna_seq.augmented_star_gene_counts.tsv,Tumor,2,TCGA-55-7903
0.8217984261430114,1.794748573878532,1.7140627186765134,2.8967087303592005,1.9993170938771736,4.0889916186941635,2.9025451360506365,2.257785442762046,4.77605467562329,4.883193818279745,2.8372140803165715,3.214655162568748,1.1866233305768514,2.7264165350591867,5.830694363235576,3.2347853995136466,3.092652756703889,b7837fd0-426f-49dd-9de0-4e648b78f896.rna_seq.augmented_star_gene_counts.tsv,Normal,3,TCGA-50-5931
3.068482143568029,3.2092878890719323,2.825981205772398,2.967856288358759,2.2609105486586825,4.121546853878377,2.7250992894982042,2.3395739324920917,3.014875257184252,5.065743565217255,3.430900366431781,4.086945953708927,4.352797125696816,4.014281601188468,5.751961840866434,3.8443796194881465,2.9873982401828814,b7f29b8c-08a8-4781-ba33-5a7b6b02ad23.rna_seq.augmented_star_gene_counts.tsv,Tumor,2,TCGA-NJ-A4YQ
2.291334860799784,2.2798439832726056,1.6113134630950052,1.9481009218245278,1.47170301977333,3.4470127460761053,2.5329375062302866,2.3426520994958793,3.4726534231939836,6.103902495156772,1.9824943649740936,3.1678209875993484,3.2313291544624256,3.6072321346908405,6.939166245488668,4.150428500260258,3.7114256618710626,b7f9da49-2a09-4f32-af6c-980ccf75250b.rna_seq.augmented_star_gene_counts.tsv,Tumor,1,TCGA-93-7348
0.8205632633521492,1.4693956273087803,1.1494164921831838,1.4417664472103124,1.1202146478092831,2.9570703906659555,1.7967504221581534,1.7485960991558667,3.4487593304139326,5.291513580269096,1.3832731364266075,2.176429506044806,1.2996686129368735,5.114951323201451,5.927564218460023,4.1962812992222585,3.540493093589577,b8ae4b22-83b8-4cbf-9d3c-49092b7e0903.rna_seq.augmented_star_gene_counts.tsv,Tumor,1,TCGA-86-8054
2.2024806315622767,2.0720912932856996,1.4524217202452347,2.0185080367979844,1.2975456340607043,3.575303923796829,2.727249965139013,1.95245099655296,3.635303489337812,4.86563713349685,1.8265810648307421,3.029197481713828,2.671955933127959,3.380250523750628,5.821479062236432,3.3213362007803453,2.8696493947652497,b8e8f06f-a5a9-4d16-b39f-585dcee31087.rna_seq.augmented_star_gene_counts.tsv,Tumor,1,TCGA-44-2655
1.4164700333681735,1.8912677479571487,1.2965157221364834,1.7864039293098277,1.302490535809519,3.9268455694432913,2.144028808896907,2.4359460236610238,3.6832916097067208,5.856712961696944,1.715090495159003,2.6540169322428153,2.053299609737989,4.379061617253523,6.904886662751199,4.736005941576311,3.3719249682330377,b95a1889-2ef5-4da3-b5e9-14b678c4d71a.rna_seq.augmented_star_gene_counts.tsv,Tumor,1,TCGA-50-5936
1.542614223685851,2.481249318743902,2.0477390502919968,2.4713896378254767,1.8508343663877578,3.435102544886294,2.1273472981908297,1.9181044180610496,3.7671437169349367,5.545814161914465,2.9516314724460724,3.5732304970939452,2.9534931030666187,4.309415937849013,6.478244451029202,4.3982604306212165,3.3502567648239188,b99ff949-1922-4948-8d02-2ef2aa3dfb3b.rna_seq.augmented_star_gene_counts.tsv,Tumor,1,TCGA-50-7109
1.5462619156113457,2.14876214260573,2.1014985545276152,2.5270482799976803,1.7199357595282152,3.673962525355438,2.7815764124387092,1.9109296968928793,2.661368203048026,5.075473169279979,2.4542434808066727,3.5966716796582383,2.1260618870333676,4.0616145892974185,6.4473224283152435,4.2058491514737835,3.014544965223422,bae79640-8273-42a2-913e-3d29e00ccc4f.rna_seq.augmented_star_gene_counts.tsv,Tumor,1,TCGA-49-4488
0.8448848102417538,1.8335877316422908,1.6894833352489622,2.507040929202783,1.754450600183975,4.509466158213184,3.0370670453887847,2.6557568283003037,4.4365122223064315,5.132994880279026,2.427325033531641,3.086542641311336,1.1265246087098506,2.791836666501583,5.922480100750527,3.0319438097268194,2.9640857765571194,bbb551fa-5173-4987-8de4-d596bf56897a.rna_seq.augmented_star_gene_counts.tsv,Normal,3,TCGA-50-5930
1.2674254576930422,1.7572710612712246,1.4706811360542031,1.5567757063187935,1.3349353754312858,2.922271508906887,2.0188832944352284,1.4674728779730928,2.7363579788256853,5.760793301869474,1.5342099599386607,2.988174836702123,1.734347762394654,5.239930435437119,6.328273088853721,4.937847726271896,3.2392766733021134,bc037eb7-5afa-4730-b896-23bf21a31641.rna_seq.augmented_star_gene_counts.tsv,Tumor,3,TCGA-38-4630
1.0457855285048985,1.6968709562939832,1.5883207627438407,2.418089932532928,1.5915634524547493,4.862666549854119,3.1368974819825097,2.898085671730567,4.348031449538857,4.98054348931538,2.33239311560739,3.1544478541573633,1.4496078757590365,2.6828062094867935,5.791465116375113,3.014017248848312,2.866022090537915,bc46dd0e-3136-4d9b-8fc3-dee56d6e39cf.rna_seq.augmented_star_gene_counts.tsv,Normal,2,TCGA-38-4625
1.436236993748121,2.359988433961553,2.051466668245716,2.5062568071167837,1.8218551698845715,4.172116551279098,2.8951190644183735,2.1913034373764217,3.685018150296874,5.523035838302169,2.3898649888890873,3.530973624259019,1.7297104191027117,3.9652651127382743,6.642900143217919,4.123669552321051,2.951755310048603,bc8b6dee-0f79-492f-85e1-c1a09d6f9680.rna_seq.augmented_star_gene_counts.tsv,Tumor,1,TCGA-78-8655
1.215783500400909,2.621611443707701,2.3738614620292395,2.727214937497109,1.9370106602677837,4.066412680611432,2.7303700824747246,2.369875242749906,3.3887842945482674,5.703582103674445,3.065141220200732,4.309326039936196,1.9292004965785439,5.026919955179148,6.768363172135135,4.843503601284128,3.1372984970533695,bcb20e91-2931-4694-8268-686aee414fe7.rna_seq.augmented_star_gene_counts.tsv,Tumor,1,TCGA-75-5125
0.9340020344395631,1.2594108993669455,1.111980600072652,1.947059563901938,1.3298529296824693,4.1982912855857775,2.968061632933987,2.4681292746278487,4.225838914286956,5.257239209396356,1.457239194986973,2.7010636847227,1.2598288030646199,3.381854516973599,6.694954444653289,3.2484027894504983,3.3885612498365654,bcc5593d-3d16-4d6f-a1b9-854423ede69e.rna_seq.augmented_star_gene_counts.tsv,Normal,2,TCGA-49-6742
0.8427964641957874,1.3392575662996342,1.18707566561864,1.8230750160554812,1.3493625939690914,2.886874057060765,1.6191808194780732,1.2944119727606294,3.2050499817295037,4.98985615445228,1.4231470798843326,2.1090794296589084,1.2118903676454018,2.925445772206739,5.699294880888894,3.4244380717330567,2.4031566860680993,bd1e3dcd-31c4-4f7f-8e99-9ad0d1050294.rna_seq.augmented_star_gene_counts.tsv,Tumor,1,TCGA-78-7167
2.325752567401197,2.8289227566217536,2.5111510884915336,2.688054235295755,2.096811484599084,3.9455134681567294,2.58761067791195,2.665733191482537,2.6518241047863844,5.353969429838535,2.8527633395134973,3.779701276829713,3.3779347430482907,4.344995767267287,6.294216016428612,4.587586949476503,3.341114338329599,bd84bab3-4614-4806-bfd1-dab3fca9d6fa.rna_seq.augmented_star_gene_counts.tsv,Tumor,1,TCGA-86-8585
0.9420409005291904,2.279349830251961,2.2395625024977712,3.166402515562057,2.4120283173296055,4.7933465767411745,3.328465680473965,2.807223113789015,4.766834977162203,5.894041296688089,3.3044930026377513,3.706928935135352,1.1268753219923753,3.121335926782517,6.903888233732616,3.0378759212363997,3.149492840258468,be000bb2-fe39-4153-b000-df89033d412a.rna_seq.augmented_star_gene_counts.tsv,Normal,2,TCGA-38-4627
1.7287607261553888,1.682142551108523,1.5293524253480515,1.8185495020691036,1.5349002119580872,3.2188868555225985,2.1166002860479685,2.012815469721333,3.610145617740459,4.969914533329692,1.8803085791739256,2.853144725722286,2.3174912426989427,5.261469217982521,6.367959911929816,4.439556149684368,3.4058576258710125,be547f27-5157-4947-ad2a-c9d006dedabd.rna_seq.augmented_star_gene_counts.tsv,Tumor,1,TCGA-44-7670
0.869252640100484,2.2965709075558625,2.0292841393702203,2.997640722312953,2.2006387207434233,4.437515812325537,3.139190948233693,2.6899692399354933,4.670818476157128,5.1275581272500705,3.212692923642301,3.7354079356732743,0.6247073156538756,3.1660271561457694,6.051217521553885,3.1721468303749156,2.697005322145288,bfab8eeb-df99-4e79-a6f3-50915c18fc6c.rna_seq.augmented_star_gene_counts.tsv,Normal,3,TCGA-44-6144
1.7001913695292548,1.9053783960847266,1.5407591414023738,1.8888158065098732,1.3008397269680387,3.362080388079182,2.4410722032096044,1.8961338089974498,3.4762016537943796,5.512395479277229,1.6892225447738909,2.9995519834953805,2.1255420624626375,3.6161380315163942,6.36021877120178,3.575882040115716,3.0746997454372593,c16f63fb-a468-48e8-b679-6e26b8457530.rna_seq.augmented_star_gene_counts.tsv,Tumor,1,TCGA-97-7938
1.3907250566212532,2.4710261592797376,2.097383225073224,2.4890362155845116,1.9300103257081853,3.5926763069939094,2.706130079221917,1.8518681897450848,3.2598314605153975,4.999518657510849,2.6255245148590527,3.6323429954532966,1.8368971690965963,4.582148869215606,6.107796865948158,4.1613648430454,2.9831994948790532,c18d9cb5-17ca-4c49-bd72-4b4c6184fba3.rna_seq.augmented_star_gene_counts.tsv,Tumor,1,TCGA-62-A472
2.1865246527899203,2.148654098535523,1.7015610813102886,2.1794639703283636,1.4258625721841953,4.1413937470659645,2.9288906179446963,2.1244990015250194,2.7013188439783935,5.042820883050495,2.0157821157305564,3.182103391557357,2.779415996801168,4.259497111087954,5.768166202665002,5.208873881564571,2.8385900116499996,c208cf0f-3922-4159-a7dd-76dccf9ff396.rna_seq.augmented_star_gene_counts.tsv,Tumor,1,TCGA-67-6216
1.9098579926037924,2.643530536421624,2.04904040931437,2.215993796430916,2.006005318759175,2.832195585258776,2.4192712406824524,1.510575622518305,2.647508482451686,4.329991366522941,2.397878704542551,3.280830860915001,2.6328856581177895,5.15992328371755,4.728083343613022,4.18124031622653,2.7414501480116833,c29e5bb3-860d-4f1f-b27d-ae5b9d8c4208.rna_seq.augmented_star_gene_counts.tsv,Tumor,2,TCGA-44-5643
1.1456326066734734,1.7333005077278314,1.5705696151727933,2.0499131867108926,1.3846509310241537,3.702492979473026,2.0341653162302262,2.4662432095114197,4.085496205410802,5.5548952292378,2.086724986773758,2.859972494008238,1.8262076488934893,4.64996511287782,6.444702578265282,4.502537961956884,3.121742757283265,c2c5b3f8-abe2-4112-9ddd-70056f268137.rna_seq.augmented_star_gene_counts.tsv,Tumor,1,TCGA-62-8399
0.701660012532065,1.3702313502780754,1.3473343155824817,1.734002087192891,1.364483357875353,2.73562560087323,1.4855296430334035,1.4878460419683033,2.9730309930359398,4.794935289548782,1.5288822654024232,2.475109579378883,1.5590543208669594,5.323331868014012,6.233027817830988,4.826401703714591,3.4230357587276665,c36d8349-6af1-4583-818d-cd3742ea97a7.rna_seq.augmented_star_gene_counts.tsv,Tumor,2,TCGA-50-5946
1.0552072986624665,1.1332016545809365,1.0891242239849281,1.4590101036410112,1.1913919569929745,2.409386758894685,1.2184491822755248,1.0874999337561755,2.5727609302955603,4.029499292405169,1.4854572432985682,2.1200401849338855,1.4300200223258794,4.6290510713712685,4.725573260870593,4.2895818460078035,2.353611995855696,c4115468-0566-49e2-a86f-9c7faf6388f5.rna_seq.augmented_star_gene_counts.tsv,Tumor,2,TCGA-86-7955
1.0509990825760505,1.6757195914768668,1.227417916986955,2.052677049918181,1.6303543273952281,3.8420926987035635,2.4185656091348937,2.289687988406346,3.6670086182264554,6.120582515340792,1.7800733228940129,2.7871207225255277,1.983449439410567,4.150525434869158,7.276039626837603,4.625307989613258,3.526049498990788,c41a2347-8277-494e-90c6-f1918223388b.rna_seq.augmented_star_gene_counts.tsv,Tumor,1,TCGA-86-6562
2.880758550958946,3.124824754792616,2.5921528167490826,3.013892361106248,2.3941809759437387,4.573167809731294,3.101188980230693,2.9482096946045693,3.909297185349057,5.9864950588197985,3.398417383715972,4.407008328605109,3.9760018233004555,4.396609262949856,7.064628453935423,4.312889700815523,3.614693357410799,c45c7b03-a317-4dac-ba0f-19989348cae3.rna_seq.augmented_star_gene_counts.tsv,Tumor,1,TCGA-55-8208
2.232099354230795,2.7138886982819543,2.3922771179085003,2.999452162202983,2.1964641994097773,4.913606443535592,3.336839866032391,3.015141122155889,4.180863854399519,5.677747005287839,3.12169457119606,3.856702957574748,2.898535959268024,4.473268681831182,6.458331061256718,3.8274988918339883,3.1702113102501355,c55c7a04-580b-43e3-b138-f83bd3003875.rna_seq.augmented_star_gene_counts.tsv,Tumor,1,TCGA-97-7553
0.7862390805350682,2.9313162217765165,2.8374143724236056,3.264599615566612,2.5260816737626937,3.7295556021356884,2.6191219529444125,2.5542754580314044,3.274646750783661,5.821869124850939,3.7766106478784356,4.321022330513589,1.525377544452479,4.458350731166639,6.722612801858482,4.786211777452537,3.8358139885410103,c63de407-f025-4939-9633-6550724be88c.rna_seq.augmented_star_gene_counts.tsv,Tumor,3,TCGA-44-6779
1.414497287171609,3.646148531235603,3.7032365385122823,3.735616516271203,2.9721060813723548,5.022351855961006,4.115311065846298,2.7114491451953233,3.6472734002160814,4.837298111021991,4.191926393361295,5.153085615894499,2.1991979331086022,4.5309693076970285,6.174900599108214,4.071074722931635,2.88829700598045,c649e0cf-b787-4d0c-bab6-d81f7e491b15.rna_seq.augmented_star_gene_counts.tsv,Tumor,2,TCGA-75-5122
1.0680409963874313,2.897956890392389,3.1438026960893275,3.406662948553888,2.5667313053886596,3.4656731095319335,2.285462049591245,1.968752982156044,2.826347753825835,4.825566296117351,4.140600376241564,4.193682327429022,2.275678199964009,4.427283697946833,5.857668219847335,4.707501267808349,3.3526267856128853,c6acc762-3909-4cc0-91c7-f66bc3f0e667.rna_seq.augmented_star_gene_counts.tsv,Tumor,2,TCGA-49-4507
1.2758147144128713,2.056098726984668,1.456451416157344,1.8747499472141511,1.50874259135161,3.779194569139571,2.935625772469902,2.0449761082328832,2.9710044921974665,5.447194800735698,1.8663506509914383,3.220024286903675,2.114458197595794,3.5913317482473692,6.377287021417818,4.117123815733628,3.1065430965575738,c6b74844-5140-4c2e-b13d-fc50c2f2e9f1.rna_seq.augmented_star_gene_counts.tsv,Tumor,1,TCGA-NJ-A4YG
0.7103548001005563,2.208256998265976,2.1488494266690767,3.129083336401992,2.2396901228640615,4.272806505359146,3.2345867903163694,2.4060337930021762,4.456997780854746,4.913353701469223,3.3985098851759696,3.761684307898538,0.7920455861616872,2.968560821452426,5.591700876785508,3.130962868504471,2.7248594956878,c6bc9e5e-4116-4179-9a22-b75fc6bea73e.rna_seq.augmented_star_gene_counts.tsv,Normal,3,TCGA-49-6745
0.7832626487589,1.087039863595971,0.906298307013566,1.438408007973785,1.168652663068641,2.947223121113999,1.7799789193561288,1.9478481976130715,3.2309429878919684,5.176593836884041,1.0865618264780987,1.9120412581149522,1.1702162086352816,3.853072259301719,6.18824711017287,3.921401037111706,3.1883170725626515,c6bf25d8-abea-411f-bb80-6e6fefb82757.rna_seq.augmented_star_gene_counts.tsv,Tumor,1,TCGA-55-8615
2.0616949112423066,2.9082865742821906,2.9811767521559536,3.1471638226196674,2.4024372220147487,4.155251888937654,2.8756422006058022,2.213312525679956,2.9568304986417377,5.334010389917554,3.454389377678907,4.19321965829156,3.3949989511852294,4.3067682743879505,6.3021540451835865,4.585249715602327,3.485274602249201,c6dd2eb6-2297-4dc0-8cae-c7a6b733a1c2.rna_seq.augmented_star_gene_counts.tsv,Tumor,2,TCGA-50-5066
1.0370684175626257,2.9936841492646913,2.723106256626943,2.865210333996086,2.2262783826868184,3.6548275708479663,2.141714464511723,2.8011917296362547,3.1342889369704836,5.412824800720037,3.4084821816829383,3.4782831060824084,2.0848840587694957,3.869949515224725,6.3474340549800825,4.195963962661201,3.136652034872022,c6fcbf56-bc49-43eb-981a-ef032465a7ce.rna_seq.augmented_star_gene_counts.tsv,Tumor,1,TCGA-86-8359
1.1270825124363528,1.9749774635948154,1.7125144080032382,2.4171903107647954,1.6344698825478734,5.1932447366921055,3.229173388309207,3.232865193381668,4.336850807316384,5.548908562066361,2.1349891731847936,3.139763036331095,1.3887087055807714,3.3859640014382153,6.558052955547801,3.4158541902312445,3.2157500506659824,c7fd0bf8-753e-45d6-b987-51ec7559f728.rna_seq.augmented_star_gene_counts.tsv,Normal,2,TCGA-44-2668
0.9932951300277167,1.9009004462898302,1.5982843830817288,1.9652887245741197,1.5885499715901203,2.9659487742042847,2.155432188775802,1.3961666945225422,2.5732471820147276,4.429887448826819,2.5472705682317764,2.7750539333757036,1.706671588040087,5.192693290919668,5.623865196746266,3.73393132963869,3.2193297494318927,c812eb06-bd41-4919-8f6d-9ade00654a4c.rna_seq.augmented_star_gene_counts.tsv,Tumor,2,TCGA-86-A4D0
2.299077045872972,2.118808599529455,1.5006041973947544,2.1251319668892608,1.6152517334560368,4.204619633752706,3.292825546234299,2.433421098040602,3.3794502182836967,5.097150506040565,1.9871542375681337,3.094459373974571,2.8567073314323435,3.2547044329239028,6.050469034022979,3.625921044882251,2.91311900448383,c8bfb715-4c7a-4e3e-baa2-bc842d80654b.rna_seq.augmented_star_gene_counts.tsv,Tumor,1,TCGA-97-8552
1.393763200785606,1.8818546037032085,1.3431112412797817,1.9026091330581831,1.3996488930403383,3.388419402824216,2.25209702691454,1.9025674081072068,4.081593511868369,6.155372042289502,1.8302771044270285,2.752331967664036,2.2451778268784293,3.5745297380686654,7.027200375727562,3.812749958422171,3.2718869942334763,c8e5ea6c-c6b1-4807-8d9f-b2e96154a1eb.rna_seq.augmented_star_gene_counts.tsv,Tumor,1,TCGA-69-7763
1.229751673517622,1.4028479500751414,1.0395158128448405,1.5732251584309902,1.191150196121501,3.467886998950183,2.6148919970880975,1.923676880661026,3.3506286876853513,5.741761757856028,1.1705072710483266,2.3323404496063924,1.7498416726108486,3.632358638362427,6.392413972450656,4.5438479056480485,2.9418222675767582,c9494f0c-d6df-4dc9-a174-dfd53f121ee8.rna_seq.augmented_star_gene_counts.tsv,Tumor,2,TCGA-73-4675
0.7444179798120151,1.021506884375387,1.3084341443717602,1.1550993877219926,1.1602809597160084,2.618668825642726,1.3991827710025706,1.5732599958125928,3.2771943007051734,5.853610670049134,1.0603333834875364,2.0709857445637514,1.5293636225481673,5.470886938164729,6.511497147728254,5.515488987839396,3.5765466572401317,c9d8385a-9f73-48f9-bca4-1c0647881bfd.rna_seq.augmented_star_gene_counts.tsv,Tumor,2,TCGA-50-5931
1.739304503490235,2.3891789924297866,1.885791926826731,2.588353148828183,1.889623438558717,3.681409098799443,2.541160192091373,2.372039617508578,3.7092157294658774,5.340768324299929,2.5460825590639544,3.5201389963332788,2.6361109882499827,3.750132580213697,5.75897096125415,3.804099505807339,2.888134254991402,ca927d21-e459-469e-9655-c214b34447f7.rna_seq.augmented_star_gene_counts.tsv,Tumor,1,TCGA-67-3774
0.9246289645371971,1.9257539356251838,1.7525425600414954,2.760048293564816,2.0394835122196158,3.887470462896822,2.6747562248786676,2.5042743319768035,4.66661939160913,4.930756374698859,2.840316122637514,3.4129895625140616,0.7401802897592338,2.834553271769147,5.83141626411935,3.1417858346121132,3.079902784890051,cb3c7090-d221-4c88-896f-6199118ae5d2.rna_seq.augmented_star_gene_counts.tsv,Normal,3,TCGA-44-6776
2.100190873439117,3.191972481549587,3.0038154494330946,3.355738348423004,2.4915652005777744,4.41018451912945,2.71409504896,2.99010459687833,4.69328820547796,6.470387690327662,4.2304034323967485,4.481007111005262,3.0117344720999975,4.253526858964617,7.342644180777986,4.617392730321325,3.356808200180862,cbdf1edd-a8c9-4fc8-88ee-928f01abae34.rna_seq.augmented_star_gene_counts.tsv,Tumor,1,TCGA-55-8299
1.8640502201983717,1.4612319539232246,1.0532891905390496,1.5496433486030354,1.1267449262167297,3.0445305524426165,2.146447806198881,1.622229188716485,3.515197109998804,4.815282857505131,1.1123853277279696,2.20237605136394,2.6077278417934804,4.142940465449988,5.847120999108864,4.42644838133534,3.025166282663281,cbf298e2-94bb-48c9-ae07-408081055497.rna_seq.augmented_star_gene_counts.tsv,Tumor,1,TCGA-50-5051
0.947204480440598,1.69651498448023,1.4417311954514982,1.8024762313622897,1.5073352658188566,2.98610606150822,1.9755295969848043,2.004857866109121,3.447315813585874,6.330066622515268,1.8758190648991135,2.6308404025575,1.749969471967452,4.725295288567861,7.172521274146054,4.77175088325402,3.4065488522541543,cbfa6fea-3a77-4d0f-ab15-12307d08055a.rna_seq.augmented_star_gene_counts.tsv,Tumor,1,TCGA-75-7027
1.2612185476549906,1.4029209054816747,1.248669635340127,1.7709528722507146,1.3414711365691072,2.9468382957460983,2.120900506850784,1.9278719174352168,3.4214451821769964,4.898843349915623,1.69051414782698,2.50947677449978,1.702034199280001,4.503812261955365,5.067610318060181,3.52865464176055,2.3039394949464644,cc1646da-11b3-40c7-b35e-1206f4517b36.rna_seq.augmented_star_gene_counts.tsv,Tumor,2,TCGA-44-2666
0.9807780310226304,2.1386444079380937,2.2042966648593962,2.7144218490581205,1.7939668913675546,4.619604671359256,2.960561392854039,2.3446865820115117,2.677896378660535,5.200525503406469,2.645492528090395,3.891751142492824,1.9209400755502533,3.8397569631792425,6.158717231849039,4.304501901648812,3.7126008607735868,cd271741-c470-4f57-9873-635fef14f902.rna_seq.augmented_star_gene_counts.tsv,Tumor,2,TCGA-64-1676
1.0468268895538442,1.6062650052740906,1.6732493613675932,1.8383556385720452,1.4715753497990476,3.713128336056461,2.748533931293586,2.3306893587120436,2.9782528566864346,4.572793167230075,2.0886935731656524,3.461263436098912,1.4647253297942235,5.198644647812039,5.270183052057036,4.541246434124481,3.3611685042948993,ce68bb71-4052-499c-bf2e-81d9c0dafc9b.rna_seq.augmented_star_gene_counts.tsv,Tumor,2,TCGA-05-4397
1.5754365179386793,2.060033088083126,1.9824554327188562,2.6774384462536234,1.8677231511374606,4.407452549825037,2.7800614204776606,2.7602416392117095,4.371745036417599,5.429406541172463,2.8347502579555317,3.085247926439894,2.1672268333374602,3.1256782053119982,5.784547192443056,3.1536433980212264,2.938420742900541,ce9e3b71-b907-4c30-bbc9-fd929a6df15b.rna_seq.augmented_star_gene_counts.tsv,Normal,2,TCGA-55-6975
1.7434828833224898,2.6466008861086574,2.2650460488249493,2.8262944536169257,2.066739994356027,4.775083255248517,3.2717358628202584,3.16181205661646,5.113506002474244,5.917067623116512,3.1650544255571997,3.8549878614851867,2.0610280821083715,3.1779529942781246,6.691331683546929,3.4436180220676444,3.2135578757550105,d03bc7a9-49d4-48f4-8a3a-00197325cde2.rna_seq.augmented_star_gene_counts.tsv,Normal,1,TCGA-44-3396
0.8760141835184219,1.2610767183873708,1.0296887314156236,1.4010778437493336,1.1600220472113412,2.316692568627331,1.5184776530014512,1.4255609014995356,3.538230581577973,5.048914040721051,1.2580317298476311,2.070221014734002,1.6748865365054622,4.309416776253499,6.203190276280342,3.3963894022375656,2.686914241790032,d067f93b-7182-4a34-ba8e-be73589b7420.rna_seq.augmented_star_gene_counts.tsv,Tumor,3,TCGA-95-7043
1.5693141087908773,2.7215979096610754,2.174489183997541,2.439089847340178,1.9779631944065987,4.32758947501583,2.884022365976768,2.6005957069867507,3.4890546561065974,5.528055080054108,2.528943043629388,4.323160036497367,2.035898564494898,4.5838275316683275,6.387523706659414,4.059354447557405,3.4291075851263715,d0966b4b-6c70-41f6-a220-4bf8be955366.rna_seq.augmented_star_gene_counts.tsv,Tumor,1,TCGA-86-7954
0.4409847663987891,2.5819059221457175,2.5302612077406184,2.7736804710182272,2.036573560546029,3.6491495061561046,2.2128780860407393,2.029842462661573,2.2591649104135594,5.4305881270676695,3.044752392244488,4.303255423215094,0.9872552702885244,4.8841185960986575,6.318524149585331,4.255100762107326,3.5412724945207352,d0f1d923-1014-4a12-824b-9939fd75f9b1.rna_seq.augmented_star_gene_counts.tsv,Tumor,3,TCGA-49-6767
1.6366141886882621,2.1797958440583383,1.3833295345787737,1.9981783484268647,1.4951516777877416,3.4231824508823863,2.454693802654251,1.8852911219336324,4.265168498627442,5.487084358628482,1.8226424765094844,2.777396606033774,2.7334184354630953,3.3244850247127045,6.27405697037947,3.457238480238175,2.862026594467391,d1b10396-1656-4963-8fd0-7d7368c24dd2.rna_seq.augmented_star_gene_counts.tsv,Tumor,1,TCGA-73-7498
0.8784128219369013,1.25919034817181,1.0688302488208783,1.6186648371034857,1.0152068512341799,3.2882132002627618,1.6922935113229418,1.8092206632728778,2.7339724103029286,5.339108262759688,2.297008749696235,2.381137099960969,1.4628447452496414,4.3374309842628165,6.330512736954286,4.571004595355549,2.813381026707945,d1eba37d-0b00-47f4-a7c8-d2e80ec3e27b.rna_seq.augmented_star_gene_counts.tsv,Tumor,2,TCGA-97-7937
1.2281837316626294,2.227268671865202,1.802637029144988,2.25251818604695,1.6510028640264716,4.2819452028998715,2.695085900945082,2.462391321070879,4.09102732196401,5.800130679306914,2.2061006248696593,3.446758265512611,1.8071272349866292,4.785537551642594,6.568582749404946,3.8188813095396057,3.1775391021749497,d20f5121-5e33-4b35-8cdf-df2eb51a099d.rna_seq.augmented_star_gene_counts.tsv,Tumor,1,TCGA-05-4424
1.1228247242666838,1.5645304329094976,1.4427249300255018,1.76487693258166,1.4487998373663273,3.5945422446238577,2.3329747166133044,2.3847383877500277,3.7577774959194583,6.672974678482909,2.2453264594736337,2.6950920956778623,1.2926777782462515,4.846412829872047,7.6214583912968745,3.752480708104251,3.6350973847554107,d21d91e9-6e19-4c5f-aa2e-cdd41d98e542.rna_seq.augmented_star_gene_counts.tsv,Tumor,2,TCGA-91-6829
0.9800640664037445,2.0126201007603077,1.7811846813224956,2.1093297251524366,1.6076419854607107,3.7463681422606117,2.5332977047853107,2.0691968067683635,3.276107707770358,5.403676088612499,2.3969246882648587,3.460306860037181,1.6465335286427945,4.666023000929005,6.513632595983574,4.707556089363332,3.219068870448716,d2bf5f92-08f4-492e-96c2-399262f96828.rna_seq.augmented_star_gene_counts.tsv,Tumor,2,TCGA-05-4427
1.0482963971589845,3.309274942388581,3.063979712724148,3.2668457203674524,2.624125361930439,3.9912559193606154,2.7670864806098536,2.4584243496712976,3.7409524271336423,6.5495556455334425,4.049698206186184,4.818562031185919,1.6857096986488813,4.947883427992079,7.811708242794971,5.123438486544501,3.6587017900338843,d34f0d3c-a058-4569-a8c8-380ada182e76.rna_seq.augmented_star_gene_counts.tsv,Tumor,2,TCGA-55-6978
1.611644859497076,2.3686204318835493,1.6766820660917185,2.1738376241499884,1.5905991495423184,3.4864237595083383,2.6630214652500857,2.0400958074996303,4.458561162437719,6.217706780074947,2.3611761567948517,3.324907314357944,2.3191147738562554,3.4170847463988774,6.574615846757325,3.581249159265767,2.745123455001035,d38959c4-8069-4963-8eca-0c66699df9a7.rna_seq.augmented_star_gene_counts.tsv,Tumor,1,TCGA-97-8174
0.7526221089428466,2.1641471025486805,2.192492295336979,3.248393999466525,2.564328247312694,4.245967835036115,2.9854216338908794,2.3904525485564396,4.6756761460717,5.144800910135589,3.697587262499547,3.557200858549237,0.5686665128587088,2.9314865375446044,5.77648612568121,3.4850849374296207,2.756245285965939,d3c4d6a0-ae8f-416d-93b5-2f7143f0f857.rna_seq.augmented_star_gene_counts.tsv,Normal,3,TCGA-49-6761
2.28285063023886,2.6712356366653465,2.300852349491895,2.605388572825775,1.8269770704889234,3.609945296546818,2.433900251555836,2.2120147108078254,3.154277813710836,5.091135226993871,2.9788870611633618,4.300399703051545,3.344816686043372,4.133571847459159,5.950747511681039,4.207276924268284,2.552286667613468,d3c861af-cfe9-4d9f-bc76-a8a45b72df43.rna_seq.augmented_star_gene_counts.tsv,Tumor,1,TCGA-05-4410
0.9604616290497608,0.8161422641975543,0.9533959453830415,1.3444008702973067,0.9414985312241638,2.566996871898878,0.9861830068408578,1.625880470766829,2.491208247340998,4.160032072575593,1.2352616506455179,1.8236127840508383,1.6598296155385646,4.951276059304136,4.650993548663695,4.066606726299337,2.403828417336692,d3ebb2ea-10db-4c29-8e7c-7c13b23b5b15.rna_seq.augmented_star_gene_counts.tsv,Tumor,2,TCGA-62-A46O
0.9656217543755368,1.3824181029211657,1.098097157847881,1.7473033912918352,1.2648331820254592,4.128142521829843,2.551261810175004,2.4515055558203196,3.9580922433509125,5.7346063818505035,1.6717573661745475,2.505397948234778,1.6453158378886459,4.410611615878339,6.599823911107791,4.779868380237742,2.9927865477959963,d4422306-b68c-4687-9131-02a60a2d4c42.rna_seq.augmented_star_gene_counts.tsv,Tumor,1,TCGA-73-4659
1.7956701152907106,2.4736986307406825,1.636990928728497,2.051918232258278,1.564915999913022,3.8714225887334464,2.679392436506845,2.0968774712493703,2.9119271052748688,5.429449935945678,1.6646799822344487,3.1341404816785863,2.354053285673433,4.15529786817614,5.826274802368084,3.558418077467728,2.964896656765429,d4db8bd3-6f2f-4c34-a4a7-1e23342e62b5.rna_seq.augmented_star_gene_counts.tsv,Tumor,2,TCGA-62-A46R
1.98248603299814,2.4663050226665364,2.199254931641051,2.556714739155891,1.9247699485412255,3.999051533379384,2.7376905927476574,2.5504949596402917,3.1202841945611794,5.223715248612376,2.813975013737302,3.7238716419628,3.20802485404366,4.0099058783781425,6.309588745212857,4.3457539074633615,3.1628931301800174,d53203c7-5070-455b-aec3-ce01f32186de.rna_seq.augmented_star_gene_counts.tsv,Tumor,1,TCGA-67-3771
1.096602779380307,2.1774155461742097,1.919999766832351,2.3747809697665905,1.7478741885978952,4.4414193531169746,2.5876077023427757,2.3616001018718973,2.195697969561529,5.085667934192509,2.3769479888269407,4.001246671708703,1.895405280161788,5.129313548811764,6.1339709679654435,4.8016551209569265,3.9723345388549816,d5388d2a-976f-4f08-80c2-14bbf4ccc753.rna_seq.augmented_star_gene_counts.tsv,Tumor,2,TCGA-80-5611
2.128744622139012,2.730353504957267,2.6701518198284324,2.865829303475028,2.059077789337132,3.357315667736766,2.187591448905274,2.2483554513713675,3.176234541811141,5.413789804587508,3.256254547221249,4.263774275618966,3.537363854950969,4.099207277245145,6.381722739082646,4.798180080536095,3.0856849451023214,d6662ab3-af1a-4e7e-a907-111e4241713b.rna_seq.augmented_star_gene_counts.tsv,Tumor,2,TCGA-55-8092
2.4493418868507058,2.896855632288559,1.7482387614016628,2.1654454708947877,1.5252910320221988,3.9263196971416754,3.203426686956406,2.262521228118993,3.2355119915649664,5.1195798601422595,2.237278473491901,3.560489149313085,3.007690691124438,3.7684742218454894,5.942904512121289,3.6853164875191173,3.235898918930066,d6e945f2-4a94-48ab-9ba0-d4f0ee2fb262.rna_seq.augmented_star_gene_counts.tsv,Tumor,2,TCGA-44-5645
2.0299207942145063,2.827786911448016,2.4427272642666855,2.6668120190463127,2.026066273354038,3.708796051893652,2.5855039405725955,2.163242124724263,3.478110892194885,5.523540295380607,3.208180213064253,3.9613433574280097,3.06458079111269,4.826331540267198,6.389986672545298,5.139880292399396,3.201420708911453,d7339ba2-0cc2-40b7-9dbe-f8f3366b20d9.rna_seq.augmented_star_gene_counts.tsv,Tumor,1,TCGA-MP-A4SV
2.554691357967363,3.26464430963423,2.6685838995679054,2.817342592580129,2.356795200708192,3.7943310386505025,2.7825006082083057,2.4609967728890862,3.267884195105416,5.9140188769765665,3.6156207469879047,4.179797157084786,3.770834717316255,4.0400385879439655,6.890559885497897,4.182741899745132,3.4245604203981705,d737cd97-619a-4fc3-9ae2-87e1f4b19beb.rna_seq.augmented_star_gene_counts.tsv,Tumor,1,TCGA-44-A479
1.8016242391056443,2.3897313363112405,2.2148619036353616,2.3361500398655193,1.8417091711614806,3.4510979103802084,2.084342990630298,2.0198249605715946,3.8466360504579598,6.549947092242599,3.052169989314031,3.3809504710454785,3.176982459571514,4.081146810474509,7.475778582609099,4.812321426617568,3.353191068381001,d7c787e0-6416-4724-8954-85467906f90d.rna_seq.augmented_star_gene_counts.tsv,Tumor,2,TCGA-55-6642
0.5121486095860538,1.3554178543813362,0.9538738425748987,1.4507307323137126,0.995148987604761,2.569077575136345,1.8091830133106905,2.037366356754359,3.3317432539925664,4.557194266918956,1.5576098158432559,2.237497667876502,0.8775059578189661,3.5413521246657598,5.086828654316385,4.929093520239203,2.401666788922601,d832db0a-348f-4e28-953a-741192fe0826.rna_seq.augmented_star_gene_counts.tsv,Tumor,2,TCGA-44-6146
2.04692864193282,2.378003913475427,1.937444150789273,2.30573668360947,1.5176471483880454,3.88470969744614,2.817858065043307,2.116727382439439,3.9575127398597814,5.434681157053862,3.3044496939640915,3.1308553865236415,2.985501793810592,3.5894312698395368,6.303990234744422,4.332631285262336,2.96976035820218,d94a4acc-1345-4cdb-b1e0-0b9c1afc593c.rna_seq.augmented_star_gene_counts.tsv,Tumor,1,TCGA-50-8460
1.3982531557884676,2.2472936627359417,1.8202977298716694,2.1521768921014455,1.8303347629691895,3.6037603345054072,2.5940788042414886,2.18390479489342,3.1154930994127863,6.228001736695023,2.2664817049593644,3.805173080546918,2.847158309482312,4.60555115649524,7.009600100719146,5.202066945331149,3.3024774145287203,da046621-2982-42dc-b54d-6c875ecb5368.rna_seq.augmented_star_gene_counts.tsv,Tumor,1,TCGA-55-A48Z
1.3765513550093957,1.8110032677537338,1.6866841713287517,2.356486680405594,1.8227488221288957,3.2381086606542957,2.4445835512433693,1.8246757029529763,2.9687035589961392,4.936511428728453,2.4390778790874776,3.1514611039245803,2.6236094348201204,4.800909532723687,5.6634817309009104,4.455850518457634,2.9708847021208378,da145aec-4391-4fce-b5d0-bf91065b765e.rna_seq.augmented_star_gene_counts.tsv,Tumor,2,TCGA-78-8640
1.817066814695853,2.3535295456599608,1.8440651665801826,2.195269425282371,1.6607119896387819,3.3978271252133414,2.378431262586413,2.033745730846931,3.4709546574916152,4.781564048707938,2.379010187213052,3.6024046705019117,2.395957917401251,5.0058195494538955,5.5079296416872765,4.423637687044318,2.7290065880924583,da3718fb-d874-4469-a3fe-6ba6fa89676b.rna_seq.augmented_star_gene_counts.tsv,Tumor,1,TCGA-95-7947
1.3382982747147147,2.164424155955766,1.8155310583169197,2.1465555022733915,1.835991637976748,3.139769280140871,2.509656442809799,2.1722827382115413,3.568578990267849,5.808158140452939,2.053255501745147,3.313553376961582,1.8778764250420312,3.6937626869319775,6.829427791024519,3.8882806731863324,3.221417877117022,da52147d-9bd6-449c-b5d9-b168822ddac0.rna_seq.augmented_star_gene_counts.tsv,Tumor,1,TCGA-L9-A443
1.7709472920472646,2.3112476306133733,2.1564324865141,2.039999225717101,1.4781220543896305,2.65821396843474,1.47019480643967,1.6617793285305016,2.4570059647701257,4.4676323204608925,2.598680827996853,3.3021306529645544,2.7564572413316295,3.9980699249867566,5.703221804035101,4.6142848470910796,2.9714335335489643,dad295e6-b4f8-4ad1-8439-acc3f903cfb0.rna_seq.augmented_star_gene_counts.tsv,Tumor,1,TCGA-53-7813
0.824937120347665,1.3328770936469918,0.8916918448114818,1.561372202312161,1.0873616796868688,3.8464933324630084,2.3951373303392236,2.1942167722976005,3.522563160166586,5.669362947896491,0.8084099856983888,2.472747313440296,0.9432379878913828,4.59200316925587,6.623352895081123,4.894551921932638,3.4067555314893108,db3c11b8-53c7-48f8-a16c-b86c1c7534b0.rna_seq.augmented_star_gene_counts.tsv,Tumor,1,TCGA-78-7145
1.6503088180878767,1.932312406117997,1.5507368997949242,1.950748075638197,1.480278684784518,3.520312939836417,2.8188598722430505,2.1734956160016776,4.1133330685325085,6.009885505687137,1.685083533276185,2.7396592208701223,2.2746685153110624,3.747346216638706,6.991896565598111,3.8696300406152373,3.2578333689849464,db66be89-fb7c-41c3-9a0b-9beae75b7850.rna_seq.augmented_star_gene_counts.tsv,Tumor,1,TCGA-44-8120
1.946130630111268,2.68559813810877,2.2363934574410003,2.705685324346033,2.126271189068279,4.059143417555447,2.771261700868993,2.454923722137789,3.5598300159151317,6.007077524669551,3.0972882347713844,3.9402903987830626,2.7023174684667493,4.287998945773101,6.932362584350449,4.50039849979402,3.570147977966964,dc3ac0d3-d862-4761-ac12-60bb4d6758c1.rna_seq.augmented_star_gene_counts.tsv,Tumor,1,TCGA-55-6985
1.0381881323611273,2.5013030796889093,2.097004111713291,2.755373793801769,1.9590091525388833,4.459134145448092,3.428830488429074,2.632348702206965,5.084968024729236,6.1797469569762,3.068729838440067,3.659627638698283,1.2967640116458397,3.3291672436875723,7.0703060686932115,3.208050901613041,3.260070122322413,dd012e44-f2ef-4bd4-92ac-7403ec383b6d.rna_seq.augmented_star_gene_counts.tsv,Normal,2,TCGA-44-2661
1.2200697508165461,2.2466775921477486,2.018168868288736,2.56831207737857,1.9986171235784982,3.940092927195671,2.5513354060909523,2.3914995059707236,3.8068188525069995,6.670808758218013,2.8785498392615843,3.4866407977173552,2.238945300130453,4.86778811434051,7.764738123266305,4.9269094769621535,3.9929182300435313,dd20e202-a63c-4281-85c7-f16096212a91.rna_seq.augmented_star_gene_counts.tsv,Tumor,2,TCGA-44-7662
0.7160631600571985,1.479365145367895,1.254443883947342,1.643526861227699,1.3453115919592453,3.3925670407482547,2.235613166656783,2.0089303691300477,3.673257918398021,6.464353243790343,1.8182756114817513,2.705619739627407,1.2338948531056055,4.489599839624808,7.461985454818232,4.898782862715495,3.6702125713123586,dd6e2735-7d83-4bc4-87b3-05a5d7f08caa.rna_seq.augmented_star_gene_counts.tsv,Tumor,1,TCGA-71-8520
1.2720492735915083,1.8263999161410807,1.702833842330376,2.8192468973273304,2.058103904374128,4.051773132870955,2.542491309475595,2.689160166337724,4.7963544361198975,5.486910853598613,2.8582229083589894,3.291772622544514,1.655567107356992,3.039207775027117,6.251818478897867,3.3173664832273766,3.2263640178301474,de6f3bfe-6e91-4894-a826-67ebf147a6f0.rna_seq.augmented_star_gene_counts.tsv,Normal,2,TCGA-91-6849
2.4989616048698577,3.031313651813201,2.73812374426562,2.9887412292482254,2.3072165986423037,4.1517783182803445,2.433408138721876,3.0618566546633246,3.5560067713459866,5.900067910099088,3.5841398756882485,4.2818693020725735,3.6302851531342277,4.483162272285736,6.894330753766309,4.438559439719925,3.1751116453131325,df2ac75d-208d-4cc1-867b-aea3e36117c6.rna_seq.augmented_star_gene_counts.tsv,Tumor,1,TCGA-44-6145
1.5683312198979633,2.441362376082777,2.2007841206433443,2.6984858283754334,2.1971435459616404,3.8750154550041676,2.381857592420388,2.1258389824700967,3.495484025389479,5.313869469295639,3.0104270221923697,3.8019099159578835,2.3847437271945227,4.534171844678305,5.770892520535875,4.699173197494076,3.0762687746292987,df3e51ff-63ad-45c2-ba71-676c5eb6b9e0.rna_seq.augmented_star_gene_counts.tsv,Tumor,1,TCGA-MN-A4N5
1.1248696094412667,2.3887966124257325,2.0154371870746046,2.6031195602563755,1.9078410335607292,3.8230367326531356,2.574467674263888,2.448560308457619,3.309826014455955,6.660856137143983,2.8637016948298344,3.886457844016927,1.8451822127928477,4.516222791039025,7.531989018326777,4.732522587217852,3.782342982917222,e0819bee-5642-4297-b6bb-70e41d54ee8c.rna_seq.augmented_star_gene_counts.tsv,Tumor,1,TCGA-MP-A4TC
1.1496469402736424,2.4976769249506483,2.5227840521376765,2.9122713140663206,2.0704817653689758,3.8156470546598995,2.150301290478706,2.4137379914993313,3.176790992691514,5.405037238488412,3.8497007616336685,4.088630520740785,1.821707383011105,4.970605056561537,6.38880905409382,5.254993215978989,3.172474868088536,e0dabde8-1dd8-4aa6-9f23-51dc22fc2cae.rna_seq.augmented_star_gene_counts.tsv,Tumor,1,TCGA-99-8033
0.7114159536526823,1.8623432172681622,1.4199924915775601,2.0925182810876994,1.6167081031940742,4.111696011536963,2.611478363495244,2.3128331426374755,3.468288211737011,4.994071243944099,1.5681284791982317,2.9306119999214193,1.1952176498348845,4.3941410207260265,6.1526348875145205,4.3882370031092055,2.7951804897740535,e0e055b6-6800-40e7-bde5-718823408f0c.rna_seq.augmented_star_gene_counts.tsv,Tumor,2,TCGA-05-4244
1.693720143384897,3.117032630962565,2.5613407737221863,3.3157950967254437,2.5303407950771035,4.4639290115349075,3.485748540743021,2.5890913865850087,4.612040482192317,5.402408795234068,3.5811301545495864,3.887827711487545,2.193811281365001,3.1572971421081815,6.143749148651069,3.393689317232448,2.882606660984981,e0e9a0df-7052-4d42-b3fd-10ee23ceae62.rna_seq.augmented_star_gene_counts.tsv,Tumor,2,TCGA-86-A4P8
1.9703519597783619,2.245487473712281,1.7690411051260166,2.301501429659009,1.719403611699035,3.580775596807791,2.7115565302228952,2.43504063227762,3.994649363352649,6.541172278950066,2.3634270882725135,3.3840399117027022,2.8678699979028037,3.84871555633327,7.322007685120532,5.134857060444551,3.511162784938223,e121b871-b177-47ef-a4f1-de73cb338519.rna_seq.augmented_star_gene_counts.tsv,Tumor,1,TCGA-69-7765
1.5710556676226348,2.1381341992796594,1.8195230377983214,2.243168693628576,1.7239396414518238,4.134801954119211,2.1773967518951225,2.5041149200294486,3.4577350544612053,5.968876296632712,2.3654501246074777,3.276790216458618,2.767360905209089,4.9393972151700645,6.973029910905561,4.476092518742508,3.265050453296624,e127acf3-0757-4f24-aff7-0fbe7283b9ed.rna_seq.augmented_star_gene_counts.tsv,Tumor,1,TCGA-49-6743
2.2360738750624165,3.015366988842094,2.6962671107303606,2.734434664605744,1.9915925226957734,3.6409514308469926,2.4992447873094497,2.531964855663021,2.9706492529464823,5.480886363684569,2.842241066097439,3.844832822973966,3.7718520300503022,4.740123357341315,6.468415376622937,4.090517754461121,3.2225537375184907,e1b67311-dee7-4296-ac38-1ad47a80c257.rna_seq.augmented_star_gene_counts.tsv,Tumor,2,TCGA-L9-A8F4
0.6523111742234694,1.321293019375221,1.1106592461389222,1.6660397816837589,1.2947431663770026,3.2078234971329316,2.125070926209997,2.155108322742816,2.6720862740234996,5.672541363411097,1.6338200170991102,2.728466158365835,1.3593786915515245,4.554953169874301,6.827860007302412,4.746584806561751,3.1760177760521113,e25887be-64fe-4e7c-983b-4fbdec52c4b7.rna_seq.augmented_star_gene_counts.tsv,Tumor,1,TCGA-69-7979
3.472904476487488,3.223162802019756,2.579256319115785,2.767375557287062,2.2408446633148893,3.587832962981035,2.730124495881199,2.309842665647465,4.3040611601904155,6.194074232310808,2.811519940502847,3.7003345224386828,4.389297859162999,3.9870424437277165,7.1490627871232615,4.536670403303702,3.3946376362045596,e270dd9d-4a6b-40b3-823f-a46dd9493585.rna_seq.augmented_star_gene_counts.tsv,Tumor,1,TCGA-55-7574
0.8716496839792096,1.8960888498443105,1.972510096186868,2.4404640687641694,1.7267542122437392,3.7908771960914094,2.61686726279747,1.9440579118799188,3.123474798030499,4.978751475730578,2.677850886851521,3.603897344783031,1.576577953751077,4.595918512614567,6.106196736492783,5.390466513258571,3.065090336410557,e2f47d3a-0e1a-47cb-a53f-697e2a3cb89b.rna_seq.augmented_star_gene_counts.tsv,Tumor,1,TCGA-49-4494
1.3319643232358394,1.9192396968076397,1.4938211586130055,2.0719931137536367,1.315872988935335,3.2046744587742033,2.311884698623923,1.8458008569182485,3.5262943688155035,4.824202184570357,1.9244796372153454,2.8372768626915827,2.2494969239204434,3.310378061107304,5.234967452599289,3.7917285718978793,2.607164522872489,e38af20a-f4f2-40dc-82c0-69782f9192d7.rna_seq.augmented_star_gene_counts.tsv,Tumor,1,TCGA-73-4677
0.6854549974960613,1.4850145644990265,1.3106493349987718,2.1422414064506454,1.485781376412058,3.949979967027137,2.555262517750844,2.54617101712459,4.127865529020597,4.739719445236428,2.189610385347314,2.7321491917653398,0.6640002694977781,2.818591649439187,5.716994219420734,3.1926244137149484,2.878342138682762,e3955555-9663-49da-bb98-f6593eb74d7f.rna_seq.augmented_star_gene_counts.tsv,Normal,3,TCGA-91-6847
1.720172530762414,2.8725749438105463,2.9324747106431377,2.9835894070280404,2.1680441532660693,3.529924261400528,2.3439612318288314,2.096391993830462,2.766341376036602,4.182057492807746,4.123238700089343,4.019976464119008,2.7635451161539946,4.939821363763217,5.460652980540665,3.3534361104751285,3.322406302138937,e40ae18a-9f57-4069-b99f-260c93b52e9f.rna_seq.augmented_star_gene_counts.tsv,Tumor,2,TCGA-69-8255
2.1478626243619865,2.6713046229764794,2.352955974573306,2.7533519762018117,2.0065659375443676,3.8337460255397415,2.3614771370774243,2.11702440782995,3.192780599561134,5.018112866971594,2.7878983166886178,3.996645569173408,3.045036183829712,4.51722808008727,6.009460508947076,4.672887156331564,3.0166501983586542,e48cabb8-73cd-4d42-81b0-f9ab7bebecc1.rna_seq.augmented_star_gene_counts.tsv,Tumor,1,TCGA-55-8085
1.6581179744901973,2.263606493618709,1.8597705035357674,2.7141687055284245,1.9226478356463719,4.768268597313988,3.542059593140395,2.719637708199599,4.477185946201156,5.470352818056843,2.525130346709762,3.5068530175238606,2.2666177293659167,3.1834186829617903,6.1363061011687945,3.5132496691194897,2.8077476601734905,e4fe566f-bf64-408e-a422-fef7b855391f.rna_seq.augmented_star_gene_counts.tsv,Tumor,1,TCGA-L4-A4E6
2.77474321485685,2.723815830634879,2.2802812692184444,2.8486788311867017,2.135860409731086,4.3161362395757905,3.095385022879541,2.9943335153325235,4.0225432802658805,5.367810222416565,3.074569830706227,3.5907310256512153,3.510515458435746,3.5464563217058194,6.233353768317671,4.86399940156357,2.9166493089647316,e5ff9d44-3193-4baa-bf04-c86563d3c9a9.rna_seq.augmented_star_gene_counts.tsv,Tumor,1,TCGA-55-8619
2.299856836932965,2.8402303835206433,2.346755610999946,2.6637976639219296,1.9610038457563168,4.3681970128542345,3.1540067461040344,2.7672050211168546,3.3040273411041516,5.743788017834069,2.7895895882872463,4.281152083641814,2.9276282442848576,4.532238733993825,6.681626511083756,4.863315057318864,3.641142652359696,e62d96e9-3e79-4eef-9e5e-568a48dd737b.rna_seq.augmented_star_gene_counts.tsv,Tumor,1,TCGA-05-4434
2.312299381749336,2.5584430255919646,1.8197541940347772,2.187718139677733,1.774450472884106,3.3886227728587746,2.9380272460356442,2.4700623693439554,3.9380166412158584,6.891511001113,2.189264694706009,3.362204769543906,3.1508311903687196,3.3219977657397477,7.700560177753505,5.025626970741886,4.082981512081907,e6992421-f34c-4a68-a218-d53f56d0f562.rna_seq.augmented_star_gene_counts.tsv,Tumor,1,TCGA-75-7030
0.7339460172632257,2.2838339151019653,1.9966896330260366,2.459336706274715,1.839412407752017,3.4023781698596416,2.608306442087937,1.7603034037958294,4.057972657454483,6.031682569579732,2.712591426840003,3.6231416315750278,1.5992271522228865,4.086249627017864,7.229763919535353,5.9234581591587245,4.217379735034305,e789fc5c-1218-4f07-ba95-b54d8fb93e7b.rna_seq.augmented_star_gene_counts.tsv,Tumor,1,TCGA-50-5044
1.8259537183384245,2.5254944421656407,2.1994688587934057,2.6082390815603858,1.854422247361803,3.990453417162856,2.201817765538071,2.494851092422818,2.9148961782621114,4.960794112562001,2.7147219524613417,3.6835961063423883,2.8942410862100516,4.128454079069144,5.955889225373671,4.387595709642755,2.979330460742504,e860f314-beb1-4dfd-adb8-e188f13ca1c8.rna_seq.augmented_star_gene_counts.tsv,Tumor,1,TCGA-05-4418
0.8318806569258264,1.532951504177857,1.3968251720952658,1.5570387482500008,1.2559269643069542,2.5955189962045497,1.5870199596709813,1.9069172000154802,3.0313973668996126,4.687853366789485,1.6757596357401314,2.1173795427084037,1.4585768899182285,4.605018125743036,5.865274304246906,4.371904957379085,2.6970783969311842,e89ecf81-4892-48c8-be13-926f92d5ec97.rna_seq.augmented_star_gene_counts.tsv,Tumor,2,TCGA-44-5644
1.7211078476311061,3.5941585462672303,3.5157110199063584,3.389751932364735,2.6808331640727876,3.6655435970292065,2.673125837759674,2.298088040640498,3.706811770687937,5.930310538119738,4.544914193237439,4.220302647765714,3.0924294240286887,4.521766532696788,6.876155441903679,4.19547662956218,3.4142273976973314,e8ea2e59-65dc-49c9-b6f3-b9335185390d.rna_seq.augmented_star_gene_counts.tsv,Tumor,2,TCGA-91-A4BC
1.3060593976173365,1.9845780650365186,1.809018632348538,2.2273161092583167,1.574993526103937,2.9201384223900915,2.1049828604885428,1.732008394397197,4.020750644546943,5.823968839093834,1.9730190011944373,3.139324953513448,1.6330596349552726,4.459741483184789,7.069421666640133,4.748821065473918,3.337779642173127,e9efd91b-8824-456b-b650-1d0287efbbe8.rna_seq.augmented_star_gene_counts.tsv,Tumor,2,TCGA-95-7039
1.5894461764717573,3.4196837703270533,3.2801455530357626,3.577658136353719,2.5069754270844182,4.134820502515084,2.8893433864941884,2.2519525671245435,3.0596506575230404,5.629607617813621,3.9863009705166927,4.635988734903208,2.216414830401674,4.206846114304346,6.525452114096562,4.986393312180937,3.4707705542815264,e9f19ff2-29c5-4578-9c23-9d58c192ff59.rna_seq.augmented_star_gene_counts.tsv,Tumor,2,TCGA-35-4123
2.148181344128179,3.0989253770855334,2.4749517310918963,2.5856342307044162,1.9907725546851522,3.635704392644979,2.7067552841191054,2.671441926135139,3.1512536648891545,5.3142042109323055,2.901046484153941,4.491837345575451,3.154363444594736,4.237146517079973,6.3820188951103916,5.181866549544178,3.3558748396962423,eaaacefc-a798-4b6e-8471-0fde96a80bb9.rna_seq.augmented_star_gene_counts.tsv,Tumor,2,TCGA-69-7761
0.891527791717545,1.3065461796664928,1.0722142534442232,1.5838997892965119,1.139301414061935,3.3681524547991373,2.2632916167946067,1.951231051923156,3.4092320018162545,4.391386234236894,1.1694438199864499,2.4911663666108117,1.3022228026808336,3.838033444874897,5.449870004216779,4.8042722327942435,2.6971963579033287,ebc79b86-12cb-4a5b-b0e4-4d1017ef22f4.rna_seq.augmented_star_gene_counts.tsv,Tumor,1,TCGA-62-A470
0.734386276424145,1.3118080653812665,1.0407642036145675,1.4754259236900378,0.9788091586181652,3.098156266366099,2.146085743104038,1.5842687320347548,2.92012368505796,4.684595097283713,1.952358027301242,2.5035528444427206,1.0643198577435198,4.323178477380145,5.45650099713899,3.503506513793852,2.8937684857979376,ebf8d429-0437-4987-9bca-89e62910f168.rna_seq.augmented_star_gene_counts.tsv,Tumor,2,TCGA-78-7158
0.8740237301639822,2.1696225478257083,1.8573285667658066,2.1992176793832185,1.5519157647109658,3.250545669540375,2.0357705474426724,1.8324711949615036,3.6269007210525763,5.086214486119121,2.511980658847329,3.072826925266381,1.3989481857837018,4.401146218561699,5.841465028695319,4.266349556473444,2.6400797215125635,ec3a68ca-1006-4f2f-95b5-74d506ceda86.rna_seq.augmented_star_gene_counts.tsv,Tumor,1,TCGA-78-7148
1.0767453868763976,1.8810569503733248,1.8847321093448746,2.187914658045983,1.6127592379249003,3.0882138513676134,1.8369519652371034,2.3201847495750854,2.180720090610403,5.122173746842277,2.346593693132705,3.66508585225501,1.7036308540155412,5.179791197449662,6.039124854350672,4.3402286317099845,3.25006401129233,ec99ae0d-704e-481d-bc90-7b553075a845.rna_seq.augmented_star_gene_counts.tsv,Tumor,3,TCGA-53-7624
1.6960417314971241,1.7650507500351076,1.4040342590872972,1.7297078705702784,1.5673805998733328,2.737127958063688,2.1711072777939617,1.665234746254035,2.536481335083077,4.513231397786642,1.6769896580633004,2.4760295311491145,2.2710579194491043,4.8509433015541,5.462214209589071,4.163600065740364,2.6202586786108837,ecef82f6-3009-4345-a56d-d028535d78fd.rna_seq.augmented_star_gene_counts.tsv,Tumor,3,TCGA-53-A4EZ
1.9989753801097094,1.9573007827137385,1.7979420163110655,2.1538434077997994,1.629004771520455,3.7761142211731205,2.7047142448526214,2.1351843472572463,3.0966317629058135,5.528465502238511,2.1239871157894186,3.3987038125456013,3.021275792085694,4.425830461465541,6.709129568037488,4.049205605441715,2.9268295687690835,ed0926c8-6642-4741-9de6-e04014ba0364.rna_seq.augmented_star_gene_counts.tsv,Tumor,2,TCGA-55-A491
2.209075916770583,2.3508711868439978,2.235058363111402,2.483785145204747,1.7932922228597061,3.159526563069162,2.113417390710037,1.8874915689989613,2.7020462439001935,4.4631066866694535,2.778336049650159,3.717769145316145,3.3183233378174677,4.409906611332581,5.538287359377281,4.9019871380540145,3.49793089898902,ed30ab10-5d65-4aeb-ba72-ec3e9b768cd3.rna_seq.augmented_star_gene_counts.tsv,Tumor,1,TCGA-64-1677
2.168305906069821,2.3248111484252325,1.688474572083235,2.2201105635428244,1.511622502045397,3.1880574589382507,2.5188557860451506,1.7781193752965565,3.2965112075831695,4.586234605666078,2.0936530091812644,3.172766061506859,2.945475734521223,3.5121835121837175,5.213479256697756,3.164555338024658,2.4605892894507564,ed4e21ee-1471-479e-af75-72c91986787a.rna_seq.augmented_star_gene_counts.tsv,Tumor,1,TCGA-75-5146
1.5912412750508833,2.2789530731592675,1.6708531557532065,2.0690170949213793,1.6354458194907566,3.41866058872367,2.491162706475731,1.9099507971276508,3.551465720241283,4.663393158859,2.2355159680726917,3.0598181655749377,2.79652686382718,3.7475580925668694,5.572694759673219,4.001520828324541,2.9216510994872813,eda17fff-892d-440a-af83-b353ea60c478.rna_seq.augmented_star_gene_counts.tsv,Tumor,1,TCGA-86-8669
2.6037827828860896,2.640492489958815,1.5212122782283264,1.7356673456276168,1.3878888188126306,2.7869440327848407,1.812955353341663,2.218499120186334,3.4294150777954346,5.326643268106298,1.6738571213365898,3.269675404903229,3.1977249073546763,2.899782128874064,6.0658789582551425,3.682206045221944,3.065156634747722,ee030015-242a-4dd1-b43c-2c97d5d365d9.rna_seq.augmented_star_gene_counts.tsv,Tumor,1,TCGA-44-6147
1.071044786134888,1.4984272815863422,1.192182903649998,1.5633846484101566,1.089452985902723,3.7145292990161645,2.268604342586754,2.080376743207504,3.3220899416578167,4.983766918413004,1.4921990220478278,2.6290063881629533,1.2852274376980066,4.679906466549362,6.253414270115583,3.94943436890064,3.107764084212639,ee14c1ac-fa18-4be1-b836-a1274abafe28.rna_seq.augmented_star_gene_counts.tsv,Tumor,1,TCGA-75-6207
3.1974403492138737,3.1518293304167933,2.7203668073443454,2.7526075520024693,2.0739641917826463,3.6395846011104176,2.5245012591015277,2.1463705810651605,3.423348643843678,5.82826122444817,3.2288245571250624,3.9625617643886577,4.165110689374643,4.654077889438771,6.872570308246082,4.130200503201786,3.4878930006887208,eecb4e6b-6916-4673-815b-9a5366fe3a86.rna_seq.augmented_star_gene_counts.tsv,Tumor,1,TCGA-49-4487
1.3490463435538798,2.7277590772864833,1.9101185893912853,2.4245476711090643,1.7616926795387504,3.9015807386789487,3.0824544157509193,2.262061524710395,3.705586994581298,5.827539857093534,2.623449395482704,3.6750894901399556,1.8550213297794376,4.225256267998088,6.821530271467028,4.256281741525067,3.4750944408082476,ef11ddff-02bb-44e2-ab77-fadde20acd87.rna_seq.augmented_star_gene_counts.tsv,Tumor,1,TCGA-55-7227
1.0520818479171852,1.3608710727471003,1.2488504576198043,1.9025418987161224,1.4777510341417435,2.669659289718608,1.9546694880083508,1.920384399568953,3.692811944328874,4.610257946404754,1.7306748428831975,2.2993338305041555,1.7597478665295716,3.1884289116450595,5.374229272480987,3.9455546209061647,3.018569122054786,ef19e097-8ae9-4362-b77a-76d8f5399760.rna_seq.augmented_star_gene_counts.tsv,Tumor,1,TCGA-62-A46P
0.6004175001300988,1.2586501215205823,1.455418864814898,2.30326878986224,1.5155260093204501,4.09195408640269,2.3106991397314403,2.14214434083905,2.6696854180340583,4.851625082910057,1.9986491917829152,2.696516882042788,0.9468707606496107,3.939737324068714,5.428378639719015,4.152070913869233,2.6011471613414923,ef304a3b-e32b-450e-8c40-4173aa0a0366.rna_seq.augmented_star_gene_counts.tsv,Tumor,2,TCGA-05-5428
1.5560374373615813,1.9640823721559024,1.533350616372197,2.0513528952511675,1.5982926116326481,4.089816712079698,2.5768860857045603,2.535538679002339,3.6594110767645693,6.709068837473624,1.738742273807616,3.279523676658354,2.443692859048997,4.261568603073634,7.9237957587132,5.0944001636180385,4.017748160090582,efd3731a-0788-41e9-a985-0c3d400d7db3.rna_seq.augmented_star_gene_counts.tsv,Tumor,1,TCGA-86-8055
1.1238072619633426,1.8884882181876559,1.600964708434203,2.0032566859215706,1.651731297313751,3.6075394399562097,2.1690084280695063,1.9982214332412214,3.4370279766699974,5.315312345956965,1.760859191251003,3.335933981141528,1.9433948590313121,4.958563982281954,6.390512139889992,4.964367329711786,3.2038121893186577,f01d4b93-8aeb-4b87-a063-59d7b6057fba.rna_seq.augmented_star_gene_counts.tsv,Tumor,1,TCGA-62-8394
0.9965523930403363,2.5497876756255082,2.4931622467291814,2.714965705822885,2.041914575462542,3.609116529389855,2.2684538205534195,2.220376900820781,3.412997257014894,5.82921819626253,3.324842233804123,3.9440943781174007,1.571282251986056,4.957271322538896,6.987878580918764,5.272548075325759,3.8540347079012314,f0395da6-5f12-4a35-8aa6-0b1b47a2acba.rna_seq.augmented_star_gene_counts.tsv,Tumor,1,TCGA-05-4250
1.5300482065180432,1.853915569244166,1.5955273015184785,1.8933986342170197,1.4300522463412761,3.5556902135712423,1.7895200312018251,2.2887309160438734,4.3225011218266856,6.650195909063837,1.8754980112036295,2.604529986569141,2.5366188909068077,4.573059465301304,7.659363985543024,4.0216735995268476,3.599273333331246,f05d253b-7b64-4ecc-8249-55392326a91d.rna_seq.augmented_star_gene_counts.tsv,Tumor,2,TCGA-55-6975
2.6359398173138318,2.575801300929715,2.0322844744762625,2.268759094646237,1.8024724924608295,3.47986127504175,2.395979725966368,2.0248385456632456,3.382278820462283,5.465925964507436,2.6424019350517045,3.5114572401515756,3.7951925462877325,4.287742406697388,6.4279599094719,4.826323738874561,3.274086360294502,f07f72e3-8bd8-4a16-91b4-e4444c2745d9.rna_seq.augmented_star_gene_counts.tsv,Tumor,1,TCGA-55-8203
1.9547183113735016,3.558147716264857,3.42678282202214,3.154923296243491,2.4760902738198896,3.4401102638110053,2.5592030495112126,2.085424323935744,3.06032836199781,5.688020982888757,4.118655456016953,4.00780782197987,3.5779052544558665,4.300551532607363,6.8924932735125815,4.742410715346029,3.4978360972800018,f1eb1ef7-fe25-4dd8-abed-9d9c298d72fb.rna_seq.augmented_star_gene_counts.tsv,Tumor,1,TCGA-49-AAR4
1.4253398601217968,2.615087003346924,2.7135277792344104,3.1932860780247503,2.3612813749544252,4.362625335369974,2.9663490756760496,2.5717843249281387,3.135790033293111,5.189122257405134,3.6110664026060366,4.387489962928182,2.579300077687936,4.249353886207705,6.114586515814759,4.8399262276641934,3.1597436683433022,f21b5258-2e93-4fe0-bd98-9eb1216e824b.rna_seq.augmented_star_gene_counts.tsv,Tumor,1,TCGA-35-4122
2.0712919751474557,2.8577998124847683,2.20793512071203,2.4927377243098814,1.9008591909940493,3.9153908021202795,2.6670117583025634,2.5330649266817358,4.163093312717199,6.524152943152815,2.8314151492799677,3.756211256236761,3.2287730739484983,3.91110272663009,7.331296773186122,3.687507465543237,3.296892824297557,f30ea4c5-0110-403e-b171-2ea1e35c1ea0.rna_seq.augmented_star_gene_counts.tsv,Tumor,1,TCGA-05-4417
1.365937857645079,2.885788925588884,2.5519154695917545,2.8692432537816286,2.4338854536564667,3.835889552698808,3.1389340871281712,1.7543719073702146,2.9575079563086866,4.676420647669663,3.183129111568494,4.00568287220503,1.9304953296810972,4.641412357911976,5.627990329840545,3.9827693698428575,2.791581618234168,f3b31315-692c-4040-9f89-1a9988ed2fbc.rna_seq.augmented_star_gene_counts.tsv,Tumor,1,TCGA-05-4389
1.1713540288466282,1.874754820825405,1.7784985979199206,2.204132275395376,1.6126684061714327,3.7252017714551577,2.4692123328483246,2.248209415050002,3.332351859800231,5.60482365988023,2.3498065870262397,3.1948749768038236,1.86777106013314,4.094278237317602,6.746856540720159,4.90180960478034,3.688250951502495,f3bf4152-5e1d-42d2-920e-9dfbe2e0dbc5.rna_seq.augmented_star_gene_counts.tsv,Tumor,2,TCGA-44-4112
2.188611791638284,2.761442984086346,2.203173659802844,2.1475823422907108,1.4332086009398328,3.6292945861620107,2.420468713552612,1.9497047554801221,3.1530340797171377,4.059327805930998,2.568801524849835,3.893524839184713,2.417883727528172,3.511612503440178,5.200242835240919,3.2307748370881617,2.6809445566848176,f3d482bb-14e8-4569-bee4-22d7d2a027ea.rna_seq.augmented_star_gene_counts.tsv,Tumor,2,TCGA-55-7725
2.6145344129197476,2.5394989114406736,2.0426441613859008,2.332270623442794,2.032684480053801,3.310226947205386,2.471646814253888,2.3461410962055056,4.409388800585387,5.605780305035486,2.597578888951091,3.1543460491843387,3.507890210656892,3.724241785482512,6.496863178354523,3.714612819955832,3.5262470584599215,f3df8eaf-1fd2-4e08-ad48-ce5aa1d64e19.rna_seq.augmented_star_gene_counts.tsv,Tumor,1,TCGA-95-A4VP
1.1211920556949515,1.7450969530009903,1.7633968523870716,2.2543237818370683,1.527404879354752,3.2670700418854977,1.846710720381875,2.5490190040315364,2.2299800689621443,4.410801892013834,2.152906456344518,2.97739476806597,2.146105573603708,4.784746632259848,5.375605636724498,3.912161124048922,3.3126082050411556,f48a9d85-c3c7-40bc-9215-760ba3b8fa60.rna_seq.augmented_star_gene_counts.tsv,Tumor,3,TCGA-38-4631
0.9513963297670007,1.8730508446502059,1.9383772641889618,3.017544016860684,1.937975092994094,5.233794239433454,3.316096606875483,3.163385363689567,4.022716814642565,4.76305866258206,2.877305808453613,3.420711930060123,1.1001529121950357,2.8829516868709257,5.6950861677774505,3.3200426198213973,3.082969181546869,f4a76e18-60fa-4ef2-91ef-e2d7a1d11c8d.rna_seq.augmented_star_gene_counts.tsv,Normal,2,TCGA-38-4626
2.466286610341122,2.6225709104488515,2.2055569256119463,2.736763586322309,2.1583571293636914,4.045640949162156,2.708089096277129,2.4061607306358206,4.383802847530011,5.655322728612082,2.847621569534798,3.389697585466602,3.4116780537365337,3.936611958415055,6.497166801764792,3.6696734791337695,3.054372002877073,f57240f6-a5e4-4a9f-81d7-b59616d865dd.rna_seq.augmented_star_gene_counts.tsv,Tumor,1,TCGA-86-A4P7
1.4416664772790706,2.547992079844464,1.8997554134229167,2.3903155410893775,1.7589815870387142,4.187617885598496,2.934123820889874,2.455770051711025,4.540848393200724,6.395771974014008,2.3690228827209774,3.842788007929557,1.6469966838411196,4.7834484470593415,7.439553010000196,4.911802187723577,4.121790368103033,f602ef77-0db5-47af-b259-e551c77a4281.rna_seq.augmented_star_gene_counts.tsv,Tumor,1,TCGA-44-7661
2.5114174662445454,2.568180578264379,2.161340270654032,2.7658198104831673,1.9678054435737387,4.15917142607424,3.2386258716008314,2.4409474712604706,4.002419048318154,6.170806644319975,2.43776561455564,3.57987119095435,3.254948460756306,4.082715825418478,7.319365020611267,4.849150744018968,3.61237036519195,f6108b9b-e02f-4608-bec3-bcc0112d05b4.rna_seq.augmented_star_gene_counts.tsv,Tumor,1,TCGA-49-AARO
1.0559424921028788,1.9635201273581768,1.524144170890725,2.1631779405553604,1.5289682888623377,4.087054730257474,2.6491011815053462,2.4007829723646203,3.4632371293988213,6.411033123076733,1.7131161332636133,3.474465838215154,1.809077302031435,4.903996722926609,7.3514313566549845,5.11968942760809,3.662800207114029,f6f15b7f-1af0-4da5-8ca5-a4b488d8f412.rna_seq.augmented_star_gene_counts.tsv,Tumor,1,TCGA-86-8074
2.1361341627416937,2.804738879337688,2.501377081857426,2.829332749693992,2.1440768453389523,3.7540874390101826,2.7373369395088334,2.1566697281764853,2.9334317106795256,5.8550740327738975,3.2530573933850917,4.048832963997803,2.9464542761459684,4.9107693798839485,6.797532069161979,5.094539814089099,3.6547028931380225,f74d61fe-042f-4cfc-a32b-380389629951.rna_seq.augmented_star_gene_counts.tsv,Tumor,2,TCGA-55-A493
1.058939341910061,1.629912237187736,1.5266053173904073,1.9025534395051091,1.5055481433599796,2.782680213354471,2.022165757115208,1.4817450838743114,3.5690151658366465,5.163124896796483,2.3632961066869056,2.834771305377607,1.2331778279266294,5.161111037672756,5.979074656325607,4.206582592316344,2.887995111872587,f77f77e1-073c-4f6a-bc48-1ba165ecc024.rna_seq.augmented_star_gene_counts.tsv,Tumor,1,TCGA-78-7154
1.3343421639996857,2.4039961216007923,1.3340476673265296,1.6833688676848395,1.4038977192614148,3.447204551395078,2.085999112150541,2.335419620549574,3.419494344866387,5.627303863361856,1.0942146433877542,3.137140513520872,1.3192750428380475,3.275660770133985,6.5671922413553725,4.541561241312922,3.427551315415839,f7beaa9b-98ae-40bd-aadc-e69688499170.rna_seq.augmented_star_gene_counts.tsv,Tumor,2,TCGA-44-2665
1.592958753031358,1.6726516556167408,1.3025036114648114,1.6512065108712068,1.1928989766354492,3.207065150004334,1.7720688552586559,2.341371429468778,3.2084747242483354,5.06174575049652,1.9640210091711676,2.4378861448714084,2.6890982340085268,4.409571943274664,6.0426444617352395,4.674088760697417,3.5182303129938077,f8a3b631-5140-45d0-8732-cb556d5f83b2.rna_seq.augmented_star_gene_counts.tsv,Tumor,1,TCGA-55-7910
2.5166973499049075,2.186302301678747,1.8731819423048353,2.5143348263824965,1.7649015276945057,4.455208143916629,2.9378708824169784,2.701876650637352,4.420212629428609,5.523424563047036,2.649627392642082,3.2219806370160873,3.464011807168294,3.233544573654151,6.45319429141524,3.2467855261877876,3.0801827218181894,f8a748c2-91e5-49a2-9095-229476dc9ce5.rna_seq.augmented_star_gene_counts.tsv,Normal,2,TCGA-55-6969
1.5694985164196769,2.2083504950049653,1.7887201494666745,2.079873061276867,1.6334287727052537,3.336109276625564,2.3259871172547997,1.9186132862444059,3.5381155826047728,5.915604823599097,2.5343713085977733,3.403040105554785,2.484057346406084,4.594924889003892,6.83959052915063,4.073792896769646,3.113498663212819,f8cc4515-2576-4a72-9cf1-28dfe774eda9.rna_seq.augmented_star_gene_counts.tsv,Tumor,1,TCGA-55-1595
1.8394602765170636,2.8966983714285264,2.391793494652826,2.7267093940445353,2.0448105303034523,3.9548479668905854,3.0247578647651747,2.5219775816617616,4.01131444004797,5.6407643666870015,3.073414089840381,3.9179904736413267,2.3246778247544877,4.221538702987914,6.736939050787316,4.357643748422833,3.2736050548197015,f99ac82f-4fe6-4a9a-9d49-67c42cf66208.rna_seq.augmented_star_gene_counts.tsv,Tumor,1,TCGA-78-7160
2.0618967551691565,3.124359213638799,2.4857634199298597,2.8800039280466856,2.114643267677118,4.3444187819835784,3.210149773446559,2.6663171542063973,3.7602253569312247,5.892537114194521,3.100381312655431,4.55973069576976,3.299656583199969,4.549507870051185,6.858267593998331,4.401571123588565,3.5108416845588684,fa7777c7-e04a-41db-9ade-0c875c62411f.rna_seq.augmented_star_gene_counts.tsv,Tumor,1,TCGA-55-6979
2.6566193782775653,3.322399217680654,2.755339600586809,3.114373059643613,2.1791362110591463,4.4246113081081715,3.209928121585912,2.8281861575387937,4.450065174918708,5.152342729721175,3.584249313260168,4.560522044949642,3.697627362601743,4.659726819294248,6.087819183063557,3.7293924509519334,3.8005684083621354,facd5609-e5f0-4993-bd84-049447d60d32.rna_seq.augmented_star_gene_counts.tsv,Tumor,1,TCGA-44-6778
1.1163584585032185,1.9899325585838787,1.4946098880527323,1.918499745393332,1.422915422300219,3.2046007002791352,2.3005000741381068,1.6471578741834458,3.0846118858253413,5.211521991331669,2.154073929076742,3.0587552983094612,2.023205295743115,5.058612530354929,6.069041875346817,4.419039550665106,2.9505446247049516,fb3e2838-b073-40c9-824f-3216f940a2c5.rna_seq.augmented_star_gene_counts.tsv,Tumor,1,TCGA-L4-A4E5
1.7232275192532975,2.0956958665238297,1.383686181057501,1.8318934613310665,1.3474112410551522,3.73523042576293,3.003400461412977,1.9570956199362208,3.029282702032108,4.785928497959591,1.4385205545730981,3.133625828998684,1.9874580659023915,5.0156599153373795,5.773820980798085,4.776975948704329,2.700253288642609,fb870a60-4b6d-4e83-b366-bdaaca72f205.rna_seq.augmented_star_gene_counts.tsv,Tumor,2,TCGA-78-7143
2.1049748003293685,2.6923991573637984,2.3329632314865,2.732581673297693,1.9109868010863993,4.001225156401431,2.7113121831219513,2.397879794479393,3.150944098167742,5.757111229067946,3.061853688620503,4.257167721710698,3.3577552580267964,4.983352434504263,6.735802014774606,5.0760186080813625,3.862722473750067,fbb4d953-39c3-4e94-a99c-a8927421709e.rna_seq.augmented_star_gene_counts.tsv,Tumor,3,TCGA-50-6590
0.8484019825625612,1.2360701712452438,0.7881935612989279,1.352551470738037,1.0502224745633453,2.457407587634011,1.9017459936162546,1.4217337483632722,2.858667035480731,4.078377564099194,1.2168669678170527,2.42401796760279,0.7475485390090136,3.4434706497995555,4.9971162264566225,4.585725791256972,2.803131864150349,fbd81adc-aa56-4cde-b1f2-e749e2cbf653.rna_seq.augmented_star_gene_counts.tsv,Tumor,2,TCGA-NJ-A7XG
1.1966680513303847,1.9156881481285495,1.5701305842600053,2.0958014270712226,1.3454213870125504,3.880974925811895,2.7633101896537617,2.5018877708295206,4.022908609790548,5.485638022925683,2.0717567335236926,2.980352718878052,1.5242985738194408,3.586128982384555,6.244364548237446,3.2832372432023806,2.6400854380325884,fc4f0b8e-ced1-4543-a21d-3cbb2d269eb0.rna_seq.augmented_star_gene_counts.tsv,Tumor,2,TCGA-67-4679
0.7481219468622614,1.9231371878442036,1.7350324293479689,2.2923612314745476,1.6066433616406988,4.318398991399147,2.5120924786672036,2.3703579183190544,4.0321520621051725,6.703573227408,2.0977558099991,3.549000474549032,1.2843926893764523,4.693217378424486,7.595427945130541,4.896296433670836,3.7459887778093433,fcb42a31-a716-430f-a0a1-001766fc62b5.rna_seq.augmented_star_gene_counts.tsv,Tumor,3,TCGA-50-5933
1.3044691312975298,2.7346215608433937,2.609950480651826,2.8908853403500316,2.192506951877233,3.8748420477074763,2.520041409670859,2.0548544633225845,2.921837139453795,5.815971091941805,3.213932589182779,3.9614869454103268,2.465130392497425,4.337371962860234,7.133628229349949,4.5303955639770574,3.585052671329673,fcfff41c-378f-49e8-b416-ccd1b9d8b4b4.rna_seq.augmented_star_gene_counts.tsv,Tumor,1,TCGA-86-8672
2.454359396672403,2.1637389330296797,1.5832012859722868,1.8440655040905478,1.4785774544477495,3.6832300796804787,2.4733830442265297,2.4025627050649976,3.8829357089429073,5.902785694085355,1.8987733026951,3.1933167729082377,3.227648718840583,4.053767864790362,6.6166531239729975,3.8768820966631914,3.1885965299586223,fd713184-4bb4-4e1b-a3b8-636273ee6ccc.rna_seq.augmented_star_gene_counts.tsv,Tumor,1,TCGA-44-6147
0.9542274866854907,2.2198285964397066,2.0997301112923052,2.4894641133536686,1.7921206492805068,4.471376866952683,3.1265769599126223,2.696111352423956,4.0569998296029075,6.454143041310694,2.7405363029111354,3.922482725993029,1.4725124685380664,3.574372394915503,7.250129602752884,3.756941183816279,3.9377320917326797,fdd9f9f1-8b02-4b83-a8f6-f28f968bdf54.rna_seq.augmented_star_gene_counts.tsv,Tumor,2,TCGA-55-7816
1.037564316162753,1.4418871943118314,0.946256947393031,1.6199719934692833,1.1024845871543572,3.1315305671227813,1.9727410703951078,1.6236839073466458,3.891371170364684,5.3854088888988105,1.1167304941569172,2.329041748515183,1.7052879208719003,3.336301734342328,6.125910032606709,3.8215219669395504,2.810183299089807,fddbde25-7d5c-496f-8f62-985dbda7e0fe.rna_seq.augmented_star_gene_counts.tsv,Tumor,1,TCGA-97-A4M3
0.8024571482616606,1.0903168680766862,0.9362755469151287,1.5789955440199066,1.0947545989665648,3.074370998506426,1.8770275757348907,1.4401613865702863,3.3157259824634306,4.812212494103972,1.472037543150349,2.352268066267074,1.3060467424262834,3.778128544922,5.424886467865733,4.119345247185195,2.5707836833803315,fe3a5a49-7744-4336-a4b6-0e88f23e21d8.rna_seq.augmented_star_gene_counts.tsv,Tumor,1,TCGA-50-5932
0.7720710161630927,1.3880747529975623,1.2204541166324305,1.5436815857217077,1.2533966480353655,3.5197667338348793,1.7374489981783428,1.867832427188956,3.1245014079575038,5.69996359149836,0.8989974165618526,2.1859221622814498,1.181397901568845,4.2836888912632745,6.722590696698352,4.080670064639074,3.1504899614841895,fe69fb9c-7215-478c-ae5c-44f5d0814b9d.rna_seq.augmented_star_gene_counts.tsv,Tumor,1,TCGA-J2-A4AD
0.8523772098110681,2.3109510700773477,2.0668855000214537,2.374748390180105,1.7259643002933884,3.2720994502561886,2.150994216338908,1.9705907853623241,3.4732590274477197,5.170857533621851,2.843624108936892,3.2908444313570167,1.3486866088496583,3.940645033317006,6.119736985855648,5.454632963048536,3.25364981184497,fe770b01-42c9-48c6-97f8-09f18a374350.rna_seq.augmented_star_gene_counts.tsv,Tumor,1,TCGA-44-A47B
1.5063326465741294,1.8094375510800225,1.3913546717834024,2.010571002088548,1.6059465686141006,3.3342612075694116,2.4260718682835267,1.9327470376628237,3.939439304314145,5.732924089140242,1.9943454458975551,2.7027324911051576,2.2473979212087527,3.680401559989303,6.512576933962425,3.9411797371185635,2.932238401989511,fec056a5-e860-4b68-8fa0-39cb7ad78a62.rna_seq.augmented_star_gene_counts.tsv,Tumor,1,TCGA-62-8395
1.0277753295975822,1.6718127664862048,1.2798368368834925,1.9884922710025705,1.4795148818906632,3.7409233805232023,2.1572924660262736,2.325423599489287,3.6574941036912736,5.442563174127091,1.8238852104020293,2.7709836317861423,1.7704172060387382,4.658821414699626,6.317825161565713,4.255052835368322,3.4111331312357693,fec7a02d-1d67-412d-9d69-df7124864e7a.rna_seq.augmented_star_gene_counts.tsv,Tumor,1,TCGA-55-8507
2.8065546480899943,2.5519521087120136,1.692152515851767,2.2048572496379735,1.637198937043086,3.7978768032231063,3.0599245506309196,2.1663799712665317,3.3960083762611952,5.438354804152062,2.013678153624144,3.5451839916806227,3.522285462870383,3.5256146295136706,6.202677948877003,3.5420412202361335,3.1079252530305035,ff298d6f-071c-417a-acbe-a9ff38494f87.rna_seq.augmented_star_gene_counts.tsv,Tumor,1,TCGA-55-7573
3.129941716310901,2.6338434797256296,1.7813401769174955,2.3877348441369777,1.8126098771652444,3.757895594651537,3.1466879038372957,2.1665896370456488,3.951633864121242,5.480623698253256,2.2256468674549508,3.2869876420969515,4.011453109568701,3.498821486970575,6.110396786205233,3.8709641673821933,3.21170656000083,ff36264d-8485-46e6-8259-0b55f651ed8f.rna_seq.augmented_star_gene_counts.tsv,Tumor,1,TCGA-91-8497
