B_cells,CD8_T,CD4_T,NK,Mono_Macro,DC,Neutrophils,Mast,Endothelial,Fibroblasts,sample,physiotype,case_id,nnls_r2
0.0,0.0,0.0,0.043327671955906255,0.0,0.0,0.0,0.9566723280436071,0.0,0.0,00d461ae-a1d8-42f2-abd8-5e159363d857.rna_seq.augmented_star_gene_counts.tsv,1,TCGA-44-2666,0.18151502497958383
0.3872841134533254,0.0,0.07576356548037216,0.0,0.0,0.07682998916583601,0.004098748793217811,0.0,0.0,0.4560235831061904,00fabec9-d311-4994-a7e5-eb91178d14f2.rna_seq.augmented_star_gene_counts.tsv,2,TCGA-69-A59K,0.021368734489977892
0.2962093556500635,0.0,0.0,0.0,0.0,0.0,0.0,0.13610178401713155,0.3300107284661341,0.23767813186541967,01ebdef8-920f-4b71-8b44-512598962d6b.rna_seq.augmented_star_gene_counts.tsv,1,TCGA-99-8032,0.06115150084598997
0.0,0.0,0.0,0.0,0.0,0.0,0.0,0.0,0.0,0.0,020a2284-03f3-4439-89bb-2292ebc3ecd2.rna_seq.augmented_star_gene_counts.tsv,2,TCGA-95-7562,4.296563105299356e-14
0.0,0.08682482031230873,0.22533681595958263,0.037539185320290776,0.10491548792965966,0.09920593968479788,0.04011205887382233,0.0,0.21206784971217538,0.1939978422072154,02f6c9d4-8296-4e00-9e78-4f4d8c942340.rna_seq.augmented_star_gene_counts.tsv,3,TCGA-91-6848,0.43041750806937207
0.06984122472995329,0.01814476833759065,0.16962908170358396,0.0,0.0,0.11884328566952133,0.11163345097804976,0.33817471653865366,0.11620441460375659,0.057529057438641756,0326e97a-2ec7-4038-98f3-03d94962d869.rna_seq.augmented_star_gene_counts.tsv,2,TCGA-97-7546,0.3485523201239995
0.0,0.0,0.0,0.9999999999891436,0.0,0.0,0.0,0.0,0.0,0.0,03c7ece7-500d-4c38-a600-bd6863562bfd.rna_seq.augmented_star_gene_counts.tsv,3,TCGA-49-AARQ,0.0015518808367654957
0.8619073441529593,0.0,0.0,0.0,0.0,0.0,0.0,0.13809265584571317,0.0,0.0,044b4834-bb51-40c8-8027-e5d752fa8787.rna_seq.augmented_star_gene_counts.tsv,1,TCGA-55-8616,0.08635126514144287
0.0,0.0,0.0,0.0,0.0,0.8146359588262505,0.0,0.0,0.1853640411705131,0.0,04c4affd-ca5d-4ea4-95d1-a6502e80d1af.rna_seq.augmented_star_gene_counts.tsv,1,TCGA-64-1681,0.020011021123895967
0.0,0.0,0.0,0.0,0.0,0.9999999999975692,0.0,0.0,0.0,0.0,04ce9fac-b5f3-4830-935e-9d6ea74ee915.rna_seq.augmented_star_gene_counts.tsv,1,TCGA-MP-A4T6,0.03746772314175295
0.0,0.0,0.0,0.0,0.0,0.0,0.0,0.0,0.9999999999973924,0.0,059b5dc1-45f7-4d7c-b07a-878b6db6d881.rna_seq.augmented_star_gene_counts.tsv,3,TCGA-78-7156,0.027447475227180607
0.0,0.0,0.0,0.0,0.058372778426978036,0.03172386317133185,0.39533982425865843,0.31961621888545255,0.1949473152573787,0.0,05ca3ffd-a4d9-4667-80e2-d15125e88f7c.rna_seq.augmented_star_gene_counts.tsv,2,TCGA-97-A4M1,0.19202701867194483
0.24878365938976826,0.28930650520895246,0.21224430475286887,0.13447364946958798,0.11519188117834953,0.0,0.0,0.0,0.0,0.0,06770623-6a10-4874-9eea-1497077f18ac.rna_seq.augmented_star_gene_counts.tsv,1,TCGA-55-A4DF,0.2599368129437055
0.5132267216875221,0.0,0.02004868605910983,0.0,0.0,0.0,0.0,0.3400427783301045,0.019524701613230108,0.10715711230965975,068ba2ae-288c-446d-8d17-72445ce4f788.rna_seq.augmented_star_gene_counts.tsv,1,TCGA-93-A4JN,0.4949259756324138
0.0,0.0,0.0,0.0,0.0,0.0,0.0,0.0,0.9999999999994511,0.0,06c83065-5800-451a-84a7-7a7f352493ec.rna_seq.augmented_star_gene_counts.tsv,3,TCGA-78-7633,0.30527881565508075
0.0,0.0,0.0,0.0,0.0,0.0,0.9999999999885859,0.0,0.0,0.0,06deab65-ccea-473f-ad0e-7e3928df2e07.rna_seq.augmented_star_gene_counts.tsv,2,TCGA-05-4426,0.0026554405467920095
0.0,0.0,0.0,0.06156334434231329,0.11202796493156209,0.042792480540478885,0.021719336037449178,0.43561249323141565,0.30484806058371844,0.021436320332710385,07c5dadf-e801-4c1f-9109-7a2495407c75.rna_seq.augmented_star_gene_counts.tsv,1,TCGA-97-A4M5,0.5501640689354708
0.0,0.03683285276968778,0.0,0.06428529413137171,0.019320915087683826,0.0,0.267290407195573,0.1408285000730044,0.3710433069899533,0.10039872375249793,07c8891d-1917-45f8-bd1d-4c59d1baafaa.rna_seq.augmented_star_gene_counts.tsv,1,TCGA-91-6830,0.38816056181972847
0.0,0.0,0.0,0.0,0.0,0.0,0.0,0.0,0.0,0.0,0832f2ee-ad00-42c7-8cc3-9c63a7b5cea9.rna_seq.augmented_star_gene_counts.tsv,2,TCGA-78-7163,1.432187701766452e-14
0.0,0.0,0.0,0.0,0.0,0.0,0.0,0.0,0.0,0.9999999999968191,085fd4df-27f7-4680-a0b5-8726f9eab370.rna_seq.augmented_star_gene_counts.tsv,2,TCGA-49-4512,0.03526200337202423
0.0,0.0,0.0,0.0,0.3630574372459989,0.20131353987784814,0.0,0.0901355865398292,0.0,0.3454934363355242,087c2c93-d071-41e1-a2e8-a1961ba54a86.rna_seq.augmented_star_gene_counts.tsv,1,TCGA-86-8073,0.22468810839500408
0.0,0.0,0.0,0.0,0.0,0.0,0.0,0.0,0.0,0.0,094bd5ef-b1ca-46c6-b717-2519e5a6151b.rna_seq.augmented_star_gene_counts.tsv,3,TCGA-71-6725,1.5987211554602254e-14
0.0,0.3421376660636628,0.12941264486890236,0.06054250861357494,0.18097634839248003,0.041926330468125855,0.24500450159296439,0.0,0.0,0.0,09728f38-787f-4868-b28d-8cf6afa3c71b.rna_seq.augmented_star_gene_counts.tsv,1,TCGA-05-5425,0.37563192357694886
0.0,0.0,0.0,0.0,0.0,0.0,0.9999999999921494,0.0,0.0,0.0,0a11e8dc-5d34-4fcb-b2dc-aa57b4e90fc9.rna_seq.augmented_star_gene_counts.tsv,3,TCGA-78-7146,0.0029103239492781485
0.0,0.0,0.0,0.9999999999982747,0.0,0.0,0.0,0.0,0.0,0.0,0a4e0b83-7afa-475b-8586-e9e79e31d6d2.rna_seq.augmented_star_gene_counts.tsv,2,TCGA-62-A471,0.04835793864908333
0.007614019688428051,0.05406477386713503,0.1383253285666602,0.10154908176487126,0.2278086960340917,0.10812887163660302,0.21680748865854418,0.0,0.14570173978346324,0.0,0a5dab01-33ff-41d1-8842-7b7f18a6efe0.rna_seq.augmented_star_gene_counts.tsv,1,TCGA-91-6828,0.39531458878317305
0.4380845409402316,0.0,0.2400170696283224,0.3218983894307547,0.0,0.0,0.0,0.0,0.0,0.0,0b55cf48-41ca-4d54-a6c6-fa15c711370b.rna_seq.augmented_star_gene_counts.tsv,2,TCGA-44-3917,0.09217970738711223
0.030325957364805766,0.5735460971738975,0.07264912764942975,0.1542803102584397,0.16629016651893455,0.0,0.0,0.0,0.0,0.002908341034046722,0ba8665b-be52-4288-838a-8f5d189f809d.rna_seq.augmented_star_gene_counts.tsv,2,TCGA-49-AAR3,0.36036535177503937
0.01122261379826214,0.0,0.07969449941197587,0.0,0.35662509181711316,0.14303146891576868,0.04270688230597659,0.0,0.1570154476177806,0.20970399613299948,0bb88c14-58c0-45d8-a8f3-f41840f62d37.rna_seq.augmented_star_gene_counts.tsv,2,TCGA-44-6777,0.6340324523023286
0.0,0.0,0.004286455964171986,0.0,0.0,0.0,0.0,0.3061627208536954,0.19681519929897653,0.49273562388262193,0e3e11b9-9f43-4a0d-8665-023fae9f8b00.rna_seq.augmented_star_gene_counts.tsv,1,TCGA-38-6178,0.3710962860570357
0.0,0.0,0.0,0.0,0.0,0.0,0.0,0.0,0.0,0.0,0f6c0159-7342-4519-83f5-52c2d457c4f8.rna_seq.augmented_star_gene_counts.tsv,2,TCGA-78-7147,3.0753177782116836e-14
0.0,0.0,0.0,0.0,0.0,0.0,0.0,0.6855635438947814,0.0,0.3144364561040126,1084d48c-88e8-4d67-9049-d0e4cd7f9535.rna_seq.augmented_star_gene_counts.tsv,3,TCGA-62-A46V,0.08788676247802074
0.4821191110894209,0.05649855970896269,0.038847554473014814,0.0,0.0,0.014797829411658792,0.0,0.32453555005315554,0.08320139526344893,0.0,1205cc6a-c42f-44c8-bf1c-84ef49eaaee4.rna_seq.augmented_star_gene_counts.tsv,2,TCGA-50-8457,0.519447168216894
0.03255817638465017,0.23676354717135242,0.29320375495655465,0.004919342202428922,0.010731473601333258,0.1470724509654529,0.0,0.0,0.21515406840630982,0.0595971863117179,129a4f1c-81ee-4ebb-8c97-0a60fcc114d6.rna_seq.augmented_star_gene_counts.tsv,1,TCGA-99-7458,0.5481357466811587
0.3696157893735116,0.024800635921268844,0.2966924110155559,0.0,0.0,0.1928023150958901,0.0,0.0,0.09287167912716102,0.023217169466343664,12beb3ab-f6e1-42b0-af74-1a8cbb3416c0.rna_seq.augmented_star_gene_counts.tsv,1,TCGA-J2-A4AG,0.5014228757365324
0.0,0.0,0.15438872577415122,0.0,0.15266916275126166,0.1101963458511762,0.03291864761630921,0.1674181947609694,0.025447565797509723,0.35696135744848606,12da2172-3304-4dad-bd80-3039e6d49de3.rna_seq.augmented_star_gene_counts.tsv,1,TCGA-J2-8192,0.7002273149302086
0.04986187070852809,0.0,0.30928106911842074,0.0,0.0,0.22283646907479812,0.01621497053069421,0.295462456481381,0.10634316408584432,0.0,131b98d5-aaf4-4a6c-bb96-c33895cd814a.rna_seq.augmented_star_gene_counts.tsv,1,TCGA-97-A4M7,0.41948249321065145
0.0,0.0,0.0,0.0,0.0,0.0,0.0,0.0,0.9999999999984437,0.0,131c0149-e810-4004-97e0-6c8a4aa9049d.rna_seq.augmented_star_gene_counts.tsv,2,TCGA-97-8179,0.09553769942770818
0.1418615135148657,0.1073036248225868,0.3660595542524445,0.0,0.02645593229461007,0.24542794529655929,0.06035849858569075,0.03578514692843407,0.0,0.016747784304522784,143cbdd4-689e-4ba9-b0ad-069629dc7dfa.rna_seq.augmented_star_gene_counts.tsv,1,TCGA-97-A4M6,0.41677081504727287
0.33220894472151835,0.05627809006076807,0.0805649017120832,0.017925190637659332,0.02604810408194242,0.0576688277344108,0.030225447581140374,0.3487927449217918,0.030218815199714213,0.02006893334886523,145db6c5-f7ad-4e2f-88f1-d68bc457848a.rna_seq.augmented_star_gene_counts.tsv,1,TCGA-97-8172,0.7419595752885246
0.0,0.0,0.08898286911858419,0.0,0.595736842807436,0.20654986174655543,0.10873042632667393,0.0,0.0,0.0,14797b04-c56a-4ceb-bd0f-a4e785e90f75.rna_seq.augmented_star_gene_counts.tsv,2,TCGA-05-4398,0.3168848217849882
0.03563391861884575,0.3646120171482148,0.11833606570030505,0.2810109697826482,0.1418425549112133,0.0435777757248963,0.014386435627563017,0.0,0.0,0.0006002624862019411,14aca23b-01ce-4532-8f2f-3b22b05a4757.rna_seq.augmented_star_gene_counts.tsv,1,TCGA-55-8089,0.6314820154668467
0.0,0.0,0.0,0.0,0.0,0.0,0.0,0.0,0.0,0.9999999999990181,14e05372-1acb-4479-904b-ce8acef028eb.rna_seq.augmented_star_gene_counts.tsv,2,TCGA-78-7150,0.24811639575499878
0.23563216580360918,0.22214342139408416,0.26914446880742465,0.08978915879276522,0.019102345413989735,0.07850928116367512,0.029445800105060583,0.0,0.015592708701950113,0.04064064981733135,156a175b-b419-4089-8541-7318e3dee78a.rna_seq.augmented_star_gene_counts.tsv,1,TCGA-MP-A4TJ,0.7625053513601733
0.0,0.0,0.0,0.0,0.0,0.0,0.0,0.0,0.0,0.0,160dd8d4-3262-4789-bd92-d5470bc7d41b.rna_seq.augmented_star_gene_counts.tsv,1,TCGA-62-A46S,3.9968028886505635e-14
0.0,0.0,0.0,0.0,0.0,0.0,0.0,0.9999999999110366,0.0,0.0,186b7ed8-cc25-45b6-bf7d-25d7a3a2154a.rna_seq.augmented_star_gene_counts.tsv,3,TCGA-91-6836,2.3480783519325144e-05
0.0,0.0,0.027716190119533007,0.2872518661507245,0.08972777461737767,0.27940712488778974,0.05336432406627435,0.05374892548422401,0.0046608699999090685,0.20412292467401655,1890feb6-9f7f-4437-9828-198ff43e16b0.rna_seq.augmented_star_gene_counts.tsv,1,TCGA-44-3398,0.16130934716171985
0.0,0.0,0.0,0.6305573522206747,0.0,0.0,0.0,0.0,0.3694426477752223,0.0,19853c82-c205-4af9-badd-82946eec14ad.rna_seq.augmented_star_gene_counts.tsv,2,TCGA-78-7220,0.007181053417796401
0.953839052694203,0.0,0.0,0.0,0.0,0.0,0.0,0.04616094730508647,0.0,0.0,1a0143ed-cd70-498f-b094-bc71b6921fb3.rna_seq.augmented_star_gene_counts.tsv,1,TCGA-55-A4DG,0.3740880617695651
0.10181197767729376,0.0,0.13834144735363224,0.019943925641615377,0.13979284315645554,0.03939299436350383,0.07976996423680822,0.0,0.0019589689932042733,0.4789878785773572,1aa0401e-b389-4852-87ef-e1ae357b76dc.rna_seq.augmented_star_gene_counts.tsv,1,TCGA-50-8459,0.6828333495237683
0.0,0.0,0.0,0.0,0.0,0.0,0.0,0.0,0.0,0.0,1c66cca9-ad78-44e5-ab54-be31d4a66437.rna_seq.augmented_star_gene_counts.tsv,1,TCGA-MP-A4T7,4.141131881851834e-14
0.17581802215913322,0.0,0.12637040590269347,0.26463910810978125,0.0,0.0,0.0,0.36189852624511915,0.0,0.0712739375826569,1ca692e6-1dff-4d84-ace1-671bac7b9f61.rna_seq.augmented_star_gene_counts.tsv,2,TCGA-44-4112,0.058540477867022656
0.9999999999985141,0.0,0.0,0.0,0.0,0.0,0.0,0.0,0.0,0.0,1d7be20b-b4ca-47bb-9552-689f2e3ff0f7.rna_seq.augmented_star_gene_counts.tsv,1,TCGA-44-A4SU,0.13417647764635188
0.0,0.0,0.07860688726354266,0.921393112723773,0.0,0.0,0.0,0.0,0.0,0.0,1da64d9f-f5dd-4017-bf82-d1a61512b56b.rna_seq.augmented_star_gene_counts.tsv,2,TCGA-67-3770,0.001302450547896128
0.34024892990073163,0.12515159337265755,0.29634824036972895,0.0,0.0,0.23825123635612083,0.0,0.0,0.0,0.0,1e3d606d-e374-460c-a046-b6c98aa8256b.rna_seq.augmented_star_gene_counts.tsv,1,TCGA-67-6217,0.21382486723390437
0.0,0.952878104829896,0.0,0.047121895166791224,0.0,0.0,0.0,0.0,0.0,0.0,1efac920-fb46-4ac8-b8b1-d1f2743edefe.rna_seq.augmented_star_gene_counts.tsv,1,TCGA-55-7907,0.052426474137095336
0.0,0.0,0.0,0.0,0.0,0.0,0.0,0.0,0.24634602716057266,0.7536539728389949,1f71e82c-0781-4d19-bc26-6c3c176827c5.rna_seq.augmented_star_gene_counts.tsv,1,TCGA-50-5946,0.512703314162873
0.05930830658680603,0.03979423235339656,0.15535367372404163,0.0,0.10526951197739765,0.010756954643245992,0.4143467784288468,0.018559729888111522,0.007632327024720336,0.18897848537314213,1f7293ad-85b2-4d42-afcc-88cf1027cf5f.rna_seq.augmented_star_gene_counts.tsv,2,TCGA-44-3396,0.35958260795777497
0.0,0.0,0.0,0.0,0.8701646340270947,0.05769588746469552,0.07213947850678842,0.0,0.0,0.0,1f7938f1-e04e-4ed0-8189-3d701c6fef72.rna_seq.augmented_star_gene_counts.tsv,1,TCGA-05-4403,0.10282768341899207
0.0,0.0,0.0,0.0,0.0,0.0,0.0,0.0,0.9999999999672844,0.0,20cddb4c-1ad4-4f0e-bd5e-3071f573b2d0.rna_seq.augmented_star_gene_counts.tsv,1,TCGA-97-7547,0.0004008674333844109
0.0,0.18541178986042972,0.17814527300118657,0.07001119657795594,0.059806755067126426,0.3216969931071713,0.05385735688514594,0.13107063550053485,0.0,0.0,20ecdb2d-16ad-437b-ac0e-b84339c769a6.rna_seq.augmented_star_gene_counts.tsv,2,TCGA-97-A4M0,0.22528448415875024
0.0494247435897001,0.08424887157090584,0.5880169715244893,0.0,0.0,0.0,0.0,0.0,0.0,0.2783094133144447,2172f060-6402-44dc-a918-2f9c15c21fa4.rna_seq.augmented_star_gene_counts.tsv,2,TCGA-55-7815,0.24581230493300743
0.0,0.0,0.0,0.0,0.0,0.0,0.0,0.0,0.9999999999985402,0.0,21a80f43-21be-4549-901b-c99083021c30.rna_seq.augmented_star_gene_counts.tsv,2,TCGA-62-8397,0.020422063653931066
0.0,0.16382944070010938,0.27481677806396104,0.01681675409031564,0.2990572031034614,0.19709005388982262,0.027639785633343388,0.0,0.02074998451886523,0.0,21eea21d-7db3-4f85-a9e4-72cbb562b5ed.rna_seq.augmented_star_gene_counts.tsv,1,TCGA-62-A46U,0.5630815722357749
0.9999999999963122,0.0,0.0,0.0,0.0,0.0,0.0,0.0,0.0,0.0,22002e84-1d7a-4f93-9934-9d74f45195c0.rna_seq.augmented_star_gene_counts.tsv,2,TCGA-55-7914,0.024975743209761925
0.23967680990476858,0.12401984517318432,0.20687329438306748,0.0730073227540149,0.15469358430649044,0.11129877344064891,0.0,0.023295580041970486,0.004537337479377255,0.0625974525163535,2276a330-e86b-46e1-be45-ae41d217ef66.rna_seq.augmented_star_gene_counts.tsv,1,TCGA-97-A4LX,0.7356783225568644
0.6070783330443719,0.0,0.0,0.0,0.0,0.0,0.0,0.0,0.0,0.3929216669540273,22c48da7-f220-43f4-a1b0-fd57358f7ae7.rna_seq.augmented_star_gene_counts.tsv,1,TCGA-50-5930,0.07629814988643968
0.0,0.0,0.0,0.0,0.0,0.0,0.7166110254531758,0.0,0.28338897454580386,0.0,22cd91fc-54c5-43e0-80ff-19a419298721.rna_seq.augmented_star_gene_counts.tsv,2,TCGA-L9-A5IP,0.06424180101865506
0.0,0.0,0.0,0.0,0.0,0.0,0.0,0.0,0.0,0.0,22d87348-bca7-4428-b8e2-2f161d77bcc5.rna_seq.augmented_star_gene_counts.tsv,1,TCGA-69-8253,3.219646771412954e-14
0.4715395271098573,0.13939142204826707,0.17572684617546205,0.04982930457269269,0.0,0.1018245916566312,0.0,0.0,0.018857680605904637,0.04283062783111402,2301103f-5cbe-4cb6-b5da-0b83b39e4616.rna_seq.augmented_star_gene_counts.tsv,1,TCGA-50-5055,0.6826585648966665
0.9254012173673368,0.0,0.06749367988911227,0.007105102742782765,0.0,0.0,0.0,0.0,0.0,0.0,2306a9ab-37ae-4dfd-b992-4f62022c3d4c.rna_seq.augmented_star_gene_counts.tsv,1,TCGA-95-A4VK,0.31404656673956743
0.0,0.0,0.0,0.0,0.0590779255913083,0.9409220744042788,0.0,0.0,0.0,0.0,233b6aa7-9d3f-4db0-a900-03f7cf4d0ac4.rna_seq.augmented_star_gene_counts.tsv,1,TCGA-NJ-A55O,0.012706182463059434
0.0,0.0,0.0,0.0,0.0,0.0,0.0,0.6580911001238573,0.34190889987549794,0.0,23aeef43-0657-45f1-835e-52a829f0bea2.rna_seq.augmented_star_gene_counts.tsv,2,TCGA-55-8506,0.10168206057503604
0.0,0.0,0.0,0.0,0.0,0.0,0.0,0.0,0.9999999999948365,0.0,25212f64-8017-4b93-b171-10a830558566.rna_seq.augmented_star_gene_counts.tsv,1,TCGA-55-8090,0.01183035713779046
0.0,0.0,0.38356287672675976,0.0,0.25774014613424023,0.05107202430280338,0.11411853429708767,0.0,0.18066855141213747,0.012837867126695279,256e320c-e4de-4918-b3bc-b71657bfd4cc.rna_seq.augmented_star_gene_counts.tsv,1,TCGA-86-7953,0.32961191749923946
0.05785921376448343,0.0,0.0,0.0,0.028098034861474823,0.46184285467324043,0.0,0.35603296149090824,0.09616693520963614,0.0,258b0b5e-2b09-4378-9606-83955ca19d7c.rna_seq.augmented_star_gene_counts.tsv,1,TCGA-05-4249,0.2292778859639355
0.0,0.0,0.0,0.0,0.0,0.0,0.0,0.0,0.0,0.0,25a6fe1b-0472-489f-a721-f596395badb1.rna_seq.augmented_star_gene_counts.tsv,1,TCGA-55-7576,8.471001677889944e-14
0.9459395860880182,0.0,0.0,0.0,0.0,0.054060413909911606,0.0,0.0,0.0,0.0,25ef25f6-9982-41ad-9823-62763c6c29eb.rna_seq.augmented_star_gene_counts.tsv,1,TCGA-MP-A4SW,0.07235005709408582
0.0,0.0,0.0,0.0,0.0,0.0,0.0,0.0,0.0,0.9999999999984563,268f14f5-e6f7-413a-90a6-20a205012246.rna_seq.augmented_star_gene_counts.tsv,1,TCGA-55-8505,0.11926010898689521
0.09931058537049144,0.0,0.500647709286882,0.20286558698047702,0.0,0.13296039507475438,0.0,0.06421572328709571,0.0,0.0,26fdaa75-cea5-4355-b3b1-6b5c2c75e542.rna_seq.augmented_star_gene_counts.tsv,2,TCGA-44-5645,0.15678242383559537
0.0,0.3650524157493925,0.1648833258864122,0.25519698187213996,0.10812174068351746,0.0,0.01670181321121734,0.0,0.0,0.09004372259706937,27266d85-3f2c-489f-9e5d-663d94ae9f55.rna_seq.augmented_star_gene_counts.tsv,2,TCGA-50-6592,0.4360821252472168
0.4597128924061267,0.05473815061140582,0.18464406242611195,0.05333205119905321,0.0,0.0,0.0,0.0,0.0,0.24757284335678886,27e24fc6-af40-4152-8424-a9d365c717d9.rna_seq.augmented_star_gene_counts.tsv,1,TCGA-55-8511,0.31004346607166366
0.06581582682021392,0.19080711977269962,0.22689872834218816,0.07194909635084752,0.2065280987312569,0.10193999883909043,0.0,0.013227404397840457,0.07368377117575352,0.049149955569952324,28e5e6cc-60b0-4324-b05e-d05af474da90.rna_seq.augmented_star_gene_counts.tsv,1,TCGA-69-7978,0.6309043975218178
0.0,0.029767169386166605,0.03635842977649914,0.04604027013756609,0.04035358404542738,0.0,0.0,0.0,0.3780264538944601,0.469454092759685,29000c50-6667-4281-a97a-5f02cb24a8f4.rna_seq.augmented_star_gene_counts.tsv,2,TCGA-50-6595,0.6391641489630713
0.0,0.0,0.0,0.35467736154717516,0.0,0.1688250273576441,0.0,0.02167093968662,0.45482667140753713,0.0,2a05b2c0-f94d-4c07-889a-def7131895bd.rna_seq.augmented_star_gene_counts.tsv,1,TCGA-86-A4JF,0.042787105787551405
0.0,0.6632786724639217,0.21917589975542442,0.08753121475341112,0.0,0.018939627765540545,0.011074585261347544,0.0,0.0,0.0,2a48ffd2-9212-48f4-a836-7572eb2feffe.rna_seq.augmented_star_gene_counts.tsv,2,TCGA-62-8402,0.39539219780960566
0.0,0.0,0.0,0.0,0.0,0.0,0.0,0.0,0.0,0.0,2a53d9f7-430a-45c5-9171-8ee65dc560dd.rna_seq.augmented_star_gene_counts.tsv,2,TCGA-44-7667,2.0761170560490427e-14
0.0,0.0,0.0,0.0,0.0,0.0,0.0,0.0,0.7573673615994863,0.24263263839933463,2aef96ea-5379-4066-8df1-66218ab77425.rna_seq.augmented_star_gene_counts.tsv,2,TCGA-44-8117,0.12402296924796097
0.0,0.23273841209775403,0.20573271031205348,0.21229532223973513,0.07394843435712903,0.1858842467968992,0.042692515019944775,0.014418767278143337,0.032289591898068036,0.0,2b99d8d7-f329-4fe6-97b5-167953311755.rna_seq.augmented_star_gene_counts.tsv,1,TCGA-95-A4VN,0.39372201474403845
0.0,0.0,0.0,0.0,0.06731453821304516,0.0,0.0,0.0,0.0,0.9326854617864359,2beab6d3-563d-421f-bf4a-7e1f843ec637.rna_seq.augmented_star_gene_counts.tsv,2,TCGA-97-8547,0.4233676014513005
0.0,0.0,0.0,0.0,0.0,0.0,0.0,0.0,0.8092021428513627,0.19079785714570002,2e86db3a-ac57-49d2-8378-5d5e7412eff7.rna_seq.augmented_star_gene_counts.tsv,1,TCGA-50-6673,0.033044210572832244
0.0,0.2091285682777058,0.12841547186524688,0.11056720690574177,0.0,0.08462484067418878,0.0,0.4672639122765708,0.0,0.0,2f00871b-1c4a-4fe9-94f6-42493fd95841.rna_seq.augmented_star_gene_counts.tsv,1,TCGA-80-5607,0.2838909389492762
0.0,0.0,0.0,0.0,0.0,0.0,0.0,0.0,0.0,0.0,2f03d42e-9735-4edb-87d9-ec443b7801a5.rna_seq.augmented_star_gene_counts.tsv,1,TCGA-49-4514,2.0650148258027912e-14
0.06513052137698036,0.3465215634979359,0.12600922624744107,0.14064518936905396,0.09795713186250739,0.16507495199809039,0.0,0.03640085635336917,0.02226055929426205,0.0,2f8abb88-ae9f-4315-bcad-4263862bd11b.rna_seq.augmented_star_gene_counts.tsv,1,TCGA-78-8660,0.2740767519539459
0.0,0.0,0.0,0.0,0.2683462039482859,0.10132445722837119,0.5123136805353534,0.11801565828769994,0.0,0.0,2f966635-6a77-4205-9bab-df5940a973aa.rna_seq.augmented_star_gene_counts.tsv,3,TCGA-91-8496,0.24984236894524714
0.0,0.0,0.0,0.0,0.0,0.9999999999933704,0.0,0.0,0.0,0.0,2fde57cd-97d2-492d-b37d-a4e2d43239cf.rna_seq.augmented_star_gene_counts.tsv,1,TCGA-55-6986,0.010133289326420325
0.0,0.0,0.0,0.0,0.0,0.0,0.0,0.0,0.0,0.0,3041806b-5855-4930-aeb8-a30472658d54.rna_seq.augmented_star_gene_counts.tsv,3,TCGA-4B-A93V,2.0872192862952943e-14
0.0,0.0,0.0,0.0,0.2528475060096276,0.0,0.5012254776541435,0.0,0.0,0.2459270163357768,30a6ea89-8eda-47cf-b336-e070fcd08740.rna_seq.augmented_star_gene_counts.tsv,2,TCGA-NJ-A4YI,0.1407625842227168
0.20113867731495494,0.34217438042813203,0.07708490609087996,0.29892114472198006,0.06620172279635657,0.014479168647449935,0.0,0.0,0.0,0.0,32248a54-89ad-43a3-aa20-1c1897cb0054.rna_seq.augmented_star_gene_counts.tsv,2,TCGA-86-6851,0.5069040546120388
0.0,0.0,0.0,0.0,0.20085145216853992,0.0,0.7227104464944519,0.0,0.0,0.0764381013364254,322ff57d-60a1-45d6-a103-c953d11924f1.rna_seq.augmented_star_gene_counts.tsv,2,TCGA-38-4628,0.09491397551805669
0.0,0.9999999999944906,0.0,0.0,0.0,0.0,0.0,0.0,0.0,0.0,325c7d6b-292d-46e5-85d1-785ae8a48c33.rna_seq.augmented_star_gene_counts.tsv,3,TCGA-44-2659,0.019486918899896732
0.25220354137252193,0.16179042263177465,0.28250811065359077,0.06819152101142431,0.074410196676796,0.07967097541754713,0.004668713716689348,0.05527752015958521,0.0,0.021278998359807642,32675d71-6f79-4b8f-ab7c-e2350b15875c.rna_seq.augmented_star_gene_counts.tsv,1,TCGA-44-A47G,0.4625183431493073
0.0,0.0,0.0,0.0,0.0,0.0,0.0,0.0,0.0,0.0,3289364c-0dc2-43e8-bfe2-57d25e8612e5.rna_seq.augmented_star_gene_counts.tsv,2,TCGA-73-A9RS,2.2426505097428162e-14
0.0,0.0,0.03682640139128023,0.0,0.0881344943600051,0.0,0.11998739950966161,0.22731147076076708,0.12088887592965497,0.4068513580480528,32dd8db9-1e43-497e-a35a-664d7d15ed60.rna_seq.augmented_star_gene_counts.tsv,1,TCGA-55-8091,0.2680354910447468
0.0,0.0,0.0,0.0,0.053124237223919665,0.0,0.36874765885212096,0.0,0.06109468830644274,0.5170334156164967,32e5ef2b-4387-4d2c-8e62-d18b5106414f.rna_seq.augmented_star_gene_counts.tsv,2,TCGA-73-4676,0.032813022759913935
0.0,0.01818062214330549,0.0,0.0,0.028466925518053098,0.14367136855795412,0.013553110599337979,0.7961279731810343,0.0,0.0,330845b9-1d53-47af-8cb7-30ce5d30625d.rna_seq.augmented_star_gene_counts.tsv,1,TCGA-49-4505,0.4688565416402902
0.0,0.0,0.10989429321269126,0.0,0.359644273570195,0.023125713626998997,0.02951876976838754,0.0,0.06019036597492943,0.41762658384651785,3369898e-21d8-4ded-8bbc-a746b1a743ad.rna_seq.augmented_star_gene_counts.tsv,1,TCGA-44-6775,0.33244320864832644
0.0,0.0,0.07222565229115079,0.0,0.45077402284096707,0.0,0.25393297080145916,0.0,0.08669406728386186,0.1363732867823919,33e0a8b2-3e7e-46da-b5ef-76463308d3b9.rna_seq.augmented_star_gene_counts.tsv,2,TCGA-44-2662,0.43074519319047966
0.23612003419863203,0.4086519792938739,0.041620547181907726,0.1335295239146643,0.0,0.09265588993431283,0.013633294904465056,0.0737887305716121,0.0,0.0,34774d7b-1184-4b5f-b6a9-e16c428ca7ce.rna_seq.augmented_star_gene_counts.tsv,1,TCGA-86-8076,0.27295077099943243
0.9999999999983463,0.0,0.0,0.0,0.0,0.0,0.0,0.0,0.0,0.0,34d64c67-b35b-418e-a7b2-759804876762.rna_seq.augmented_star_gene_counts.tsv,1,TCGA-91-6849,0.13178537067573193
0.17705322862964287,0.07204443678246641,0.3087796964875664,0.012885209001856369,0.038147992249641494,0.09618575748974019,0.10809252062480708,0.11843010974648058,0.06007862530093508,0.0083024236866929,35a9d225-0988-4e31-9a39-d54f3a63bea8.rna_seq.augmented_star_gene_counts.tsv,1,TCGA-L9-A743,0.4646237357349734
0.0,0.0,0.0,0.0,0.0,0.0,0.0,0.0,0.9999999999872918,0.0,35fc369e-6f16-415b-badb-380eedb2157b.rna_seq.augmented_star_gene_counts.tsv,1,TCGA-78-7161,0.0011580119956147161
0.0,0.0076906889896790395,0.17077539008536713,0.0,0.18341099276308612,0.15496381323300248,0.049682473800681234,0.0,0.22352320784503155,0.20995343328299243,367864dd-ccd2-473e-9661-6ff4342a4e64.rna_seq.augmented_star_gene_counts.tsv,1,TCGA-73-4658,0.5246879708571275
0.427376573069672,0.0,0.0,0.0,0.0,0.0,0.5726234269277705,0.0,0.0,0.0,36db1d28-8a10-46cc-91ef-d5036aaba9c3.rna_seq.augmented_star_gene_counts.tsv,1,TCGA-05-4432,0.0328501918333578
0.0,0.0,0.0,0.0,0.0,0.0,0.0,0.0,0.0,0.0,36f81494-52c4-49db-9dba-26a0c2de2e8e.rna_seq.augmented_star_gene_counts.tsv,1,TCGA-99-8025,3.0309088572266774e-14
0.2584327092231302,0.0,0.0,0.0,0.0,0.0,0.07737997572243036,0.6641873150538673,0.0,0.0,38fbb0e8-cd18-425d-becf-791c8e8a8911.rna_seq.augmented_star_gene_counts.tsv,1,TCGA-49-AAQV,0.08052116157498834
0.061538287724845396,0.3653596025969791,0.14039550653444058,0.21808777962024878,0.07123056646144545,0.06110349179052513,0.0,0.0,0.0,0.0822847652711307,39807893-979e-44c6-ada9-444c68b863c3.rna_seq.augmented_star_gene_counts.tsv,2,TCGA-MP-A4T4,0.34735033784125835
0.0,0.0,0.0,0.0,0.0,0.0,0.0,0.0,0.0,0.0,39af4940-aeba-4d26-96fc-68da8663bc81.rna_seq.augmented_star_gene_counts.tsv,2,TCGA-49-4486,1.3655743202889425e-14
0.0,0.0,0.0,0.0,0.0,0.0,0.0,0.0,0.0,0.0,3a284d39-2913-4d8c-b46a-9b1e991cfd0b.rna_seq.augmented_star_gene_counts.tsv,3,TCGA-NJ-A4YF,1.6209256159527285e-14
0.0,0.0,0.0,0.0,0.0,0.0,0.29339278239012223,0.0,0.0,0.706607217607941,3a8b14d9-c521-48d4-9400-074d752afe1b.rna_seq.augmented_star_gene_counts.tsv,1,TCGA-MP-A4T8,0.0383429345515468
0.0,0.0,0.08605555849260342,0.0,0.0,0.0,0.008838029754468723,0.3760829480913098,0.31367835235571084,0.21534511130530096,3b21349a-ee41-45bf-87de-19b6cda494d5.rna_seq.augmented_star_gene_counts.tsv,1,TCGA-69-7973,0.09930376947168762
0.0,0.0,0.0,0.0,0.0,0.0,0.9999999999960398,0.0,0.0,0.0,3b286ed4-51bd-4a1e-9eab-b0ee9adf3b72.rna_seq.augmented_star_gene_counts.tsv,1,TCGA-80-5608,0.015199162523174103
0.0,0.0,0.0,0.0,0.0,0.0,0.0,0.08379033890667159,0.4816358564485424,0.434573804642407,3b5d9bee-5e4f-4afc-b297-2f072ef18a93.rna_seq.augmented_star_gene_counts.tsv,1,TCGA-44-7671,0.022050556887834305
0.0,0.0,0.09260887005858455,0.030147933543777775,0.07484921374103075,0.0739481424840256,0.09620836624406211,0.2489742375397981,0.28466636029956754,0.09859687608892072,3c6fdcc9-916b-4ec2-be58-1dd15e7d94a2.rna_seq.augmented_star_gene_counts.tsv,1,TCGA-MP-A4T9,0.46744263975674794
0.0,0.0,0.0,0.0,0.0,0.0,0.0,0.0,0.0,0.0,3ce23908-d2b9-42b0-a409-5fbd767496c2.rna_seq.augmented_star_gene_counts.tsv,2,TCGA-49-6742,2.120525977034049e-14
0.0,0.0,0.0,0.0,0.0,0.0,0.0,0.0,0.0,0.0,3d006e45-8ebf-4ba1-b003-13b711c0d0ee.rna_seq.augmented_star_gene_counts.tsv,2,TCGA-78-7540,1.9539925233402755e-14
0.0,0.0,0.08912846923318452,0.0,0.28549180451296946,0.3500469363690088,0.2176607489454962,0.05767204093901148,0.0,0.0,3ddd596f-b02f-4b51-a837-3c684437600f.rna_seq.augmented_star_gene_counts.tsv,1,TCGA-05-5423,0.2916615203286065
0.0,0.0,0.0,0.0,0.9999999999983977,0.0,0.0,0.0,0.0,0.0,3dde8e24-6a2b-49ab-b4df-c058f18a3851.rna_seq.augmented_star_gene_counts.tsv,2,TCGA-78-7536,0.10144223705793587
0.0,0.0,0.0,0.0,0.0,0.0,0.0,0.0,0.0,0.0,3e08ac76-9fba-40cf-8743-e2e1fb14f067.rna_seq.augmented_star_gene_counts.tsv,3,TCGA-50-6594,2.0650148258027912e-14
0.0,0.0,0.0,0.0,0.0,0.0,0.0,0.0,0.9999999999960931,0.0,3e5fa22c-f02a-4da4-881c-6aa2869058c1.rna_seq.augmented_star_gene_counts.tsv,1,TCGA-86-8281,0.024463028447588075
0.028812929670097673,0.3715245967759976,0.07159267721905264,0.2052111973263604,0.14228169607764368,0.042828324516569316,0.0,0.0679517277063253,0.0,0.06979685070773956,3f579bea-4481-42cd-b433-4f4ff65cf7b0.rna_seq.augmented_star_gene_counts.tsv,1,TCGA-44-3918,0.47929686527967097
0.021443199423162747,0.0,0.0,0.0,0.005052850028166369,0.174667472799022,0.023798751003226336,0.7750377267461972,0.0,0.0,3f79d678-e5d5-443e-a7df-187c2acd2b2c.rna_seq.augmented_star_gene_counts.tsv,1,TCGA-44-6148,0.5191727117946028
0.0,0.0,0.0,0.9999999999996209,0.0,0.0,0.0,0.0,0.0,0.0,3f7a9aee-2d10-4426-855b-de9a48b278ce.rna_seq.augmented_star_gene_counts.tsv,2,TCGA-05-4395,0.14732025117167558
0.0,0.0,0.0,0.0,0.0,0.0,0.5961326656121482,0.40386733438691647,0.0,0.0,40386f32-719d-480f-9ba7-57e1eea23b30.rna_seq.augmented_star_gene_counts.tsv,1,TCGA-91-A4BD,0.10782522426870933
0.0,0.0,0.0,0.0,0.0,0.39482523153935317,0.0,0.6051747684600366,0.0,0.0,404aadcc-cb30-4dba-b2b3-efd573cd9ffe.rna_seq.augmented_star_gene_counts.tsv,2,TCGA-55-8087,0.1564263191257491
0.0,0.0,0.0,0.0,0.5711533581072226,0.0,0.3945991831623861,0.0,0.03424745872960432,0.0,4102816c-2ab8-4ecb-83b0-4f78c052bcd8.rna_seq.augmented_star_gene_counts.tsv,1,TCGA-55-6543,0.22674887520920262
0.0,0.0,0.0,0.0,0.16896338023524643,0.0,0.0,0.0,0.0,0.8310366197638721,41fde338-9254-4ad2-9806-d7864c2d038e.rna_seq.augmented_star_gene_counts.tsv,1,TCGA-MP-A4SY,0.23639957856898286
0.0,0.0,0.04478025702890828,0.0,0.0,0.15486362121840572,0.0,0.8003561217522137,0.0,0.0,42ecec5f-f097-4d86-a9d9-cf0507b08c42.rna_seq.augmented_star_gene_counts.tsv,1,TCGA-55-8097,0.4524256980922422
0.062490682563910285,0.0,0.025087122761554007,0.0,0.5463499494194162,0.022266554632986935,0.04358722440419862,0.0,0.004670750613678118,0.29554771560385457,430458f1-86d8-4ec8-a8fe-6a58ac832bdd.rna_seq.augmented_star_gene_counts.tsv,2,TCGA-05-4382,0.4496693139352035
0.0,0.0,0.16415508485036842,0.0,0.0,0.0,0.08350881328194015,0.0,0.18700654840707884,0.5653295534602075,45310b76-8ea1-4d13-9d9f-1f1d874e0285.rna_seq.augmented_star_gene_counts.tsv,1,TCGA-44-8119,0.29326487382763
0.0,0.0,0.0,0.0,0.0,0.0,0.0,0.0,0.0,0.9999999999975209,4564496a-31da-4537-abe0-5b3f2455ed13.rna_seq.augmented_star_gene_counts.tsv,2,TCGA-05-5429,0.02819341724237978
0.07486747006180934,0.0,0.0,0.06966724720904134,0.0,0.0,0.0,0.0,0.0,0.855465282725044,461cd8f2-fe53-448d-b6a9-0a95792464c7.rna_seq.augmented_star_gene_counts.tsv,1,TCGA-86-8358,0.01551190787690837
0.0,0.0,0.0,0.0,0.0,0.0,0.0,0.0,0.0,0.9999999999981867,4772e349-a753-4c41-9c48-ae3af0f58520.rna_seq.augmented_star_gene_counts.tsv,1,TCGA-55-A48Y,0.1119398969832276
0.2797519040047341,0.1444044884609344,0.1371889389966244,0.11664984952985255,0.08427453291011021,0.08917873865925968,0.0,0.10694693702593679,0.04160461041227055,0.0,4822db97-46d7-4302-bef9-63086b777e9c.rna_seq.augmented_star_gene_counts.tsv,1,TCGA-93-A4JO,0.38385229729766346
0.0,0.0,0.0,0.0,0.0,0.0,0.4832207148369447,0.5167792851607735,0.0,0.0,482e60ad-222e-4ead-8a3c-a3b44e54aa5e.rna_seq.augmented_star_gene_counts.tsv,3,TCGA-55-A494,0.006477168865237637
0.0,0.6340080657760774,0.0,0.3659919342236053,0.0,0.0,0.0,0.0,0.0,0.0,484f0a13-a636-484b-9880-5066955dee6e.rna_seq.augmented_star_gene_counts.tsv,2,TCGA-64-5781,0.3972312596285553
0.0,0.0,0.17107767211821084,0.0,0.031268210652097644,0.1918359777191622,0.023180518012645923,0.0,0.4521618930117103,0.1304757284856687,48fdafbf-3f8b-46ba-8aa9-f081f0b54739.rna_seq.augmented_star_gene_counts.tsv,2,TCGA-55-A57B,0.22864829167623946
0.0,0.0,0.0,0.0,0.0,0.0,0.9999999999960588,0.0,0.0,0.0,4933c476-e3f3-45b0-b158-dcbe0539644e.rna_seq.augmented_star_gene_counts.tsv,2,TCGA-44-7660,0.007422155311323175
0.0,0.0,0.0,0.0,0.25792358019323275,0.0,0.0,0.0,0.0,0.7420764198059243,4966ebc7-b3d5-49d1-885d-f6ae4a8781e6.rna_seq.augmented_star_gene_counts.tsv,1,TCGA-55-6982,0.2868834122217516
0.9999999999549052,0.0,0.0,0.0,0.0,0.0,0.0,0.0,0.0,0.0,49932944-ad54-4c6c-affc-08a4b76de933.rna_seq.augmented_star_gene_counts.tsv,1,TCGA-55-6984,9.785076319035468e-05
0.0,0.0,0.0,0.0,0.0,0.010860941492001371,0.0,0.10886570272247352,0.0,0.8802733557827027,49ab8f1a-6252-47b0-9f16-63e065f33efd.rna_seq.augmented_star_gene_counts.tsv,1,TCGA-67-3772,0.036241428642015294
0.0,0.0,0.9758927085062306,0.0,0.0,0.0,0.0,0.0,0.024107291493036767,0.0,49acc5ad-6a61-41e1-9acb-4260e932a184.rna_seq.augmented_star_gene_counts.tsv,1,TCGA-55-7570,0.06548529118236779
0.0,0.05290917077791899,0.029538372052831326,0.007664249324846672,0.31036631410856663,0.11848388658378692,0.3300187579498594,0.050043725387012856,0.10097552381504979,0.0,4a1a0323-0cfb-4f33-ba44-0039283f9334.rna_seq.augmented_star_gene_counts.tsv,1,TCGA-75-5126,0.5815242181634763
0.28251560430237654,0.0,0.0,0.0,0.31034690379620716,0.0,0.1239536693426115,0.0,0.2574091175947331,0.025774704963295734,4a39a182-e583-4ff0-a8f0-f73b0f5c4f20.rna_seq.augmented_star_gene_counts.tsv,1,TCGA-50-5939,0.20583736552846288
0.0,0.0,0.0,0.0,0.0,0.0,0.0,0.0,0.0,0.0,4a967e6f-d39a-4fe5-864b-a43e8184a852.rna_seq.augmented_star_gene_counts.tsv,1,TCGA-49-AAR2,1.8540724511240114e-14
0.0,0.0,0.0,0.0,0.0,0.0,0.0,0.0,0.0,0.0,4ad05e6b-e3d8-4048-8f61-1e79e421de0b.rna_seq.augmented_star_gene_counts.tsv,1,TCGA-95-7567,4.718447854656915e-14
0.021039418961419837,0.0,0.0,0.0,0.2781192987597189,0.08754858798649572,0.04038723360255278,0.4359244620429435,0.049671722182573465,0.087309276464002,4b6c958a-7e20-4b88-b30a-2406b123c8c1.rna_seq.augmented_star_gene_counts.tsv,1,TCGA-97-8177,0.3736746789791987
0.1370916890618903,0.611705460855429,0.08694068004120928,0.15564191830790616,0.0,0.008620251733281674,0.0,0.0,0.0,0.0,4b6faa2b-5b8d-4ee5-ac5d-aafa6d95327f.rna_seq.augmented_star_gene_counts.tsv,1,TCGA-64-5778,0.48411848471490004
0.0,0.0,0.11103202248369014,0.0,0.18808032790887952,0.018344437138894783,0.0,0.0,0.06500748578927637,0.6175357266790368,4f721842-9460-4376-b577-59c3731f34a6.rna_seq.augmented_star_gene_counts.tsv,1,TCGA-64-5815,0.7010566288978743
0.0,0.0,0.39003675075756905,0.0,0.10440245618323002,0.3835449810544395,0.004264059339925885,0.007350970273326172,0.11040078239122521,0.0,4f8b284e-7e42-45c5-b7cc-57cc678ec3df.rna_seq.augmented_star_gene_counts.tsv,1,TCGA-44-A47A,0.25876661203940254
0.0,0.0,0.0,0.0,0.0,0.0,0.0,0.0,0.0,0.0,50c308c9-922a-4083-ae09-e5e4d8c437af.rna_seq.augmented_star_gene_counts.tsv,1,TCGA-49-AARE,2.842170943040401e-14
0.0,0.0,0.03994469815634183,0.0,0.16591641992256217,0.0,0.0,0.0,0.22254944273844607,0.5715894391822931,5158a031-b856-4423-9418-031b3107e88f.rna_seq.augmented_star_gene_counts.tsv,1,TCGA-86-8075,0.5380849143244835
0.09124375191900522,0.27798242632825626,0.2306873507460657,0.11516891508002497,0.15725250786693376,0.04061281487497362,0.0,0.0,0.029339650837182533,0.05771258234737537,5241ced4-4a72-40dc-9698-a647fb6d03a4.rna_seq.augmented_star_gene_counts.tsv,1,TCGA-99-8028,0.4908525430551851
0.0,0.0,0.04449514865758179,0.0,0.01620864111788525,0.0,0.056349947698005866,0.0,0.17163687000754532,0.71130939251884,525e9185-ed15-403d-8987-93c50e4b89a1.rna_seq.augmented_star_gene_counts.tsv,1,TCGA-44-6774,0.6956191623254439
0.0,0.0,0.0,0.0,0.1464449285939915,0.0,0.0,0.17120570757860018,0.0,0.6823493638267155,52b34ef3-a814-4aa9-a395-6beea6a71f11.rna_seq.augmented_star_gene_counts.tsv,1,TCGA-05-4405,0.3342551934989334
0.0,0.0,0.37354667143272813,0.0,0.0,0.3102993162462081,0.0,0.0,0.31615401231776225,0.0,52beaa60-92f3-48cf-a695-78bb66ccd4f6.rna_seq.augmented_star_gene_counts.tsv,1,TCGA-55-6970,0.019461681287099464
0.0,0.0,0.0,0.0,0.0,0.0,0.0,0.0,0.7299522113135472,0.2700477886784233,52e52b5d-4112-4616-8ddd-2a4524a91778.rna_seq.augmented_star_gene_counts.tsv,3,TCGA-50-6591,0.0010007212421514478
0.0,0.0,0.0,0.0,0.0,0.0,0.0,0.0,0.3675940901839875,0.6324059098147081,53244201-6282-42ea-9da4-31524ca39bf8.rna_seq.augmented_star_gene_counts.tsv,2,TCGA-86-8279,0.07796901846168947
0.0,0.0251389242846463,0.0,0.0,0.27178908690400433,0.5903701638695872,0.11270182494113987,0.0,0.0,0.0,534541e5-89a2-46bc-98d3-1fed57d6e4c1.rna_seq.augmented_star_gene_counts.tsv,1,TCGA-62-A46Y,0.24774135394369445
0.0,0.0,0.0,0.0,0.0,0.0,0.0,0.0,0.0,0.0,5418228b-cfd0-4580-87c6-3ebf6282ad73.rna_seq.augmented_star_gene_counts.tsv,3,TCGA-55-6972,1.0547118733938987e-14
0.5762212682073261,0.0,0.0,0.0,0.0,0.0,0.0,0.019919925574917237,0.0,0.40385880621705905,5444c7d2-9c7e-4b9e-a8ee-7d64c375be17.rna_seq.augmented_star_gene_counts.tsv,1,TCGA-MP-A4TD,0.3090474468964134
0.0,0.0,0.0,0.0,0.0,0.0,0.0,0.0,0.9999999999966334,0.0,55071ef3-bf09-43a2-a54c-a9ec61a84615.rna_seq.augmented_star_gene_counts.tsv,1,TCGA-86-7713,0.013921051642752591
0.0,0.0,0.015104444694261338,0.008911970730585372,0.3600669821105107,0.1045298238981738,0.08197297998819593,0.0,0.42941379857805245,0.0,5541c1a3-e0e5-4ded-ae0a-687e87a7d708.rna_seq.augmented_star_gene_counts.tsv,2,TCGA-75-6203,0.5359131109932322
0.0,0.11246288967675172,0.8875371103174275,0.0,0.0,0.0,0.0,0.0,0.0,0.0,555b77b9-d686-4f0e-a099-25bd5715a5e9.rna_seq.augmented_star_gene_counts.tsv,2,TCGA-50-6597,0.00478725005571512
0.0,0.0,0.0,0.0,0.0,0.0,0.0,0.0,0.38827391343679163,0.6117260865498982,55e5447a-96d1-4d95-91ad-b5790392bbfa.rna_seq.augmented_star_gene_counts.tsv,1,TCGA-50-5072,0.0017399526389308972
0.0,0.528205377359392,0.0,0.4717946226403972,0.0,0.0,0.0,0.0,0.0,0.0,56081bb7-480c-446f-9e21-41627df3b569.rna_seq.augmented_star_gene_counts.tsv,3,TCGA-95-7944,0.5663677663337308
0.017708847936824684,0.038098278859771684,0.04904097852133493,0.0,0.35768277967522877,0.15856226491131198,0.19921937429540124,0.11776569882348405,0.061921776976483316,0.0,564e41d6-f9a4-4a6b-bb97-f8e5423b84bd.rna_seq.augmented_star_gene_counts.tsv,1,TCGA-69-8453,0.440882784713685
0.14308880865067103,0.313954350597798,0.16337877947204946,0.07748581682533388,0.1804955992491963,0.04333127024213543,0.0,0.0,0.0,0.07826537496264958,56afb18f-7fdd-4672-be59-4d3a03b806de.rna_seq.augmented_star_gene_counts.tsv,2,TCGA-50-5049,0.5944123023176686
0.0,0.0,0.10100360002788702,0.05855585766415248,0.0,0.0,0.0,0.3626429270663188,0.0,0.4777976152399663,56ba7921-5bee-4a1e-9fba-a78a034547a6.rna_seq.augmented_star_gene_counts.tsv,1,TCGA-55-8614,0.038990692446174036
0.0,0.0,0.0,0.0,0.0,0.22808996612684337,0.0,0.39885054588091756,0.3730594879915053,0.0,56c858be-3637-4ba0-81be-208a3edac992.rna_seq.augmented_star_gene_counts.tsv,1,TCGA-97-7941,0.2224251576691023
0.0,0.033914228844622876,0.03983666479535167,0.04188920320177158,0.26910676963409086,0.24749753524453036,0.0,0.26946258722608935,0.04993448100594798,0.04835853004709311,56d2e7e0-7686-417f-a698-393a1385d87e.rna_seq.augmented_star_gene_counts.tsv,1,TCGA-55-8510,0.37316985908224976
0.0,0.0,0.0,0.0,0.0,0.0,0.0,0.0,0.0,0.9999999999984329,56d7d6b5-33c0-4551-967c-afce1f970395.rna_seq.augmented_star_gene_counts.tsv,2,TCGA-91-6831,0.15483203933050493
0.0,0.0,0.0,0.0908620716427894,0.0,0.0,0.0,0.09993421265346412,0.12556136677855925,0.6836423489246665,57048ebe-3153-4e65-bbca-eadb92b99d31.rna_seq.augmented_star_gene_counts.tsv,1,TCGA-NJ-A4YP,0.4446287913100738
0.4030362712912692,0.0,0.0,0.0,0.37427882060239903,0.0857154829661545,0.13696942513932922,0.0,0.0,0.0,57512aba-e397-4ab8-b1ed-de197e6f92fd.rna_seq.augmented_star_gene_counts.tsv,1,TCGA-49-AAR0,0.10068516548495376
0.9999999999985316,0.0,0.0,0.0,0.0,0.0,0.0,0.0,0.0,0.0,57ae0185-984b-40a7-8d95-1a6a2cc0b03a.rna_seq.augmented_star_gene_counts.tsv,1,TCGA-NJ-A55R,0.10689661120728389
0.9999999999989958,0.0,0.0,0.0,0.0,0.0,0.0,0.0,0.0,0.0,57d89d75-a9bb-4bd3-af76-d29def9a9625.rna_seq.augmented_star_gene_counts.tsv,2,TCGA-55-8620,0.1152533275466261
0.2657552184752765,0.0,0.0,0.004960478432882731,0.0423366683617343,0.009814607534437308,0.0,0.3215185509024237,0.35561447629293924,0.0,58681163-9f9d-4f74-a1bb-3a4bcb4856d6.rna_seq.augmented_star_gene_counts.tsv,1,TCGA-49-AARR,0.4019496884897682
0.0,0.11566277443992663,0.16167322672049889,0.058564506204867,0.1611611955774801,0.012878207612067998,0.3269803741771914,0.0,0.016481381505798642,0.14659833376207232,58e4f0e6-3b0f-4370-8abf-0b4d533672c5.rna_seq.augmented_star_gene_counts.tsv,2,TCGA-44-2668,0.30299187469580524
0.0,0.0,0.05830969894482442,0.09257377944145373,0.13676611727826987,0.23310350246764047,0.11458172851744834,0.2052833406202719,0.15938183272971024,0.0,593623b6-0f7d-4089-8697-518c573c86c6.rna_seq.augmented_star_gene_counts.tsv,1,TCGA-86-8056,0.17829592590941545
0.0,0.637845766518635,0.25161447118236785,0.08508785996374438,0.02545190233452898,0.0,0.0,0.0,0.0,0.0,59578e5d-b76f-46eb-b5d9-7c90b8a9dbe4.rna_seq.augmented_star_gene_counts.tsv,2,TCGA-78-7539,0.25992311344585417
0.1024331132760821,0.0,0.045750297920226037,0.0,0.48163357099250914,0.37018301781086016,0.0,0.0,0.0,0.0,597af330-73d5-4905-803e-56d744ab723d.rna_seq.augmented_star_gene_counts.tsv,1,TCGA-55-7728,0.2806563372055928
0.0,0.0,0.0,0.0,0.0,0.0,0.0,0.0,0.9999999999922824,0.0,59a0b90e-8b8b-41b8-95f0-d51961a94be5.rna_seq.augmented_star_gene_counts.tsv,1,TCGA-05-4396,0.004020264411963459
0.6191427566743118,0.03637453712727775,0.26898480195893465,0.0,0.0,0.07549790423889696,0.0,0.0,0.0,0.0,59e8b7b7-5183-4655-aa5e-e4b5ba73eded.rna_seq.augmented_star_gene_counts.tsv,1,TCGA-55-7727,0.19689552284627332
0.0,0.0,0.0,0.0,0.0,0.0,0.9999999999875958,0.0,0.0,0.0,5a1b3a79-375e-47a7-8a30-b37fbfd8162d.rna_seq.augmented_star_gene_counts.tsv,1,TCGA-05-4390,0.0015218665463133663
0.0,0.0,0.0,0.0,0.0,0.0,0.0,0.0,0.9999999999883946,0.0,5a335f07-9b07-46cf-8902-503b24f89bfa.rna_seq.augmented_star_gene_counts.tsv,1,TCGA-64-5774,0.0008845051500567802
0.5510617574320119,0.02887628845769623,0.1468577643958201,0.031335954323812455,0.0,0.05696118962261582,0.0,0.1555185208112498,0.02938852495645766,0.0,5d081953-cf3a-40cb-95bf-f418ed3879ac.rna_seq.augmented_star_gene_counts.tsv,1,TCGA-S2-AA1A,0.43689397132431196
0.06518045710288058,0.11565105548960528,0.03180408760976612,0.048951224437937715,0.18935129466147052,0.051576078912934815,0.0028406732697362448,0.0023934443942169787,0.16246053000328425,0.3297911541180127,5d843590-36a7-4568-88a4-2bc09e14927f.rna_seq.augmented_star_gene_counts.tsv,2,TCGA-78-8648,0.5213363503411961
0.0,0.0,0.0,0.0,0.0,0.0,0.0,0.0,0.0,0.9999999999929171,5eef868d-7c7f-42e8-aabf-ce3f75405c7a.rna_seq.augmented_star_gene_counts.tsv,2,TCGA-95-7948,0.002571550765417041
0.41827437203956164,0.06778055405682036,0.3082524479886241,0.0,0.03802995109474507,0.0,0.0,0.0,0.0,0.16766267481980413,5f74c5cb-1127-4a5c-975e-58e5abc4db03.rna_seq.augmented_star_gene_counts.tsv,1,TCGA-44-7672,0.45756315436288075
0.07443227738947163,0.26318485175866807,0.10871329466419077,0.0990361946485405,0.2083886439712901,0.1949724058607364,0.05127233170677408,0.0,0.0,0.0,5fd9d2a8-3a95-440c-a0de-8ad5fd86e156.rna_seq.augmented_star_gene_counts.tsv,2,TCGA-05-5420,0.20078885056716156
0.0,0.0,0.0,0.0,0.0,0.0,0.0,0.0,0.0,0.0,6078603d-a4e2-4a1a-abca-01fb63106888.rna_seq.augmented_star_gene_counts.tsv,1,TCGA-MN-A4N1,1.709743457922741e-14
0.0,0.5591342924652235,0.0,0.39985211749613797,0.0,0.04101359003735538,0.0,0.0,0.0,0.0,60cc41cd-a0af-4cad-a4be-253781e2f0b8.rna_seq.augmented_star_gene_counts.tsv,2,TCGA-49-6761,0.06499386345944758
0.0,0.3543489254815222,0.237408232822515,0.15117304173187268,0.09811753275773615,0.03863208421757933,0.0,0.0,0.0,0.120320182988415,61807b4d-bbab-4ea8-a904-35c562ec6c29.rna_seq.augmented_star_gene_counts.tsv,2,TCGA-44-A4SS,0.4124129057806456
0.0,0.0388490132347474,0.0,0.16780135421995435,0.0,0.0,0.5797417902933621,0.2136078422513672,0.0,0.0,6200626d-556e-400d-81f4-e397ce49585f.rna_seq.augmented_star_gene_counts.tsv,3,TCGA-91-8499,0.05101448439789691
0.0,0.44332671614583713,0.18106201503961095,0.2531108732643421,0.05940139165397556,0.025250308798435126,0.0,0.0,0.003615349163141009,0.03423334593454723,62b8c824-3e80-4341-bfee-78d04be904c9.rna_seq.augmented_star_gene_counts.tsv,1,TCGA-83-5908,0.6373391476682401
0.0,0.0,0.2142066849515502,0.0,0.0,0.11866941809869704,0.0,0.0,0.0,0.6671238969451865,6338619f-470c-4ae1-8b45-959b5f9ad3da.rna_seq.augmented_star_gene_counts.tsv,2,TCGA-44-6146,0.0031871321734203706
0.9999999999987224,0.0,0.0,0.0,0.0,0.0,0.0,0.0,0.0,0.0,6460f151-7102-476d-b03b-fb4ea776b1ea.rna_seq.augmented_star_gene_counts.tsv,1,TCGA-49-AARN,0.16354197428379746
0.0,0.05860038606071896,0.0,0.23998757254521,0.0,0.7014120413913967,0.0,0.0,0.0,0.0,64a2d5cb-2892-4d2a-aa7a-cc1a6dec1c46.rna_seq.augmented_star_gene_counts.tsv,1,TCGA-MP-A4TA,0.015750224272390145
0.0,0.0,0.0,0.0,0.0,0.0,0.0,0.0,0.0,0.0,6531e137-3d23-44e7-af10-51e9cc517192.rna_seq.augmented_star_gene_counts.tsv,3,TCGA-78-8662,1.587618925213974e-14
0.0,0.0,0.0,0.0,0.4494258680097252,0.5505741319879881,0.0,0.0,0.0,0.0,6545e778-687c-4b82-b6b6-b5d438879069.rna_seq.augmented_star_gene_counts.tsv,3,TCGA-78-7535,0.015133527012152204
0.0,0.0,0.0,0.0,0.19682440970247575,0.0,0.7728949526784681,0.0,0.0,0.030280637618784616,65a2c4cf-7c84-4ca8-a37e-8deecb6ef026.rna_seq.augmented_star_gene_counts.tsv,3,TCGA-86-7711,0.21200988377387675
0.0,0.0,0.0,0.0,0.0,0.0,0.0,0.0,0.0,0.0,6667948a-1834-4572-a1b3-3bc9096650e8.rna_seq.augmented_star_gene_counts.tsv,1,TCGA-78-7542,2.042810365310288e-14
0.0,0.0,0.0,0.0,0.0,0.0,0.0,0.0,0.0,0.0,673621c0-f5d4-4eea-a0ae-469214a70e82.rna_seq.augmented_star_gene_counts.tsv,2,TCGA-78-7166,1.554312234475219e-14
0.3598906655343174,0.07514722810897467,0.13949817303585765,0.05424442919146898,0.0,0.12009463091335343,0.0,0.2511248732158616,0.0,0.0,67fc0674-3f48-41ec-a650-7efaa41607fa.rna_seq.augmented_star_gene_counts.tsv,1,TCGA-NJ-A55A,0.605599297590663
0.0,0.0,0.0,0.0,0.0,0.0,0.0,0.0,0.0,0.0,6804af50-1b4f-4872-83b8-bae24d398cb4.rna_seq.augmented_star_gene_counts.tsv,2,TCGA-L9-A7SV,2.0095036745715333e-14
0.5726582263699016,0.06552860051668577,0.15384584364248072,0.07563656149275706,0.0,0.13233076797801582,0.0,0.0,0.0,0.0,681308e4-1122-4343-9d6b-63df6a39d302.rna_seq.augmented_star_gene_counts.tsv,1,TCGA-MP-A4TH,0.7451967265800545
0.34612100505658916,0.06954407610305575,0.42562644643817776,0.0,0.021971315228225086,0.054149152209090154,0.08258800496429919,0.0,0.0,0.0,68f5d95d-e7ae-46d3-b836-e741fde98f23.rna_seq.augmented_star_gene_counts.tsv,1,TCGA-73-4662,0.32329996093835844
0.07154693068427721,0.16301321750761605,0.11553627965523869,0.017819435494428108,0.11361147869850832,0.12021149140053028,0.044241658524428115,0.35401950803483195,0.0,0.0,6906b453-44ef-404a-9fe6-2b4d5fa65110.rna_seq.augmented_star_gene_counts.tsv,1,TCGA-44-2661,0.5634701471195557
0.0,0.16231682562061364,0.24888477232780395,0.10415718303831256,0.1358700783238996,0.11710066600010804,0.025069818645752754,0.07714467470698999,0.04181131888993493,0.08764466244650575,6aa56177-0576-454d-81e8-28aa9ce76406.rna_seq.augmented_star_gene_counts.tsv,1,TCGA-MP-A4TI,0.7051651070343048
0.0,0.0,0.0,0.0,0.0,0.0,0.0,0.0,0.0,0.0,6b48d62b-0932-48df-9448-ae6dcb8853b2.rna_seq.augmented_star_gene_counts.tsv,1,TCGA-55-8302,4.829470157119431e-14
0.03938600668690039,0.2697492122549559,0.30809708406637415,0.03666891659000882,0.0591876587165428,0.1111485844566893,0.05869328015372105,0.08129980817201723,0.0,0.03576944890263024,6b51d2ce-51ed-4b34-890d-9f83d363118c.rna_seq.augmented_star_gene_counts.tsv,1,TCGA-93-7347,0.5545516220048285
0.0,0.0,0.0,0.0,0.0,0.0,0.0,0.0,0.0,0.0,6c438dcf-6ec0-4bf7-8122-875490967b70.rna_seq.augmented_star_gene_counts.tsv,2,TCGA-MP-A5C7,1.5654144647214707e-14
0.5131604913783222,0.2984032486033887,0.0,0.0,0.0,0.0,0.0,0.0,0.0,0.18843626001765715,6e2e3178-73ad-4590-a56b-bb7fd9984acd.rna_seq.augmented_star_gene_counts.tsv,3,TCGA-55-6969,0.2363693626516632
0.023812174406494833,0.16336974138103527,0.2454617588228358,0.0,0.10639933251254548,0.08215309558674014,0.04929278139376077,0.15311089480455367,0.06988110869704621,0.10651911239476752,6efebff1-f165-415e-9001-45a782638785.rna_seq.augmented_star_gene_counts.tsv,1,TCGA-49-6744,0.603959138632939
0.0,0.02064932839244998,0.16583222545351226,0.1998140329464803,0.14553353951684256,0.2685404704919561,0.1400142521711639,0.0,0.0,0.05961615102707857,6f53a60f-3be2-48df-a15a-4675e99efba1.rna_seq.augmented_star_gene_counts.tsv,1,TCGA-38-4632,0.07964591959771927
0.0,0.0,0.0,0.0,0.6700817681251388,0.0,0.32991823187333097,0.0,0.0,0.0,6f6bf240-1ca4-47d0-9a77-17b0ce9b8ae7.rna_seq.augmented_star_gene_counts.tsv,1,TCGA-55-1592,0.10493369213719961
0.11901724182283316,0.0,0.0,0.0,0.0,0.0,0.880982758174818,0.0,0.0,0.0,7086e8ce-d1e5-4901-ac33-31c299f46356.rna_seq.augmented_star_gene_counts.tsv,1,TCGA-55-8204,0.03253101924218238
0.0,0.0,0.0,0.0,0.0,0.0,0.0,0.0,0.0,0.0,70d623a4-5140-4010-8eed-5f95a9fdd168.rna_seq.augmented_star_gene_counts.tsv,3,TCGA-05-4245,1.609823385706477e-14
0.46262687682772174,0.07533087118669257,0.1729913428797066,0.08288557512372173,0.0,0.06409633497201507,0.0,0.0,0.0,0.14206899901002637,71809317-f775-4faa-b1c6-40bae85c69aa.rna_seq.augmented_star_gene_counts.tsv,1,TCGA-93-A4JQ,0.7614970386525113
0.30692731418972014,0.08467633893887133,0.04531616421762398,0.0,0.0,0.11898754856533655,0.0,0.3529883896144695,0.0,0.09110424447325241,72726dc4-fa08-4e34-9539-29ddb19dd782.rna_seq.augmented_star_gene_counts.tsv,1,TCGA-49-4501,0.11898843613562804
0.0,0.0,0.0,0.0,0.0,0.0,0.0,0.0,0.0,0.0,7276835e-ce0e-4fc6-a329-27d936c136ba.rna_seq.augmented_star_gene_counts.tsv,2,TCGA-55-8094,1.4210854715202004e-14
0.0,0.0,0.0,0.0,0.0,0.0,0.0,0.0,0.0,0.0,72fe0e80-b3e6-4249-8345-fb9ff8d2ca9b.rna_seq.augmented_star_gene_counts.tsv,3,TCGA-69-7760,1.4654943925052066e-14
0.0,0.0,0.0,0.0,0.0,0.0,0.6709934063322399,0.03699616660599099,0.0,0.2920104270614267,731c955b-e1e8-462a-9c94-64310f2d7eae.rna_seq.augmented_star_gene_counts.tsv,2,TCGA-MN-A4N4,0.0898125006763214
0.747371758406942,0.031650548349489584,0.009572340417749934,0.0,0.0,0.0,0.0,0.0,0.0,0.21140535282477513,73559b1e-ad93-432f-a7bb-c3946d4120d4.rna_seq.augmented_star_gene_counts.tsv,2,TCGA-64-5779,0.10320213364459085
0.0,0.0,0.23369493581116513,0.0,0.0,0.3843330887448897,0.0,0.0,0.38197197544297884,0.0,73babed8-f934-42c7-9020-30f7c3e1766d.rna_seq.augmented_star_gene_counts.tsv,1,TCGA-50-5935,0.12492681097361813
0.0,0.45015205239107253,0.30543420428138474,0.20058856364921285,0.028961952842126392,0.0,0.014863226835877923,0.0,0.0,0.0,73d96384-ebea-4467-8663-ada78336233c.rna_seq.augmented_star_gene_counts.tsv,1,TCGA-55-7911,0.4438204664156936
0.0,0.0,0.0,0.0,0.0,0.0,0.9999999999987703,0.0,0.0,0.0,73fc90cb-2b56-4a6b-8083-42f6647a2478.rna_seq.augmented_star_gene_counts.tsv,3,TCGA-75-6214,0.037740895461708446
0.0,0.3392556245068057,0.14389794386290164,0.18401851573657246,0.2538765670078181,0.0789513488857496,0.0,0.0,0.0,0.0,743f08af-5537-4454-a219-18639e5127c6.rna_seq.augmented_star_gene_counts.tsv,2,TCGA-73-4666,0.4364429603396547
0.0,0.0,0.0,0.0,0.29111521122094836,0.2074199140539956,0.0,0.0,0.5014648747244234,0.0,74aaf5e2-be23-49b1-b694-3a3dde306a5d.rna_seq.augmented_star_gene_counts.tsv,1,TCGA-55-7284,0.2760828925147034
0.0,0.0,0.0,0.0,0.0,0.0,0.0,0.0,0.0,0.9999999999995608,74ab82a4-a55b-4e4c-b3f5-1f9317860914.rna_seq.augmented_star_gene_counts.tsv,2,TCGA-55-7726,0.5078816513678088
0.0,0.03600677571583345,0.0,0.0,0.03291979343211832,0.06869311569647327,0.00811621010535591,0.8189099592557066,0.03535414579420978,0.0,75eaaf2c-7cd9-416d-88c0-7c5502db9ab5.rna_seq.augmented_star_gene_counts.tsv,2,TCGA-67-3773,0.4238164057445356
0.0,0.0,0.0,0.0,0.0,0.0,0.0,0.0,0.0,0.0,7623e22f-3401-47b3-be94-23f5da20ee0d.rna_seq.augmented_star_gene_counts.tsv,1,TCGA-44-6776,2.475797344914099e-14
0.9048440104323965,0.09515598956607606,0.0,0.0,0.0,0.0,0.0,0.0,0.0,0.0,76413057-e8a8-42b7-b545-897e3b32580d.rna_seq.augmented_star_gene_counts.tsv,1,TCGA-78-7152,0.13232845884993605
0.0,0.0,0.0,0.0,0.34057831938852257,0.0764541507605689,0.0,0.38328906263609513,0.19967846721327479,0.0,7643fc1a-086e-4ea5-9766-3dde13cc00b4.rna_seq.augmented_star_gene_counts.tsv,2,TCGA-75-6206,0.03861488392463508
0.0,0.0,0.0,0.0,0.0,0.0,0.0,0.6564801791661758,0.0,0.3435198208314324,764d71c7-f003-4cf6-851e-1587f12b4a69.rna_seq.augmented_star_gene_counts.tsv,2,TCGA-73-4668,0.02281845423948481
0.0,0.0,0.0,0.0,0.0,0.0,0.14620457731885475,0.5582491915892518,0.0,0.29554623109141104,772dcecf-b53d-42e2-8161-f48030150aa0.rna_seq.augmented_star_gene_counts.tsv,2,TCGA-50-5944,0.1749723150370972
0.0,0.1587871623338361,0.012974346524893505,0.5576821735705472,0.13293983572985751,0.12404645682015493,0.0,0.0,0.013570025020133455,0.0,77322072-2a7f-49e6-a9d1-c521c25acd70.rna_seq.augmented_star_gene_counts.tsv,1,TCGA-69-7980,0.1154351976732596
0.0,0.0,0.16817458876012648,0.0,0.0566947243978426,0.18420462316040223,0.016623486951826756,0.00582411028572761,0.0,0.5684784664439121,77b82c3f-e20c-4e3b-a55c-08af359bbb6e.rna_seq.augmented_star_gene_counts.tsv,1,TCGA-44-2665,0.5230710440055416
0.0,0.0,0.0,0.0,0.43294706985276693,0.0,0.0,0.0,0.18679015026701853,0.38026277987952384,77ca7978-5bc4-4264-8ca3-db132049c8a8.rna_seq.augmented_star_gene_counts.tsv,1,TCGA-55-8096,0.25494479401021974
0.0,0.16884042154329898,0.0,0.0,0.0,0.0,0.11364510069872588,0.6456955781114979,0.07181889964571787,0.0,78bf9571-4145-4c0d-a61a-58a878351097.rna_seq.augmented_star_gene_counts.tsv,1,TCGA-L9-A50W,0.059884104991751674
0.0,0.0,0.38628804455405674,0.0,0.05266844430862665,0.08362854445133634,0.024968239374795836,0.0,0.0,0.4524467273107574,78e95f3e-1067-48a8-9429-dfdd6f587066.rna_seq.augmented_star_gene_counts.tsv,1,TCGA-55-6980,0.3590090585042769
0.0,0.0,0.0,0.0,0.0,0.0,0.0,0.0,0.0,0.0,79e12f4d-94d7-45f8-b251-6b0fcbb6b885.rna_seq.augmented_star_gene_counts.tsv,1,TCGA-86-8673,3.47499806707674e-14
0.0,0.0,0.0,0.0,0.03603621207275166,0.7150695765667932,0.24889421135930548,0.0,0.0,0.0,7a7440bf-1ca1-4c6b-80f8-7151a38e5d18.rna_seq.augmented_star_gene_counts.tsv,2,TCGA-67-6215,0.038751045033095344
0.12986965208050968,0.21679168903353446,0.17199861947187683,0.07331364828052477,0.11407328850325922,0.09173330828392777,0.04423022447460594,0.11888362673981269,0.03910594313175013,0.0,7b07706f-a1b4-4f18-a276-0822b578cc40.rna_seq.augmented_star_gene_counts.tsv,1,TCGA-50-5941,0.5208755671754647
0.0,0.0,0.0,0.0,0.19432247231479233,0.0,0.0,0.0,0.11410919265003985,0.6915683350348256,7d46888b-282b-4f43-a09a-ff44bd1af110.rna_seq.augmented_star_gene_counts.tsv,1,TCGA-64-1679,0.5197709796936845
0.0,0.0,0.0,0.0,0.0,0.0,0.0,0.0,0.0,0.0,7d9c7c34-76e0-4622-b5f7-60e12f6d4e07.rna_seq.augmented_star_gene_counts.tsv,1,TCGA-55-7913,1.4765966227514582e-14
0.0,0.0,0.0,0.0,0.0,0.0,0.0,0.0,0.0,0.0,7eab2708-6708-4f8e-b238-e06007754e7e.rna_seq.augmented_star_gene_counts.tsv,1,TCGA-49-4510,2.1871393585115584e-14
0.0,0.9999999999979754,0.0,0.0,0.0,0.0,0.0,0.0,0.0,0.0,7ec16b5a-7a86-4a22-9f1c-74d42ab1f43d.rna_seq.augmented_star_gene_counts.tsv,2,TCGA-49-4506,0.033661781412249514
0.0,0.0,0.0,0.0,0.0,0.0,0.0,0.0,0.0,0.0,7ecd6087-9663-4d9d-828d-d9e9b5241c3c.rna_seq.augmented_star_gene_counts.tsv,1,TCGA-86-8674,1.687538997430238e-14
0.0,0.0,0.0,0.9999999999915801,0.0,0.0,0.0,0.0,0.0,0.0,7edd63ce-c5bb-4209-b8c8-98af0fae03ed.rna_seq.augmented_star_gene_counts.tsv,3,TCGA-49-AAR9,0.002010211054420452
0.0,0.1386041744524494,0.14305624831683092,0.010949458852616759,0.16702271562398732,0.10574754222054249,0.13033768060721956,0.0,0.07359225275436795,0.23068992717174872,7f9b4506-b00b-4b6f-8469-d0e4a73df1d4.rna_seq.augmented_star_gene_counts.tsv,1,TCGA-49-6745,0.4811364494011803
0.20318327862745336,0.18522544653226755,0.1879368211678291,0.06466096078240939,0.05161065929241701,0.08837287169387217,0.0,0.1369134028700058,0.053348233096029964,0.028748325937653856,80416b83-9ea2-4d33-8ba4-1fe9330d51f2.rna_seq.augmented_star_gene_counts.tsv,1,TCGA-86-8671,0.7155452572866632
0.0,0.0,0.0,0.0,0.25170736746087585,0.047180466949045485,0.1278894239297808,0.1877228264547424,0.3854999152050287,0.0,819e9776-131f-4c00-b93c-9936cbcc55b8.rna_seq.augmented_star_gene_counts.tsv,1,TCGA-05-4384,0.16696941375209007
0.0,0.0,0.0,0.9999999999741699,0.0,0.0,0.0,0.0,0.0,0.0,81a33f6c-0195-45c5-87e7-7748838d0a4e.rna_seq.augmented_star_gene_counts.tsv,1,TCGA-69-7764,0.00039976881715630963
0.06935309223858958,0.09590878111832746,0.18315386942815545,0.0,0.08762716128833588,0.0978863416254532,0.0,0.4660707543008947,0.0,0.0,81e85e60-a0b6-4898-8cb0-02ac1a70f157.rna_seq.augmented_star_gene_counts.tsv,1,TCGA-44-3919,0.43461703366005233
0.0,0.0,0.0,0.0,0.0,0.0,0.0,0.0,0.0,0.0,828b6221-7b05-4e5f-aee0-0234f06fb81e.rna_seq.augmented_star_gene_counts.tsv,1,TCGA-MP-A4TF,2.3425705819590803e-14
0.11638634891125099,0.4802472430879369,0.08396860887625,0.3193977991242947,0.0,0.0,0.0,0.0,0.0,0.0,841e54a1-9d65-4256-b70e-eb64659b40a4.rna_seq.augmented_star_gene_counts.tsv,2,TCGA-L9-A444,0.5763544520340743
0.0,0.0,0.38509380978714536,0.0,0.013123750176963414,0.3915473417660204,0.01817502536257605,0.19206007290685992,0.0,0.0,84595c09-6f85-4a1d-98fa-7d9bc9dc2c28.rna_seq.augmented_star_gene_counts.tsv,1,TCGA-95-8039,0.403497842231736
0.12196078662677506,0.023578615008870225,0.25906654212679303,0.0,0.21316128715286278,0.051958272695964924,0.0,0.0,0.33027449638803147,0.0,8536c3c1-1e75-4ebc-b792-30d7d228a117.rna_seq.augmented_star_gene_counts.tsv,1,TCGA-44-7669,0.18483980056990568
0.11051826226451095,0.28438756113932473,0.0,0.1175246209500945,0.03646246498555888,0.4511070906603147,0.0,0.0,0.0,0.0,868157f2-85e5-462c-9994-1e50791ad2c0.rna_seq.augmented_star_gene_counts.tsv,1,TCGA-50-5068,0.3294653085750596
0.0,0.0,0.0,0.0,0.8874933959974084,0.0,0.0,0.0,0.0,0.11250660399838416,882d1be3-1f82-41e7-8538-1ef513efef32.rna_seq.augmented_star_gene_counts.tsv,1,TCGA-05-4402,0.032737873136043816
0.026586971065857636,0.09748521040395923,0.1775857806445429,0.018397769623497512,0.22721232142422437,0.12313374375838948,0.031993427336079454,0.16409232959344594,0.04676881891725104,0.08674362723267331,8929ea12-e12a-4660-ac19-72b4e7bd2e9a.rna_seq.augmented_star_gene_counts.tsv,2,TCGA-75-6205,0.6539208496901814
0.0,0.07396783267259383,0.4163656485670955,0.0,0.10673637875781138,0.1452633021720224,0.0,0.06140154405218624,0.10902701866302238,0.08723827511507246,894424ab-29c3-4f41-88e7-f59d0df10c28.rna_seq.augmented_star_gene_counts.tsv,1,TCGA-05-4425,0.20171116628261876
0.7032799332983354,0.038420020126779794,0.07376580181471207,0.040566944315834415,0.0,0.045217677138761264,0.0,0.06494920214867907,0.03380042115674674,0.0,897e33bc-3862-47bc-8277-a9b1b5371802.rna_seq.augmented_star_gene_counts.tsv,1,TCGA-55-A48X,0.7850087667324954
0.29835873378264066,0.24051305500271702,0.1461796459621835,0.09465222652580811,0.07082097466497674,0.013876666490222553,0.10579830072832819,0.0,0.029800396842898574,0.0,89bcf4e2-f855-4035-bf0d-fe4917248223.rna_seq.augmented_star_gene_counts.tsv,1,TCGA-55-6971,0.573730890224684
0.0,0.0,0.0,0.0,0.23265368706941897,0.020871379955635296,0.20395383629143468,0.12373960038053584,0.008233123292473069,0.4105483730101125,8a44c8a0-142b-48bb-9809-69914811bacc.rna_seq.augmented_star_gene_counts.tsv,1,TCGA-50-6593,0.3239737836335078
0.12851787380431315,0.35502119669049176,0.08667291307201833,0.17371411760852065,0.18297021174131006,0.07310368708316747,0.0,0.0,0.0,0.0,8a6d64cc-3f03-4a5d-b6ce-83fa9c7f7d07.rna_seq.augmented_star_gene_counts.tsv,2,TCGA-55-7995,0.5574423464307101
0.0,0.0,0.0,0.0,0.0,0.0,0.0,0.9999999999959349,0.0,0.0,8b3aec43-4c75-4598-bf0a-168f7ffb9f3b.rna_seq.augmented_star_gene_counts.tsv,1,TCGA-64-1680,0.007751785301981506
0.23467522578695219,0.08806644037324231,0.07481106531586393,0.09307094023841699,0.0011467469374305522,0.0729453327721631,0.01969635840087858,0.09812241940350712,0.31746547077144094,0.0,8bd7c2cf-7960-46ca-9373-1c19557dd0aa.rna_seq.augmented_star_gene_counts.tsv,1,TCGA-99-AA5R,0.5954487666437451
0.07330807701937284,0.14713575377932164,0.0,0.0,0.0,0.24626069367982964,0.0,0.0,0.5332954755209667,0.0,8c55ee80-c8c3-4196-9b67-81732fffe9f4.rna_seq.augmented_star_gene_counts.tsv,1,TCGA-91-6840,0.21345675041562284
0.0,0.038812417050605126,0.09678391917096911,0.035199425730832394,0.35776208482033445,0.15287978064125873,0.019204897829780944,0.0,0.2993574747559681,0.0,8ce815e6-3c63-4cbf-8480-4f07867f18da.rna_seq.augmented_star_gene_counts.tsv,1,TCGA-69-7974,0.49110194054755196
0.2197074596796472,0.0,0.009432570374531718,0.0,0.22118869637114463,0.34831035420444134,0.0479808955935673,0.0,0.1533800237764357,0.0,8d438e20-04cb-4b39-b3a9-96a3a35de104.rna_seq.augmented_star_gene_counts.tsv,1,TCGA-55-8513,0.42563724022134664
0.06377402857876796,0.021715299206982116,0.0029905874555478055,0.06428956573157454,0.22653781336521986,0.16814824338459203,0.08530709655265838,0.2574827855797031,0.10975458014477513,0.0,8da65700-04c7-444d-826e-ec2e692b257b.rna_seq.augmented_star_gene_counts.tsv,1,TCGA-97-A4M2,0.4755006337762141
0.0,0.0,0.0,0.0,0.0,0.0,0.0,0.0,0.0,0.9999999999757152,8dc8ccd2-a842-4a48-a8db-007855733fc0.rna_seq.augmented_star_gene_counts.tsv,1,TCGA-49-4490,0.0007074360569954141
0.11525952209174163,0.0,0.06056151726852253,0.0,0.0,0.03359568582942369,0.0,0.25429353006286937,0.42333177398524063,0.11295797076184014,8e1fcc77-bf23-42e4-949f-d429f7211dd6.rna_seq.augmented_star_gene_counts.tsv,1,TCGA-86-8668,0.41063623902370683
0.0,0.0,0.0,0.0,0.0,0.0,0.8007624036763763,0.0,0.19923759632164625,0.0,8fa3359f-1e40-448a-aae8-a955c1ca3323.rna_seq.augmented_star_gene_counts.tsv,1,TCGA-97-8176,0.05188754505857984
0.0,0.0,0.0,0.999999999996584,0.0,0.0,0.0,0.0,0.0,0.0,905e32cb-a5bd-46a4-ac0f-32585e042695.rna_seq.augmented_star_gene_counts.tsv,3,TCGA-91-6847,0.009601944122517136
0.10892411765640406,0.34656644416014276,0.19188844343286154,0.01989164935557429,0.015501657380666806,0.026541253584431653,0.0,0.2717517118529546,0.0,0.018934722576725002,91181a9c-3113-47b6-8d1c-8173f9eac675.rna_seq.augmented_star_gene_counts.tsv,1,TCGA-55-6712,0.4779644400444667
0.0,0.0,0.1389758306638139,0.0,0.0,0.0,0.0,0.0,0.5607896540961005,0.3002345152382439,918be5f7-a963-406f-8ce4-0a3e528998e5.rna_seq.augmented_star_gene_counts.tsv,1,TCGA-62-8398,0.04810385405128148
0.0,0.0,0.0036958348210908414,0.0,0.5552417321840241,0.2957803692164231,0.031933791300158325,0.0,0.11334827247648975,0.0,91e79d93-01a8-4908-805a-12678d68a543.rna_seq.augmented_star_gene_counts.tsv,1,TCGA-86-A456,0.04221454575084871
0.0,0.0,0.0,0.0,0.0,0.0,0.0,0.0,0.0,0.9999999999929924,9207fbc6-99eb-4535-8c02-c8bba5875c1b.rna_seq.augmented_star_gene_counts.tsv,1,TCGA-75-6211,0.006665549595850084
0.0,0.0,0.0,0.0,0.0,0.0,0.0,0.0,0.0,0.0,921aa14f-d674-4ecf-b4fd-ca846acc9fa3.rna_seq.augmented_star_gene_counts.tsv,1,TCGA-55-1596,2.3203661214665772e-14
0.0,0.0,0.0,0.0,0.0,0.0,0.0,0.3185121286856918,0.0,0.6814878713127283,925a2268-1a0a-402b-8bb1-e6fa32521afe.rna_seq.augmented_star_gene_counts.tsv,1,TCGA-86-8278,0.11662995687024047
0.08453482728638644,0.31863299647870924,0.1203716225316399,0.15582182919527632,0.16279218120524297,0.15784654330255946,0.0,0.0,0.0,0.0,929a50ee-02a9-44f5-8078-e4020a89263f.rna_seq.augmented_star_gene_counts.tsv,2,TCGA-55-7994,0.518043239053563
0.0,0.0,0.0,0.22643916275224313,0.4804578697397494,0.0,0.29310296750705156,0.0,0.0,0.0,9301f86d-9d6f-4aa6-a640-a543b5aea5db.rna_seq.augmented_star_gene_counts.tsv,2,TCGA-38-4625,0.0977299559892284
0.23294458534532614,0.18313256594685176,0.20232256190712133,0.05351185209084327,0.09593372854188381,0.11971094553487262,0.01107142431684099,0.027238497670640432,0.061085869094728726,0.013047969550827964,9343d3bd-0f60-49c3-8625-31a8a7a846c4.rna_seq.augmented_star_gene_counts.tsv,1,TCGA-91-6835,0.7618824829768618
0.0,0.0,0.0,0.0,0.0,0.0,0.0,0.0,0.9999999999992548,0.0,93f32fe3-cb5b-4910-bf06-e20c876cd8a5.rna_seq.augmented_star_gene_counts.tsv,1,TCGA-78-7149,0.24207440377362743
0.0,0.0,0.0,0.0,0.3499937578951358,0.0,0.009374038633105314,0.39622195979832153,0.06967181509961912,0.17473842857282082,9446312e-b87c-411c-b9a3-a19603eff965.rna_seq.augmented_star_gene_counts.tsv,1,TCGA-05-5715,0.0895046499771498
0.0,0.0,0.0,0.0,0.0,0.0,0.0,0.0,0.0,0.0,962d56c6-0e10-4b55-9c4d-dbb89c983d74.rna_seq.augmented_star_gene_counts.tsv,3,TCGA-78-7155,1.021405182655144e-14
0.0,0.0,0.0,0.0,0.0,0.0,0.0,0.9928966820960752,0.007103317899485559,0.0,96780e00-b519-4bec-a49b-c2cc2d19a744.rna_seq.augmented_star_gene_counts.tsv,1,TCGA-55-6981,0.015940994371019146
0.0,0.3517982475863197,0.0,0.0,0.0,0.0,0.6482017524124449,0.0,0.0,0.0,96f7dff7-660b-4700-88b3-6479ad02f20c.rna_seq.augmented_star_gene_counts.tsv,1,TCGA-55-1594,0.05530578863991531
0.0,0.0,0.016485673303356384,0.0,0.12088823375882833,0.04972303488158097,0.024707274071702354,0.062250985306731815,0.11659942748321034,0.6093453711944599,978fb63c-dae9-4037-81c9-598e87341931.rna_seq.augmented_star_gene_counts.tsv,1,TCGA-38-4627,0.7562275098863558
0.0,0.130384986819021,0.0,0.8696150131792771,0.0,0.0,0.0,0.0,0.0,0.0,981bfd73-1d4c-47c0-870a-b9a6300858dc.rna_seq.augmented_star_gene_counts.tsv,2,TCGA-05-4415,0.03904533868082305
0.0,0.0,0.0,0.0,0.0,0.3313813388512358,0.0,0.45251440967565865,0.2161042514723448,0.0,98a4b8cc-fd54-454c-adcd-6fe9ae159a3b.rna_seq.augmented_star_gene_counts.tsv,1,TCGA-55-7283,0.1358013762422401
0.4053440127000451,0.16569240462923623,0.17154317139853528,0.0583212450214958,0.004901452329112036,0.0812691824357613,0.0,0.06008944908614743,0.04999450703282896,0.0028445753667735336,98d020b1-0467-4131-a3cc-64d288d0e9e7.rna_seq.augmented_star_gene_counts.tsv,1,TCGA-38-7271,0.7181474252809872
0.0,0.0,0.0,0.0,0.0,0.0,0.0,0.0,0.0,0.0,98f4637a-4953-4f52-b90a-c768d005a3e7.rna_seq.augmented_star_gene_counts.tsv,3,TCGA-97-8171,1.3433698597964394e-14
0.032370579835143964,0.1895382852126721,0.13830744308737034,0.062344573208320535,0.3639548574411241,0.09377637861697131,0.020795876123031392,0.0,0.0859011723924636,0.01301083408278153,98f9eaa2-866f-4223-ad25-f93020214b4e.rna_seq.augmented_star_gene_counts.tsv,2,TCGA-55-8205,0.6868603925785737
0.004836367372653155,0.0,0.5910445265698273,0.0,0.07954324165637419,0.09696853277996852,0.22760733161928137,0.0,0.0,0.0,99c5c1c4-851a-42a4-b5a2-dd9da2959343.rna_seq.augmented_star_gene_counts.tsv,1,TCGA-75-5147,0.04387472757705768
0.0,0.0,0.0,0.0,0.0,0.024637161818989974,0.3683117352382123,0.0,0.46770697985611764,0.13934412308633348,9a0910ce-634b-47b6-a63c-caaf219e0b55.rna_seq.augmented_star_gene_counts.tsv,1,TCGA-J2-8194,0.37208872297012807
0.46676115309602,0.0,0.1355666754867401,0.0,0.0,0.0,0.0,0.15170281370586913,0.1748184282604072,0.071150929450692,9a5e0fa6-a785-4d8e-bca5-43e02a3965bf.rna_seq.augmented_star_gene_counts.tsv,1,TCGA-44-6147,0.5246441481807178
0.09868714546543414,0.12037348105508085,0.2374185644674548,0.0,0.003748366812590823,0.1478498742726699,0.0,0.17437385803319627,0.15204265071541942,0.06550605917787203,9aa5eb7d-1d54-47f6-aeeb-59be4880f004.rna_seq.augmented_star_gene_counts.tsv,1,TCGA-86-8280,0.43068500742030735
0.12645087498249874,0.11357889319847994,0.127844856153573,0.042997356574175305,0.0972687824315453,0.09491818388858946,0.08411357836701601,0.15919233171984049,0.15363514268412998,0.0,9b4a912b-c42b-4a3a-8723-58b4dcb85949.rna_seq.augmented_star_gene_counts.tsv,1,TCGA-53-7626,0.4664506450124941
0.0,0.0,0.5729709358630998,0.0,0.10880379842337048,0.0,0.0,0.0,0.0,0.3182252657116873,9ba0ff4b-4276-45ee-a543-a2e837777923.rna_seq.augmented_star_gene_counts.tsv,3,TCGA-55-5899,0.028774979741438944
0.0,0.0,0.01451503060671379,0.0,0.26042558962655393,0.15831945900779376,0.24492847264863543,0.08872702173614586,0.19674882592897092,0.03633560044508757,9bfd464b-419a-43c0-929a-c1d219713a6f.rna_seq.augmented_star_gene_counts.tsv,1,TCGA-38-4626,0.45754410213238106
0.0,0.0,0.0,0.0,0.0,0.0,0.9999999999992211,0.0,0.0,0.0,9c92bdc5-8b9b-4843-82a4-2fa6ee4d40a3.rna_seq.augmented_star_gene_counts.tsv,1,TCGA-05-4420,0.17690857376456692
0.0,0.0,0.047017754372868224,0.0,0.2201663872485559,0.44118025038985675,0.29163560798835075,0.0,0.0,0.0,9ce317be-70dc-4dd2-86b5-e6f79be6f10b.rna_seq.augmented_star_gene_counts.tsv,2,TCGA-O1-A52J,0.1457473912229177
0.0,0.0,0.0,0.0,0.0,0.0,0.0,0.0,0.0,0.0,9d2f9191-338e-49ea-a887-a808cdf2703f.rna_seq.augmented_star_gene_counts.tsv,1,TCGA-78-7153,2.1094237467877974e-14
0.0,0.7356195166979169,0.058174089645531175,0.13274425573205295,0.07346213792403845,0.0,0.0,0.0,0.0,0.0,9d305ba3-6558-42ed-959c-4182de1c8ebb.rna_seq.augmented_star_gene_counts.tsv,1,TCGA-73-7499,0.436511936748995
0.0,0.0757056442354977,0.0,0.07772675082376672,0.6176265302053624,0.0,0.036022540259775145,0.0,0.0,0.1929185344751555,9ebc079c-069f-4468-8b9e-680e39a3c4ad.rna_seq.augmented_star_gene_counts.tsv,2,TCGA-38-4629,0.4088330274604518
0.030739877827041476,0.0,0.0,0.0,0.0,0.0,0.4845701401134465,0.0,0.4846899820584701,0.0,9f030a01-eef7-4885-8edc-316fe88860d7.rna_seq.augmented_star_gene_counts.tsv,1,TCGA-78-7159,0.0722406362078929
0.05605739692641911,0.17129380439972597,0.31017263741372947,0.08991696458463012,0.07930554461274444,0.1896270396201583,0.0,0.0,0.09598773246184747,0.0076388799803908764,9f4c2cc8-8675-43be-98bb-004c45ba5a51.rna_seq.augmented_star_gene_counts.tsv,1,TCGA-91-7771,0.2719018966846857
0.0,0.0,0.0,0.0,0.19637528295650494,0.07551361713217737,0.08834165358323136,0.2944136150440919,0.10872975847584007,0.2366260728078765,9f938aa7-9fc1-4893-aee4-15ab668b9260.rna_seq.augmented_star_gene_counts.tsv,2,TCGA-55-8207,0.369800427268681
0.016127631322231398,0.11705071675554345,0.20720381299549567,0.6197976880612621,0.0,0.028647534268472868,0.0,0.01117261659669791,0.0,0.0,9f97863a-5019-41de-a095-dd20c4d55e02.rna_seq.augmented_star_gene_counts.tsv,2,TCGA-44-2656,0.18946337099521726
0.23286140099608588,0.0,0.1390424671961242,0.0,0.0924875842077719,0.013974534023702773,0.0,0.0,0.12004000445920716,0.40159400911678433,9fde5e1d-5b86-411d-b194-3eb3c6305ebd.rna_seq.augmented_star_gene_counts.tsv,1,TCGA-MP-A4TK,0.43496114513011064
0.9999999999958619,0.0,0.0,0.0,0.0,0.0,0.0,0.0,0.0,0.0,a0c9ebdf-951b-4d8d-aa79-3ff1c82342cd.rna_seq.augmented_star_gene_counts.tsv,1,TCGA-44-7659,0.020978234037118737
0.0,0.0,0.0,0.0,0.0,0.0,0.0,0.0,0.0,0.0,a308a190-de5d-401c-a030-e089cb6d39db.rna_seq.augmented_star_gene_counts.tsv,1,TCGA-35-3615,2.90878432451791e-14
0.34636842494035985,0.2022996145247129,0.2539677888301813,0.09869447890517603,0.0,0.0,0.0,0.06397649328532491,0.0,0.03469319951395998,a4a57e8f-cf4f-4322-b7fe-2336a58cd50f.rna_seq.augmented_star_gene_counts.tsv,1,TCGA-86-7701,0.3403521289077843
0.0,0.0,0.0,0.0,0.0,0.0,0.7787192622065023,0.0,0.22128073779286314,0.0,a4f3f3fa-b161-402b-bc1a-1dddd6be8097.rna_seq.augmented_star_gene_counts.tsv,1,TCGA-55-8512,0.14516544198254244
0.0,0.0,0.0,0.0,0.0,0.0,0.0,0.0,0.0,0.0,a585711d-48a4-45bd-bb45-f9d2a7717af0.rna_seq.augmented_star_gene_counts.tsv,2,TCGA-55-A492,1.9872992140790302e-14
0.0,0.0,0.0,0.29226882095219847,0.1835456470979169,0.4566868239913384,0.06749870795737936,0.0,0.0,0.0,a5f6ddd7-f795-4920-b714-ed86942953e3.rna_seq.augmented_star_gene_counts.tsv,1,TCGA-97-8175,0.031897448618747104
0.0,0.999999999972755,0.0,0.0,0.0,0.0,0.0,0.0,0.0,0.0,a6a6b9c6-9db7-42b3-a09f-770b7e126fbb.rna_seq.augmented_star_gene_counts.tsv,2,TCGA-35-5375,0.0003589173502739351
0.0,0.014396404429478381,0.0,0.0,0.7497101666837909,0.1379217347292031,0.08583759300644526,0.0,0.012134101150696696,0.0,a6a841ae-f63f-45ab-9a17-2288e12a9577.rna_seq.augmented_star_gene_counts.tsv,1,TCGA-05-4433,0.12329789167305094
0.33749470748350224,0.3710747168329527,0.07864079356075468,0.18015910681063346,0.0300572496888851,0.0025734256229587287,0.0,0.0,0.0,0.0,a6caa89b-29fc-46cf-8d6b-a6c0241be6d7.rna_seq.augmented_star_gene_counts.tsv,2,TCGA-55-8301,0.5114549005709818
0.26554336418047514,0.0,0.0149642992334337,0.0,0.0,0.22325971675366274,0.0,0.476537949106895,0.019694670725316114,0.0,a787801a-cb3f-4a1f-b14c-ed8f2bfd6028.rna_seq.augmented_star_gene_counts.tsv,2,TCGA-75-6212,0.5142207817958651
0.31744460907613814,0.27327769986943184,0.09333854750557105,0.14342524351364272,0.0,0.08655616370710834,0.0,0.06258935613812122,0.023368380189854755,0.0,a7c58df0-fffc-4a80-85c4-2dab24b2edc2.rna_seq.augmented_star_gene_counts.tsv,1,TCGA-97-7552,0.6273223589848562
0.0,0.0,0.0,0.0,0.0,0.0,0.0,0.0,0.0,0.0,a8d269f5-ebc9-4b2a-9cd9-7019204a246f.rna_seq.augmented_star_gene_counts.tsv,1,TCGA-93-8067,3.019806626980426e-14
0.0444189214568518,0.048866893152449714,0.0046189121902561235,0.0023437374841470664,0.0,0.11879998143640984,0.0,0.18528773868310344,0.5956638155965206,0.0,a9a12604-5100-4e45-b7f8-7e7c0d02a139.rna_seq.augmented_star_gene_counts.tsv,1,TCGA-78-7162,0.4641677643932557
0.9999999999845774,0.0,0.0,0.0,0.0,0.0,0.0,0.0,0.0,0.0,aa0b2722-97db-4b5a-9a56-213f63255097.rna_seq.augmented_star_gene_counts.tsv,1,TCGA-69-8254,0.002086128083959027
0.22208442698602254,0.12948291519035865,0.14703322926981685,0.028375195384233703,0.17212276264214607,0.15888825964440312,0.0,0.0,0.023414749253592503,0.11859846162925822,aa2d6144-50d3-4096-9ecf-3cc0ceac7f41.rna_seq.augmented_star_gene_counts.tsv,1,TCGA-50-5045,0.4765083534419704
0.0592774486212099,0.0,0.0,0.0,0.0,0.0,0.0,0.0,0.3084114928142432,0.6323110585637222,aa305f5b-4c1d-4bc7-81d5-b2b999b327af.rna_seq.augmented_star_gene_counts.tsv,2,TCGA-97-7554,0.2765156960751399
0.0,0.0,0.0,0.0,0.8558280362750779,0.0,0.0,0.0,0.1441719637199098,0.0,aa764c7d-2e26-4e8c-94d3-870772bad93f.rna_seq.augmented_star_gene_counts.tsv,2,TCGA-55-A490,0.007028165856875046
0.0,0.0,0.0,0.0,0.0,0.0,0.9999999999909471,0.0,0.0,0.0,aab7b2a0-4181-4556-b1a8-28d31f98a43c.rna_seq.augmented_star_gene_counts.tsv,1,TCGA-MP-A4TE,0.0017432733502819042
0.8791690800249348,0.0,0.0,0.0,0.0,0.0,0.12083091997374673,0.0,0.0,0.0,aac03db2-1e90-4c0e-9094-4df06abeb84d.rna_seq.augmented_star_gene_counts.tsv,1,TCGA-55-8508,0.06776937011741357
0.0,0.0,0.027565503115711786,0.0,0.11180794628115927,0.1422086520160054,0.09563279317805208,0.22717466475905737,0.15471304063675698,0.2408974000130305,aae80a97-730b-4180-93de-56ddbb262419.rna_seq.augmented_star_gene_counts.tsv,1,TCGA-05-4430,0.5291755627915964
0.0,0.0,0.0,0.0,0.0,0.0,0.0,0.8538477221350509,0.14615227786452134,0.0,ab0a7727-00ee-40fa-b5f5-a69234473e4a.rna_seq.augmented_star_gene_counts.tsv,1,TCGA-50-5942,0.38875215435054966
0.510133176596959,0.20633427717707709,0.08180849354947638,0.06379049490074921,0.0,0.05606562848575567,0.0,0.08186792928982778,0.0,0.0,ab589a7b-7cc9-4257-8fd7-241d2e3658da.rna_seq.augmented_star_gene_counts.tsv,1,TCGA-44-2657,0.7564569251008855
0.0,0.0,0.020132539444222882,0.005195098429307295,0.36825352689796925,0.6036788404582242,0.0,0.0,0.0,0.0027399947695637256,acbeca74-24ec-4e54-98e6-d3f59475dde9.rna_seq.augmented_star_gene_counts.tsv,2,TCGA-55-7281,0.15624375315477002
0.0,0.0,0.0,0.0,0.38722480699658063,0.0,0.6127751929995389,0.0,0.0,0.0,ad3180d3-8ae4-4446-9292-dd0c464b03c9.rna_seq.augmented_star_gene_counts.tsv,1,TCGA-50-5066,0.01197436466591506
0.0,0.0,0.0,0.0,0.0,0.0,0.7834731345269161,0.0,0.0,0.2165268654721888,aea4fa60-a890-453e-8ba6-6f4f3d5ed084.rna_seq.augmented_star_gene_counts.tsv,1,TCGA-73-4670,0.0842166584735875
0.0,0.0,0.08708181405686784,0.0,0.1849704985767316,0.16612470859156087,0.2733352843001909,0.28848769447451267,0.0,0.0,aec36454-d9a1-4d51-90c6-561f219b6aee.rna_seq.augmented_star_gene_counts.tsv,1,TCGA-55-8206,0.4218314962521559
0.3699534301525715,0.028272943772274246,0.11125377785740458,0.025558578067054374,0.026685710304689397,0.17925074105216063,0.0,0.2509570004060016,0.0010703055379634656,0.0069975128495631655,aeea81c2-afda-410d-a0bb-955e7cddda09.rna_seq.augmented_star_gene_counts.tsv,1,TCGA-38-A44F,0.3517101901554759
0.0,0.2424075675525326,0.0,0.7575924324433351,0.0,0.0,0.0,0.0,0.0,0.0,aefc9460-27d4-4d7f-8167-baa2a80935b7.rna_seq.augmented_star_gene_counts.tsv,1,TCGA-75-7031,0.011809559888169008
0.011002182632913294,0.0,0.07034038700277653,0.0,0.0,0.0516180713902591,0.7163877420205434,0.0,0.15065161695286533,0.0,af276b15-2dc4-4724-bbf5-1be8224b7f73.rna_seq.augmented_star_gene_counts.tsv,1,TCGA-55-7724,0.1636104857369649
0.819656135273296,0.18034386472580846,0.0,0.0,0.0,0.0,0.0,0.0,0.0,0.0,af407c3f-2dad-4fb9-850e-4a79b361589b.rna_seq.augmented_star_gene_counts.tsv,3,TCGA-55-6968,0.11151094293794594
0.0,0.0,0.0,0.0,0.0,0.9999999999992607,0.0,0.0,0.0,0.0,afccc865-1d58-475d-b85c-0d7eca330b0e.rna_seq.augmented_star_gene_counts.tsv,2,TCGA-86-7714,0.10646114648198746
0.0,0.0,0.0,0.0,0.0,0.0,0.0,0.0,0.0,0.0,b0747254-d7fd-4ec9-96b1-d132540c4b46.rna_seq.augmented_star_gene_counts.tsv,2,TCGA-55-8514,2.0650148258027912e-14
0.0,0.0,0.0,0.0,0.0,0.0,0.0,0.0,0.0,0.0,b1d9364c-d703-4884-b96d-20d8084040a8.rna_seq.augmented_star_gene_counts.tsv,2,TCGA-64-1678,1.176836406102666e-14
0.04396780836218853,0.40885236732690927,0.0,0.5471798243097826,0.0,0.0,0.0,0.0,0.0,0.0,b3f38fc5-d1e6-4fd9-bd36-b413a3ac850e.rna_seq.augmented_star_gene_counts.tsv,1,TCGA-05-4422,0.08369404381964429
0.0,0.0,0.0,0.0,0.11678075579392014,0.04096335561819471,0.08665262568642061,0.4313114461833713,0.3242918167179102,0.0,b4a1a796-8bce-4b44-b4ed-fd7bf4c81b3b.rna_seq.augmented_star_gene_counts.tsv,1,TCGA-93-A4JP,0.5579980351398446
0.5759893109025968,0.09981545874476483,0.09242284522738915,0.05388969433785448,0.0,0.06584991319442346,0.0,0.04654142146147925,0.0,0.06549135613125545,b573a788-d117-48b0-9cab-c4ecbde82706.rna_seq.augmented_star_gene_counts.tsv,1,TCGA-55-6983,0.6375778895016049
0.2822600942738335,0.32528544465108983,0.027261796160139636,0.30380303518004176,0.03540273175234281,0.00260038752881288,0.02338651045352536,0.0,0.0,0.0,b57cc3e6-9017-48b7-9de9-74fe57d9bf6d.rna_seq.augmented_star_gene_counts.tsv,1,TCGA-55-6987,0.6623907742320592
0.0,0.0,0.0,0.0,0.24756224366453658,0.0,0.0749666073122744,0.0,0.0,0.6774711490226764,b5909b96-7ef6-497a-802e-11805dc7ded7.rna_seq.augmented_star_gene_counts.tsv,3,TCGA-64-5775,0.17288891776778303
0.6583950719994444,0.0,0.3416049279987305,0.0,0.0,0.0,0.0,0.0,0.0,0.0,b5cadc0c-3088-4f81-9561-902c8ca44c2d.rna_seq.augmented_star_gene_counts.tsv,1,TCGA-J2-A4AE,0.0381219514444342
0.023730589823988197,0.02627668567314171,0.03940897323459863,0.042662900104014106,0.24814985601782844,0.07200896910317979,0.0495005416181787,0.24074536960051507,0.257516114824402,0.0,b603c2a6-4366-415a-871e-5949a2a8a4b6.rna_seq.augmented_star_gene_counts.tsv,1,TCGA-55-8621,0.5691991143263508
0.4630764072673213,0.00019712519631646523,0.0,0.0,0.0,0.25675164002185014,0.0,0.2799748275135067,0.0,0.0,b6ddcda9-dad4-4e70-b12a-db197a496713.rna_seq.augmented_star_gene_counts.tsv,1,TCGA-75-7025,0.1060446079287517
0.0,0.0,0.0,0.0,0.0,0.0,0.0,0.0,0.9999999999246334,0.0,b6e9752c-ad52-457d-a37c-78ffb7ddc520.rna_seq.augmented_star_gene_counts.tsv,2,TCGA-78-7537,4.968609939182134e-05
0.0,0.0,0.0,0.0,0.106867792494468,0.6005906235933031,0.29254158391156165,0.0,0.0,0.0,b70dcd97-e1e4-417c-a05f-b37acdde6684.rna_seq.augmented_star_gene_counts.tsv,3,TCGA-95-8494,0.07492254694754741
0.0,0.34448400862291534,0.0,0.5056305175276462,0.0,0.0,0.0,0.1498854738477939,0.0,0.0,b71b334c-768e-46f6-bc7e-c95a11f44f03.rna_seq.augmented_star_gene_counts.tsv,2,TCGA-55-7903,0.04922861149296465
0.5297335526689794,0.30143326991485736,0.08011058960756264,0.08872258780828357,0.0,0.0,0.0,0.0,0.0,0.0,b7f29b8c-08a8-4781-ba33-5a7b6b02ad23.rna_seq.augmented_star_gene_counts.tsv,2,TCGA-NJ-A4YQ,0.5227297278066512
0.49449910127055574,0.0,0.0,0.0,0.0,0.0,0.0,0.0,0.0,0.5055008987277007,b7f9da49-2a09-4f32-af6c-980ccf75250b.rna_seq.augmented_star_gene_counts.tsv,1,TCGA-93-7348,0.07851118511223587
0.0,0.0,0.0,0.0,0.0,0.0,0.0,0.36932441615300554,0.6306755838452028,0.0,b8ae4b22-83b8-4cbf-9d3c-49092b7e0903.rna_seq.augmented_star_gene_counts.tsv,1,TCGA-86-8054,0.020473125082176025
0.48595470524393714,0.0,0.0,0.0,0.0,0.5140452947544676,0.0,0.0,0.0,0.0,b8e8f06f-a5a9-4d16-b39f-585dcee31087.rna_seq.augmented_star_gene_counts.tsv,1,TCGA-44-2655,0.057306534477976956
0.0,0.0,0.0,0.0,0.056533526356353905,0.0,0.0,0.0,0.29233367985673303,0.6511327937853636,b95a1889-2ef5-4da3-b5e9-14b678c4d71a.rna_seq.augmented_star_gene_counts.tsv,1,TCGA-50-5936,0.09061108383947414
0.0,0.5498190444058442,0.0,0.0,0.0,0.0,0.0,0.19971766282927617,0.2504632927593479,0.0,b99ff949-1922-4948-8d02-2ef2aa3dfb3b.rna_seq.augmented_star_gene_counts.tsv,1,TCGA-50-7109,0.004179140523930647
0.0,0.054187045247454955,0.0,0.0,0.0,0.9458129547505999,0.0,0.0,0.0,0.0,bae79640-8273-42a2-913e-3d29e00ccc4f.rna_seq.augmented_star_gene_counts.tsv,1,TCGA-49-4488,0.032958383851400264
0.0,0.0,0.0,0.0,0.0,0.0,0.0,0.0,0.0,0.9999999999941714,bc037eb7-5afa-4730-b896-23bf21a31641.rna_seq.augmented_star_gene_counts.tsv,3,TCGA-38-4630,0.0074327944956306125
0.0,0.014023877472212148,0.0,0.0,0.3393269002079815,0.1387779826846094,0.001788881865683797,0.0,0.5060823577685722,0.0,bc8b6dee-0f79-492f-85e1-c1a09d6f9680.rna_seq.augmented_star_gene_counts.tsv,1,TCGA-78-8655,0.15656893806189087
0.0,0.09677165714837593,0.14221655130511357,0.025848105164931166,0.2055566724372137,0.16244228407333608,0.26870754696809296,0.027154627080492235,0.0,0.07130255582220216,bcb20e91-2931-4694-8268-686aee414fe7.rna_seq.augmented_star_gene_counts.tsv,1,TCGA-75-5125,0.2760974462777963
0.0,0.0,0.0,0.0,0.0,0.0,0.0,0.0,0.0,0.0,bd1e3dcd-31c4-4f7f-8e99-9ad0d1050294.rna_seq.augmented_star_gene_counts.tsv,1,TCGA-78-7167,2.275957200481571e-14
0.1938053102902843,0.2403972219505346,0.12090326503219515,0.1998630265422596,0.12083154356850195,0.0,0.1241996326157332,0.0,0.0,0.0,bd84bab3-4614-4806-bfd1-dab3fca9d6fa.rna_seq.augmented_star_gene_counts.tsv,1,TCGA-86-8585,0.10379668606863113
0.0,0.0,0.0,0.0,0.0,0.0,0.0,0.0,0.9999999999981051,0.0,be547f27-5157-4947-ad2a-c9d006dedabd.rna_seq.augmented_star_gene_counts.tsv,1,TCGA-44-7670,0.04100063722636571
0.02154490447726834,0.0,0.0,0.0,0.0,0.0009818893740057401,0.0,0.5792005248440065,0.39827268130407,0.0,c16f63fb-a468-48e8-b679-6e26b8457530.rna_seq.augmented_star_gene_counts.tsv,1,TCGA-97-7938,0.1617559979239902
0.0,0.15065433734598746,0.0,0.024345342443399347,0.0,0.22351924357740194,0.0,0.6014810766319507,0.0,0.0,c18d9cb5-17ca-4c49-bd72-4b4c6184fba3.rna_seq.augmented_star_gene_counts.tsv,1,TCGA-62-A472,0.08194923365443396
0.2703673362083514,0.0,0.0,0.0,0.05632930129773582,0.10506988880493112,0.0,0.568233473688225,0.0,0.0,c208cf0f-3922-4159-a7dd-76dccf9ff396.rna_seq.augmented_star_gene_counts.tsv,1,TCGA-67-6216,0.15209389303219756
0.01183371262958494,0.082241271065992,0.6080708704802681,0.29785414582336867,0.0,0.0,0.0,0.0,0.0,0.0,c29e5bb3-860d-4f1f-b27d-ae5b9d8c4208.rna_seq.augmented_star_gene_counts.tsv,2,TCGA-44-5643,0.12081061081857092
0.0,0.0,0.0,0.0,0.0,0.0,0.08065147974541513,0.2949064442741029,0.624442075980212,0.0,c2c5b3f8-abe2-4112-9ddd-70056f268137.rna_seq.augmented_star_gene_counts.tsv,1,TCGA-62-8399,0.2651510030605172
0.0,0.0,0.0,0.0,0.0,0.0,0.0,0.0,0.0,0.0,c4115468-0566-49e2-a86f-9c7faf6388f5.rna_seq.augmented_star_gene_counts.tsv,2,TCGA-86-7955,1.3988810110276972e-14
0.0,0.0,0.0,0.0,0.0,0.0,0.018193746821966252,0.07389332457023348,0.26852177349228185,0.6393911551147593,c41a2347-8277-494e-90c6-f1918223388b.rna_seq.augmented_star_gene_counts.tsv,1,TCGA-86-6562,0.3016997791995061
0.18985153995047913,0.1305415674151655,0.23159063490629453,0.05500417028260158,0.1528877638203651,0.06627184223266727,0.0886302801013469,0.0,0.04822746223276735,0.036994739058137736,c45c7b03-a317-4dac-ba0f-19989348cae3.rna_seq.augmented_star_gene_counts.tsv,1,TCGA-55-8208,0.4621142422342438
0.03829620070920486,0.0539989175153315,0.07512292333846317,0.03197032210803475,0.22948523545898317,0.10202663669818089,0.1731580081699138,0.16754956545676583,0.12839219054504,0.0,c55c7a04-580b-43e3-b138-f83bd3003875.rna_seq.augmented_star_gene_counts.tsv,1,TCGA-97-7553,0.6451722913472464
0.0,0.2584462735906883,0.09688506986776169,0.3911885331764672,0.11242413835527272,0.0,0.02738845449802225,0.08638555940785546,0.0,0.02728197110376795,c63de407-f025-4939-9633-6550724be88c.rna_seq.augmented_star_gene_counts.tsv,3,TCGA-44-6779,0.47226011461415707
0.0,0.24713112514215896,0.12964751867811455,0.11417608414906633,0.26258268108332333,0.19296961360919196,0.053492977338097034,0.0,0.0,0.0,c649e0cf-b787-4d0c-bab6-d81f7e491b15.rna_seq.augmented_star_gene_counts.tsv,2,TCGA-75-5122,0.5949586312398609
0.0,0.45986139144588795,0.0,0.3952563652810032,0.0,0.0,0.0,0.0,0.14488224327284727,0.0,c6acc762-3909-4cc0-91c7-f66bc3f0e667.rna_seq.augmented_star_gene_counts.tsv,2,TCGA-49-4507,0.18531218203228972
0.0,0.0,0.0,0.0,0.0,0.9999999999965422,0.0,0.0,0.0,0.0,c6b74844-5140-4c2e-b13d-fc50c2f2e9f1.rna_seq.augmented_star_gene_counts.tsv,1,TCGA-NJ-A4YG,0.02925665692854207
0.0,0.0,0.0,0.0,0.0,0.0,0.0,0.0,0.0,0.0,c6bf25d8-abea-411f-bb80-6e6fefb82757.rna_seq.augmented_star_gene_counts.tsv,1,TCGA-55-8615,2.098321516541546e-14
0.0,0.45807391406391856,0.0,0.22758715876167393,0.0,0.0,0.314338927174042,0.0,0.0,0.0,c6fcbf56-bc49-43eb-981a-ef032465a7ce.rna_seq.augmented_star_gene_counts.tsv,1,TCGA-86-8359,0.29358712921804775
0.0,0.0,0.0,0.0,0.0,0.0,0.0,0.0,0.0,0.0,c812eb06-bd41-4919-8f6d-9ade00654a4c.rna_seq.augmented_star_gene_counts.tsv,2,TCGA-86-A4D0,2.0539125955565396e-14
0.1870374686577878,0.0,0.0,0.0,0.2974666076856819,0.31931083681769745,0.19618508683815022,0.0,0.0,0.0,c8bfb715-4c7a-4e3e-baa2-bc842d80654b.rna_seq.augmented_star_gene_counts.tsv,1,TCGA-97-8552,0.16449559554259252
0.0,0.0,0.0,0.0,0.0,0.0,0.0,0.0,0.4182386126215773,0.5817613873777626,c8e5ea6c-c6b1-4807-8d9f-b2e96154a1eb.rna_seq.augmented_star_gene_counts.tsv,1,TCGA-69-7763,0.23847401091830167
0.0,0.0,0.0,0.0,0.0,0.0,0.0,0.0,0.0,0.9999999999949356,c9494f0c-d6df-4dc9-a174-dfd53f121ee8.rna_seq.augmented_star_gene_counts.tsv,2,TCGA-73-4675,0.01725176980960008
0.0,0.0,0.0,0.7939006098101635,0.0,0.0,0.0,0.06996568027706626,0.0,0.13613370991250967,c9d8385a-9f73-48f9-bca4-1c0647881bfd.rna_seq.augmented_star_gene_counts.tsv,2,TCGA-50-5931,0.1569466558594953
0.0,0.07318691602090226,0.1619200031236124,0.0,0.0,0.19920411104894228,0.21311650000573415,0.3259535881461811,0.026618881653780662,0.0,ca927d21-e459-469e-9655-c214b34447f7.rna_seq.augmented_star_gene_counts.tsv,1,TCGA-67-3774,0.06741746152120387
0.02440850004343527,0.23638125162135334,0.06328086492419073,0.1422014097509444,0.04398421475492971,0.03826263034973076,0.04892370595593723,0.0919653012229389,0.1875276928829026,0.12306442849354997,cbdf1edd-a8c9-4fc8-88ee-928f01abae34.rna_seq.augmented_star_gene_counts.tsv,1,TCGA-55-8299,0.7399167130902824
0.0,0.0,0.0,0.0,0.0,0.0,0.0,0.9999999999974354,0.0,0.0,cbf298e2-94bb-48c9-ae07-408081055497.rna_seq.augmented_star_gene_counts.tsv,1,TCGA-50-5051,0.02210694288487569
0.0,0.0,0.0,0.0,0.0,0.0,0.0,0.0,0.2730262540363695,0.726973745963055,cbfa6fea-3a77-4d0f-ab15-12307d08055a.rna_seq.augmented_star_gene_counts.tsv,1,TCGA-75-7027,0.2618017328216078
0.0,0.0,0.0,0.12922912349238222,0.8707708765064655,0.0,0.0,0.0,0.0,0.0,cd271741-c470-4f57-9873-635fef14f902.rna_seq.augmented_star_gene_counts.tsv,2,TCGA-64-1676,0.12450029287699993
0.0,0.0,0.0,0.0,0.9999999999980818,0.0,0.0,0.0,0.0,0.0,ce68bb71-4052-499c-bf2e-81d9c0dafc9b.rna_seq.augmented_star_gene_counts.tsv,2,TCGA-05-4397,0.06396829472948085
0.0,0.0,0.0,0.0,0.0,0.0,0.0,0.0,0.0,0.0,d067f93b-7182-4a34-ba8e-be73589b7420.rna_seq.augmented_star_gene_counts.tsv,3,TCGA-95-7043,1.63202784619898e-14
0.0,0.10357770468642338,0.23636093421716511,0.11677615518371409,0.326449179718315,0.12909836503924363,0.04449039806872218,0.0,0.04324726308620738,0.0,d0966b4b-6c70-41f6-a220-4bf8be955366.rna_seq.augmented_star_gene_counts.tsv,1,TCGA-86-7954,0.5320154550086692
0.0,0.923906029196367,0.0,0.0760939708022782,0.0,0.0,0.0,0.0,0.0,0.0,d0f1d923-1014-4a12-824b-9939fd75f9b1.rna_seq.augmented_star_gene_counts.tsv,3,TCGA-49-6767,0.10717130456073265
0.0,0.0,0.03539918355305827,0.0,0.0,0.0,0.09516992007697064,0.24890205827307427,0.6192588478047131,0.0012699902916988724,d1b10396-1656-4963-8fd0-7d7368c24dd2.rna_seq.augmented_star_gene_counts.tsv,1,TCGA-73-7498,0.34621185655362496
0.0,0.0,0.0,0.0,0.0,0.0,0.0,0.0,0.0,0.0,d1eba37d-0b00-47f4-a7c8-d2e80ec3e27b.rna_seq.augmented_star_gene_counts.tsv,2,TCGA-97-7937,2.0761170560490427e-14
0.0,0.0009136978338451728,0.062306038552892885,0.0,0.3120816702379257,0.05425790103126484,0.12554209010685827,0.09003634332841522,0.3290100120175214,0.025852246890946368,d20f5121-5e33-4b35-8cdf-df2eb51a099d.rna_seq.augmented_star_gene_counts.tsv,1,TCGA-05-4424,0.42041045146471434
0.0,0.0,0.0,0.0,0.03081709890912309,0.0,0.0001010647330156866,0.28851367668435646,0.1779630557025269,0.5026051039708366,d21d91e9-6e19-4c5f-aa2e-cdd41d98e542.rna_seq.augmented_star_gene_counts.tsv,2,TCGA-91-6829,0.6434878830143103
0.0,0.0,0.0,0.0,0.42275363322352016,0.0,0.0,0.0,0.577246366775377,0.0,d2bf5f92-08f4-492e-96c2-399262f96828.rna_seq.augmented_star_gene_counts.tsv,2,TCGA-05-4427,0.09542835675046868
0.0,0.2690229690333288,0.14505072624019472,0.16057943595641355,0.09180272113970323,0.07952897557739949,0.0,0.0,0.04742384349831995,0.2065913285545506,d34f0d3c-a058-4569-a8c8-380ada182e76.rna_seq.augmented_star_gene_counts.tsv,2,TCGA-55-6978,0.7281649379592838
0.0,0.0,0.14032686731424573,0.0,0.006585671739796968,0.08237256451322639,0.0,0.10210830966235979,0.4425697363827497,0.2260368503873847,d38959c4-8069-4963-8eca-0c66699df9a7.rna_seq.augmented_star_gene_counts.tsv,1,TCGA-97-8174,0.44698331974603556
0.5906361672652302,0.408338620911049,0.0,0.0,0.0,0.0,0.0,0.0010252118224917059,0.0,0.0,d3c861af-cfe9-4d9f-bc76-a8a45b72df43.rna_seq.augmented_star_gene_counts.tsv,1,TCGA-05-4410,0.15146529305085832
0.0,0.0,0.0,0.0,0.0,0.0,0.0,0.0,0.0,0.0,d3ebb2ea-10db-4c29-8e7c-7c13b23b5b15.rna_seq.augmented_star_gene_counts.tsv,2,TCGA-62-A46O,1.0547118733938987e-14
0.0,0.0,0.0,0.0,0.22384970158010106,0.10289483592585816,0.3282489460597947,0.11164913308883682,0.15199421325846854,0.08136317008647374,d4422306-b68c-4687-9131-02a60a2d4c42.rna_seq.augmented_star_gene_counts.tsv,1,TCGA-73-4659,0.19659092461802752
0.0,0.0,0.30822389520210947,0.0,0.0,0.0,0.19477641319277603,0.4969996916044239,0.0,0.0,d4db8bd3-6f2f-4c34-a4a7-1e23342e62b5.rna_seq.augmented_star_gene_counts.tsv,2,TCGA-62-A46R,0.13195433286986136
0.1958242624101357,0.0,0.0,0.0,0.8041757375879465,0.0,0.0,0.0,0.0,0.0,d53203c7-5070-455b-aec3-ce01f32186de.rna_seq.augmented_star_gene_counts.tsv,1,TCGA-67-3771,0.09545488585954498
0.0,0.0,0.026587951611562664,0.014827284773650997,0.8522508609398294,0.10633390267444086,0.0,0.0,0.0,0.0,d5388d2a-976f-4f08-80c2-14bbf4ccc753.rna_seq.augmented_star_gene_counts.tsv,2,TCGA-80-5611,0.3882775343089917
0.5901650531981267,0.29874901397219344,0.0,0.11108593282902152,0.0,0.0,0.0,0.0,0.0,0.0,d6662ab3-af1a-4e7e-a907-111e4241713b.rna_seq.augmented_star_gene_counts.tsv,2,TCGA-55-8092,0.16557211248607162
0.14504732259450223,0.2711460316416599,0.20911163108318434,0.18368433683131366,0.0,0.0,0.0,0.19101067784891138,0.0,0.0,d7339ba2-0cc2-40b7-9dbe-f8f3366b20d9.rna_seq.augmented_star_gene_counts.tsv,1,TCGA-MP-A4SV,0.3866775860840379
0.2461073078454503,0.24282653015069225,0.23072836604203925,0.1968889958220054,0.0,0.0,0.0,0.0,0.0,0.0834488001395225,d737cd97-619a-4fc3-9ae2-87e1f4b19beb.rna_seq.augmented_star_gene_counts.tsv,1,TCGA-44-A479,0.4414920508849738
0.3510045937279773,0.0,0.0,0.0,0.0,0.0,0.0,0.0,0.016266157279675418,0.6327292489917871,d7c787e0-6416-4724-8954-85467906f90d.rna_seq.augmented_star_gene_counts.tsv,2,TCGA-55-6642,0.23105794374203592
0.056834286097853,0.08604559355267324,0.05389716612808626,0.0,0.0,0.2275549140413366,0.024702119741028386,0.48756412583606845,0.06340179460253555,0.0,d94a4acc-1345-4cdb-b1e0-0b9c1afc593c.rna_seq.augmented_star_gene_counts.tsv,1,TCGA-50-8460,0.179518418833141
0.0,0.0,0.0,0.0,0.0,0.0,0.0,0.0,0.0,0.9999999999977384,da046621-2982-42dc-b54d-6c875ecb5368.rna_seq.augmented_star_gene_counts.tsv,1,TCGA-55-A48Z,0.09109219765815613
0.0,0.0,0.0,0.0,0.0,0.0,0.0,0.0,0.0,0.0,da145aec-4391-4fce-b5d0-bf91065b765e.rna_seq.augmented_star_gene_counts.tsv,2,TCGA-78-8640,3.141931159689193e-14
0.0,0.0,0.5280533239218429,0.0,0.0,0.0,0.0,0.0,0.4719466760681474,0.0,da3718fb-d874-4469-a3fe-6ba6fa89676b.rna_seq.augmented_star_gene_counts.tsv,1,TCGA-95-7947,0.0028236146213783675
0.0,0.0,0.0,0.0,0.0,0.010385226749797197,0.6287740310810022,0.0,0.0,0.3608407421674735,da52147d-9bd6-449c-b5d9-b168822ddac0.rna_seq.augmented_star_gene_counts.tsv,1,TCGA-L9-A443,0.02169199211063233
0.0,0.0,0.0,0.0,0.0,0.0,0.0,0.0,0.0,0.0,dad295e6-b4f8-4ad1-8439-acc3f903cfb0.rna_seq.augmented_star_gene_counts.tsv,1,TCGA-53-7813,1.609823385706477e-14
0.0,0.0,0.0,0.0,0.028871783557712728,0.0,0.4096026282897952,0.22202348402803254,0.25880644697991223,0.08069565714381756,db3c11b8-53c7-48f8-a16c-b86c1c7534b0.rna_seq.augmented_star_gene_counts.tsv,1,TCGA-78-7145,0.07823841811939491
0.0,0.0,0.0,0.0,0.0,0.0,0.028945378107912173,0.3077975902214229,0.37339321032007905,0.28986382135018285,db66be89-fb7c-41c3-9a0b-9beae75b7850.rna_seq.augmented_star_gene_counts.tsv,1,TCGA-44-8120,0.41905375537522194
0.0,0.22889427546100521,0.16030748080058022,0.2638092701731061,0.0,0.0,0.0,0.33941202160227457,0.0,0.0075769519616652094,dc3ac0d3-d862-4761-ac12-60bb4d6758c1.rna_seq.augmented_star_gene_counts.tsv,1,TCGA-55-6985,0.10912802267767518
0.0,0.0,0.0,0.0380378200092033,0.036902023015874384,0.0,0.0143265844069525,0.0,0.16412841305350961,0.7466051595141235,dd20e202-a63c-4281-85c7-f16096212a91.rna_seq.augmented_star_gene_counts.tsv,2,TCGA-44-7662,0.6589254819720641
0.0,0.0,0.0,0.0,0.0,0.0,0.0,0.0,0.2252964441328119,0.7747035558665908,dd6e2735-7d83-4bc4-87b3-05a5d7f08caa.rna_seq.augmented_star_gene_counts.tsv,1,TCGA-71-8520,0.26333290786109165
0.14769487128043626,0.3144036809863136,0.07683313406321707,0.16961532638824736,0.017981034430198207,0.0,0.13899613883067566,0.04728833482918796,0.0,0.08718747919150785,df2ac75d-208d-4cc1-867b-aea3e36117c6.rna_seq.augmented_star_gene_counts.tsv,1,TCGA-44-6145,0.5347287855109841
0.0,0.2390513194091614,0.0,0.7609486805899368,0.0,0.0,0.0,0.0,0.0,0.0,df3e51ff-63ad-45c2-ba71-676c5eb6b9e0.rna_seq.augmented_star_gene_counts.tsv,1,TCGA-MN-A4N5,0.1651480880610109
0.0,0.02334369442990068,0.22459582383389814,0.003427765531868325,0.08160718658033934,0.034586624208232504,0.0,0.0,0.0,0.6324389054154154,e0819bee-5642-4297-b6bb-70e41d54ee8c.rna_seq.augmented_star_gene_counts.tsv,1,TCGA-MP-A4TC,0.41835771863855165
0.0,0.4882359276846152,0.0,0.4794485179921036,0.0,0.0,0.032315554322842936,0.0,0.0,0.0,e0dabde8-1dd8-4aa6-9f23-51dc22fc2cae.rna_seq.augmented_star_gene_counts.tsv,1,TCGA-99-8033,0.3185934026279592
0.0,0.0,0.0,0.0,0.3027827116046293,0.11293916556266935,0.5842781228317943,0.0,0.0,0.0,e0e055b6-6800-40e7-bde5-718823408f0c.rna_seq.augmented_star_gene_counts.tsv,2,TCGA-05-4244,0.06533625346933569
0.0067711875482105175,0.0857082384678322,0.13141369810742076,0.08190285359969852,0.14243276697612847,0.16468896889444917,0.022200797145038847,0.14828661754339517,0.21659487171774744,0.0,e0e9a0df-7052-4d42-b3fd-10ee23ceae62.rna_seq.augmented_star_gene_counts.tsv,2,TCGA-86-A4P8,0.5527747344579093
0.09875172670839501,0.0,0.0,0.0,0.0,0.0,0.0,0.0,0.24604510988673386,0.6552031634043544,e121b871-b177-47ef-a4f1-de73cb338519.rna_seq.augmented_star_gene_counts.tsv,1,TCGA-69-7765,0.4496365156598102
0.0,0.0,0.0,0.0,0.0,0.0,0.1414931716411292,0.0,0.1757213900083487,0.6827854383494427,e127acf3-0757-4f24-aff7-0fbe7283b9ed.rna_seq.augmented_star_gene_counts.tsv,1,TCGA-49-6743,0.17074263214836516
0.326507337101561,0.29371840432059554,0.11134164476687368,0.10197812360497086,0.029096960577205077,0.0,0.13735752962838446,0.0,0.0,0.0,e1b67311-dee7-4296-ac38-1ad47a80c257.rna_seq.augmented_star_gene_counts.tsv,2,TCGA-L9-A8F4,0.22343095658673906
0.0,0.0,0.0,0.0,0.0,0.0,0.0,0.08800066250358153,0.9119993374943408,0.0,e25887be-64fe-4e7c-983b-4fbdec52c4b7.rna_seq.augmented_star_gene_counts.tsv,1,TCGA-69-7979,0.01099642248384436
0.3622561211168589,0.08484918429695607,0.18065543223745453,0.08482543593685929,0.0,0.06423689886909816,0.0,0.025956881831131696,0.12249693358598933,0.07472311212555471,e270dd9d-4a6b-40b3-823f-a46dd9493585.rna_seq.augmented_star_gene_counts.tsv,1,TCGA-55-7574,0.734985322397679
0.0,0.0,0.0,0.0,0.0,0.0,0.9999999999988406,0.0,0.0,0.0,e2f47d3a-0e1a-47cb-a53f-697e2a3cb89b.rna_seq.augmented_star_gene_counts.tsv,1,TCGA-49-4494,0.044155887667502114
0.0,0.0,0.0,0.0,0.0,0.0,0.0,0.0,0.0,0.0,e38af20a-f4f2-40dc-82c0-69782f9192d7.rna_seq.augmented_star_gene_counts.tsv,1,TCGA-73-4677,3.852473895449293e-14
0.0,0.702698883734458,0.0,0.29730111626512273,0.0,0.0,0.0,0.0,0.0,0.0,e40ae18a-9f57-4069-b99f-260c93b52e9f.rna_seq.augmented_star_gene_counts.tsv,2,TCGA-69-8255,0.3132117054365541
0.250420354785272,0.4247559984848639,0.007900135410201195,0.3169235113178471,0.0,0.0,0.0,0.0,0.0,0.0,e48cabb8-73cd-4d42-81b0-f9ab7bebecc1.rna_seq.augmented_star_gene_counts.tsv,1,TCGA-55-8085,0.04507493812582619
0.0,0.0,0.025570702385256678,0.0,0.3665331966636932,0.23733625800068706,0.03834533351141826,0.12349762583798864,0.20871688360082574,0.0,e4fe566f-bf64-408e-a422-fef7b855391f.rna_seq.augmented_star_gene_counts.tsv,1,TCGA-L4-A4E6,0.5137634547775843
0.2016982353643838,0.03355565878533422,0.031941209380093136,0.0,0.17396735938493588,0.06674515863629589,0.14744389669892333,0.2172428750238239,0.12740560672601411,0.0,e5ff9d44-3193-4baa-bf04-c86563d3c9a9.rna_seq.augmented_star_gene_counts.tsv,1,TCGA-55-8619,0.5048217247644323
0.0641904632388355,0.25164852036632346,0.23796253275748372,0.0,0.17033922886994957,0.19698902034331364,0.02383841966932257,0.042347673252021927,0.0,0.012684141502533993,e62d96e9-3e79-4eef-9e5e-568a48dd737b.rna_seq.augmented_star_gene_counts.tsv,1,TCGA-05-4434,0.3592924882111256
0.09892415125902315,0.0,0.1226774123986852,0.0,0.0,0.06750398326230654,0.0,0.20742818240019162,0.05787799300748918,0.4455882776720941,e6992421-f34c-4a68-a218-d53f56d0f562.rna_seq.augmented_star_gene_counts.tsv,1,TCGA-75-7030,0.5690603920109532
0.0,0.0,0.0,0.0,0.0,0.0,0.0,0.0,0.7428955406077229,0.2571044593916768,e789fc5c-1218-4f07-ba95-b54d8fb93e7b.rna_seq.augmented_star_gene_counts.tsv,1,TCGA-50-5044,0.09764807557653687
0.0,0.0,0.0,0.0,0.0,0.0,0.0,0.0,0.0,0.0,e860f314-beb1-4dfd-adb8-e188f13ca1c8.rna_seq.augmented_star_gene_counts.tsv,1,TCGA-05-4418,3.83026943495679e-14
0.0,0.0,0.0,0.9999999999906529,0.0,0.0,0.0,0.0,0.0,0.0,e89ecf81-4892-48c8-be13-926f92d5ec97.rna_seq.augmented_star_gene_counts.tsv,2,TCGA-44-5644,0.001121557215336244
0.011025907789501199,0.7335339902646392,0.0,0.23903927631336952,0.0,0.0,0.0,0.0,0.0,0.016400825632248376,e8ea2e59-65dc-49c9-b6f3-b9335185390d.rna_seq.augmented_star_gene_counts.tsv,2,TCGA-91-A4BC,0.5952278173737846
0.0,0.0,0.0,0.0,0.0,0.0,0.0,0.0,0.6143362701289492,0.3856637298697049,e9efd91b-8824-456b-b650-1d0287efbbe8.rna_seq.augmented_star_gene_counts.tsv,2,TCGA-95-7039,0.08371242699093029
0.0,0.5553788393634471,0.07023070074165001,0.15477139492205524,0.10087496311118206,0.04652916285547054,0.0,0.03781729834847725,0.0,0.034397640657576084,e9f19ff2-29c5-4578-9c23-9d58c192ff59.rna_seq.augmented_star_gene_counts.tsv,2,TCGA-35-4123,0.5706753825816617
0.11967730518984908,0.2875797468336898,0.33132408350144793,0.10659375955384863,0.0,0.0,0.11671401433800274,0.038111090582761145,0.0,0.0,eaaacefc-a798-4b6e-8471-0fde96a80bb9.rna_seq.augmented_star_gene_counts.tsv,2,TCGA-69-7761,0.2670273916047401
0.0,0.0,0.0,0.0,0.0,0.0,0.0,0.0,0.0,0.0,ebc79b86-12cb-4a5b-b0e4-4d1017ef22f4.rna_seq.augmented_star_gene_counts.tsv,1,TCGA-62-A470,2.298161660974074e-14
0.0,0.0,0.0,0.0,0.0,0.0,0.0,0.0,0.0,0.0,ebf8d429-0437-4987-9bca-89e62910f168.rna_seq.augmented_star_gene_counts.tsv,2,TCGA-78-7158,2.19824158875781e-14
0.0,0.0,0.0,0.0,0.0,0.0,0.0,0.0,0.0,0.0,ec3a68ca-1006-4f2f-95b5-74d506ceda86.rna_seq.augmented_star_gene_counts.tsv,1,TCGA-78-7148,3.3861802251067274e-14
0.0,0.0,0.0,0.7170765384874097,0.0,0.0,0.0,0.28292346151180303,0.0,0.0,ec99ae0d-704e-481d-bc90-7b553075a845.rna_seq.augmented_star_gene_counts.tsv,3,TCGA-53-7624,0.04640234393091547
0.0,0.0,0.0,0.0,0.0,0.0,0.0,0.0,0.0,0.0,ecef82f6-3009-4345-a56d-d028535d78fd.rna_seq.augmented_star_gene_counts.tsv,3,TCGA-53-A4EZ,1.8762769116165146e-14
0.0,0.0,0.0,0.0,0.9999999999938318,0.0,0.0,0.0,0.0,0.0,ed0926c8-6642-4741-9de6-e04014ba0364.rna_seq.augmented_star_gene_counts.tsv,2,TCGA-55-A491,0.014679929608005127
0.5658888872104929,0.0,0.0,0.43411111278649717,0.0,0.0,0.0,0.0,0.0,0.0,ed30ab10-5d65-4aeb-ba72-ec3e9b768cd3.rna_seq.augmented_star_gene_counts.tsv,1,TCGA-64-1677,0.011193827222313768
0.8811719047023905,0.0,0.0,0.0,0.0,0.0,0.0,0.11882809529520523,0.0,0.0,ed4e21ee-1471-479e-af75-72c91986787a.rna_seq.augmented_star_gene_counts.tsv,1,TCGA-75-5146,0.028760766521103043
0.0,0.0,0.47619549328432786,0.0,0.0,0.17346830984874761,0.35033619686366735,0.0,0.0,0.0,eda17fff-892d-440a-af83-b353ea60c478.rna_seq.augmented_star_gene_counts.tsv,1,TCGA-86-8669,0.010082276218813857
0.0,0.0,0.0,0.0,0.09269437844245661,0.8944292590806676,0.012876362474486697,0.0,0.0,0.0,ee14c1ac-fa18-4be1-b836-a1274abafe28.rna_seq.augmented_star_gene_counts.tsv,1,TCGA-75-6207,0.01635833063328651
0.5128217628802589,0.22982959409600826,0.18212681138059034,0.06837293769884532,0.0,0.0,0.0,0.0,0.0,0.006848893944052269,eecb4e6b-6916-4673-815b-9a5366fe3a86.rna_seq.augmented_star_gene_counts.tsv,1,TCGA-49-4487,0.6234377839567684
0.0,0.058607897796147584,0.40890147877750505,0.0,0.11147985694103911,0.2687948951332724,0.0,0.0,0.0,0.1522158713514561,ef11ddff-02bb-44e2-ab77-fadde20acd87.rna_seq.augmented_star_gene_counts.tsv,1,TCGA-55-7227,0.3107908562978021
0.0,0.0,0.0,0.0,0.0,0.0,0.0,0.0,0.9999999999944437,0.0,ef19e097-8ae9-4362-b77a-76d8f5399760.rna_seq.augmented_star_gene_counts.tsv,1,TCGA-62-A46P,0.0059961764364874215
0.0,0.0,0.0,0.0,0.0,0.0,0.11601629442144576,0.7675588380876011,0.0,0.11642486748978248,ef304a3b-e32b-450e-8c40-4173aa0a0366.rna_seq.augmented_star_gene_counts.tsv,2,TCGA-05-5428,0.036542569173967254
0.0,0.0,0.05276735107063682,0.0,0.15839040881246463,0.0,0.012391166891842243,0.0,0.0377668974556449,0.7386841757691132,efd3731a-0788-41e9-a985-0c3d400d7db3.rna_seq.augmented_star_gene_counts.tsv,1,TCGA-86-8055,0.6550068700552443
0.0,0.0,0.0,0.0,0.0,0.0,0.0,0.0,0.0,0.0,f01d4b93-8aeb-4b87-a063-59d7b6057fba.rna_seq.augmented_star_gene_counts.tsv,1,TCGA-62-8394,3.086420008457935e-14
0.0,0.4400049135453496,0.02472046404280802,0.13898602384644906,0.19590440821809899,0.0,0.0,0.0,0.0,0.2003841903467726,f0395da6-5f12-4a35-8aa6-0b1b47a2acba.rna_seq.augmented_star_gene_counts.tsv,1,TCGA-05-4250,0.30664715022629807
0.0,0.0,0.0,0.0,0.0,0.0,0.0,0.0,0.38556891522298664,0.6144310847767045,f05d253b-7b64-4ecc-8249-55392326a91d.rna_seq.augmented_star_gene_counts.tsv,2,TCGA-55-6975,0.5810039079803928
0.9999999999988751,0.0,0.0,0.0,0.0,0.0,0.0,0.0,0.0,0.0,f07f72e3-8bd8-4a16-91b4-e4444c2745d9.rna_seq.augmented_star_gene_counts.tsv,1,TCGA-55-8203,0.27025355564642073
0.041257351943553774,0.7084304585430469,0.01896135671410094,0.23135083279905916,0.0,0.0,0.0,0.0,0.0,0.0,f1eb1ef7-fe25-4dd8-abed-9d9c298d72fb.rna_seq.augmented_star_gene_counts.tsv,1,TCGA-49-AAR4,0.5465938256379415
0.0,0.2970008187999149,0.0,0.23207262560895317,0.43976630189226873,0.0,0.03116025369845279,0.0,0.0,0.0,f21b5258-2e93-4fe0-bd98-9eb1216e824b.rna_seq.augmented_star_gene_counts.tsv,1,TCGA-35-4122,0.22273720668678942
0.04665495178791671,0.08832258337319884,0.2184262512648832,0.0,0.0,0.013887719902354085,0.05417242035435905,0.0,0.22827616830349579,0.3502599050135369,f30ea4c5-0110-403e-b171-2ea1e35c1ea0.rna_seq.augmented_star_gene_counts.tsv,1,TCGA-05-4417,0.5901499674951972
0.0,0.3324362370149588,0.14839304691876523,0.15771558358987717,0.07941694690297812,0.10269783346432015,0.0,0.17934035210876453,0.0,0.0,f3b31315-692c-4040-9f89-1a9988ed2fbc.rna_seq.augmented_star_gene_counts.tsv,1,TCGA-05-4389,0.3103437518251675
0.06512460960529673,0.16052117859610895,0.16211483431559137,0.002240421170808596,0.0,0.03724358404943674,0.0,0.5727553722624167,0.0,0.0,f3d482bb-14e8-4569-bee4-22d7d2a027ea.rna_seq.augmented_star_gene_counts.tsv,2,TCGA-55-7725,0.16328401354926536
0.30169835456808075,0.0,0.08203942742806225,0.011106490816871503,0.0,0.0,0.03594621682656748,0.0,0.5692095103598146,0.0,f3df8eaf-1fd2-4e08-ad48-ce5aa1d64e19.rna_seq.augmented_star_gene_counts.tsv,1,TCGA-95-A4VP,0.15458787652061934
0.0,0.0,0.0,0.0,0.0,0.0,0.9999999999976165,0.0,0.0,0.0,f48a9d85-c3c7-40bc-9215-760ba3b8fa60.rna_seq.augmented_star_gene_counts.tsv,3,TCGA-38-4631,0.02916692981992941
0.18602867117989616,0.02389476203459783,0.0,0.07441299118251732,0.05597860225965857,0.05274771049146837,0.0,0.192816775201478,0.4141204876501447,0.0,f57240f6-a5e4-4a9f-81d7-b59616d865dd.rna_seq.augmented_star_gene_counts.tsv,1,TCGA-86-A4P7,0.5874463076162029
0.0,0.03422449479029299,0.23653480706044142,0.0005303607679131251,0.12990134110336007,0.1226643733091567,0.04884910045866536,0.002127349648324938,0.2659440023038373,0.1592241705578779,f602ef77-0db5-47af-b259-e551c77a4281.rna_seq.augmented_star_gene_counts.tsv,1,TCGA-44-7661,0.5962722934368059
0.1980479644484739,0.0,0.21241313017606325,0.13794819838075123,0.15608401263773827,0.11932461778278203,0.0,0.0,0.0748140669013548,0.10136800967251128,f6108b9b-e02f-4608-bec3-bcc0112d05b4.rna_seq.augmented_star_gene_counts.tsv,1,TCGA-49-AARO,0.2578282729504119
0.0,0.0,0.052832934461353225,0.0,0.17027546586458608,0.0,0.0,0.027232547736951676,0.0,0.7496590519364362,f6f15b7f-1af0-4da5-8ca5-a4b488d8f412.rna_seq.augmented_star_gene_counts.tsv,1,TCGA-86-8074,0.30064441874069514
0.09737562646864936,0.274810187719127,0.23288971850833476,0.17824564920197328,0.0579625926590398,0.14448007208305638,0.0,0.0,0.0,0.014236153359514224,f74d61fe-042f-4cfc-a32b-380389629951.rna_seq.augmented_star_gene_counts.tsv,2,TCGA-55-A493,0.3876799584280588
0.0,0.0,0.0,0.0,0.0,0.0,0.0,0.0,0.9999999999937413,0.0,f77f77e1-073c-4f6a-bc48-1ba165ecc024.rna_seq.augmented_star_gene_counts.tsv,1,TCGA-78-7154,0.00547180265627234
0.0,0.0,0.0,0.0,0.0,0.0,0.0,0.0,0.0,0.0,f8a3b631-5140-45d0-8732-cb556d5f83b2.rna_seq.augmented_star_gene_counts.tsv,1,TCGA-55-7910,2.353672812205332e-14
0.0,0.0,0.0,0.0,0.0,0.0,0.0,0.0,0.05006688304299667,0.9499331169548958,f8cc4515-2576-4a72-9cf1-28dfe774eda9.rna_seq.augmented_star_gene_counts.tsv,1,TCGA-55-1595,0.13854785602583364
0.00665267360648936,0.24570371437398278,0.21127038762166686,0.08527431640404917,0.08774893623875821,0.14282561667029336,0.0,0.0,0.15484350153595788,0.06568085354854818,f99ac82f-4fe6-4a9a-9d49-67c42cf66208.rna_seq.augmented_star_gene_counts.tsv,1,TCGA-78-7160,0.5090056098792654
0.021572827941451718,0.2085527602986371,0.24692901203635184,0.06600412561471065,0.31385154348410155,0.05106435860405604,0.0,0.0,0.07056330825518657,0.02146206376519675,fa7777c7-e04a-41db-9ade-0c875c62411f.rna_seq.augmented_star_gene_counts.tsv,1,TCGA-55-6979,0.5592958258071237
0.14003023284060026,0.13576576347086608,0.18230582888790162,0.08046543325355313,0.15302662336442555,0.0891269788569965,0.06057755209006333,0.028075470379802837,0.13062611685570014,0.0,facd5609-e5f0-4993-bd84-049447d60d32.rna_seq.augmented_star_gene_counts.tsv,1,TCGA-44-6778,0.6857944513374519
0.0,0.0,0.0,0.0,0.0,0.0,0.0,0.0,0.0,0.0,fb3e2838-b073-40c9-824f-3216f940a2c5.rna_seq.augmented_star_gene_counts.tsv,1,TCGA-L4-A4E5,2.375877272697835e-14
0.0,0.0,0.2566767632582226,0.0,0.0,0.743323236740408,0.0,0.0,0.0,0.0,fb870a60-4b6d-4e83-b366-bdaaca72f205.rna_seq.augmented_star_gene_counts.tsv,2,TCGA-78-7143,0.09679641317897592
0.20952375459631645,0.24737433605887557,0.25453512063635053,0.0,0.28856678870765956,0.0,0.0,0.0,0.0,0.0,fbb4d953-39c3-4e94-a99c-a8927421709e.rna_seq.augmented_star_gene_counts.tsv,3,TCGA-50-6590,0.12926491811269947
0.0,0.0,0.0,0.0,0.0,0.0,0.0,0.0,0.0,0.0,fbd81adc-aa56-4cde-b1f2-e749e2cbf653.rna_seq.augmented_star_gene_counts.tsv,2,TCGA-NJ-A7XG,1.4210854715202004e-14
0.0,0.0,0.0,0.0,0.0,0.02366817400073112,0.2188771733239975,0.649559414818063,0.10789523785703978,0.0,fc4f0b8e-ced1-4543-a21d-3cbb2d269eb0.rna_seq.augmented_star_gene_counts.tsv,2,TCGA-67-4679,0.5355503188220183
0.0,0.0,0.06931826101928658,0.0,0.3402049352597535,0.02468564825818898,0.018203377132367016,0.0,0.11511561954685509,0.4324721587833747,fcb42a31-a716-430f-a0a1-001766fc62b5.rna_seq.augmented_star_gene_counts.tsv,3,TCGA-50-5933,0.6559432915051162
0.0,0.48271133258924415,0.0,0.16700624117671167,0.10029594835181749,0.0,0.0,0.0,0.0,0.24998647788159264,fcfff41c-378f-49e8-b416-ccd1b9d8b4b4.rna_seq.augmented_star_gene_counts.tsv,1,TCGA-86-8672,0.18476998247187792
0.0,0.014168972533335916,0.0,0.0009553269778634126,0.3065601718116969,0.24739060878757987,0.023832854109974683,0.0,0.26027673457573064,0.14681533120360915,fdd9f9f1-8b02-4b83-a8f6-f28f968bdf54.rna_seq.augmented_star_gene_counts.tsv,2,TCGA-55-7816,0.2891152828828929
0.0,0.0,0.0,0.0,0.0,0.0,0.0,0.0,0.9999999999981494,0.0,fddbde25-7d5c-496f-8f62-985dbda7e0fe.rna_seq.augmented_star_gene_counts.tsv,1,TCGA-97-A4M3,0.06122671186375106
0.0,0.0,0.0,0.0,0.0,0.0,0.0,0.0,0.0,0.0,fe3a5a49-7744-4336-a4b6-0e88f23e21d8.rna_seq.augmented_star_gene_counts.tsv,1,TCGA-50-5932,1.865174681370263e-14
0.0,0.0,0.0,0.0,0.0,0.0,0.0,0.0,0.0,0.0,fe69fb9c-7215-478c-ae5c-44f5d0814b9d.rna_seq.augmented_star_gene_counts.tsv,1,TCGA-J2-A4AD,2.098321516541546e-14
0.0,0.2123222397784191,0.0,0.2723838834124893,0.0,0.0,0.0,0.4177041012045405,0.09758977560387888,0.0,fe770b01-42c9-48c6-97f8-09f18a374350.rna_seq.augmented_star_gene_counts.tsv,1,TCGA-44-A47B,0.1491092495081433
0.0,0.0,0.0,0.0,0.0,0.0,0.0,0.1577852904553958,0.6827655650345706,0.15944914450916825,fec056a5-e860-4b68-8fa0-39cb7ad78a62.rna_seq.augmented_star_gene_counts.tsv,1,TCGA-62-8395,0.14466283885200737
0.0,0.0,0.0,0.0,0.0,0.0,0.30593463473351046,0.47493076894040437,0.2191345963251996,0.0,fec7a02d-1d67-412d-9d69-df7124864e7a.rna_seq.augmented_star_gene_counts.tsv,1,TCGA-55-8507,0.11690522256410996
0.4480060564540356,0.0,0.16325661065826738,0.0,0.0,0.21503190778746883,0.0,0.16817368041527145,0.005531744684676799,0.0,ff298d6f-071c-417a-acbe-a9ff38494f87.rna_seq.augmented_star_gene_counts.tsv,1,TCGA-55-7573,0.49489058625251336
0.3995900326550646,0.0,0.09061466747720852,0.0,0.015687115369630557,0.0960982994791068,0.05276790195058958,0.25305979651451666,0.09218218655371964,0.0,ff36264d-8485-46e6-8259-0b55f651ed8f.rna_seq.augmented_star_gene_counts.tsv,1,TCGA-91-8497,0.671608312647527
