symbol,GSM773540,GSM773541,GSM773542,GSM773543,GSM773544,GSM773545,GSM773546,GSM773547,GSM773548,GSM773549,GSM773550,GSM773551,GSM773552,GSM773553,GSM773554,GSM773555,GSM773556,GSM773557,GSM773558,GSM773559,GSM773560,GSM773561,GSM773562,GSM773563,GSM773564,GSM773565,GSM773566,GSM773567,GSM773568,GSM773569,GSM773570,GSM773571,GSM773572,GSM773573,GSM773574,GSM773575,GSM773576,GSM773577,GSM773578,GSM773579,GSM773580,GSM773581,GSM773582,GSM773583,GSM773584,GSM773585,GSM773586,GSM773587,GSM773588,GSM773589,GSM773590,GSM773591,GSM773592,GSM773593,GSM773594,GSM773595,GSM773596,GSM773597,GSM773598,GSM773599,GSM773600,GSM773601,GSM773602,GSM773603,GSM773604,GSM773605,GSM773606,GSM773607,GSM773608,GSM773609,GSM773610,GSM773611,GSM773612,GSM773613,GSM773614,GSM773615,GSM773616,GSM773617,GSM773618,GSM773619,GSM773620,GSM773621,GSM773622,GSM773623,GSM773624,GSM773625,GSM773626,GSM773627,GSM773628,GSM773629,GSM773630,GSM773631,GSM773632,GSM773633,GSM773634,GSM773635,GSM773636,GSM773637,GSM773638,GSM773639,GSM773640,GSM773641,GSM773642,GSM773643,GSM773644,GSM773645,GSM773646,GSM773647,GSM773648,GSM773649,GSM773650,GSM773651,GSM773652,GSM773653,GSM773654,GSM773655,GSM773656,GSM773657,GSM773658,GSM773659,GSM773660,GSM773661,GSM773662,GSM773663,GSM773664,GSM773665,GSM773666,GSM773667,GSM773668,GSM773669,GSM773670,GSM773671,GSM773672,GSM773673,GSM773674,GSM773675,GSM773676,GSM773677,GSM773678,GSM773679,GSM773680,GSM773681,GSM773682,GSM773683,GSM773684,GSM773685,GSM773686,GSM773687,GSM773688,GSM773689,GSM773690,GSM773691,GSM773692,GSM773693,GSM773694,GSM773695,GSM773696,GSM773697,GSM773698,GSM773699,GSM773700,GSM773701,GSM773702,GSM773703,GSM773704,GSM773705,GSM773706,GSM773707,GSM773708,GSM773709,GSM773710,GSM773711,GSM773712,GSM773713,GSM773714,GSM773715,GSM773716,GSM773717,GSM773718,GSM773719,GSM773720,GSM773721,GSM773722,GSM773723,GSM773724,GSM773725,GSM773726,GSM773727,GSM773728,GSM773729,GSM773730,GSM773731,GSM773732,GSM773733,GSM773734,GSM773735,GSM773736,GSM773737,GSM773738,GSM773739,GSM773740,GSM773741,GSM773742,GSM773743,GSM773744,GSM773745,GSM773746,GSM773747,GSM773748,GSM773749,GSM773750,GSM773751,GSM773752,GSM773753,GSM773754,GSM773755,GSM773756,GSM773757,GSM773758,GSM773759,GSM773760,GSM773761,GSM773762,GSM773763,GSM773764,GSM773765,GSM773766,GSM773767,GSM773768,GSM773769,GSM773770,GSM773771,GSM773772,GSM773773,GSM773774,GSM773775,GSM773776,GSM773777,GSM773778,GSM773779,GSM773780,GSM773781,GSM773782,GSM773783,GSM773784,GSM773785
SFTPC,48.9739772,7186.144766,82.9694434,1820.6928359999997,634.1571524,18178.2987424,39.979082999999996,13664.032493,1767.5460388,12784.447689999999,122.4184082,14161.358475,27.476203000000005,90.8512178,7481.392605400001,30.784373,35.4466902,3109.6449486,28.1003342,93.8274194,1463.8547330000001,5383.2128732,10110.248456,3549.959587,16284.947632,585.2023465999999,6771.4709232,17528.150726,238.35428939999997,15324.128804000002,2005.3535855999999,69.9002168,16504.2324712,60.831936,42.316514399999996,5225.0713462,19929.2985548,15635.4656262,7957.6536134,10638.3849924,2738.9436035999997,64.99410759999999,38.6139082,3412.1569928,96.9669668,1857.8654048,23.955676200000003,5846.579818,5173.4346476,11032.9718258,139.68499300000002,5424.683605,39.8946038,3024.0626886000005,10998.2206866,21327.4738098,1709.7317383999998,6040.3313538,102.68243400000001,41.4079988,27.7363626,30.9569308,20876.559941,109.79808080000001,73.4661016,19659.8549986,20543.24065,17126.597287,4139.523689,742.6157968,15093.927593999999,22614.94324,3647.7100659999996,4079.0176688,99.84281179999999,3654.5123999999996,42.3319548,4143.260164,15432.573754000001,2503.7613606,16919.29303,43.5368898,18091.4213612,2980.6432268000003,4670.48015,14884.233976,12656.8854728,15248.267667000002,111.64177160000001,3256.8023851999997,24.5670622,9762.8644532,6487.9365068,205.56555280000003,16375.070835999999,12790.218622,48.903356,9983.8055792,5003.8801066,21012.449568599997,44.818438,4557.7882904,38.7259694,3257.1611088,379.9610448,53.448053599999994,564.0400446000001,33.9036062,38.9332394,27.805714799999997,7321.8981864,41.226961599999996,13196.017689200002,5143.7573600000005,1723.3887708000002,88.4824996,22845.9791362,10707.594293,24.435178399999998,52.0921744,11845.259205800001,8038.3082896000005,2500.3393846,28827.659055999997,11238.3592044,145.0429898,14888.0862586,28370.920366,8756.7333908,154.6902682,16523.831089799998,13608.411493800002,3895.2465012000002,5334.252335,71.6757232,2719.0176346000003,10752.288346199999,589.5244931999999,14552.801493,9870.3827758,8155.2893951999995,6472.658843,17440.737742,22.777406000000003,18370.0709042,11728.371837,8014.0098087999995,19000.802058,16655.834564,936.4038846,7864.8682584,4147.842393000001,17651.586254,17689.5053778,2292.1929152000002,12127.292814,2326.6578866,45.9537008,4871.8537096,11186.465001,8786.1801598,24010.9241344,22931.140132599998,905.8225242000001,22832.2403406,20275.758214,601.5364568,6123.8273754,734.8688252,6558.4497354,22902.831962,20813.408872,10540.9293972,6202.3656628,22679.551828000003,21192.6423244,19.715108,559.3038358,6609.830305400001,14030.168150599999,138.1133166,18941.419329999997,10262.708302399999,957.1684134,2212.2415348,17537.117522,2812.7922105999996,3881.9657066,15446.711299999999,20553.770922,2294.4708274,18805.6551196,5473.8207962,9482.9248068,11998.401768,26421.3430084,9457.8484944,23647.43788,13732.385704,15980.294216,231.28605340000004,975.6042193999999,8236.203608799999,13911.088392,27988.771765999998,43.1605088,14311.372278,23631.41605,534.0336136,2797.5782562000004,18635.5233,1706.6218774000001,68.71460479999999,14647.650459999999,9113.353094400001,48.983284,91.26896719999999,17877.188260000003,52.777585,65.7009272,17154.889415999998,2388.017534,18592.442499999997,18537.568336,49.23407580000001,8550.3972442,21575.903096000002,22990.319474,24819.68044,21151.571600000003,18497.62625,19215.521031999997,18025.59609,18608.041696,19997.596826,17952.419,18163.033438000002,17588.62446,21100.597788000003,19893.58811,20636.072762000003,19026.293270000002,21420.546462,25265.270932,16623.970444,17851.805786
BPIFA1,84.331425,91.74348,8.667184,2432.932612,24.170685,13173.66051,4720.505555,211.734816,54.886839,30.132047,234.557528,2086.487374,6.970812,118.644994,28.535847,348.38333,46.514459,30.233485,21686.60098,316.819142,1146.06191,7172.155558,129.172903,396.493936,845.006855,60.883965,1151.416302,35.818232,44.124103,70.924808,86.602009,281.900755,11.195573,5.580783,3773.242051,268.476956,5227.562857,169.338341,510.548578,81.979267,79.492893,30.821901,4354.080438,590.485686,16.600657,3329.06705,24.194155,2774.071823,3555.227705,109.634629,371.23371,1131.480036,759.1125,38.695911,6476.195654,11.725647,74.783445,91.386389,1446.22533,27603.76626,3285.349003,40.194649,900.806781,7386.81535,32.990041,486.396005,44.379522,173.712199,59.811989,112.181822,339.016402,180.362273,72.382631,247.903546,88.306509,173.523994,77.204774,11403.51183,69.680397,8.634778,281.55146,49.730002,25.854948,30.793624,15.409615,51.340108,70.288246,51.739187,226.646427,31.474242,19.327242,43.548512,4.144199,8.091231,18.347165,30.339561,2669.236416,395.945745,1369.765901,77.733281,5.906691,39.822455,9.016406,11419.6883,4457.939104,23.481965,47.557065,3140.347137,6.899256,1197.527023,27.359617,100.341406,9.064394,9796.304606,15.432125,185.994851,60.14153,11.226898,448.716889,713.613151,13.196863,47.563162,61.466111,244.587205,36.721089,9.73521,576.376178,35.890629,76.171036,421.773813,33.102835,10.25987,52.910128,54.228991,27.868661,62.930473,123.658202,520.106569,7215.479751,50.017447,294.148854,142.791251,4.518621,50.112004,239.127008,23.866226,150.541899,9.405552,31.005409,394.992449,162.608558,296.912907,77.390446,38.831568,211.41162,95.346176,13.177016,2175.844509,165.705938,166.839129,39.969021,56.015428,11.064479,297.975541,12.290487,7.971568,17.493982,22.162858,55.24317,30.12621,499.078412,20.146279,66.004102,134.191021,30.593641,169.994589,1319.790301,238.419423,7.674457,15.035333,65.684124,55.193946,869.336019,455.372779,1593.568963,63.717817,31.110664,246.808107,32.574293,30.438158,87.665176,6.395071,190.845698,29.000032,33.444023,14.834841,10.670668,69.97912,17.824132,49.822215,10.447332,5.403068,1118.990388,62.364822,97.838399,477.498992,24.598147,19.035764,39.518386,1183.5604,6.239302,68.735971,39.262462,10.05324,114.612239,69.150405,121.614883,4703.651577,37.036611,27.884811,19.025744,116.379032,409.851109,257.908043,103.566695,48.599445,49.57062098,27.37398951,7.088828,8.830127,36.702595,19.587214,46.416521,22.181955,8.719976,69.71087,79.230803,3.634479,43.46726,32.785849,27.090035,501.237968,23.697768,45.59753,100.406029,254.284932
PGC,277.357147,99.41503750000001,40.183856500000005,202.95411700000002,38.5306575,755.3705144999999,58.917851,620.05224,228.57893,618.9493650000001,45.907039999999995,809.99827,30.559522,25684.977225,511.43768,32.2473265,7065.015625999999,126.7875035,60.006170999999995,117.36573200000001,161.10517149999998,246.80411500000002,428.364105,169.945235,20776.178065,171.704843,488.875493,923.023495,76.72655999999999,1952.7830915,347.79010999999997,73.6136355,612.789504,45.317977,84.3069615,111.047924,848.209292,907.5698689999999,192.9065335,1641.5370285,603.5944344999999,38.976684,320.1181015,350.93731249999996,77.335855,110.0760785,49.9316755,12217.5640645,161.770599,277.03562700000003,286.42711,195.908233,48.952037000000004,257.972955,201.82681300000002,9301.2871255,2842.45264,171.305995,241.7791305,303.6510835,64.7683045,25.7555045,2392.0156755,47.747332,90.263593,671.1736485,2933.3655559999997,2374.667585,98.900045,1628.5201299999999,470.02909,7777.82092,528.3657900000001,91.990152,559.9069089999999,3373.986293,69.53291,117.62928500000001,5970.99947,942.254975,1545.69619,50.331445,4095.561945,928.8984449999999,346.58446000000004,1541.29866,526.45821,401.255585,58.400425000000006,694.84555,41.6449025,2527.8934205,334.7088,249.14949,1181.073395,1945.02325,19348.143485,720.573485,3406.99248,6539.403077499999,401.944015,644.0226255,429.228703,1016.847273,82.1479545,377.280738,681.5703125,75.711983,193.3327825,41.8611225,1084.7724285,49.336467,2783.9420744999998,6459.6889125,2061.3214385,204.93080350000002,816.5414675,1227.57805,113.1503505,42.903835,5702.2238655,2726.5361455,724.207735,3158.200162,2351.5157025,42.5555095,574.64363,6971.495422,1463.9935205000002,1092.014647,1094.4812725,2618.5109755000003,128.6951265,538.101776,36.750699,629.8998684999999,297.3827965,721.397212,897.505977,358.255967,1664.840434,377.602035,198.865555,51.914950000000005,734.4659750000001,1167.36503,367.957855,2504.29668,1222.34465,481.165056,5562.7982855,972.252274,1628.902885,5842.2036450000005,832.585375,760.0494615,290.452175,42.00135,1075.544885,311.58110999999997,4165.5892,1766.01648,844.331617,89.35912,4377.870345,1247.8344550000002,91.945084,5451.35084,1597.26341,135.96280000000002,4590.287794999999,3654.553465,327.5788,2233.51883,2657.9130545000003,232.12089999999998,74.36098,220.04769499999998,1382.329105,501.51219499999996,154.73135000000002,3145.770005,879.11057,82.98664500000001,203.30716,922.2214299999999,298.537975,167.57192999999998,4994.151555,5001.871064999999,246.71758499999999,1664.39667,2483.0053749999997,1700.5871550000002,302.904715,2405.9827,1344.7792565,1078.4831015,17332.06805,800.005847,160.8031455,614.626707,201.2872025,3252.5000335,7049.201815,55.740295,1805.40162,3134.8795250000003,639.266125,726.259355,3477.96339,6780.996185,393.691105,3304.18836,1234.862415,560.49251,1586.829465,668.9331249999999,184.30112000000003,219.37826,3433.66843,1199.010695,8278.1633,3307.26297,30.442735,9131.99566,2895.29686695,2399.12745445,1066.082933,1015.6046395000001,2148.82616,2641.7214785,692.293528,3609.955189,4969.1066105,2596.9866604999997,3448.9894470000004,2445.736349,2865.3898955,2143.671357,3075.4548835,1335.609291,3222.5945045,1974.7420875,683.5496800000001,1813.272214
RPS4Y1,3.866816,16.570503,15207.59381,47.8469,23.693291,50.063546,16.093378,10329.2236,16.409543,4.149925,4.606166,12.400922,5881.705383,4.089819,54.906638,2978.166485,14466.16696,6456.540353,3630.691242,7491.832078,7408.794951,12859.60457,99.466415,5857.068281,12766.4107,5880.818656,6.570403,11979.98964,4.581979,3.939907,3.260255,11621.57845,12795.83741,5194.879696,8970.646341,6711.258087,28.240458,58.448496,13.293654,11879.69703,13052.84861,13273.40543,2424.73023,13442.06097,14098.46658,4.130699,7295.314476,10183.3421,13.429225,7444.118902,11.818022,11126.19195,59.161638,4.623587,14220.13901,14343.72646,3.442521,15.102934,14150.8804,6.266114,10342.69629,18854.25917,12608.78735,17725.00309,6964.662595,16915.55706,31.954011,7.437484,6.755826,6.826748,11286.59257,12540.14872,11865.14133,3.940938,4.30851,3149.832417,3400.760527,10.663442,14241.53295,10828.12955,4.523137,6831.058344,10563.1959,9.104498,12.265594,10240.18077,6067.097463,10.342773,9875.073539,11396.77121,8335.073317,3.718535,13514.1023,4.689776,14844.82848,5.549447,11660.33773,3.53742,4.193011,26.310192,12420.71479,31011.15889,4.986923,12238.22049,8097.693757,12075.97214,4.096481,7454.303433,10997.0716,13.053735,20.217191,9324.490641,13.125813,15514.21894,13.297826,57.550266,49.531827,13.24753,8398.835489,14.733895,42.365807,11604.00965,13.131257,27.84399,23.93506,6949.220283,13.621938,4.487929,64.278441,17.906989,10723.26219,12.307762,45.83346,3.816869,7025.716758,6157.124093,14.490828,13.158502,14634.89573,10445.8617,17482.39784,3.978563,12871.37984,39.250474,14516.62884,13505.60995,47.022838,26.570656,11321.42329,13343.93646,14758.37061,16.840249,11097.36963,14.919433,3.991712,3.395521,14087.3098,3226.946921,15.511569,10.030288,5.079939,7.765833,3.450832,6.86035,4.409607,4.591492,13726.72168,13393.14481,12.509748,11921.53334,16.953102,13521.05152,10413.00321,54.587052,16399.02845,9.276158,3.97356,48.441951,12074.98835,13418.73994,4.367344,12012.14761,4.127002,10703.40244,12.155992,8.836199,27.324625,9.23516,12.603529,49.036656,4736.223046,3.595976,6.65023,9.566093,24.842449,8.775316,55.781623,8339.856488,16.896267,5.631033,3.494367,19.453691,4.351576,19.007924,15608.97961,11307.40805,10.292817,17.158478,3.48293,10216.7505,25.058846,3.745206,22924.80962,3.659303,12534.12019,9895.968655,7.198152,12582.15337,16026.34007,4.007424,4.756457,10.319949,4083.411004,2.776916,4680.456399,8236.944134,11534.54895,12319.06908,4.988282,51.867685,20.933192,4.617572,11537.73379,10904.64806,8.127995,3.931373,11132.59558,11394.27913,4.34996,11111.23259,8.504685,12100.35745,12814.54526,11015.73667,11019.41565,10.028032
SCGB1A1,2.334091,47.787931,9.42948,1.065102,1209.54866,25229.72904,17.156773,12935.64655,36.532195,1650.001,111.888357,22181.19596,4.281703,4815.506711,175.233262,4.236433,30.389562,93.837782,4.596741,2146.540666,1637.017438,30618.05474,636.33222,12031.77511,5506.315699,55.764113,8706.701296,3830.48145,143.46072,5847.945399,152.776119,1015.90875,32.201555,43.187738,91.894427,59.932962,14900.33024,32948.75507,1445.699742,5588.05996,49.15491,2.128791,196.798354,1139.258099,498.98641,2919.545902,3.53522,7880.917257,7363.082119,1214.321969,3.546141,2812.303511,164.608883,1445.06214,31828.71361,59.819793,16635.94174,3059.919434,29779.67285,30.120344,76.260824,27.673064,27665.11523,128.756535,3.543582,191.782596,18221.03696,7197.55899,3985.14859,21989.99237,23277.17765,21318.62877,261.60778,8508.825302,126.577824,1496.682432,3.295824,6241.19894,9181.89295,1050.41197,24596.17318,22.11425,451.00293,171.46342,3265.36107,15597.19317,3614.02174,585.72103,202.21283,1200.62801,2.584575,12126.4625,507.038142,158.531346,394.897134,19541.91748,22.423225,1324.994696,26913.67854,492.739191,19.147457,96.571822,2.922928,3.326845,20649.8315,13.547099,13.555054,9822.144832,5.50907,1051.04864,3.982169,74.361528,67.787485,17370.29835,40.520534,8.590248,144.63685,26.986302,19.340199,46.0914,2.667287,4741.35274,27402.21669,8219.785165,207.808911,29.929879,6216.680398,69.446953,2224.357687,425.735996,56.430356,240.841286,11397.62585,910.370948,9.079081,571.97348,12831.31278,1096.720511,28177.89745,89.062488,1316.156067,28767.67394,644.84249,50.44653,13282.13903,8734.56232,18397.14695,881.27824,26.60118,23558.99196,4090.752661,4980.827821,21161.94963,3156.14881,1052.83234,23573.04848,683.798108,1575.695135,6484.79389,25153.84556,1359.57859,503.8165,548.298697,204.77474,2204.49176,7077.35406,17511.69359,13781.5854,4635.56261,269.18983,9223.72368,321.26325,607.0298,738.3938,1089.279568,941.10242,46.51024,3263.36417,8716.44127,17873.8148,224.27025,12667.81134,14374.60661,13236.903,11434.06021,3073.92975,180.16923,303.17317,29.45631,456.0353,204.40946,12697.91679,13275.11861,7.91722,3277.22112,46.97736,10144.67862,59.407872,2.183135,24.717966,2.969823,46.009641,66.393361,22807.33594,214.00123,15199.56544,1813.450237,228.165587,64.528801,1717.03228,7537.727558,33.78812,259.631744,90.184954,8.617254,4.211389,908.935546,9970.139532,206.985507,5.144879,3295.951884,12852.23614,452.144371,13266.40866,52.780187,10871.90446,4429.18633,22795.37041,262.709435,1394.760245,20603.18807,718.95485,56.573816,4145.567814,13059.30662,13757.26817,15636.67106,12912.13538,19972.61079,10.304927,230.595549,23625.72135,19121.10782,10236.31737,21569.40108,11655.83421
TFF1,57.67181,52.174749,51.94689,116.802834,45.39328,102.53715,1058.618368,33.63809,315.47434,64.12715,99.27041,146.29102,31.34181,26358.81425,20465.67584,357.9348,211.21421,65.53861,24277.47333,45.20265,87.443995,3845.24205,13129.06497,50.20185,11245.53759,20925.59718,16212.4338,13378.29455,18.56137,30.04461,12260.85199,1122.25271,64.23433,207.72804,857.029638,213.776923,70.505077,81.3687,63.003709,61.35006,69.623049,71.96413,123.07264,8863.76258,40.40761,235.36403,1042.03648,17243.5643,60.77117,30.51777,96.37137,3423.58604,84.25881,28.12122,1242.14162,66.46258,46.65441,221.437986,22816.63415,6280.50337,101.89911,15076.76964,64.71368,474.660284,849.446504,82.70549,39.25075,8514.19295,40.09823,120.70934,80.54967,111.73034,51.38769,456.7312,85.40203,17591.14051,280.2488,55.98123,187.83971,23.10357,110.80716,17.91143,20.71643,52.68482,24235.07617,61.73693,49.84221,66.84719,305.42602,52.09508,45.59505,65.77348,68.16062,243.0469,42.07766,111.36378,1227.66224,32.18983,5406.81158,1930.72226,348.254652,6.639826,38.03094,834.82062,39.085,93.74361,35.97595,255.36919,40.581276,60.91089,37.42752,443.89114,58.60118,46.73206,41.18121,541.46601,61.5813,33.40381,63.34591,235.19151,41.29865,51.1537,36.60991,57.43472,15.42031,54.25027,45.12273,70.2211,57.56351,160.861,77.229035,48.749606,54.672242,197.812943,147.715346,111.89793,82.12459,37.02528,459.219542,74.695986,458.83098,71.04506,46.06637,129.28682,98.65066,31.67638,41.90822,46.70838,88.31348,70.6055,52.27884,94.0358,46.62766,78.08332,45.12161,43.20382,55.74841,710.50855,35.76899,66.32116,74.36713,87.14944,49.77407,73.29643,133.42996,82.08313,79.78235,53.85963,55.75438,57.37079,50.07579,54.91639,82.05842,126.42453,34.53287,51.87932,74.93004,59.24524,66.33076,46.88886,61.46338,58.26477,96.30515,66.12259,71.55016,44.94025,46.3942,51.7877,62.17866,145.04332,71.91572,327.95714,53.08589,69.04074,43.20867,64.17759,70.82665,101.00311,61.13856,69.85358,45.05262,143.24493,77.06635,102.34317,63.92398,77.5657,47.47522,1755.68201,80.05489,65.35761,95.12549,35.57148,70.13366,237.2965,46.72508,74.70021,103.45284,195.99093,93.72028,41.40954,38.26418,115.59744,115.13564,38.20521,67.36441,10.34124,52.41356544,30.71205374,48.37068,34.46917,47.7775,56.73356,40.44736,47.10515,40.71445,54.50379,34.41482,20.19374,52.32989,37.06113,50.39368,416.57056,70.71098,55.04157,54.85421,46.08625
FGG,34.383212,72.385016,7.567403,34.310307,22.999265,5655.792004,21.135146,34.684018,113.989694,125.950636,15.502376,1382.185791,55.34556,1388.702439,1008.040543,162.142565,11.678495,374.793509,7034.920468,9.642608,95.355784,44.183007,11581.34965,103.21474,4128.288831,29.627786,674.71089,78.620739,62.923291,2660.765698,163.683129,162.620536,1381.379421,53.514956,4732.904822,11778.70402,17.26407,64.099622,148.19211,32.142956,7340.173659,14.018572,23723.92759,2141.6943,3.449053,9114.665465,1212.268436,78.971473,198.621374,164.756482,82.39352,18513.08099,59.797408,110.86992,74.891538,5.301634,283.172659,38.286612,46.515902,31020.7097,9.486828,3837.916299,198.516867,23221.4491,323.636537,7238.411066,2386.34847,355.920201,105.283763,225.71422,17.921706,46.506705,68.91761,243.752887,124.455642,102.230696,19819.96926,605.378184,6.210365,2276.625392,137.558244,1.234889,1379.834273,126.134634,150.072202,3478.738565,74.926387,75.93453,18.998847,416.035086,97.887934,362.376433,24.003953,5.560701,780.079813,77.544139,4278.535738,208.393211,42.422826,67.933077,113.881817,164.413065,8.594399,28888.73906,38.071801,67.102131,65.694387,16.166354,11.91642,3.824401,68.462406,202.775651,15.45642,5108.325156,28.43113,3283.465419,347.91504,44.331086,345.667594,150.342881,11.880346,86.932528,48.389145,24.912823,15.83503,977.148779,46.636421,86.91872,361.812385,2016.699192,8.493503,17.066145,72.255949,110.729352,18485.66544,38.910105,32.559008,22.097045,3514.664065,85.067059,323.42365,38.76201,738.858454,21.958878,91.101134,57.689024,3428.006718,241.396459,25.596468,5.501606,56.880793,43.505885,93.170834,50.640464,1520.972873,665.264434,16.341567,109.508296,31.281644,28.198094,146.905185,50.657439,187.043115,40.905057,136.119591,4234.486093,17.901159,19.5952,1909.010793,250.656304,51.269652,58.394684,930.338416,8185.104383,20.220703,687.521077,463.524425,60.919764,1955.403748,76.765266,45.273914,62.172784,2465.505632,84.570635,33.538395,42.040229,35.227004,86.031433,23.268434,23.532468,47.618372,155.172849,18.291534,225.779084,201.461212,291.48099,28.488605,54.270674,65.345933,110.999341,102.284874,50.571944,7912.615348,347.206748,10.687362,2.228647,42.345395,4.688679,19.609223,186.940151,390.624259,46.410953,39.10183,94.776322,128.703185,21.394554,100.112695,60.179325,34.698062,25.182706,44.315543,26.262431,2804.112886,154.861056,17.277274,10.41745,9.72324345,575.1974713,889.554252,12.603592,52.407537,2194.718771,402.154085,72.531083,406.180721,260.542475,228.978576,16.006094,58.420715,52.251182,230.804274,84.633525,828.026338,138.740903,55.901586,825.679257
SPINK1,101.19555,342.0375,328.79695,592.5253,227.33864,1904.50012,754.8491,147.8138,92.14789,204.43461,71.93118,3515.05257,465.75353,23302.8636,14082.01348,2799.33972,85.85318,8801.21598,3378.31304,7423.13352,423.2532,3464.04221,918.53818,749.69097,1500.83706,5854.39226,7489.01807,1564.51916,15725.21615,15462.64889,11273.9228,1391.1927,104.55165,800.94963,2943.484,640.1984,197.1319,768.87053,12142.2732,7240.87913,515.0059,65.93545,17160.93744,4118.07354,496.3601,4972.58186,8183.81786,14680.05876,88.67484,18272.91797,4295.26925,7837.40861,1400.45835,258.79557,449.82013,116.15514,4730.82104,167.6767,214.84625,2519.77467,172.7439,2936.6007,62.55686,3958.1291,4732.5525,328.33914,120.25426,873.79574,546.83228,9406.08831,876.88001,51.29023,53.08884,198.87123,67.30395,14585.70338,141.22523,394.75436,552.52336,5119.26187,3208.19919,102.43247,69.95721,215.9141,8511.46516,59.33215,461.02159,3277.33068,403.07312,470.38785,71.29855,9249.18865,607.42125,304.79171,74.21118,4673.73414,11059.18331,960.91,1152.18953,303.27821,328.1604,2263.7155,32.75907,16646.4196,2495.18912,444.89993,1577.21372,194.99341,158.2981,5577.97774,454.733,937.89774,388.14178,1525.74382,360.75585,11288.36757,207.30032,43.01075,309.4228,62.38036,5446.5971,2199.23345,10667.21117,90.21832,262.05681,1146.97519,823.78989,949.22373,1787.43493,10173.49473,442.7418,444.7818,2644.0315,6452.9273,13100.3404,1393.09755,8552.6115,868.30569,1369.3412,2131.4177,11628.93178,374.99713,3094.58532,1221.78358,522.4145,374.58313,2622.60254,215.58972,181.06597,155.08057,9904.32043,530.8831,2010.50911,232.79778,6839.97894,321.85807,46.92082,3079.19285,511.81294,32.40873,702.91538,63.02495,53.54071,909.3062,1317.17116,329.2962,1577.04124,1224.10523,50.05265,1072.81727,169.41647,330.29263,369.33459,3141.14638,161.28592,922.28581,85.22774,2236.75794,865.32188,451.529,681.9093,50.19763,5940.01375,425.20485,3116.30172,180.84404,715.27386,2738.29529,377.45332,1879.06355,960.76108,83.29471,265.09068,463.05377,199.67402,187.96626,323.07346,1763.16654,133.8916,704.34572,5784.56375,4668.79825,1556.00761,1885.18029,257.19368,1359.69821,3270.84327,208.51046,47.55562,354.70987,2110.85481,170.00389,137.09712,125.00858,2438.09779,571.39116,3133.10541,2452.68091,111.5496,728.19724,3375.01297,193.43474,9687.94361,185.04839,2607.5819,1590.86637,79.21110883,39.378876,74.58286,42.3769,60.99815,72.18252,49.64093,36.08245,65.15652,62.94055,47.33344,37.68385,54.40908,103.76573,17.56388,101.98849,55.13978,63.32853,368.85424,50.15299
SCGB3A1,3434.009309,102.504341,10716.29875,20980.59241,23247.74038,8593.03047,21413.60694,1254.939208,21393.42835,18728.98975,20772.7627,7607.806169,3.447038,1265.410387,1239.380333,7.883329,18751.27808,821.049222,9.729973,229.372546,742.310567,8943.91775,2010.58475,3748.0298,6163.79627,87.68389,3512.10094,731.68349,271.25509,650.46408,1488.609,214.604724,1905.920529,5.890663,212.058533,157.140549,12937.08364,19083.27823,536.235954,535.612873,1188.951835,9.277674,108.152366,4041.749438,943.94658,471.000413,4.644731,1570.324228,1221.158221,304.992461,76.566926,454.575748,131.030473,9420.94887,22687.55375,23242.80847,13388.60134,22003.69072,701.397053,12.353087,659.822559,16.78166,16347.7815,10.993067,81.702375,958.838487,881.577161,930.5191,12226.21037,18990.73569,12091.97216,10106.01866,486.11413,7186.61578,10864.93098,500.64681,11.0814,5364.80017,2275.26209,21447.45188,16588.75777,12.25037,443.22788,457.84902,150.46572,4789.06007,9955.32284,1696.49223,97.74253,1371.52956,5.149201,5378.20137,6771.90868,15233.42667,21647.7708,6471.25486,491.76617,3392.02845,18600.17438,3231.035212,4546.985881,26993.14637,218.036234,175.238854,6891.298045,14295.94288,2059.594024,26056.8053,4268.031935,171.14293,21370.26115,7034.931036,28320.52037,4588.409136,29.81847,10893.47661,613.090858,140.049927,12822.72973,67.478341,4232.139231,1250.660303,8323.755475,12225.8362,639.643074,7.752871,1379.654569,390.785262,6477.931277,849.433113,3556.931644,3678.380963,27116.04132,8841.004033,4.418139,17413.542,2245.034346,1708.76031,11954.44308,132.539581,25941.18748,19812.43215,346.9446,83.72715,4089.87423,15282.19736,14951.80811,999.19412,4666.90797,16500.11817,4456.32614,22724.41922,11318.61044,3094.30089,1575.37681,11854.92067,22188.26705,44.48068,20716.90299,9400.43772,2652.37843,491.00833,7220.569827,672.27398,20103.82782,2453.35706,5820.66889,5839.69275,1115.09677,1216.79927,13071.89727,18492.83446,1232.10735,18006.8027,6270.718201,10125.19226,9332.20655,19521.92042,12110.23612,10659.58029,23139.63379,2230.27153,22125.87093,2794.36064,4082.07334,2480.55173,10093.91208,5489.92666,65.3951,20239.20231,1753.12005,10743.09861,3752.22292,715.14875,560.63763,20521.27757,3810.985865,1440.80569,961.66975,19999.41116,14021.06641,22987.13371,2941.28136,23568.44133,11286.1365,2791.41193,1310.37395,23062.21462,11998.02971,3501.3177,22340.99971,18.14828,13099.48287,21769.62776,4600.95351,21475.46958,7748.36439,21522.00581,21841.30144,18238.93523,18411.58296,23567.15797,21131.33808,21429.42153,279.36621,1285.89757,241.2187719,4099.297187,896.03687,464.78793,2759.13563,737.95328,911.67846,745.46677,1640.3516,1157.95803,1585.74591,336.12802,4527.71569,331.32405,240.92359,8092.42818,1077.34073,539.52607,2474.27818,8357.25381
GPX2,48.6742,24.4411435,46.625888499999995,153.60143300000001,44.4490755,49.597806000000006,37.4147815,25.955451,17.969437499999998,17.920755,27.730539500000003,49.882738,10.138586,5321.92591,1341.1283250000001,117.82724,203.80241999999998,188.0682905,173.05015300000002,31.5352865,56.0568265,733.42768,9244.367690000001,114.95042500000001,85.3733015,4482.934265,867.5807565,475.7571895,15.6020205,116.50460849999999,878.269237,16.0743575,29.0684805,78.3948525,34.0995745,2785.2106245,94.957234,45.813711500000004,72.4823965,31.535113,33.031531,36.66382,81.71223,789.159905,170.416745,166.051685,95.701935,5057.90529,78.9913,24.931919999999998,202.37676000000002,579.78652,34.44261,17.810090000000002,64.81083,36.44636,48.940695000000005,35.869896,3255.7561885,296.49979,47.9041925,3751.8809404999997,61.882692500000005,382.0019395,130.4690355,54.734905,34.618787499999996,207.226425,94.450495,110.384726,57.816639,49.395286999999996,35.0007315,58.447839,33.0771115,5460.89906,2454.9085215,24.3349,16.787487,44.1146575,121.35239000000001,24.010835,28.286825,63.74719,483.28036,29.310585500000002,66.28637499999999,98.71967000000001,26.8132345,50.9380785,30.277535,66.658536,45.4900745,20.5406465,28.851285,77.61443700000001,1811.2158055,37.613604,314.2744915,691.5605635,242.32116249999999,29.1989965,52.898508,3559.0721740000004,31.4892945,58.7269565,20.360346,95.7278935,20.051611,25.364939500000002,30.488349499999998,10.76822,113.63301,36.287895,1253.5320485,343.462725,280.179235,133.15171,38.89806,25.95453,48.228640000000006,121.91711000000001,41.475139999999996,30.084035,298.32502500000004,35.667515,50.269234999999995,66.39153,50.16677,120.217217,48.263369999999995,31.7805595,660.727848,48.6179415,26.545399500000002,30.456323,24.967605499999998,454.4432035,100.818752,237.7831275,855.09903,66.071535,229.539982,27.9263685,43.522639999999996,32.588675,51.2741415,77.7747685,83.348845,47.444249,90.0362195,40.797949,36.654476,54.958605,86.01504,40.872472,43.115562,38.264291,67.51956,33.081505,48.31577,47.67621,460.567875,425.883085,64.725875,61.2474435,85.7795285,5.6982615,25.209121,81.5224415,32.3758775,26.47437,97.88341750000001,69.344074,96.18491499999999,3392.3784250000003,41.402425,61.18407500000001,72.699445,39.143665,23.96288,27.979407000000002,36.241465,19.745655,58.104675,30.6561865,48.298343,1063.671595,626.4323705,30.576289499999998,209.774415,52.524145,90.06319400000001,37.8636405,62.689516,40.003845,50.927345,37.188785499999994,65.405276,57.564882,53.789607000000004,30.726872999999998,174.352735,51.717059,66.447652,30.703933499999998,32.3774825,96.7248905,28.8470805,764.7557755,52.7552685,43.6926665,35.842085,34.806997,36.7144805,40.784251,59.184253999999996,36.605463,62.36526,26.709944,62.9306485,47.518314,42.947348000000005,22.8997825,48.512602,184.70150850000002,24.777913425,40.22873736,36.014776499999996,32.7364735,16.622383499999998,32.595327,38.303818500000006,30.668334,28.3431975,37.714847500000005,38.543859,39.9824445,40.168317,32.863587,20.6651015,72.52950849999999,53.1429695,46.826558000000006,155.00884,42.169783
SCGB3A2,2350.652398,273.31062,441.116251,1623.25042,405.095248,7412.46883,27.62273,3283.51077,81.44726,4487.1323,50.2629,5930.911283,87.747528,19807.64282,4282.722434,5.519654,138.133146,6995.817749,369.035986,504.251305,4879.90134,3386.213101,1007.799121,4231.338031,18211.27955,215.06314,7065.85952,6359.6479,1148.6491,8838.93705,4535.97554,1303.035178,1042.115965,222.90321,1965.12871,1610.21493,3676.91842,8478.951039,2960.96964,16622.67848,5883.4791,1.996983,3352.191202,6436.777181,2874.212248,3689.975772,7.024207,6926.191818,200.920685,3572.576039,2966.867067,12401.03185,260.305141,933.716354,8857.577196,1716.766529,20830.97784,480.1943,18286.69028,53.613653,8.438418,2.883542,9265.954527,90.96362,1184.38978,3100.050245,5591.756987,4465.748116,17572.20209,21214.5127,8536.4186,6745.72604,676.871,8176.66538,2399.49751,1407.45874,174.71814,16629.41829,17154.05,14400.7839,7219.05703,1.819494,613.238032,3132.620018,8031.406424,5408.3587,17468.29936,15102.77547,28.2476,2137.0764,11.324107,21724.64742,5965.10169,313.2163,23218.41861,10333.62886,9133.87992,19674.38379,4084.01537,241.877026,377.37445,5069.8204,10.319284,8636.9061,19609.9299,5973.622103,3657.383817,455.459235,2346.43285,193.903107,22459.34759,14.476068,14947.66279,5539.410477,56.98193,703.075791,472.590474,1044.450315,4.365266,34.243166,5742.418166,5323.47732,22568.05636,580.540005,5684.117406,7615.394235,3612.8937,12039.98711,6257.090416,4955.62742,12465.60486,11122.3562,9668.21373,2293.99983,91.72478,6406.336722,7893.120552,965.616455,767.16194,1869.61898,16828.86658,18539.29437,13526.6134,966.5464,4126.006316,21527.77063,19423.3774,3541.5801,185.891049,14312.92574,20706.2677,22007.40747,14489.14546,21081.55879,17291.8864,9864.08301,1549.99551,2952.53085,18645.33114,10517.45873,17334.78879,4271.226792,392.041816,749.865898,2968.603349,2589.2807,22281.4164,18860.5881,732.7152,8973.3639,4188.2554,15200.94186,27506.1681,1872.3416,16317.17804,20181.72639,4.146509,6156.563859,16557.88167,5848.007858,354.721546,10458.57649,15830.12103,655.800404,21424.0514,14269.0253,21509.5993,832.1265,143.3382,17836.6322,313.7047,2664.206404,4676.7932,17085.3712,2683.1981,22945.91951,21993.04442,2851.13437,2734.3298,6293.14481,16016.19646,18463.02317,3408.99493,16809.64917,10329.26934,1215.36129,15763.97571,6418.18134,1616.38295,1279.15806,18795.16884,6637.09739,20345.02869,2170.34869,16829.2026,20787.18537,2659.3253,16532.61958,17995.23466,23928.1209,25308.23444,3154.86238,19868.05215,10663.188,12432.68179,12631.25259,7891.807656,5995.317528,3532.87517,1531.77683,6748.2039,1325.23095,5025.81678,7048.3308,8955.64505,10412.95104,8454.39708,9084.04217,8418.00629,9720.72877,1182.13791,3631.77661,12437.23029,2762.27732,14522.69668,4490.8096
PAEP,6.526748,31.53658,3.9891,23.119256,3.69186,9.377653,3.980879,12.88746,193.226516,2.624866,6.908398,6.641971,264.122026,20.650912,3.581491,5385.443495,19.955939,8.280744,4411.562284,9210.374176,283.130976,8.9372323,79.9384834,2.2732846,7.196797,2.89505,11.516614,4.661848,965.799813,2.50202,6.244343,2421.034514,76.692135,51.166521,12.276129,5.537214,3.582324,12.228927,2.128994,8.234333,6.454213,4.913752,230.935715,4.50481,4.0343306,210.349631,4.143057,4.527525,160.873433,2.224465,101.385984,11.815533,4.85916,13.1270375,2.802161,1.335545,42.8861359,3.299044,1088.016901,3037.071245,2.678348,14.606523,9.092749,4.345559,6.096027,2.477309,20.763294,21.5094272,1.6071089,5.036231,4.992317,14.945714,7.087389,537.598531,2.876033,8.072378,26.365567,262.6287924,2.42585,6.481745,2.4271991,75.3721157,19.12089,5.3600293,5.30043,5.509417,4.9286264,15.7303441,22.648894,5.3135,342.390876,2.724894,16.812318,6.321152,2.851831,2.716652,2.70036,3.658675,2.795124,5.196633,3.87603,18.6904,5.469775,2037.436809,6.476431,5.755996,6.554868,5.101039,59.928917,5.044754,7.94187,13.608947,2.255471,2.007943,4.399233,283.547672,4.482158,4.864059,2.285313,3.844371,5.988798,5.090896,4.252526,5.875579,4.063466,5.386257,4.589463,5.045386,3.933957,3.113942,4.98406,2.80694,6.557989,2.946662,185.861207,1.516874,94.950484,5.244565,2.131418,3.287852,14.690093,5.7807469,6.233073,3.404821,6.3449582,2.6502308,18.029794,4.794291,3.3205341,2.769721,3.571649,5.122947,732.659297,6.0817761,6.6424324,6.159809,14.985486,62.800786,3.3769726,6.3532034,2.8443397,17.7731467,5.590175,79.6681591,6.2930895,4.244219,5.330249,9.177724,4.398933,16.295157,6.146668,4.6805906,17.748655,1.61481,4.306121,6.1319619,3.0863958,5.9917715,5.1898428,3.5966287,3.3458382,4.222895,4.4872371,4.0723081,5.0633059,27.451304,8.330757,12.186346,99.252982,5.986989,42.915709,0.8168282,14.203931,4.238243,7.262421,6.5567629,2.026244,11.732134,10.149715,6.202623,19.47931,13.883288,5.641051,3.674498,6.396494,4.035335,1.536256,12.638681,4.245557,11.131235,10.348261,3.076414,3.461695,1.55175,5.278979,9.368982,5.480782,4.721309,2.50773,4.401859,9.912794,1.920564,6.374294,4.665542,5.877239,2.874308,4.277644225,6.240309439,4.827616,2.500169,11.605375,9.997142,4.593967,1.563943,6.019711,5.256969,2.498445,3.071358,11.826577,4.104318,3.625627,9.783093,3.981764,3.021086,3.437061,2.953619
FGB,27.0197675,39.0196155,5.9311845000000005,28.105071,17.6222815,404.94054800000004,18.5031285,9.7708485,11.798747,26.516129,29.4862915,68.6189765,104.827866,31.524857,42.0754795,39.100652499999995,17.962300499999998,18.593887,401.07936900000004,14.3596665,24.155654,42.065278500000005,8569.5805345,11.207409,39.043781,29.143885,23.4226585,16.4781795,18.151452,223.8521235,21.5849985,17.398207,32.3451845,178.0724465,95.456013,13129.418803,13.325423,10.405379,98.89947500000001,13.992116,31.695753,7.4060635,14078.376157499999,25.425826999999998,17.595038000000002,41.3112,205.719274,14.6561725,33.5298885,60.7523275,14.7736215,6324.016001,17.2215785,18.7217645,14.580406,15.9453385,61.164565499999995,17.74604,2321.343962,21900.041334999998,17.863771,13781.4622265,22.9276415,10475.0877705,41.772144,36.984395,18.603047500000002,11.55974,4.7942375,7.238691,22.158693,9.4345375,26.2070565,103.9504115,55.8967685,19.675205,7965.9451575,24.471375000000002,6.441027500000001,28.4997355,15.8972715,8.342277,18.9903725,17.229906,26.980445500000002,35.2840245,24.3964435,28.911175,19.392098,33.647946499999996,2478.407835,31.6892785,13.728463000000001,21.066709,18.4619085,107.780084,33.5007605,6.6081145,26.922151,41.067949,15.158473,25.210240499999998,16.826621,18546.7444225,17.3093915,32.19528,83.96337799999999,21.9702525,10.5579675,25.6843395,11.010656999999998,601.8702045,12.5540115,6145.2683305,39.816749,176.057318,113.78997700000001,21.864466,147.12260600000002,288.56151600000004,15.2481025,30.648010499999998,11.004696000000001,15.2029885,44.5980475,53.657397499999995,8.610595499999999,9.3374995,59.461704999999995,238.6583665,28.050491,5.5677535,24.937946,20.7724215,8553.365152,22.531863,5.0459605,12.512617,17.9313425,19.667702,35.738945,25.070606499999997,29.766833499999997,26.811145,154.769562,5.139965500000001,29.837663000000003,13.9993405,20.627991,14.2248575,14.013676,22.3920295,37.31247,21.614079,85.8926805,14.1538365,15.7644005,51.051719500000004,22.0555965,24.348792000000003,20.4526255,29.5560195,4.152616,30.2620085,32.7955905,27.1781535,16.9678565,16.716881,38.855589,21.892414,6.3300434999999995,11.1194185,19.9798525,1185.0098075,35.183162499999995,8.1558405,417.9670175,8.756999,24.966122,21.435641,25.1088745,5.155283,62.292880999999994,106.285975,78.52625400000001,13.040176500000001,4.3547055,14.322167499999999,5.6209165,6.787082,8.03642,28.4612,13.3020965,16.255541,8.805875,13.289406,9.7906985,32.784104,16.7477605,29.974305,48.783686,15.195169,166.0122685,9.2683695,44.448291999999995,17.0550495,11.0804505,22.387138,10.248899,14.376182,42.165834,25.059705,8.386860500000001,34.634824,9.67092,11.510752,41.570612000000004,11.6783885,5.288778499999999,22.3753145,18.1269985,30.298582,76.2744685,15.367289500000002,19.044152,5.98892,20.25913641,28.860668145,16.2485215,13.3762925,14.358968,42.0702915,11.41057,16.183645000000002,18.5073165,22.753794999999997,36.949931,4.9864265,16.770122999999998,26.2720085,19.966591,13.2930375,11.425345499999999,20.473301,20.8199765,31.0116455
FGA,29.071479,33.29750573333333,13.869981333333333,31.8225059,18.731745999999998,83.35227633333334,29.1470793,16.92282356666667,34.447615033333335,46.608588,19.126898399999998,123.984331,36.462556666666664,50.648869333333344,75.16154966666666,31.362258,23.01734,20.089545,484.9299603333334,23.751125333333334,22.009281866666665,15.129108666666667,2103.7941746666665,25.874552000000005,75.22078416666666,22.037146633333332,27.06165633333333,21.122525666666665,23.81125,51.4476852,26.22573296666667,20.261523333333333,63.19855333333334,53.81160066666666,77.88944723333333,2163.7512906666666,26.25757246666667,31.092039333333332,25.793988799999997,17.971974,68.30502886666666,11.838375666666666,5957.092199,76.88178066666667,17.311233333333334,239.392623,37.53509333333333,36.53607466666667,19.268323666666664,34.37431633333333,20.567808,1169.0920586666666,11.014399333333335,8.930684000000001,11.739481,22.808306333333334,112.46393466666666,17.378538933333335,304.35741333333334,10727.43587,30.032921666666667,5883.401066333333,20.733046333333334,5906.314094333334,55.539141900000004,147.68257333333335,57.398472,56.32123033333334,8.869787,20.080084666666668,27.989440666666667,34.29980416666667,17.059625333333333,50.847271666666664,35.709928033333334,37.9503828,7901.786695,92.82937,9.897053333333334,81.24491333333334,22.745879000000002,31.625989,61.28021066666667,67.03137066666666,24.04447,71.368177,16.941396666666666,22.430854666666665,30.455517666666665,27.815397333333333,70.92518166666666,13.571303233333333,24.926353833333337,10.885071000000002,40.536329466666665,33.1494523,156.97462923333333,26.3350636,24.481922833333332,84.37634933333334,12.631205233333333,25.128016433333332,25.280881333333337,6870.022165666666,13.464237333333335,18.100354666666664,28.116200666666668,15.703474666666667,23.505488099999997,20.399972666666667,14.317991,51.91561433333334,12.533311333333335,178.16892300000004,40.20097236666667,117.68876233333333,116.01272966666666,21.099263333333333,61.414899999999996,18.93293566666667,8.000774,16.748879,26.482667666666668,22.670850666666666,21.345269333333334,139.05440933333333,22.379351,48.78311166666666,17.648854333333333,408.5819733333333,20.65492396666667,16.630842333333334,24.426573700000002,30.29647806666667,1751.933742,15.092554666666667,18.974637666666666,26.758693999999995,77.29294066666667,19.000734633333334,69.65071466666667,25.620537,106.53055833333333,41.62367166666667,38.717218333333335,46.014957,116.51016466666665,22.459518,27.683151999999996,14.669992066666667,25.237886,20.799319233333332,41.9647936,20.804031666666667,224.54886333333334,24.088595333333334,31.46302423333334,6.150351099999999,18.715276666666664,37.00156166666667,14.894382333333333,30.072372,30.584016333333334,32.560175666666666,29.412552,139.55697,26.77146636666667,13.228861066666667,79.99528933333333,37.34433000000001,22.919033333333335,11.517662666666666,31.426282666666665,1051.2408126666667,8.423664333333333,81.65866733333333,145.98105566666666,25.844816999999995,78.24133566666667,21.805443,14.225970666666667,15.494303033333333,123.67506299999998,56.62476,46.38687833333333,23.068547666666664,21.054516333333336,33.37089233333334,27.253313666666667,30.559678666666667,27.46672433333333,14.858231666666667,18.07254633333333,41.45794766666667,48.491473000000006,31.513789333333335,27.958594,43.366664633333336,24.273356366666665,65.83041593333333,24.09284786666667,21.594970399999998,185.93384523333336,33.5038592,25.362972499999998,19.223694366666667,21.595259466666665,75.2547005,19.169717933333335,50.1509108,42.9391486,25.497489033333334,18.563993133333334,23.401768333333333,26.432404766666668,24.170485799999998,51.857953066666674,26.4591863,40.0672656,20.272462066666666,19.904121266666667,17.1150819,159.02749853333333,28.512489733333336,16.0140512,22.405864966666666,19.595514870333332,37.851908146,57.47307226666667,27.4953572,24.760017166666668,56.056833399999995,26.85976426666667,27.857441466666668,31.429573066666666,57.06418453333333,42.976047099999995,37.670644333333335,22.4698819,18.268143333333335,16.394842933333333,22.518502166666668,61.17288903333334,44.2724891,25.584850799999998,23.515298333333334
S100P,276.78872,389.976011,2854.27405,3304.395998,105.70801,7376.00197,5732.994797,107.196611,9672.967708,121.477617,57.244209,572.48189,325.09959,24539.07201,20773.90763,765.42985,5386.15518,2170.56845,4092.95821,181.75287,240.563706,4588.31212,21574.11614,210.84753,15280.74487,16899.33524,11608.19626,4271.827855,252.823389,5582.44196,5849.410898,1015.93613,284.82266,1428.59212,416.673167,12016.51324,313.326892,850.61972,196.75884,8436.06364,87.135041,653.16505,45.80233,6157.55049,2144.01658,60.73842,176.67284,13822.22199,766.10029,7844.66031,519.66385,10296.79491,4130.21119,231.72915,1743.29068,2185.10619,210.82909,358.244316,452.00552,365.26271,1784.66955,23808.01219,853.66129,7730.238351,16941.05161,86.99015,139.24011,2783.85529,94.14591,786.045354,1258.025096,337.567482,1241.999585,515.174125,1275.877423,18041.19408,16842.68638,220.36708,122.749365,159.666486,1479.69314,4265.63257,107.36669,74.13604,111.19857,123.193631,103.31625,67.71098,1283.77843,79.959521,25.5361,1299.876534,20.624675,22.195801,235.184424,325.552583,10647.90532,54.404662,2972.239759,406.36426,402.560823,769.109675,66.28983,18143.07525,5033.42352,84.14008,37.96819,74.21992,45.027715,3061.86592,43.30727,5125.30346,183.27403,1572.53701,82.031461,1271.63288,194.30777,40.87049,380.23402,3106.16687,178.70531,2222.67578,144.36455,255.55227,68.51248,44.31895,76.06253,583.01314,123.58728,317.8746,110.60514,7.207653,1692.884514,307.824512,15387.1634,21.0371,207.07025,112.8255,2112.819256,90.531553,781.36457,369.80523,43.142886,73.268417,2208.70519,88.4861,840.201024,285.063857,47.19623,811.374553,204.509305,364.895893,1049.63147,2584.1911,64.36546,337.304886,51.20682,7274.399201,4236.73668,236.16608,1381.18226,42.21197,125.91078,42.28944,33.27691,1002.992054,54.590111,94.67599,52.591613,88.001079,178.769683,48.91644,40.161227,440.382524,130.6015,1219.64313,221.20246,2381.41236,34.59268,26.88446,38.1064,95.190254,195.17987,705.19665,249.38476,1623.418794,38.646318,158.180366,7.844861,832.332754,779.546927,145.88827,79.87195,38.760009,106.337275,57.53313,44.52542,134.586348,13.598206,90.541286,598.952952,1835.185297,3159.906762,2014.368021,56.6858,4483.135948,63.369502,66.613599,50.512684,850.583489,248.047393,5.840199,9.336856,45.809489,6606.526029,59.14172,2080.170278,848.471781,55.04733,16.333929,7.700843,681.576891,2078.670176,201.616864,43.648734,15.761164,63.39417117,132.304503,48.557613,4.098601,155.747385,344.942828,67.50704,80.293609,329.442859,156.194054,108.798055,67.215121,101.75876,47.243053,103.397264,613.411624,90.585002,191.295939,171.324488,165.392453
CLDN18,56.387402725,1090.03057825,28.490791325,1250.942319,134.4699604,2680.3907173000002,14.085651499999999,2032.1371135,350.9201868,1611.8854347499998,21.68042625,195.4533843,13.029101625,12280.961020499999,9072.221396,15.543006025,24.285322725,154.6488576,23.792979000000003,27.9344618,97.60817499999999,969.091215675,740.4989769,93.19619872499999,759.8860870249999,7079.6513565000005,4572.2980625,3957.8995345,39.328877500000004,1612.8078795,1875.63366335,22.894217025,547.487611875,18.926775375,17.39504825,2906.3543025,168.44464225,778.53924865,733.548314,1762.028941425,750.6454325,14.574834425,17.017280475,1119.906191925,23.7974285,538.74693135,18.790642675,5589.69996,244.453101275,1408.66919205,54.04018445,238.1546963,19.874215125,292.69309175,504.491456,4487.135432,1012.788471975,1094.36978375,128.573704425,17.57694735,26.28228905,16.49866445,2970.98296225,16.61065525,21.301022500000002,970.850563,5392.0315345,2984.3136531,69.568790925,1926.57354175,1371.20091825,1097.11385225,119.87893975,65.88401225,61.1650735,10338.0305625,29.88148335,302.242896225,5710.9028505,708.69878075,2300.5611854,16.924988525000003,4366.576005,594.273040475,5442.2065335,1828.2410845,859.616704025,181.92787972500003,24.40850525,1493.46579325,21.418583375,2028.8768057500001,564.53175415,20.367044125,1765.3592129,2303.7383489249996,69.8747693,792.4402439749999,1494.6417731249999,26.95321765,65.79460825,88.88202125,293.5440174,143.879081375,49.299955825000005,21.085380375,106.45103532499999,29.672269025,26.82844525,17.605926750000002,50.00050335,14.414651325,1862.654090275,306.699040475,3224.50537325,1241.364818475,351.946822225,3979.561454075,11.557207925,30.07064125,4254.86301375,2537.480704575,134.23598189999998,3591.23344575,810.4262354250001,25.630819725000002,850.1572628499999,1182.4801488,368.810825775,44.305037075,517.44634775,1078.09298275,193.71386025,397.33764375000004,17.500149750000002,18.3047063,1052.496470925,42.2626441,585.738652,541.88258275,1135.232718,717.4756605499999,2651.1124552499996,7.53703375,3221.30068785,981.2810748750001,21.57509075,873.96983725,317.552604325,746.56344525,2395.11588,55.8642595,2513.62081825,5789.08645775,122.09000904999999,304.609953,2036.5485865,21.383040525,5311.21402375,3967.755887975,73.25042945,4535.47179285,3526.80110075,224.917685975,4152.460201899999,2829.6419485,556.6373414999999,1038.635427175,158.49157475,1174.6754154999999,1954.580275,3369.7144632500003,2114.022809,692.3551797499999,4914.66482325,187.85145332500002,16.004823950000002,306.1193482,888.8629854,545.712517,54.298678525,4433.13706,293.59792489999995,51.529843549999995,110.2993149,2116.14912925,1313.38852475,282.19241575,1871.48409225,5192.3507687500005,520.89738375,4152.3629761,6821.223984249999,1286.5275405,3968.316434,1267.143586825,342.24071295,3299.84328,5813.64459525,305.801061,19.000763499999998,23.628047499999997,703.7172535000001,1184.36207625,3822.19294575,13.91093085,1030.362018975,4979.094921,7557.26680975,320.56937044999995,4044.57524375,2108.21035765,34.108304024999995,3416.29055245,1317.48606915,139.723745575,27.15688945,240.446088325,15.40832015,23.4129875,69.72883265,2878.38273625,999.6513392,3442.022810125,24.030724325,2946.8364092,5629.2134568,4136.810030425,6196.5111397499995,5089.1865772500005,4695.9689825000005,3647.9038357500003,3018.9954905,4473.3797035,4748.94434775,3827.11296175,4508.8544142499995,3631.7799044999997,4856.97987875,5240.37565625,4501.68702725,3107.1461397499997,3249.7725535,3451.4955665,2221.15483525,4084.5300322499997
CEACAM5,47.192135,431.032395,60.013925,12494.13976,1265.030395,11851.689005,10169.606885,92.64936499999999,604.4039585,2749.54099,184.73807100000002,571.046285,205.78542000000002,15482.360025,13795.616329999999,10865.455365,6728.631890000001,700.034375,9010.736085,275.22267999999997,58.42523,2332.6781079999996,10705.53536,133.231413,11015.7147505,10592.776179999999,10279.727644999999,2460.8780150000002,3309.717485,3956.16081,3347.1267135000003,13588.56786,447.216715,62.92401,5458.23341,858.52325,116.51258,197.56376,10593.760455,1558.399565,61.252225,171.041135,3122.4492849999997,7850.315695,6974.21716,14501.528784999999,10057.612589999999,9177.717915000001,442.559175,2411.47028,1050.202845,11510.243085,14128.93229,169.987362,171.39409999999998,11537.76753,882.070065,13179.542089999999,10756.833990000001,10966.52146,119.179955,15323.033895,436.556815,19670.555525,65.06083,55.937219999999996,73.527435,705.8314475,2442.3646025,2191.4215799999997,1787.400065,2430.80186,581.90702,750.966075,11523.13483,5645.728795,168.56454449999998,8753.0680725,386.171635,752.68242,553.3355869999999,55.7320605,125.3269635,165.278404,3521.539712,55.103449999999995,405.0659135,902.9199985,14010.066765000001,2361.45007,43.147580000000005,86.985965,109.52930500000001,145.67752000000002,98.27415450000001,10809.2291475,196.180276,585.6935385,4205.823929,4453.99333,3420.4422099999997,182.553955,74.68105,248.113925,1908.77392,7439.849894999999,1082.571635,110.87194,7802.936205,9082.70158,4010.853115,264.924055,6479.6694449999995,8257.005430000001,5164.757355,6765.94942,949.530245,809.5556499999999,630.398075,2291.4176199999997,1286.988195,9801.041435000001,1435.54765,766.34036,340.26903500000003,6564.969209999999,3712.5624150000003,146.6654,6784.90011,951.84304,3434.4356150000003,551.6578099999999,13725.223559999999,439.300515,55.279575,332.31399000000005,2984.324435,1382.8905849999999,169.8739,1379.883785,12580.023435,550.7604570000001,465.56291999999996,945.41291,10275.822243499999,9430.164606,1122.14982,431.68565,211.84958650000002,1181.3102199999998,1267.7955299999999,50.840775,10303.479105,4868.513959,1912.2996799999999,1481.50183,4601.558046,14725.145650499999,752.3384945,1935.0050045,1466.169677,287.6909385,2174.849405,3582.2027909999997,840.7402365,4297.35049,10886.951775,259.3676175,152.625745,2414.0777799999996,2680.1418599999997,77.270792,483.67132499999997,1970.891545,839.496375,4769.332525,71.1471745,2300.4729985,7603.174985,47.6617165,5471.260781,134.57901999999999,10344.784871,999.6620055,5133.730861,193.200415,8759.642600000001,10897.43935,2782.72834,642.68194,10205.39142,7195.7141305000005,3546.79821,657.454025,2028.499035,117.937002,10986.62865,6051.946005,88.322315,581.16948,9529.50259,5888.62803,11762.677655000001,227.356815,1576.9187375,80.4668985,869.885359,43.1558195,89.3910345,2834.020323,2915.234705,48.9391435,1091.3480774999998,120.861827,470.7059485,10453.296767,1832.992952,88.3405365,7432.0522295,76.6272195,1301.5514795,8581.251302,10193.778436,6195.406023500001,2267.4308025,1049.1709560000002,105.74823613500001,132.96435454,925.9511500000001,246.854735,160.018035,42.45984,51.10648,156.16205,134.565835,287.041905,804.85918,59.31391,247.960095,121.23258,20.11233,192.144855,130.24747,210.82402,812.936585,129.782845
AKR1B10,766.645211,795.86728,1393.915722,345.36746,331.463028,53.854484,2121.49176,416.99582,688.405079,199.33992,418.449327,20.627168,116.856317,28300.45682,4812.312932,28.441261,205.880948,5.573859,1.770957,22.239566,104.83565,1042.478672,27268.4559,54.254695,59.436945,12641.89449,6402.551141,1274.29593,46.11062,30.64352,476.861025,84.377492,110.165761,5150.83352,624.99161,147.41322,57.1696,38.800432,59.21976,49.681724,50.6593,326.555723,65.587212,733.231448,465.635871,376.339902,3.409018,12156.9777,131.77024,185.577612,668.809882,417.961317,92.498925,129.877154,86.297608,48.674293,3.36726,334.66503,37.413607,21.217236,102.112471,26935.35307,70.809773,30.38457,2371.1966,44.929612,24.988588,450.30129,121.184379,54.61263,61.97613,67.616326,36.69625,49.716222,20.734079,18063.88917,17768.35726,462.674728,16.25346,60.63298,115.430305,23.115904,27.837199,43.724358,396.281338,30.68856,15.017443,161.249268,71.4256,31.85062,465.358429,50.059392,37.030218,45.378024,46.156846,49.751081,184.397743,29.472572,459.822848,368.238996,325.59521,28.98608,26.602834,9871.952196,55.287771,1432.647195,59.613036,283.315508,128.08119,48.20459,22.544046,361.194166,395.904299,15.154856,86.698106,519.697137,107.175741,34.235189,345.623844,385.138891,232.432589,529.255729,36.989264,55.622383,2120.235878,43.372394,195.965753,38.721841,24.803869,140.427162,81.49639,27.94053,107.20714,760.23864,53.53129,1202.928286,137.572696,545.431814,161.89588,70.94623,962.685888,35.080813,78.17809,666.96348,39.393434,38.757029,18.46345,37.35596,174.712117,46.2063,63.562719,43.426626,275.596879,18.524429,35.765432,31.914775,8.632957,40.865141,39.5053,8.681846,4.436721,48.975794,441.795351,124.085522,153.99167,39.1652,48.852341,90.498,74.51628,64.35689,27.22435,30.363336,43.16703,125.22596,34.596128,12048.11606,876.265887,9.7583,88.98909,2.550977,431.323957,26.785236,146.785771,142.697962,13.195855,107.5717,12.45326,41.32553,40.88038,73.12594,241.34821,36.576244,31.51209,21.04596,28.0689,44.118091,19.784861,18.499501,24.436683,61.253944,64.667852,33.519402,284.025482,143.481404,44.21667,189.857535,49.965994,114.785217,27.341472,1155.914317,68.483002,152.848783,41.630238,130.535353,262.719967,28.657059,102.699642,230.981549,212.057471,48.3257,62.026413,103.035393,74.937266,10.441887,4.127091,62.468552,15.41690633,29.78250806,34.424177,13.609626,3.248644,28.680234,17.13117,13.750272,30.789373,17.769599,46.527933,30.543436,32.125367,23.643337,15.584221,157.2438,35.421074,15.544328,40.538632,6.580995
MSLN,5129.04568,55.08362,214.01649,638.03777,124.0191,1085.63816,4131.49255,185.98682,2502.7693,956.99682,1725.09371,1731.481,933.84082,1621.1705,4187.333854,6.42276,3193.668086,3217.33345,201.67076,134.02184,69.15352,400.19797,286.30166,1734.2111,5102.88783,812.86654,570.60596,300.55426,2098.40059,2253.80737,633.86399,18.5739,293.39369,3051.49943,57.0387,3474.49745,71.79249,401.139,619.49019,1499.17947,153.80996,498.316626,375.807227,468.786345,2470.26294,512.220953,48.707167,270.901418,139.836788,810.845965,36.22969,742.946463,1892.057952,229.14499,1207.054068,580.671226,1064.49586,285.02271,36.12398,57.11621,134.23156,6222.07619,416.11822,42.40614,1570.79959,93.55404,1276.97394,205.58807,289.19702,96.3474,2641.32295,95.57091,169.51324,261.43554,379.78094,2195.84969,42.65703,1350.1446,260.46891,73.63219,230.57568,1686.33507,201.819,83.26134,870.24724,424.77325,428.24123,1263.17734,416.41576,420.65204,30.747277,244.20515,910.19718,48.03869,4428.34307,92.1129,5280.03669,122.39134,255.56581,3008.66182,179.60812,1993.78658,134.96618,1030.5906,2112.31604,149.27331,961.37359,62.04519,35.84453,13.04375,356.84959,228.0921,4915.98412,144.403305,44.69329,1450.251234,197.39679,803.303165,19.884003,7.330298,72.903734,658.355011,918.44901,174.779933,128.000564,1402.617471,2072.984012,80.829159,28.412671,220.68319,42.22988,272.06809,44.58262,100.03646,420.72181,870.59196,105.20094,821.94666,548.75733,309.03782,2506.231162,272.65533,53.08151,289.41028,130.55015,511.69544,955.70035,2876.26146,1731.63729,751.26512,5311.44931,265.43342,1792.93106,12469.83021,2689.23248,97.81609,1134.51605,343.49016,59.72049,210.38826,921.75662,314.97358,3936.018566,96.14169,716.82369,311.99503,77.96511,1990.13238,112.99972,187.76512,50.12896,41.32559,166.59167,61.73896,7.845366,132.42314,50.99916,98.50309,261.84251,52.93425,57.54846,2244.92407,579.4668,380.78421,66.9376,3041.99531,380.94386,109.04055,32.60175,38.64679,912.68847,75.49202,2871.30669,1453.75847,355.59661,56.80408,117.394063,196.76997,1202.35512,2452.39791,583.65102,1361.61424,203.71074,611.0486,31.63202,33.6429,101.40384,47.68175,96.96755,256.73177,585.09676,1231.55062,66.7418,97.70898,3484.83791,7592.92619,398.51749,78.40662,443.09694,53.26414,78.56097,1729.07874,65.8183,3331.53105,1410.93264,127.72551,94.50489635,1180.25068,589.80607,477.84899,276.70988,254.42253,249.39518,1213.86929,1390.6227,192.14677,254.18062,396.74508,1077.86961,639.58911,187.92364,845.29757,672.28182,345.07099,1030.79659,259.97748
MSMB,27.105765,7.0122215,2.8060549999999997,24.1431755,8.142849,227.56613049999999,800.9440235,6.986416,9.87307,7.447791499999999,25.963998,34.358825,54.6908795,20604.43118,4262.2792695,102.198003,11.114784499999999,31.566665,1200.8846625,13.5797845,45.2428135,3599.875536,17.2392905,51.4940005,17434.779915,23.647489999999998,58.3090115,459.5294025,4.360621500000001,4.733585,334.77873750000003,70.2823575,32.5929235,21.515345,15.951454,14.9573465,189.03895550000001,2082.0107115,147.336251,43.3841025,7.151627,10.1085275,62.400288,15.8305375,20.350083,93.640973,88.2218295,287.998279,26.231222,83.253406,58.0247525,86.95954900000001,137.17429650000003,61.9901995,5347.6185585,14.195587999999999,29.14387,58.8228965,246.106913,7060.0729384999995,64.8172715,205.25251450000002,883.9949705,13220.14319,29.1745965,18.80047,15.782052499999999,32.8920365,36.916720999999995,476.6590465,1721.8379035,140.906119,32.1298555,135.499786,15.991222500000001,51.108587,12.054382,47.481312,93.32439099999999,11.4338165,2231.633565,18.0133175,15.856418499999998,7.3516365,1716.3216634999999,11.195061500000001,23.4567515,19.0093495,52.809348,5.9157555,183.57538549999998,80.2348525,9.0205345,33.1114575,17.070220499999998,137.992173,72.474642,15.284063,254.427258,692.49188,6.802929,11.672263000000001,14.5656795,24.2778505,482.23653649999994,48.565960499999996,32.5931365,64.9444095,50.8671845,52.807874999999996,16.2630865,150.711266,10.801898,13.296575500000001,24.317377,33.9450185,53.703372,13.3915215,144.0721365,17.2535035,7.0152205,48.010292,36.466802,109.84917,13.994233999999999,10.707172,90.03224900000001,10.9024205,38.383877,22.8054105,2.7262465000000002,13.417597,61.177043,159.0016055,20.1093265,15.6882305,34.4439145,271.260514,3826.023867,18.03317,8.4140965,110.11248649999999,14.58658,20.006822,97.701066,79.465193,75.163592,11.5329385,8.56973,687.3532005,167.82464399999998,383.41691,41.964097,58.815298,36.2283865,206.9498155,19.944350999999997,27.063363,24.533680500000003,161.854321,8.363462,16.2933725,14.7490435,59.0578925,14.116483500000001,17.4285105,20.750328000000003,17.186418,136.1430385,14.434905,29.6230355,3.5030725,3.0897449999999997,19.8853715,3.185995,9.162277,381.74302950000003,21.252492,8.327313,32.916298499999996,13.301866500000001,26.738573000000002,70.96110300000001,122.2072545,396.968933,174.1467,6.0045655,17.472383999999998,11.7270675,48.5659555,62.6206235,38.382621,46.1589505,27.787081999999998,14.328183,9.209546999999999,29.5845555,12.588627500000001,7.198867,29.9243005,50.6467965,13.885238999999999,142.229649,384.9356785,18.5759575,99.9072175,48.876921499999995,20.9912815,12.991326500000001,133.65231849999998,11.0634035,12.891348500000001,20.396243499999997,13.235142,21.745717,9.941370500000001,81.8317485,20.911389,11.218593499999999,11.640176,5.4560425,428.013512,13.867509,78.42505799999999,22.634463999999998,39.7339465,15.698821944999999,95.334882545,3.7897365,18.734405000000002,54.243469999999995,4.0155055,9.7089335,19.131183,56.19316,36.448127,15.1992765,17.801382500000003,76.634177,5.5167325,3.3599745,571.906792,4.2188095,13.457555,11.100309500000002,24.028974499999997
CALCA,24.2349125,7.55752575,13.32054275,12.930038249999999,17.36959375,37.32051175,10.77000675,15.09607,23.288253750000003,18.6641445,19.635832,21.061968,11.05220275,18.96764575,17.1958585,9.16296625,19.7088815,13.020481499999999,392.80840475,11.192585,11.57757775,31.58948225,27.91101125,13.98790475,738.07610975,25.0320745,28.362855000000003,34.173192,11.589898999999999,12.7349715,13.30633025,9.283638,14.614457250000001,15.68022125,9.46651325,22.757741250000002,14.779656,26.39768475,12.1702605,8.98604175,15.096631999999998,10.2939755,24.800244499999998,15.77114475,10.1191475,17.31824225,11.82975975,24.45303775,20.876234,12.3494805,14.040992750000001,10.78522075,14.519878,15.91266225,26.486024999999998,5.9906985,13.600971000000001,10.271059000000001,22055.547835999998,14986.4708285,14.183584750000001,10.48974475,12.96947525,15.003466,11.949144,17.2387035,14.3942235,21.50103875,29.38063,26.159176249999998,12.30542175,17.90261125,13.812370249999999,28.000822,6.9533305,10.512644250000001,180.20379624999998,22.66184775,10.72204925,14.690807,34.71007225,12.03482525,20.784019250000004,27.42325025,10.47005875,26.08688625,17.99086625,8.41022475,10.51355275,12.96248025,11.045974999999999,14.23662575,12.6464625,17.951907000000002,20.0404445,15.353240750000001,39.462094,12.13661925,33.35472925,14.08121525,13.05842825,21.981343499999998,14.3555935,14.20576575,22.149491,10.57876375,9.835267250000001,12.80292275,18.10594,14.451826,12.27118725,10.15379525,11.655101,21.026978500000002,14.077738750000002,25.393015000000002,24.37747325,16.7053885,20.360841500000003,6.47236475,9.14402425,9.68172225,24.537882,22.70217775,17.514846249999998,11.3149515,14.50554275,15.236501,16.69905375,16.714606999999997,10.69538,17.88219025,26.752197,22.85677775,10.2079015,11.9061735,11.905403999999999,25.30658975,22.005333999999998,8.688782,12.1069865,41.38437425,19.72721125,14.518173749999999,29.467692999999997,17.18065875,21.053630000000002,27.7921725,11.66455425,20.753894,20.407061000000002,27.53015625,34.58741075,23.513569750000002,13.546737749999998,17.2168475,21.45500625,14.02092925,6.31227375,40.141726,18.26765675,11.8824585,22.84057425,16.243291,11.2754575,17.274753,11.74779,14.057812499999997,12.6524635,16.041241,12.111250250000001,12.7047965,26.5107565,16.589126999999998,16.14790625,11.006825000000001,9.57037275,40.80707375,12.05909675,13.365693250000001,19.3083955,13.9761025,18.224621,34.26624325,23.369262,10.7667385,16.474725,11.622108999999998,11.567935,9.73393525,12.93051775,21.062802249999997,23.44163025,11.85127825,10.9401415,6.510824749999999,19.467221,16.2821295,13.3455115,20.866224000000003,11.4824055,19.182496999999998,14.269616,24.2203375,17.74465725,16.553663,22.319988249999998,19.451590249999995,13.7310055,28.21582175,31.9216005,18.12839025,7.631583999999999,9.26668925,13.088981,21.974888,14.45727,27.74753675,24.56849425,9.4065345,12.2477605,13.519449499999999,10.9990665,22.802501250000002,13.492583499999999,9.0287785,13.281709348,16.9849736125,23.675698750000002,19.66293375,15.873648250000002,60.99495425,22.11633125,15.882467250000001,60.801929,41.72637125,23.927450999999998,23.75949375,33.589388500000005,21.03592275,31.201930750000002,120.834515,31.715532749999998,107.49619675,69.5783635,8.161862
MUC5B,3.201435,686.7232700000001,5020.947528000001,6805.356254,2262.5585140000003,904.0142,7367.025516000001,169.5568215,2630.9509455,6579.994290500001,2304.613064,278.737761,6.458439,42.910128500000006,1053.628989,14.6552495,636.0770575,5.3661245,97.980515,9.748096499999999,22.972173,2495.2617115,1089.1014965,80.0944985,3110.3892874999997,3.9007870000000002,400.819227,569.297962,3.533371,3.713969,803.6060475,30.467243999999997,4.1002624999999995,3.7905305,1545.7313884999999,174.89534700000002,278.0575095,325.807932,258.69472299999995,2.9478655000000002,5.325278,3.4341115,6.1059015,563.5083995,34.0167365,602.60596,4.733740500000001,1278.854838,379.015726,65.373239,9.2898115,7.898078,277.62679599999996,42.587561,3897.4330059999998,4.230238,5.6535545,5670.6681875,408.349051,575.7377759999999,93.736524,3554.831225,286.8754055,279.630027,237.461561,64.035377,3.443569,56.691559,10.9606405,189.6071555,235.2999695,29.392374,9.30356,223.647469,7.293398,648.24681,95.9132185,266.2793205,38.8461835,4.9782025,384.9372565,4.4203755000000005,3.359908,5.8654215,1130.2354145,5.9115155,7.527717,7.3829665,173.4215515,2.7459815,3.517573,40.2869185,3.7251595,290.27426199999996,53.8181875,132.799232,311.931683,32.578874,849.5458315,621.4834034999999,10.7311805,132.6248825,77.218824,630.712168,270.214157,4.3581199999999995,43.245984,790.8727605,16.8761935,794.3065210000001,5.539294999999999,1237.049058,5.3821045000000005,45.0361875,3.764493,493.04713499999997,80.512551,4.600020000000001,654.147054,537.8310535,43.7140765,61.043749999999996,20.7538005,10.859745499999999,5.3908985,7.2761065,264.1936125,14.388443,7.9479359999999994,92.14856599999999,3.5534334999999997,2.9999635,8.5203525,123.6733315,6.4048405,249.1909945,55.289242,51.820221000000004,904.1717884999999,547.156727,11.3588395,120.68509449999999,2.4865304999999998,8.228182499999999,55.561799,5.438739,61.7765735,4.847739,4.953426,381.4613435,10.2732495,181.30349,12.5385395,17.314965,9.285601,123.512446,8.041213,166.5289165,8.339806,52.5772505,118.715979,4.2549665,2.7897855,801.27729,3.497674,6.572756500000001,4.193824,3.279966,583.40336,3.0331384999999997,35.216111,4.720267,9.0396275,290.207069,3.866943,3.3254395,2165.8536395,47.4771865,226.311051,6.280056,3.400313,7.8402705,110.207615,128.692203,113.3149815,74.071069,3.29209,4.4680585,10.109169,4.7756985,2.80573,101.669769,38.4671095,4.4553285,8.9085395,734.0754715,7.541024,4.4814545,39.260908,4.700872,5.380483999999999,6.161504,5.7797225,274.4144015,5.7076035,226.6981045,4.2596335000000005,320.2180645,4.8776265,6.7973075000000005,58.9386175,3.740675,3.834472,2.9746490000000003,7.321243,2.63678,354.4182775,417.548809,2.7482369999999996,2.7530755,317.2878415,151.14314299999998,26.5594035,17.014014,3.440906,5.002647,33.518793832499995,3.527476686,7.396537,4.0534285,7.409722499999999,2.203099,2.899268,1.9816015,3.745792,5.0161370000000005,18.389146,3.346649,64.0827695,4.135912,1.8506215,153.07764849999998,220.504329,4.5710165,57.5131115,97.0530365
BPIFB1,3.269179,90.213174,45.884366,1967.593976,55.564705,11520.57307,20302.5098,1403.085727,245.263341,199.727489,31.589695,7420.705116,7.562684,2289.726402,13673.43539,9.318942,16.047785,84.11465,357.552176,865.226842,1245.501023,21617.50672,168.720888,1806.672274,1315.286155,13.756553,9794.347407,7561.007762,102.235858,22.15646,7515.71984,1652.741493,9.762173,235.815083,384.208789,726.022809,9543.810412,11945.27866,1798.827203,267.620088,11.870067,10.977567,498.2655,5979.96351,11.277317,1097.809638,2.941761,15408.9638,12298.07071,331.006692,43.322166,625.639641,632.247217,132.974054,37259.63941,58.030251,408.151362,451.421805,14530.8338,316.429662,269.293197,6.65097,16063.06554,461.537175,7.788629,1572.509109,163.542737,2630.565714,105.078853,6585.628688,14057.56985,1793.721742,109.02655,2421.972181,9.001264,17091.08792,9895.180709,8519.878495,458.813935,9.45412,9561.376644,2.708183,12.307655,14.141974,3992.980309,1228.762291,10.053952,13.626163,291.800962,13.214897,2.026346,2428.493421,5.241813,4.556846,209.987792,3585.424466,682.230465,10.741579,16581.94385,468.056838,87.656697,7.327417,3.856933,296.127264,9346.041116,5.619153,4.787388,2848.642232,22.164209,2606.300651,1.956886,16.809182,6.264979,3235.550231,14.127459,49.281347,236.475123,3.672096,4.052531,112.727061,3.07075,766.636212,564.610428,3004.082009,6.586735,5.539847,790.79991,12.516594,191.049381,70.135813,4.333827,3.247371,807.653554,144.747241,9.828026,23.554578,918.030838,1746.37331,16723.87137,14.563561,904.245925,3619.652132,3.112016,5.878769,3365.373996,732.793898,938.952404,5.491717,6.584968,12207.36768,1483.642755,4674.648859,1117.263625,1330.799176,394.04796,4407.022832,80.901718,2175.830469,907.949957,1550.991451,22.642817,38.459005,9.134936,8.943468,47.132786,149.354212,5.58369,12.348412,1314.587027,4.131356,2195.892359,14.737843,9.128238,108.008971,10.677193,3.384841,369.333576,3.921365,61.923065,351.558328,4.909631,723.535148,4051.391662,2308.444899,4738.849252,2440.187442,16.309591,136.27884,3.71822,4839.949595,12.590884,336.42078,1466.90224,5.511308,12.632691,5.915267,121.965688,2.692427,4.759159,5.898925,8.544237,9.450334,698.291456,9585.198415,23.765951,2726.918069,876.986834,5.440144,5.742191,1074.886411,6.55908,2.59363,6.697358,11.161206,250.051151,5.924709,362.407311,4295.423625,6.689569,4.581847,6.322239,4742.294031,108.101421,1504.12797,4.830943,334.935276,15.36307809,1233.382124,109.839331,9.085673,382.800529,8.634178,15.838868,206.323849,519.424781,123.875576,1456.635248,9.037737,2940.60881,3.064089,5.491841,6609.62265,120.176731,150.257234,6852.967084,5293.73817
AGER,74.51362,372.6070745,35.1867925,676.9458314999999,75.196646,2138.6118165,29.276971000000003,1548.654248,175.8625745,1313.916074,18.24563,187.02051,23.5977185,883.5685510000001,812.938756,9.503085500000001,39.6150675,162.0247615,8.320347,37.219907,43.2042585,169.729793,298.59233,68.3388735,345.2705955,23.150032,347.481143,441.7339815,78.9840345,253.268864,93.4427095,29.478839,136.800518,8.3055745,21.193009999999997,215.5782325,34.4436975,188.690507,301.8054555,754.9084435,309.1181835,31.135990999999997,8.0315855,190.468712,16.896299499999998,234.364022,27.341482499999998,146.9106615,119.797386,385.165229,31.618757,233.4877205,8.928536,111.8888825,192.33827349999999,58.575517000000005,198.8419165,408.5167215,24.011554,33.051905000000005,20.221947,19.180495,1765.0185689999998,22.1761635,20.8497855,539.077638,6390.5194355,1951.0655865,70.806579,44.571473000000005,857.543085,76.210201,22.9321625,38.1189595,68.516271,287.262504,53.7446215,183.661717,1480.100453,209.906241,4469.44313,11.296765,6228.7645485,195.711575,240.7534945,1816.4006735000003,617.8083574999999,68.3517655,7.017327,114.77951350000001,14.0691965,620.2083064999999,116.7920455,8.1395605,1050.604751,119.455997,14.575362,755.526792,47.7813235,44.150392,49.271257,220.594976,151.8531955,197.7807915,40.906245,20.494294,45.697792500000006,38.203271,18.6203345,11.061547000000001,132.8970355,17.817491,257.484239,467.489031,143.510826,54.337571,84.88697400000001,993.3292425,15.941054,34.36227,267.04407249999997,284.1190625,120.1744805,661.5962405,220.28353049999998,39.119094000000004,847.618788,77.667977,187.03527,71.128422,76.731341,89.4780585,100.40827949999999,327.7276915,22.802074500000003,20.383702500000002,1010.8945309999999,112.2089065,407.265979,285.3822435,147.469447,143.5369445,444.3224625,21.947354999999998,520.641941,983.1448335,37.2423675,910.3212994999999,23.5840555,75.8328615,229.07954650000002,343.379407,1159.3349735,219.433968,233.42136449999998,61.244842500000004,76.07896099999999,24.816888000000002,105.40159499999999,1603.250158,310.9253895,3316.4099825000003,1846.656287,60.0858615,799.9192794999999,4443.930355,260.230902,397.3164815,134.0883445,344.8727095,386.83752649999997,157.3435505,488.81994199999997,306.7976255,76.2521715,94.291904,30.708126,35.8974635,186.8688395,247.79396500000001,14.6849515,5363.001731,165.26975449999998,18.7130565,67.711443,806.2282215,238.181586,111.7091495,83.522098,217.7132125,350.8353475,2198.363295,1350.7783445,554.940244,3142.1885075,358.3939305,1245.2968675,1219.9928180000002,875.267832,177.2322925,26.1215915,26.210023999999997,88.856259,171.4722805,162.66047600000002,18.590848,886.038104,26.527943,343.087763,71.5696555,593.8586705,110.9559585,41.8716065,555.625952,563.855697,412.4795135,154.609778,90.350961,30.388347,49.322576999999995,74.8541515,253.1604415,140.9673185,2512.1241099999997,125.01700299999999,166.639689,6866.380402999999,4030.1710615,4000.7245485,5832.5265175,7275.9185720000005,2224.6424665,4686.2697915,5408.000488,4117.232325,4881.2643275,5299.1491365,2469.857406,3537.5581935,6464.337704,6020.057478,998.1537985,3928.8245825000004,1982.3246759999997,1508.665413,3681.987684
SFTPB,27491.88545,18614.44156,21171.19218,11060.191350000001,18695.5872925,15348.4147825,13529.394797500001,18519.671010000002,19605.958475,16391.0173175,20085.33565,20656.6460275,3873.5017975,17917.280215,13742.153657500001,18665.690465,16108.900347499999,7633.789854999999,22087.9415775,19818.438974999997,9018.49767,14607.601747499999,13679.760592499999,15029.288294999998,17280.824075,5530.4375,12541.8576,14851.3153625,14436.647312500001,19149.590975,11003.126175,10721.525455,14299.0377825,455.6788275,13218.2794525,7082.99256,12414.6811325,18410.15825,18200.8219875,12177.861477499999,17466.7994875,1261.4718625,12980.616592499999,12551.708035,18984.769675,15863.69485,3294.0398225,10317.6828875,4078.910275,10763.6703175,13400.361685,12442.183497499998,810.986745,19614.2483225,11252.05607,12118.840015,13781.1773825,19289.434,14776.74129,20708.7323475,135.7455325,124.47969,16601.6606125,10343.396734999998,6383.1270125,20289.9326925,14755.8704325,14210.2312675,16455.9276525,18781.107555000002,14562.218454999998,16693.861825,9232.5158125,12571.0709,17594.92335,5691.562725,3686.898275,15788.002315,14311.0319275,17649.63895,14270.586595,1209.929635,10933.106427499999,22972.6718125,10971.7073375,11254.596255,14289.1723825,15799.3832225,410.17794000000004,11139.0738,181.721455,21820.95985,16646.688075,1998.6841,19048.7806,16237.638325,15434.997674999999,19017.036425,11094.511625,13334.70194,12380.466775,19871.481789999998,22339.44549,15719.043614999999,11997.769395,6759.3659425,6451.01872,11048.140599999999,788.453995,149.3620975,11769.457555,120.415335,22483.66029,17704.753992500002,12723.369675,16767.05918,13028.973705,19967.828135,1351.1315650000001,513.871715,6913.324662499999,17507.2889575,18661.457035,18035.709955,27398.492547500002,14425.357895000001,12378.2819275,15771.937165,14178.832095000002,10723.8756025,18123.905127500002,21238.833450000002,9033.1095,7648.593080000001,441.252065,7048.41682,14247.572769999999,15171.463075,10322.32459,8035.47304,15138.741989999999,13556.832135,17918.861965,2147.1217525,14734.8788075,22435.843207500002,17275.07673,17036.9844725,17720.341395,17822.9804,19821.76155,18436.43745,15048.045849999999,17509.0147975,17085.4850375,11567.012224999999,18918.473525,3865.7799,17544.9330425,19716.1093225,16488.74188,18161.74713,22852.6406775,5889.9117475,20465.228974999998,13437.0875975,20900.33295,17405.436925,16971.8232225,17023.90472,19147.6404975,19659.445905,27162.7816125,11530.7819575,22078.71419,18254.3063625,174.76292,6151.559635,17670.898365,15819.38364,20296.59243,17421.5395,20268.87574,1709.2407875,16224.984617500002,18609.1359475,17487.193295,15036.1742175,2131.9683875,16276.082155,11364.559305,17953.342045,17174.1086225,18123.861565,11879.0095175,26828.866592500002,24863.551570000003,23499.37115,19297.284475,21028.137625,9303.8425,17041.754475,10783.90725,17334.762175,22223.428375,615.568325,18158.6373,17045.811075,18302.08515,12548.445925,18317.135775,20992.365425,17820.460025,13847.056625000001,17929.2679,10726.67425,5038.297925000001,18927.412575000002,9537.464025000001,17333.34565,21284.8828,16487.69835,17044.413625,18523.079700000002,11811.045675000001,9237.91855,17390.840107,16477.520978,21597.975125,14768.889625,14560.4215,15565.260175,14790.350725,14677.765800000001,16062.995050000001,14394.74795,13912.984574999999,11147.0217,16170.608650000002,14813.492525,15318.514975,14666.0137,17285.630275,17349.123425,15253.877550000001,14312.232800000002
AQP5,426.10139,1472.969036,587.397907,1854.754758,961.761795,397.292072,787.572933,874.705105,1341.028008,2186.28649,335.298777,40.681627,8.547548,9.037051,854.126955,10.119998,4495.444929,11.216036,1100.768121,8.302691,12.562923,246.806362,7.065645,26.411954,743.079661,15.964967,418.004792,347.484744,114.602921,77.949643,210.915886,8.61895,8.992316,22.953224,7.525193,9.141051,15.722147,102.861255,12.73746,218.05182,11.01328,3.970752,9.875885,59.416468,242.020311,25.239532,19.389316,107.558837,38.25082,19.139025,10.960804,8.606037,8.597018,5.810813,392.862191,489.754697,53.449488,1690.709143,10.749334,347.53893,16.79051,89.963746,187.730671,10.366407,152.900669,52.093715,15.336948,96.893693,121.638248,216.719471,11.310868,293.819736,13.21501,41.095646,361.361256,119.875065,13.446236,360.390685,518.358652,217.447149,140.568303,10.824434,89.529076,129.83647,736.376778,27.744904,256.171641,531.096767,10.965244,78.761699,5.885618,633.132196,80.83862,317.294727,1825.010432,197.560402,260.971365,23.61432,208.914385,1363.46978,17.033479,414.091541,10.209372,17.96588,10.798346,86.558601,42.091162,862.394603,27.471423,15.155072,158.420504,538.207893,259.92546,267.983482,6.820688,408.306274,12.096802,201.03026,768.286393,39.729632,304.660884,818.190102,67.714485,470.345847,18.648775,65.181457,229.300633,92.299939,133.999644,117.967054,12.146304,41.06905,23.011992,608.020394,10.527356,443.765531,339.124597,51.555499,150.263755,75.31001,628.246262,89.795954,393.285993,9.655246,23.855722,18.571211,180.883247,477.900292,201.94753,93.978678,475.900717,332.590866,803.247815,579.518212,69.524548,126.306769,83.49285,20.430793,172.700287,21.264162,361.489377,129.088622,438.563053,1510.932846,370.107934,228.871398,44.466038,125.725091,475.449723,81.761965,125.582572,84.464947,50.87129,49.663907,1918.338469,372.52769,469.870338,449.462912,225.020615,105.543694,18.069274,148.636496,158.625898,23.62397,62.341925,52.985658,281.800405,250.844395,186.902111,759.221195,452.167906,410.989054,243.451641,124.476999,277.740566,11.666041,542.452967,21.143852,282.028811,751.99807,80.258754,398.191646,203.429223,586.403302,89.185953,50.747622,65.514021,885.358628,155.080218,16.97593,156.710179,32.666595,12.23355,82.64223,357.481304,326.745353,125.932127,571.465694,64.886377,19.524253,15.055928,632.506568,70.930662,835.292149,21.995069,6.435677,80.63770976,68.10525147,76.850711,70.311199,119.581927,79.410369,176.302449,19.042811,21.297041,47.000885,60.918999,65.031897,97.403619,83.690824,46.198225,117.95244,15.838833,54.164778,408.832252,174.96537
KRT6A,190.627643,3423.69747,9385.321726,72.507299,429.312911,46.583197,9899.70712,30.1967,24.5605,21.1079372,640.2563826,58.358776,10873.61823,79.421522,11.728063,26.59478,32.441245,22.970401,306.93262,53.558696,10716.62139,205.9128693,360.6852587,15.8741537,114.1055376,209.3239563,1575.174887,44.939833,857.297692,11.7032182,256.9834122,116.870458,489.123278,29360.01964,192.694409,196.782444,119.592317,63.149403,15.568584,17.518845,156.735923,1.271931,20.947109,719.51075,216.0713547,3625.774279,39.901267,90.244544,45.835832,319.925091,795.151159,1216.257077,1318.11371,53.3957152,59.55451,5.651785,5.8893965,1260.518747,5.323265,51.394434,119.430826,860.124141,119.588072,122.322806,77.326102,90.092811,20.503782,0.5625718,40.8817023,20.6545493,85.1069393,2.9730902,5.5851942,4712.368764,4.6546214,18.5517081,275.9216614,7.2315937,2.8907956,52.3903365,31.188209,61.9553158,14.3249184,15.1545417,22.5656276,60.2231496,12.7930402,12.4331211,315.576239,23.9666829,1.999847,14.9361477,8.9632175,1.6726489,1.8249776,2.4149287,118.2715449,2.4067681,43.905192,13.280342,56.329629,10.602677,9.20065,598.795661,12.051535,29.71946,55.332585,36.018776,6.976119,125.464649,14.169273,956.884492,21.07453,20.283059,1.0885397,428.545791,46.841737,10.368017,1032.7825,915.29008,26.882726,50.454151,2.941467,32.032006,3.866627,15.488341,54.198426,33.599825,5.644374,415.547227,8.796976,1.551804,8.868587,74.558231,2241.784515,27.91238,114.511763,52.90129,301.250042,620.913446,14.520499,57.0538205,24.1480052,1612.233808,21.4209515,8.1670855,15.954257,0.9229042,1.6496117,9.9881922,41.4454017,33.0422579,37.5392857,7.0500071,19.5153223,15.4028961,21.2409829,192.3863218,6.1438508,24.3964571,37.5324235,11.0878409,35.542411,20.9548729,10.1731807,21.0018885,12.6492759,11.9513602,26.2903054,9.8277822,19.1503003,2.33803,6.8968725,23.9350171,4.418753,19.9572425,262.9563916,43.6674636,347.40273,18.3494657,22.92505,24.5043512,39.3073993,2618.215863,35.9742912,24.7162431,4.7220781,30.3804687,2.4028337,38.2252745,136.2554137,19.3373122,27.9289523,3.0107482,26.6522878,2.3398543,19.098939,14.0078289,4.463661,1.8352199,102.5101686,49.753091,78.7263715,61.3588844,14.5461783,25.6307495,2.2705911,2.13109,4.8513391,141.5232438,4.1984358,23.7789405,19.2158658,20.3277887,33.8725217,15.1086534,218.6908793,8.6999458,4.3573644,27.7071258,1.5834346,1.4002341,7.3769939,19.7903353,3.4706237,26.734181,58.29359703,1.975088545,40.5972348,2.1670795,0.9200119,2.422128,15.7910907,19.0174765,4.6726063,1.7766422,27.5399195,5.885356,5.4398182,1.8539991,1.76089,64.0243189,1.8331779,2.2846708,41.3124184,5.2177933
PIGR,8205.0734,2209.047415,9975.07336,13585.160319999999,7720.6726100000005,9264.1132,13143.50263,4361.02953,6193.61339,12557.956049999999,7266.008669999999,3770.557315,55.60145,5597.610404999999,12025.428415,2802.0576435000003,16946.511875,1818.78032,228.402235,463.30785,2477.415835,13594.3966,4631.169665,9541.911615,5263.142885,13724.28748,6875.12547,13418.609620000001,959.1421250000001,9707.603775,12231.439045000001,2101.055895,3831.895645,59.76294,11763.726009999998,5051.79313,6017.50363,8261.843355,3558.364415,6888.118705,2060.75607,1316.3471465,9942.828824999999,9965.275870000001,10523.595395,7942.34465,10.7224545,14127.443070000001,3760.1087975,4421.0567455,5178.108415,6085.3143,12788.0738,6162.765235,17114.32832,14195.10291,13167.211104999998,11198.526824999999,4141.721735,247.93959,7293.72549,120.434935,7858.366965,1615.3783,1037.673675,9159.04178,5595.65581,4984.773685,14594.107325,12887.677035,10513.276405,11668.358705,1434.512755,4314.711684999999,11215.203884999999,13498.664005,175.613025,10596.606875000001,11177.27301,11860.843895,11138.146504999999,65.58099,5314.83803,19568.15065,8498.546385,4135.88388,3473.94,10322.741554999999,2259.700025,7281.689855,105.38246899999999,12293.705985,7925.6653799999995,10489.776295000001,12938.807115,14481.95115,9586.861185,9290.042085000001,10567.44383,9408.308725,14212.206405,17878.120659999997,4580.14087,9232.905840000001,9196.678275,7826.50695,8759.108919999999,13878.52704,16444.074875,9686.341980000001,13813.44579,235.19572499999998,14026.257855000002,13261.591975,4366.781965,15073.744065,11693.420885,12713.892044999999,12017.64366,509.88000999999997,11301.534615,15950.029375,14316.306105000001,5879.055235000001,13223.10757,7914.156985,6232.51556,17870.634755000003,10033.410885,15744.439115,13432.739665000001,13019.75126,15746.60278,7308.54567,105.384215,11521.584535000002,4885.96468,12225.184174999999,9164.34833,4809.798515,15151.451175,9821.674945,14340.2831,163.67284999999998,13729.665299999999,16738.863515,12063.391285,10838.941825,9921.229500000001,15221.957620000001,15261.73099,10778.040415,14575.175415000002,12024.940505,12095.634495,6464.09224,14090.73137,217.04987,16980.699895,8919.25839,6091.38115,5964.476455,9899.32227,19281.645279999997,17107.222149999998,6948.72273,13145.272369999999,10986.95823,10200.845705,7136.607620000001,13946.912455000002,14400.182235,19118.840995000002,12339.359735,14542.751909999999,13052.759245000001,10519.91142,13885.05085,10935.76232,13709.926725000001,7914.310635,11086.04757,6525.18368,5661.1327,7417.346979999999,7199.35366,8373.266745,8630.107629999999,11981.61562,9395.55262,9061.226525,5032.692265,4523.048595,13635.61779,3938.1072999999997,17089.464525,15581.522664999999,7901.590135,20220.927665,18654.234885,5639.164769999999,11522.873300000001,10879.870125,14515.86188,16687.637665000002,8078.67976,11271.958515,10892.081365,14197.80818,4930.556555,13244.37176,12521.551925,16096.547155,11715.78033,8552.503885,14127.083775,9159.95258,12234.558405,14002.572269999999,17678.959434999997,14453.3112,13157.73621,15574.11832,10728.29334,5838.386065,14644.952725,6023.47866295,7332.7863413,11337.469685,5147.12309,5323.45946,4197.60477,4785.600514999999,5266.937585,6622.442849999999,7595.44467,6237.32824,2242.1849399999996,5669.49385,5176.40725,5601.911695,5100.2726299999995,7976.3741899999995,5114.60131,7251.67742,5736.204655
MUC13,15.9919215,20.4002375,18.2864365,65.8718045,23.033583,78.037294,37.200562500000004,27.8115185,30.407864999999997,29.5687225,28.1095305,47.5385275,18.324073000000002,4994.796176,2466.6137685,137.3950805,65.609645,23.4930095,26.328399,14.197348,34.317459,621.4791895000001,880.1924335,26.6134375,33.847314,3907.9661960000003,2400.053175,709.3207185,43.084581,17.1697565,524.8736685,22.375691500000002,65.6037735,59.625015,47.4004695,4303.6439585,57.14157850000001,84.10773,48.8637075,136.524534,49.198702,39.9388235,23.20769,614.3369905,19.8316225,34.8971575,102.992726,3654.364928,47.915739,818.6886380000001,38.123822000000004,27.763125000000002,38.850752,5.3788555,81.9168785,172.409894,31.0694105,37.813856,3341.3575065,719.8755745,47.791328500000006,4018.3014670000002,45.410782499999996,331.6256915,802.282074,39.75942,25.898287,107.122241,35.724803,57.630703499999996,51.063213,44.800508,36.173907,35.6081125,16.0294295,3860.278488,4648.3925865,47.3921315,23.0773545,19.2996905,79.1011315,46.043064,43.704263999999995,36.0266605,104.3910335,30.1395395,28.154916,15.4337775,66.4917255,21.4163475,678.96033,30.01983,53.929747,60.570242500000006,39.9239905,84.39921600000001,879.5685425,18.5043965,376.937706,222.4315575,316.491788,49.190490000000004,13.9083105,2134.560268,34.0621815,60.912766000000005,18.580749,53.3520155,80.91634400000001,27.7523785,27.81772,38.644512,24.754766,46.107994500000004,186.208449,98.3076875,327.2134495,19.0946055,42.428056999999995,32.52666,42.809772,418.187116,39.565881499999996,29.2324595,14.9771285,17.317374,28.083302999999997,82.74716749999999,63.416434,31.0322535,55.4488615,43.1898595,116.862719,52.048322,1170.495241,36.4347555,85.6314965,44.8813745,198.2828675,115.88773,998.522788,46.545898,26.675046000000002,25.6472975,72.8588275,24.6652865,44.867006,26.84751,34.862950500000004,70.36173600000001,132.4661335,60.1819175,112.11111700000001,55.481708499999996,53.099354,47.086366500000004,22.8933795,62.1437955,85.988621,49.6143175,29.440415,51.045449000000005,51.3145445,1261.7403239999999,32.2381595,43.832901,50.008689000000004,28.893126,46.0547505,44.174178000000005,53.2213405,34.609677000000005,37.3973915,98.2205875,15.615733,34.274333999999996,118.4996295,48.8115125,24.138096,36.986892,60.251571,34.0591905,148.040976,58.112565,49.8026565,54.7307505,30.613799,38.320694,16.9926395,22.561837,16.761177500000002,26.50318,32.932553999999996,46.7998815,27.0838395,29.5621375,19.721639500000002,40.397902,36.1688485,33.6106045,29.912728,30.85274,344.1120295,82.25128950000001,47.15329,41.651044,60.7972035,57.26833499999999,15.0369155,33.627852,27.6067355,47.859583,40.150029,39.968013,64.3928605,39.710019,109.88677650000001,46.9498915,67.400772,13.8530265,36.445498,38.3730885,44.6427585,35.2850385,41.298569,21.524988999999998,39.48742405,28.9726312375,45.1696235,46.1538795,29.4741675,39.972243,22.8078355,24.833272,30.3286725,26.4671715,17.656405499999998,27.3775895,15.855123,16.276482,28.984566,50.4202505,39.161733,50.0868095,50.293346,63.350321
CPS1,58.544312000000005,37.858904,33.9075245,34.624216,75.466087,82.68297799999999,106.296007,86.642571,83.312231,52.5760245,74.8326215,81.26584249999999,86.52567149999999,171.3643575,85.5825955,62.759434500000005,42.213948,63.8724965,138.6579985,28.6951125,104.284542,124.619545,16766.161500000002,86.116665,7668.006268,370.2067535,145.1866005,91.037287,109.392703,38.917815000000004,118.26885150000001,94.492413,144.75950849999998,126.482021,74.203801,178.070781,186.742192,126.0152835,107.829805,104.89112349999999,197.4012805,56.7480915,51.872465500000004,101.0067145,94.970315,77.0262075,92.651644,195.0994255,216.6568135,71.0085825,126.6530695,129.779343,117.1890765,148.611235,110.76840899999999,71.8166635,191.69181500000002,60.447146000000004,44.459838999999995,9932.52317,127.5218975,19608.462265000002,133.359079,71.083398,101.2296305,211.28066,118.57585850000001,129.00736,169.851275,140.1676435,75.6029935,109.484264,181.37769450000002,74.47468599999999,79.990628,54.020427500000004,12771.071735000001,71.621845,95.3943695,112.99758650000001,155.281875,141.47177,150.17925,80.006885,96.786455,138.889165,105.44422,109.70028,89.5359725,121.639447,42.26738,117.713605,60.092827,49.0042375,98.81291900000001,113.4237875,87.6858125,76.34926949999999,161.240584,388.4325595,99.33170899999999,64.62858299999999,22.993505,6571.010067,75.6448955,72.339967,63.8443525,56.6891885,72.2718365,92.5029655,56.061354,98.499371,110.0956305,66.747592,76.6796765,28.7894305,119.6335815,93.0694585,39.5980285,93.202115,69.7302965,86.005021,101.831001,78.2554665,271.546826,38.920075999999995,91.3668465,41.784276000000006,107.31959499999999,72.8572585,97.086704,183.7836345,64.645971,99.83213400000001,210.8610015,63.123604,73.5989895,65.879865,86.20704950000001,110.0687255,77.847341,139.465435,77.278193,75.70507,103.486325,56.708005,123.825268,110.4226735,109.56947500000001,124.0320785,64.9149995,88.81187299999999,89.03326600000001,128.81617,62.73536,222.8243695,81.4490205,87.83429699999999,47.206615,78.86538,108.713125,143.86502,86.4538865,66.628635,109.98709,93.064136,83.30818599999999,84.430672,48.172292,158.4483105,78.3366765,93.86236,261.3598735,128.41017,249.8152375,44.591224999999994,58.225575,82.47883,102.490735,129.496215,78.29284,119.3198125,252.46214999999998,126.736535,103.24367500000001,116.02484799999999,61.2157775,70.90970349999999,99.27909550000001,87.1626685,62.996592,92.93725,65.8696195,82.872648,123.6814395,107.697715,97.64425849999999,90.262757,77.8879205,141.3845435,89.74814549999999,96.25849249999999,176.1059875,95.195385,90.29109,78.740076,62.010853499999996,139.7642705,87.8619785,74.902748,68.7348295,25.5668485,65.83618200000001,64.3793275,98.8468465,56.863370499999995,87.55349000000001,72.8894925,114.5298295,44.601986499999995,91.3488585,119.9976245,103.761114,116.15866,59.0180455,92.7814465,137.37382767,142.00992451500002,204.9207825,130.3508375,131.624033,133.5350015,84.9277555,121.72001750000001,109.647073,146.944456,133.4461305,175.077762,156.09315949999998,101.537961,132.7396215,124.745758,150.75772,152.0608425,94.573647,102.35360750000001
CRLF1,97.06384,71.34915,301.38931,187.70881,354.39596,159.99168,57.06729,218.07849,384.40215,415.0598,275.1883,1058.7242,42.14848,251.99235,108.59811,33.08717,1054.99815,53.54186,20051.18992,112.04599,298.85489,130.11513,133.28812,98.75938,7524.64913,152.17736,306.34732,119.7381,178.0692,78.47133,223.26467,116.34087,93.58633,192.45006,26.23898,54.70415,49.03592,479.88394,307.26695,4108.39941,293.80994,47.18929,148.3043,173.32026,544.28419,109.6771,1646.74597,163.7769,115.50192,92.50018,534.73106,1722.65842,638.07431,658.50644,212.75413,243.28445,452.95959,1472.47933,341.21832,1792.2341,847.81308,77.46458,249.76483,967.26178,168.39835,241.77875,116.69858,103.75677,164.76663,397.4514,160.9536,102.06023,128.451,192.71762,397.25215,56.4326,102.41306,570.75187,1087.0062,414.2058,163.62058,67.4647,86.65847,309.32683,368.5005,216.9177,111.06062,265.14946,957.1532,166.6257,546.82032,492.75255,249.33856,206.0579,146.9248,349.13186,14880.4563,248.96474,208.22705,5449.31811,143.68872,72.83901,30.83176,572.87057,127.29552,171.06607,564.13556,1088.49065,412.0236,248.67827,342.87106,4476.7315,66.20176,339.49203,314.17335,276.61949,22.98373,192.54467,4743.56846,652.57707,420.71357,101.28357,224.85538,259.25297,110.88793,81.93032,310.09466,466.73487,151.00346,247.84119,43.82058,391.90425,128.84306,6008.81773,75.41373,125.73096,207.47307,298.39009,631.10856,59.49432,77.16241,206.23444,587.8126,201.751,524.07527,158.20127,383.8692,207.0086,127.08534,264.14751,162.02552,491.74264,202.39488,408.02938,344.51477,162.8848,217.03772,243.07709,227.5318,116.21219,401.46474,94.18185,138.97715,1138.46645,136.36871,87.1717,182.51492,170.43271,244.2728,204.6725,212.9538,613.99534,284.6767,357.1852,19.75458,328.09095,549.66985,363.85262,375.30854,469.55842,105.67982,106.41128,225.80098,283.48135,156.10813,226.0496,270.9218,630.5243,131.8511,145.9462,282.1333,192.32298,163.851,129.3705,122.934,2175.43245,326.65838,384.69095,162.78876,423.72026,79.80577,101.03108,255.33925,497.05817,481.05444,55.24205,156.46581,323.50902,106.04636,263.73968,346.77676,383.31983,110.22637,289.57868,438.95286,199.43343,401.08445,2521.6606,125.44517,266.5992,465.26803,252.69461,375.01042,198.36203,93.82028,186.27213,77.65646846,63.0341302,103.26824,54.72928,102.26572,182.41909,44.60329,86.6985,103.57821,75.65203,156.20695,126.76044,148.93579,50.53398,93.32087,444.36319,93.03984,115.21267,706.17398,107.47499
TFF3,73.50636,243.78788,207.87635,3570.94621,434.66323,1482.76446,10275.01024,144.58064,428.8772,2689.44058,278.06485,859.1158,26.35418,14072.21009,7168.20305,83.94177,1070.35151,55.4926,22630.33914,94.68115,236.06265,4689.42944,860.20736,127.47895,5921.08376,1118.4755,4766.196,1610.53407,113.63063,180.4368,2403.06119,7482.02899,109.70555,93.30759,4241.73408,2069.45007,336.65322,963.19645,1180.34097,91.8566,104.73896,110.61951,1919.76281,2470.7402,27.32344,406.59578,371.98206,3705.25828,1768.09142,58.24564,122.00896,975.30851,3143.00222,93.39704,3320.96838,3062.05025,234.16438,8754.911,28762.39018,5461.32408,206.06183,106.85818,950.45047,2944.52764,52.06638,158.03171,132.8925,383.61843,237.86011,438.0279,654.7904,501.2022,398.84106,172.6657,304.0571,3123.248,52.95227,2116.60082,397.77758,68.03623,1286.83777,126.34412,95.22704,166.6209,425.45162,327.42534,112.898,1742.74716,154.25257,215.44198,159.84339,387.043,160.48448,720.96525,168.59266,638.46138,2917.07908,108.42587,839.42756,2667.6998,5740.74681,60.92866,259.7036,735.97141,509.34111,749.42343,630.60059,5667.42586,131.88502,127.03853,773.83195,7666.07281,209.66204,234.21403,262.4608,2681.32016,374.07485,236.72002,1457.8348,106.31443,1200.35902,1144.0094,571.94467,645.59802,103.50601,175.74221,163.02253,211.80514,176.97927,558.53066,105.87904,465.55918,448.06721,1789.73177,84.98852,5415.8996,237.66352,153.83046,1578.43506,189.2816,2947.38385,911.44178,116.50791,183.23043,334.72734,153.26934,311.54035,211.73825,440.12828,895.7873,182.1681,203.7151,183.7928,291.71755,259.69403,744.4094,193.39516,764.12289,101.59667,151.41409,468.57212,261.13158,165.55807,167.11074,387.36172,110.02963,336.5983,372.87716,163.18709,140.52208,331.1607,152.45666,177.91256,4112.02362,433.05828,254.80401,3462.40386,265.67965,141.78315,107.25746,1400.97966,124.19542,770.52214,422.5381,230.97139,311.38786,836.9953,150.6992,139.68442,1444.13263,130.24081,853.42018,69.36267,87.83461,95.11811,201.9662,599.94966,192.4232,214.9714,1884.8685,378.7447,2416.7292,198.5208,1961.1618,223.82486,365.46848,166.73815,467.41556,54.09695,258.14981,200.04,72.65097,88.57289,627.90224,89.36611,227.37201,427.7506,851.95835,133.70358,143.70093,307.76989,869.53194,176.66409,710.17011,53.93708,125.88484,138.5865842,177.6573922,181.4305,123.1751,135.3105,264.1256,156.7732,157.3305,192.751,193.4803,228.5001,233.1049,232.8439,195.778,224.4589,495.942,402.0971,240.1326,482.4978,298.6898
WIF1,36.683259,155.189028,36.692714,300.967863,111.30869,3344.278751,51.547668,1088.319423,400.78871,1515.4229,124.75442,16054.84416,288.575572,314.572457,321.615853,5.039328,261.716103,1563.829355,27.898876,112.753708,195.413797,421.651715,1992.492428,424.70235,14305.54079,74.24764,1971.69079,9926.9477,827.5106,11133.92686,1101.36833,447.464821,318.662154,39.268421,94.110875,235.173735,452.861213,4249.264437,1145.973058,14240.20749,1180.39363,187.647746,58.186981,1141.485245,339.110964,488.393163,4.722031,879.079319,572.491051,514.459728,119.445915,826.293858,85.774016,449.875389,4486.58188,3184.299892,1875.588417,484.735071,157.182869,169.047695,33.373036,4.1117,9094.540565,88.507719,82.122948,3156.665889,9862.832924,6034.112021,6433.411394,1715.884,1610.3872,551.18791,289.505,1579.95256,413.78091,222.48285,85.42576,845.926127,18085.0844,11065.798,7585.4052,1.785413,8216.071456,3229.562102,3373.163568,5270.8684,4571.056106,1956.63455,163.1956,2587.9371,18.908512,6717.34213,2967.03931,550.66817,7454.73379,4265.22736,22551.58492,2589.97165,2902.90302,16544.35136,125.80515,1830.544329,9.109805,750.967843,1596.869793,274.498927,273.656199,126.385463,189.670312,68.379172,349.249004,203.788707,328.561939,3929.287905,178.13225,67.029021,2348.241495,11704.18305,47.525648,24.579293,7378.84555,161.319651,1467.711748,3245.383925,766.869866,26.12393,3144.849226,13934.03316,9773.219857,201.476612,843.709619,5421.046396,749.305231,576.169856,2.679361,360.232185,1529.594805,154.928295,1599.094944,850.37679,729.04587,6052.243084,13739.125,184.6388,4583.247852,6637.331132,2724.7868,3979.2995,3609.134396,3902.3758,2882.22602,4056.65234,8037.44698,14230.6908,3318.128633,4460.86955,1422.70222,94.03667,1037.095683,8120.952344,9067.874187,8964.024733,4951.186244,126.138099,3812.081674,8395.2886,2168.28494,3260.77195,16074.4876,4653.5294,8067.7584,1012.580839,4220.6491,1368.4969,2358.276649,2242.392427,78.758382,595.216023,2676.012554,6957.627167,747.27643,5528.4317,2045.416168,155.367146,2815.894431,1640.1259,4057.9634,5389.0984,12709.9965,4086.3203,303.6878,6356.55303,10115.2476,3040.5913,8687.3664,19478.20909,4000.761929,11486.16935,2578.9915,6304.09663,1767.62916,712.1752,730.68755,4283.35079,677.22398,193.50044,5420.75458,15524.71675,9572.52314,536.00447,9559.41649,222.87895,1406.96367,4972.15924,15774.6958,13663.25163,418.14599,1580.62875,385.72543,9654.84223,3683.27216,7331.72091,2188.70488,9570.05731,4159.54005,653.48969,15035.73288,16902.2685,10147.52146,10628.74926,11928.90954,9539.61733,7676.44389,13135.97163,8112.05051,11294.421,12078.45617,9661.15536,10347.9128,5100.47594,10328.68148,7888.74153,17587.49466,7312.21944,11456.82838,6139.42815
TCN1,14.495025,12599.77278,12466.83446,14850.79798,528.132416,497.251984,7699.430964,20067.55809,2708.98814,178.837559,9412.369911,60.554274,603.85107,20414.79823,7640.748941,1098.813577,49.321344,6.462218,44.254334,555.855731,311.713334,2899.391982,4516.987806,7.208241,249.750937,248.909814,6722.036333,4590.523553,510.491044,38.176602,11176.53369,913.932877,395.001299,64.853796,3280.266112,547.722872,1761.909045,40.142925,69.236395,6.131101,8.991386,380.909066,1197.752534,5042.29067,823.679561,15197.03006,2736.322978,1693.953196,17.135729,58.092813,769.114574,2308.677122,8783.399126,228.876724,15230.02382,83.988197,6.94138,1118.718585,859.658154,9.999959,52.773987,2302.662111,94.927735,8.491177,7.6093,7.85491,5.620325,884.240631,193.086916,81.967211,925.228303,48.528802,16.760049,708.540148,173.596642,9713.026284,72.339795,383.361449,55.407162,28.659515,136.142097,4.449373,1.643749,24.475405,1964.342555,6.390253,9.977426,146.807635,577.622918,24.791694,3.487761,3.453618,4.434067,27.219596,7.305774,85.148574,90.898146,7.349395,2442.586455,1945.289003,2195.770761,45.204425,8.522726,74.422764,42.546271,96.413814,395.619614,166.377941,1193.58629,8248.307614,5.927816,499.108657,20.139068,41.061527,5.217376,1388.833193,3418.489916,7.440941,72.267276,3220.595646,6.512227,39.390892,58.109474,402.138958,7.907981,28.899892,42.738992,484.133896,88.250298,96.094848,7.60157,2.560043,854.748568,507.486249,186.413727,49.942412,90.576538,137.298192,1628.5386,360.810745,3361.632061,36.065213,12.942439,41.610903,64.505455,3.662682,5.762559,3.829088,88.827148,23.912156,5.650974,36.905704,911.2829,3.700557,298.803077,65.634734,4.904684,1381.247929,3.575482,31.994376,4.970123,5.946589,4.799916,1247.181668,3.901769,16.518857,26.69903,34.995476,33.407183,41.438868,5.494052,5.430801,25.774598,2293.017584,6.317866,37.078541,131.202915,47.93604,5.694272,14.276192,166.622954,25.378202,105.189854,655.153202,221.782577,136.472425,23.531885,31.206067,737.496623,75.295278,98.562316,918.049968,15.472767,40.17188,3.943158,3.393251,5.91331,7.580614,5.839375,25.091697,90.807076,2.353721,129.803613,130.106465,30.523671,54.184771,27.370415,116.211301,41.915084,4.837631,6.049424,8.503115,40.960543,102.879773,5.54286,43.063445,390.805978,9.792812,21.715012,4.826987,8.452328,5.169306,54.73183,4.179615,46.873707,43.319286,30.98695042,45.47169518,5.64206,5.844735,20.751494,49.809948,15.4347,9.922956,39.948273,25.622294,22.322879,7.39183,42.987432,40.482384,11.299687,37.695078,8.353659,30.185874,65.783414,14.398321
TFPI2,127.50538499999999,503.075455,859.4275749999999,1745.2586250000002,810.313395,617.393215,17.2881,4161.254405,885.7921984999999,176.340205,719.981256,260.39185,3385.60332,83.366185,31.979155,23157.072945,114.6439,1803.677685,8707.310535,991.0241050000001,6708.69868,266.91781,201.943785,137.82036,255.295411,91.84974,221.29487999999998,153.15138000000002,624.70578,77.552705,74.65101949999999,902.597535,677.176695,1073.1303,295.389675,255.337345,94.396265,541.538175,787.0286100000001,4890.014585,282.99336,2344.58338,20300.761635000003,214.98056499999998,86.00977,481.96403,2350.42165,1188.226965,201.195745,2182.10943,74.29434,2141.048835,397.728415,937.400345,190.03755,67.87424999999999,5769.3085,393.10618,123.93442999999999,13312.818425000001,1561.798845,216.127385,317.949395,4360.62014,3800.31741,517.6454249999999,1118.6811950000001,762.42854,757.09112,720.271485,715.0117799999999,5229.48365,205.18102,793.896805,19228.38396,36.548770000000005,28.268249,449.752245,626.0033,157.95092499999998,1644.938555,3197.84079,1662.01152,2185.72662,127.000885,378.840485,2010.6819,667.30988,647.79564,536.6672000000001,741.906755,288.04315,55.515706,213.571999,151.0286535,619.900689,120.7750135,536.755015,128.9855565,35.82961,128.26115,734.123055,384.15657999999996,632.761995,1037.2974450000002,3523.56338,872.38854,379.54864499999996,7635.64042,2195.684185,61.073854999999995,40.389489999999995,27.234715,18065.425705,348.23251,102.82872499999999,389.433065,1472.03891,538.8396299999999,707.321,73.702455,2248.757695,359.592155,1426.66129,7458.880045,171.92154499999998,938.5137400000001,243.55626999999998,616.510075,1270.1322850000001,85.02045,136.23339,3494.95158,6633.129675,4721.86541,715.634335,8743.32099,1090.05995,296.28196,469.98936,265.46198000000004,135.826605,2103.3205049999997,1720.53791,293.96004,124.23125999999999,395.56175499999995,361.24411,401.306665,444.516445,701.325085,1914.5755250000002,3170.97714,161.073645,277.32168,280.26141,63.0817895,3935.8036469999997,237.84321500000001,520.435805,215.66555,2086.810195,1956.0423700000001,1460.267155,452.32392000000004,693.792005,1287.54263,3106.861418,2505.38732,350.01002,897.551275,116.725025,22282.835005,659.967475,21.195025,36.240925000000004,1284.22774,447.37436,1527.49055,13223.32192,394.83608000000004,450.5629245,238.56365499999998,649.416355,4618.39706,604.663915,2051.79273,84.46888,281.18793500000004,420.337895,1736.637665,214.01672,109.30022,504.86016500000005,359.36012,52.225345000000004,786.75544,940.6506850000001,113.35977,206.43877500000002,580.6651400000001,167.564765,668.639695,115.138375,45.115444,10786.192895,1651.7194375,33.094480000000004,220.080481,994.737209,91.8877995,17326.37187,93.88153750000001,491.6986085,386.140272,36.6507495,715.2219345,209.82180849999997,5835.981857000001,2.0026345,1223.602664,116.412564,485.212221,1231.518587,3817.569156,789.6355775,473.91450054999996,1237.7865831499998,119.44704,275.503895,809.9923,442.23299999999995,294.623365,634.14999,775.8823649999999,760.4927299999999,565.81012,281.13472,594.479295,1059.7769700000001,731.68932,175.20835,1941.07236,703.184715,743.540135,597.01804
IGHD,18.180278199999997,88.132217,275.77421160000006,447.81824859999995,668.5285126,2207.206173,362.8687214,63.990200200000004,19.1411408,4015.8186188,346.1764088,165.7855306,301.8664594,47.5546026,47.088935199999995,152.03447,55.7098244,1749.0445188,58.827147000000004,484.7858,753.5197592,201.26920619999999,98.9972722,244.8212126,114.03253420000001,169.9917552,976.6381732,496.4006286,51.8114864,406.57854899999995,684.6240186,112.4411564,486.55159999999995,99.2173378,464.20738360000007,502.0519538,3778.0713424,128.6782596,48.109912200000004,812.8447822,2276.7183844,267.862987,589.3985162,1045.5604394,156.0397596,195.7036342,2589.7134366,1267.5124581999999,602.0787026,208.2719466,3716.5011858000007,34.986013,263.15143320000004,25.6174248,1063.5321719999997,557.5667866,88.3331398,1295.8877372000002,156.2295628,1436.8856452,690.358367,54.2286276,655.7833522,360.947747,693.0487754000001,366.3580132,85.2942516,206.2835098,927.1729464,66.4615862,111.9220574,309.354587,493.16322099999996,228.09734479999997,1082.844522,379.5684554,183.276579,342.8217432,232.162264,41.8711484,43.2668234,588.5850929999999,45.4482138,150.27259039999998,80.6387166,266.7028322,452.062222,77.0167598,47.6991764,220.37340680000003,451.4333227999999,218.8865624,23.287427400000002,2973.159254,1901.567613,596.2722486,4344.6941666,1796.6819574,1304.0004238,279.7616974,151.1960326,37.5675198,28.2263396,1536.2579676,3646.8877094000004,70.87038240000001,815.726129,1121.947329,49.9981064,395.4021412,2831.3825416,43.2128072,118.03442600000001,102.89581640000002,255.621056,308.2518582,5232.8247154,181.1947708,116.8827186,296.3817596,127.9253978,4114.1670378,231.92665419999997,838.1668771999999,31.858812999999998,833.1423456,207.03244060000003,290.6656034,72.9234468,1223.9301168,612.3700612,83.78346719999999,101.967089,99.0041928,1174.0345116,75.82669639999999,718.4561328,724.904405,157.595518,1534.954134,349.32702120000005,427.0927004,281.6349776,44.379256399999996,116.4444428,69.04438139999999,75.7899876,48.151013,1199.658086,1192.0626326,2740.6475244000003,130.263202,69.21235279999999,101.189867,2404.3282556000004,177.87564419999998,1031.2573791999998,39.5614158,110.73451580000001,185.86533079999998,2610.0572332,40.440056,31.9724986,79.69058700000001,715.1655671999999,23.6542974,68.5600872,50.534880199999996,677.0326146,620.0577992,641.5192164,5380.118928599999,34.71634,369.8696406,325.5275636,33.7606258,511.5584032,203.103169,268.8028414,238.0588558,44.021923,72.9939534,133.8295708,659.3450068,163.3880396,337.9624948,166.510195,297.722961,203.0509572,396.447821,127.1140116,91.45925179999999,655.7908189999999,147.034564,123.00782899999999,2567.93181,92.09059239999999,169.490537,56.835922200000006,2622.410241,65.0415708,193.1809984,83.26012519999999,1349.636829,973.4955968,95.3227572,116.09031780000001,48.7662802,423.79299760000004,225.91235360000002,177.94817940000001,26.145462400000003,90.4689884,59.1975722,292.41876160000004,363.0558602,2019.1583584,93.32608,270.22807520000003,41.2053068,110.4540024,277.62304720000003,548.9991658,348.21979220000003,955.5974947999999,52.433053599999994,82.7563817966,89.0902823208,63.911314600000004,187.8974596,94.714909,60.401506,219.9741734,30.3206374,272.9200642,50.563722,586.5554645999999,260.12311,131.645489,288.0016008,185.04363600000002,121.4034586,260.8262686,161.6530808,486.8041176,130.59869959999997
CST1,9.555339,47.48277,173.52761,66.53655,149.513352,56.286089,789.48369,39.05614,230.839111,86.523918,498.174348,119.158163,998.505228,29.586283,70.889896,577.056769,308.495681,213.254375,98.020321,152.851139,1292.27348,119.609212,135.072979,27.96573,5.822636,79.288764,457.624639,8.073229,111.82491,30.89914,177.974766,221.711026,210.727896,6.417042,859.1765,12.35389,42.81887,126.853543,343.66257,35.808991,36.98973,34.226759,448.877116,77.561627,81.758054,102.206414,217.891959,149.762177,4.688762,28.968856,539.172101,218.881896,581.967763,189.198125,123.676499,84.928827,347.010727,277.71675,78.875909,65.287363,58.882832,18.966666,45.979383,214.13693,48.69143,7.175607,4.876582,3.670982,59.365466,200.158524,120.152001,14.259547,34.603543,67.033919,86.092919,124.271892,76.444396,64.427323,5.860188,180.63727,53.909661,109.871676,2.901899,92.500624,45.010036,19.423177,27.926238,207.291493,228.204325,49.610886,29.393882,30.236652,98.087417,26.079759,28.601597,99.852043,334.358005,25.171656,45.873146,495.03722,433.52693,578.635,56.439479,77.651404,554.760238,660.260715,1059.051033,342.177539,525.94909,238.204104,47.725632,624.126892,308.008154,318.023708,582.547582,210.152412,53.773395,175.072155,752.621685,120.581249,368.118113,442.331942,142.815792,9.759396,10.681923,251.160613,93.416942,280.789739,9.562413,208.185558,461.30576,134.11744,160.94191,64.16002,110.58486,227.795361,434.905582,798.565625,41.8758,125.78516,282.254436,70.296702,34.937693,758.593082,283.760589,20.364935,142.881467,126.567173,448.39247,34.310612,134.021043,276.798224,35.094909,63.667199,159.274414,50.235828,69.475937,39.760725,357.436845,26.205845,132.051753,9.518472,17.803689,12.159573,4.594316,35.691939,7.776241,60.280333,95.597555,73.217699,53.420553,152.860873,22.324195,185.014385,24.610684,80.828155,565.982961,349.158805,295.957372,107.540806,183.151688,17.089688,309.588657,432.758803,428.370318,115.850948,350.813163,191.863933,145.395426,186.675032,32.794545,77.201011,44.271719,31.082945,35.294066,7.519688,56.886541,59.392859,46.055096,130.145823,267.836598,329.240124,10.936907,257.937532,34.139798,51.603563,35.67525,34.528624,3.224401,313.580526,96.166976,46.166151,40.8304,60.815734,39.446318,65.225447,234.430807,76.196242,197.82333,116.579232,7.156367,110.213197,89.350635,8.585286,129.898063,32.991342,36.1002568,4.029216713,14.768025,17.311083,9.406042,24.438,3.003381,6.075395,21.932859,3.967225,6.671931,6.906743,2.869206,7.319823,34.902491,19.540202,12.982937,49.299863,4.514324,21.736793
AKR1C1,323.6416242,211.79268580000002,347.1565426,861.2544895999999,536.3237876,818.5860582,1061.067098,1732.2714286000003,206.4347578,303.38446400000004,1887.2194263999997,1229.9395102,110.0052056,5974.9095512,5344.122026200001,76.323709,3711.5662772000005,220.0510514,341.7738746,640.771151,1030.7915785999999,2454.4609523999998,10714.709289800001,7290.0982222,1073.682993,1449.2158304,1446.2516672,1951.9123506,322.3080596,1726.9678131999997,1336.0016065999998,439.4528088,469.4123318,8290.5463808,1312.42544,2168.9417328,785.6904514,1186.956352,973.5970916,1553.4216706,899.6076074,101.76325159999999,322.1521578,1291.3948798,6827.7278916,539.4852466,325.0882656,7291.0525406,1011.8105642,3644.0259222,2696.0941842,5456.8659668,378.0861492,1170.042462,1823.3163455999997,230.2472252,1420.8347927999998,369.81327259999995,719.097569,452.07939480000005,150.5536858,10496.7147234,1694.303305,482.19237400000003,1311.9291355999999,663.9397482,786.9246618,623.4944634,1022.2616748,1742.2852726,1216.4510552,813.7883734,447.776428,687.0791075999999,296.52192260000004,4953.6952142,8220.305628600001,1101.9513828000001,1081.1194248,643.9636458,2111.3098178,369.3569212,1099.1846372,381.9084652,408.0600136,853.0996336000001,5071.0947174,3051.0616206,232.7731306,643.5802160000001,112.37428279999999,564.5721891999999,194.8638244,285.2479782,371.0125544,1229.6749912,6263.1945266,391.7639888,1490.8693482,148.7134792,1070.7639632,429.3988776,121.1959234,10785.1190692,1135.0290288,4999.9740542,408.3791438,1261.7891746,793.4935794,301.8712666,560.1749814000001,208.8177772,3257.4167632,513.5951854,351.15161,434.09371,1902.8704844,953.162284,308.794365,195.5808078,379.9661532,723.6857722000001,1513.87849,648.5730884,6191.0414132,3681.355287,732.5625298000001,362.971344,339.0952018,489.7466922,657.1053727999999,1728.3159014,653.5539696,312.80359680000004,81.1042094,299.386931,580.8460668,1748.1137794,2759.0258062000003,302.6850574,1934.8324322,2263.8472503999997,2945.3188962,2456.574979,744.9444754,4434.043957,591.777068,568.3718323999999,1094.6015986,2244.7756382,523.0168678,2960.874346,811.0466546,2059.2831954000003,2004.1447744000002,1312.4718598,542.3795298,246.28772859999998,401.73244980000004,1841.7596884000002,182.1761082,1333.9246349999999,2848.9996122000002,833.7501685999999,1327.3109756,1630.8278356,2575.526352,1393.6587344,174.34269640000002,686.9277922,364.00722140000005,1606.3226464,2951.58615,491.669402,5496.2338404,7780.7663214,452.0278074,207.0911184,901.3083919999999,1163.8375998,2423.5210812,1441.4845429999998,1644.1258839999998,754.0901309999999,2455.3928168,363.0919958,457.05946379999995,7133.8637088000005,315.4980904,853.4520249999999,233.62551980000003,650.7456976000001,4705.43411,448.33747999999997,881.8135683999999,4276.5834658,647.4559958,388.4711026,1352.2239530000002,361.3236988,1318.2710862000001,986.0694246,796.3295238000001,1124.0871946000002,487.2124086,477.50854019999997,427.1401956000001,1917.9550319999998,2321.6729583999995,4137.8856022,3066.5472582,365.95462879999997,576.462738,622.6972196,6107.6768608,266.311877,358.4228784,297.5150838,1468.3799916,372.9694736,1841.3033388,935.7523467999999,3372.2811774,546.0623336,398.516506,2722.4275076,1525.377135874,998.9680145551999,1262.563692,1059.15441,1056.7188498,1609.0678478,1387.4993076,1148.0077616,1749.3055304000002,952.5217091999999,1442.4499262,1915.6379308,1644.6250494,1298.9350254,1287.9184688,2418.6719286,995.7502969999999,1199.8350278,1332.080711,1138.0016398
CXCL14,3999.0972873333326,2076.4712583333335,4571.607321,630.9257346666667,1996.360426,1519.2330856666667,4412.537552666667,137.268685,509.96636800000005,221.802152,2121.5481606666667,255.18847100000002,472.24945566666673,299.172263,719.7798123333333,297.1359946666667,12614.198497999998,253.879319,79.67589166666666,203.55903866666665,719.7651346666667,1123.5712653333333,1518.5083276666667,118.20972566666667,911.6028493333333,265.85838199999995,2960.017448666667,384.7254236666667,14380.058295333334,2239.8421693333335,1088.881918,7663.086099,508.6146616666667,4.945234999999999,4214.54236,216.18775433333334,1298.4075813333332,1692.9916316666665,10569.908434333332,8519.152492,1483.686619,841.4585873333334,377.8282956666667,2283.6339123333332,4060.1472553333333,4998.173553,2517.800728333333,553.210115,517.781739,252.19544299999998,1338.1775436666667,7012.666525,10811.254828666666,330.28404,4014.708067333333,6445.0568109999995,1988.0149883333336,1426.696631,121.69150933333333,145.95824166666668,254.6029256666667,255.05114700000001,530.9837493333333,28.512511333333332,84.14741566666667,1900.3370066666666,264.96026166666667,239.95722566666666,1015.5503466666668,1060.0078826666665,4445.820485333334,3997.1834453333336,597.0939946666666,436.39271866666667,4317.086401333333,783.2149523333333,264.279422,474.3242906666666,411.7896456666667,1085.1339123333335,905.6825396666667,62.05403866666666,78.44381466666667,686.682803,1082.173297,73.909101,887.8822363333334,1959.721611,7055.841313666667,1546.057571666667,7.173104333333334,2844.797720666667,1907.3177133333331,300.471554,2950.447449666666,2935.4490853333336,3291.071448,2589.8952766666666,1648.7056233333333,910.4691803333334,9073.793121,656.032644,4182.170343666667,1559.8881666666666,164.92813366666667,1272.9310566666666,5862.682801,1046.9204313333332,3406.9936876666666,2679.589754,86.93840233333333,2841.6484123333335,6793.0286203333335,5045.0435953333335,7448.896379000001,7485.534335,438.4582873333334,2244.0569806666667,912.0515770000001,757.6529946666666,1689.6122480000001,7113.522155,1317.9356156666665,2100.873071,306.033993,188.60732433333337,483.20953833333334,290.73242700000003,151.52363466666668,1413.5930376666668,1164.831148,1062.4222663333333,5158.269336666667,1997.8588183333334,57.303796,5980.559541,894.812131,1911.6741633333331,1142.9549023333332,1304.1455063333333,7198.426062666666,1188.4293420000001,643.6413566666666,3649.8000666666667,1223.3649133333333,2349.164579333333,563.545571,1268.7504066666668,661.6424206666667,743.365645,12456.968788666665,492.697798,5614.1208560000005,6923.396603,1429.4659836666667,596.7583583333334,330.975046,568.482948,9600.935472666666,940.5791783333333,2145.5007463333336,3255.506697333333,230.12868333333336,6955.786231333333,2052.4702356666667,309.08727600000003,521.759403,5074.589126,487.5098963333333,3286.718797,856.8372593333333,1233.7053216666666,595.5757896666667,897.1863950000001,765.522187,276.1655803333333,1472.9213119999997,419.06678600000004,2589.936866666667,389.8091809999999,5836.399876333334,444.1077253333333,10640.201182666666,993.8553633333335,968.32712,2504.9225036666667,1119.9803433333334,457.97658299999995,1189.9837276666665,1955.9810066666666,139.47706833333334,469.5856633333333,695.3709073333333,487.6080363333333,586.2778633333334,587.539021,1049.3964210000001,1679.677258,585.964066,728.9758303333333,2480.9628273333333,2974.421758,1211.862297,960.342302,2415.38378,336.1018896666667,1823.1563753333332,231.498678,2804.575745333333,6201.268334333334,979.68666,3545.10093,589.9170736666666,1542.9368963333334,2074.1211353333333,7434.750876666668,2623.547059,577.6568763333333,683.1044076666667,764.0063786666666,651.235678,3538.2057053333338,836.4560576666667,1401.6736603333331,527.136723,7593.517158333333,110.41487906666667,89.55623277566667,79.33498200000001,180.3047466666667,248.92108266666665,112.07821166666668,582.4183523333332,121.02093066666667,371.48502733333333,661.0430003333333,328.4097093333333,2310.2845469999997,256.03108199999997,6.563187333333334,233.752432,932.3372663333334,237.03612199999998,370.40432200000004,1035.1958713333333,217.41460600000002
LGALS4,460.511919,52.28018,54.756744,329.70423,30.605651,14.992075,32.15241,80.46722,61.659214,94.45547,9.266955,52.514198,39.179179,16155.43469,10673.21507,12.42196,56.903583,994.649647,44.61421,12.859949,45.56242,1525.866424,121.458051,42.415656,706.934056,12471.08791,6203.08141,2083.759221,30.201512,55.92626,2333.87027,26.354122,45.854789,45.322357,47.46122,3494.25421,66.37992,78.973133,34.6486,33.045594,32.21276,35.503339,40.999972,1845.685053,7.612161,38.251285,9449.447493,5018.730829,28.479728,151.619778,77.945375,30.134779,51.752361,33.14758,74.980507,195.410925,229.108347,17.95978,59.333795,69.26221,57.045761,32.017167,49.853891,1924.12263,26.26638,48.916294,141.777238,735.190566,265.229868,163.43634,35.578619,62.95397,62.863401,59.8293,22.714,4842.31568,25.16053,9.628684,1630.152828,27.777272,167.203041,38.601683,39.708755,423.20244,8846.442883,62.959364,50.900095,53.37554,35.154072,63.625997,2.279692,388.31831,42.538678,189.355375,176.230193,182.437502,57.479155,106.879902,1394.229311,904.496251,679.82091,8073.35545,608.972303,3.319668,6.966646,27.455789,52.333632,69.041464,61.68059,27.883148,39.762186,8.07716,3550.4153,274.877928,76.66617,392.632127,344.975083,72.856766,17.286774,66.918864,241.896585,173.836017,177.544516,202.549789,72.33567,22.788665,40.050138,40.352409,115.909464,144.653233,186.06977,33.52961,32.8328,232.96205,33.32159,221.98769,24.685122,42.261581,51.12414,19.02806,3336.570409,69.326952,234.78776,12.817976,1154.731363,233.986756,111.319925,1127.885609,120.470306,13.83948,3013.2999,158.66432,166.69481,93.362735,112.021735,45.95827,862.146777,70.563161,484.65518,576.73991,12.145864,68.786404,63.757661,283.451463,102.275764,76.951245,273.23165,49.283431,1447.893868,25.416944,112.955285,116.940883,71.744016,101.023276,57.105562,25.602255,25.959941,76.890418,553.458745,51.714276,46.398337,198.440643,75.103674,32.710947,30.024735,23.456535,14.523325,5.607121,389.925547,13.141784,15.888085,1079.192142,101.494622,54.608167,71.331046,934.328208,347.347596,95.54529,382.29649,681.68774,52.41695,48.35956,69.04518,33.60936,280.411881,22.578576,21.302353,2969.607876,305.588592,28.65956,347.898795,46.491319,236.792263,164.900239,97.032837,84.119201,120.745318,824.785904,31.388316,631.861671,121.675357,1375.527538,23.075995,335.496511,6.500784,619.857592,180.0094071,114.3960344,112.13378,125.48616,112.69991,81.1876,91.40014,54.72283,68.13571,206.90382,39.03232,28.38908,52.55555,69.67199,139.06663,102.30495,115.90058,49.67132,47.26391,55.32368
AZGP1,320.47967,1168.01402,1828.89866,10067.45136,5119.1592,1996.23983,9105.13035,10519.37324,4507.39372,8575.84243,5984.65372,38.78222,595.46127,3670.653172,1887.154532,1094.921308,1212.798742,24.77425,87.56664,15.22539,71.24094,240.43232,64.76968,227.12993,43.52036,300.45891,918.91217,3444.28728,18.35561,23.63092,1150.43841,373.90328,303.89253,12.7833,1125.57492,2511.7412,307.86934,99.65711,785.29536,104.90558,324.40107,2020.83097,294.835488,669.44286,2260.8784,75.104739,23.458543,322.849425,241.289459,3001.526749,748.267345,16.128926,92.068596,2120.52113,11954.51021,3160.766544,5071.05794,5161.9018,10606.67563,20.12541,19.39852,1151.18375,121.21102,1052.58886,39.82271,66.70398,837.63169,200.31851,826.83941,488.31189,158.35426,5333.51796,81.76878,145.11569,1202.63533,1302.39711,1132.73436,4493.59682,585.06498,228.76431,222.93361,27.68936,261.04683,20.98046,123.8042,435.44466,5267.99753,8558.75475,133.88619,39.26388,5.041302,206.47552,1390.80029,557.31369,10250.52203,54.39287,109.08005,4072.29798,352.6332,1564.92699,1550.25522,1218.85921,35.35852,247.30133,740.2829,4035.18987,707.87649,13057.99866,4026.98359,35.98631,6722.99753,281.92747,1167.355089,42.135786,120.07328,271.048775,1526.166087,28.677112,1732.43582,143.189849,308.276986,4479.27596,505.845218,1299.532809,9636.541574,75.080428,108.634768,150.561316,1085.774183,50.76784,321.23544,470.89896,1727.22426,6222.98073,102.51531,11379.79628,688.43956,3299.6159,712.82509,211.43144,8424.869438,145.78746,409.87246,851.55618,56.87193,97.96167,135.43111,90.37027,15471.46593,667.91421,347.19891,4799.6724,8813.3511,118.26947,60.04949,248.13903,96.25664,29.47144,195.00373,64.27381,20.10999,118.11351,1659.509928,874.89959,7093.58794,835.9546,169.58,2062.19001,156.89577,1535.1761,4572.52378,1023.23091,2328.92065,1894.95155,94.769435,9915.46375,4747.06384,379.68002,548.52558,204.55052,15937.92322,111.63693,13671.70445,1686.89406,1674.25666,1416.58972,211.89263,338.92205,1654.8633,7028.80552,5404.19032,2205.16148,50.43496,258.63804,37.5971,1507.48931,101.281153,275.57433,205.78385,2681.09201,6189.55203,12340.12487,3609.03859,15984.57855,1059.19126,1720.17815,1051.57625,11825.73256,193.83034,806.95289,3905.46539,6128.48777,6838.93707,9582.89565,1010.34479,107.48495,47.83302,303.40876,15048.23918,151.95314,3875.73203,1218.3513,7632.31087,170.32984,106.56955,119.62392,133.4664093,270.6248913,364.46912,104.86473,116.07646,268.90436,297.0026,302.36749,677.08892,722.13337,144.50485,50.38347,395.73587,200.1191,183.00788,60.06653,409.94484,219.72362,48.67409,217.76597
CRABP2,934.05663,298.28704,43.15366,5825.03092,86.42899,1054.19688,455.74365,60.55217,262.51488,44.68683,309.0742,48.98499,903.68011,102.70862,327.67149,9861.43197,389.8271,3268.46883,2015.52604,4636.01972,439.93585,141.20346,131.23812,11120.58472,125.86516,123.81369,233.76252,138.31643,2120.49391,38.91584,96.67081,957.35766,375.31243,142.93997,2266.58324,2221.79758,166.00604,694.44853,1389.68907,2613.50826,326.65149,11790.31485,251.05454,211.3119,3438.28028,228.90141,4124.29343,120.25939,96.20339,1476.54882,1566.83165,4113.15255,7318.06193,5074.98384,116.7014,428.47196,76.71604,75.57944,118.13958,346.27142,757.18456,89.54712,121.45139,100.00521,98.16566,175.57353,38.03191,86.29803,150.12499,431.10463,4020.13808,631.83514,325.24121,919.02014,3462.02184,92.9099,83.85114,1489.17765,67.30433,571.99792,215.00857,2415.07827,61.12788,1379.19848,125.88109,283.82967,277.921,1745.18423,305.68248,163.42858,3174.7877,200.23531,416.11721,1888.68115,76.20969,1452.31051,199.19894,3555.64705,78.80241,1413.4272,1219.93809,826.6042,3109.37768,190.55262,3067.00479,2189.71316,116.75638,485.72364,1718.83268,216.10681,1012.98929,2603.52947,1292.81461,202.37628,1171.47483,903.05462,375.11456,261.75056,2786.56557,423.69314,804.43134,281.43552,303.63924,1765.6669,1530.00942,1620.84228,2158.79934,1376.72182,316.72949,2301.50102,1193.17641,124.15796,1633.45527,2039.38982,193.51073,1522.30115,1373.12527,1578.73464,931.446,1998.7649,1328.90006,110.81224,577.05644,2520.7015,231.25517,600.44138,206.00882,1134.83539,269.98745,1772.7588,343.64006,93.19971,738.87412,395.64445,215.36313,220.84975,130.03047,2628.49865,593.09715,80.01799,839.47462,358.79012,840.13611,357.31931,1375.21398,171.45699,55.98394,143.1824,674.04912,430.06242,464.1725,54.79188,244.85669,361.28649,41.09374,1012.3029,906.90126,2819.00581,517.10626,106.52827,1019.56458,66.34468,779.22096,1777.89456,305.67734,864.97265,1115.37082,59.68027,879.72773,979.13494,1111.28079,515.81102,1807.95644,1578.63724,187.03676,141.19883,1245.90396,759.10599,1194.41337,499.93829,2515.43705,3582.66445,1397.67216,879.86564,206.36604,1684.66504,26.5818,72.04751,416.23323,1531.46208,90.16426,1879.53713,127.95894,882.07644,403.529,80.26097,1032.57514,269.51596,153.96731,69.44701,564.90436,270.65514,2851.8397,686.82526,3453.05727,172.37539,30.09932397,68.78962258,77.82529,55.5225,53.62268,93.33109,72.28876,83.75475,120.68642,58.01508,34.66002,200.56329,52.5626,61.50394,108.21345,170.28984,61.99528,135.02699,62.5481,27.14698
CYP4B1,1149.785008,1564.408672,296.046583,2722.6242895,60.4608965,3360.6060985,3575.2773264999996,3053.0538355,3958.3479350000002,4410.222385,86.64928,1076.3830195,27.057101000000003,2140.9721765,1627.2660835,84.43154,1301.507697,149.2661685,705.9091050000001,120.7969565,370.3743905,5540.1953915,884.2248915,639.8115815,5050.315315,91.644815,2805.9035449999997,3102.203275,144.19735500000002,6690.673435,2475.630475,46.783531999999994,829.194741,48.6196685,85.4433225,954.1980595,156.427444,3094.6448995,1710.3816015,372.511011,1421.1002950000002,59.412406000000004,87.35426050000001,755.160847,82.7050095,100.13009249999999,15.349899999999998,1061.9715755,978.4161255,789.5667745000001,2269.586784,1053.304161,907.5347325,1281.7425025,3227.1768195000004,2239.2488405,7553.3538745000005,201.9576025,178.2100625,634.3904535,128.882668,24.038603000000002,5205.937980999999,15.047827999999999,51.172183,2028.82915,4751.8219165,4180.641218,2327.121074,4777.16511,2343.23319,2700.15511,61.56986,1735.418915,1015.5840149999999,438.212265,129.556145,2684.8709325,7239.067885,2840.882625,8319.4272965,13.4676665,4066.751452,8682.780933,7175.192022499999,2296.255925,1167.729816,3618.227276,44.113065,2617.2167649999997,63.210004500000004,4745.797575,4576.530645,402.354725,5675.408265,2168.943505,5486.024135,1981.6849849999999,1791.857825,196.04857249999998,122.1693905,1358.9023865,226.04787700000003,1348.355741,3625.239197,720.771487,1041.617157,2084.083047,1511.898372,133.916674,5385.666410999999,480.334449,8133.080322,5168.610051,777.5700449999999,3137.9556844999997,1186.3713249999998,6837.071344999999,147.5572465,34.8687195,5032.421709,6283.070721,3335.3441355,3500.353242,1829.412535,465.13647749999996,1732.036042,606.834098,5102.7806645,293.6381995,2538.3862664999997,3867.9507335,1865.19174,2902.510129,11.9612825,6184.135397,1531.9390905,2192.9627875,2548.7429359999996,142.0476075,5035.73011,4806.649270000001,9081.677645,176.993135,3349.010075,14616.6678655,3699.43628,1003.60662,3560.456362,4414.22498,8906.62785,8047.0112,6903.11078,2343.7467425,4736.396553,4158.91899,11618.59025,111.378605,2333.4006585,8386.7731215,4002.2471615000004,8380.048698,7519.6920315,1031.6531895,9757.962252000001,7869.221955,3759.1384749999997,8804.110355,3355.7123,2708.7500499999996,5149.8303,2020.1571720000002,6867.369995,5342.06246,1651.12404,5828.654029,171.660027,318.5111325,7891.6149605,6650.682159,10381.7808475,11122.48741,2787.47307,63.38908,8715.722771,7856.204795,5993.667095000001,1963.333545,3772.865825,2597.97674,4333.51879,7406.908205,8913.841,6525.876495,7174.256485,9977.6131445,7067.498189,895.42182,7895.309595000001,1042.688335,1138.494735,1052.81839,2835.55541,9308.764454999999,7485.743345000001,1496.227815,527.81675,4648.64984,9512.42866,4125.688715,5355.4189049999995,8430.30507,10610.209505,3917.40982,1189.62792,13037.03845,6477.274895,11204.036370000002,3365.607685,4304.20328,7502.78866,5476.59377,7055.624215000001,4908.176995000001,4146.93222,8072.700405,8403.75834,7543.605895500001,9578.56662,6470.979585,7961.50326,2661.73486,3596.44252,7650.93736,5497.56768,7122.97724,4791.112924999999,5228.8167650000005,7897.440875,5712.04763,7955.5894,2877.09965,6713.6440250000005,6843.25087,3746.0854200000003,6183.915275
CT83,89.476544,12.56653,20.852574,21.06145,11.929566,20.854324,13.11559,16.86694,23.42921,11.1514514,27.79175,34.449026,680.076366,24.631069,92.536671,3559.793229,19.415916,801.289544,25.235988,848.816388,182.65641,38.289265,1179.141624,1172.222381,1814.38891,0.8929572,28.8067501,31.2600268,343.9739852,25.4202031,21.76765,6.227594,11.486678,33.373739,23.72744,1173.59065,43.50745,24.83165,3786.40795,73.218101,45.90803,42.617063,625.6977,11.436486,28.150113,16.798111,792.829678,907.690242,20.455447,629.241049,399.498287,839.546166,2011.461545,14.316557,42.820958,9.261662,31.444034,561.98904,25.598251,33.449713,361.257406,3677.446569,24.224412,1729.67149,1681.27783,29.127521,42.412046,22.23372,23.331012,0.8211282,34.1285706,43.0230761,265.2214006,1057.649703,62.3351794,26.2753263,3134.48246,37.536752,25.1747823,19.218055,31.458241,4.41124,22.875112,16.142282,22.778008,21.1121609,437.492094,14.27248,20.7898313,26.0589877,4173.364417,8.6835872,392.91847,28.56695,20.42807,13.56682,31.11215,2169.2817,26.84052,21.583781,27.3405,14.72791,2.600849,589.489298,933.657206,29.532262,25.458164,17.107091,968.40554,176.854578,43.903676,28.582093,12.818159,773.66524,403.90033,21.923969,31.173304,22.799672,545.933227,19.239727,16.327023,12.48213,8.288472,56.113982,46.566686,15.788901,21.320723,33.485814,59.649368,633.889749,37.88867,15.3802,712.49363,23.87632,878.8553,30.179091,862.955763,19.132714,11.1063,14.25819,17.304973,30.671766,26.6178937,1261.373558,402.371596,38.918498,20.7669618,29.351622,13.241355,34.3156117,22.3085199,1.9146267,9.252577,27.459608,1186.674517,20.8197918,11.10482,1177.04391,21.608993,15.215567,34.825892,52.978317,9.130016,1209.7136,36.615632,12.723667,28.6884964,79.17583,300.4982155,54.6401567,32.5966189,19.552548,7.5874554,20.250542,25.003092,1.213462,15.876247,155.649937,578.959029,7.633222,26.295726,26.2077,213.078174,37.565802,44.551487,91.9576183,29.7297105,13.0896004,345.1942306,17.2194008,436.3469599,7.023211,7.3133115,399.6974945,30.6693262,45.395785,3.298188,574.00022,88.7972567,21.8574003,21.7085032,13.9608829,804.3171518,15.4036343,17.99854,318.64072,13.85466,27.68091,19.78902,1066.93897,22.94906,17.98174,37.02175,21.50257,17.49881,11.18492,390.4385,32.06843,3.76789,23.1538,46.27315,14.60181,13.4469,9.67796,200.43957,32.41895,22.82030133,30.73281842,30.1340739,40.2010518,27.2783213,23.4670196,16.2233813,19.3541971,34.6149343,26.1926494,21.6761696,20.5513783,29.7129919,30.1190522,17.4548336,10.2891552,30.4379341,40.2872533,33.3176902,26.2229287
C20orf85,17.247659,2.161753,57.109396,5.848622,47.235755,697.4162,55.568759,366.650816,112.914942,108.918108,24.860815,946.203176,19.847839,254.275825,103.044006,3.608724,4.304856,5.470553,39.178323,95.310119,278.55317,4534.884631,53.096673,202.999786,223.409531,3.21245,1728.486463,132.738273,21.580579,94.236638,98.042895,18.93659,26.982704,11.943385,1.790761,18.106538,563.002686,1972.189588,236.363366,52.43084,34.662844,12.285139,99.514644,239.424859,35.513127,266.916511,17.337251,620.293477,1938.947974,107.793455,5.644484,108.775341,181.557322,55.951754,3010.954894,62.221397,368.059295,152.19837,270.340192,34.531882,46.212265,3.490023,1511.316808,39.167282,21.72538,301.061262,335.646009,546.298274,95.063192,791.453123,1084.632746,243.230869,29.895629,427.030693,4.493991,84.06775,2.209848,1154.1488,248.261989,32.191432,2872.830715,5.107666,6.235665,32.692201,270.687954,435.165178,6.894799,57.191549,33.053849,22.749283,14.250773,588.17242,3.048685,3.627391,45.513097,878.886434,2.10649,61.617625,3794.355198,106.445925,3.464798,20.136995,6.896226,22.432623,776.464443,4.238033,52.469991,573.340071,16.429744,264.460696,2.715023,7.363543,11.115901,853.138864,11.886344,19.273921,36.025599,5.434748,16.447039,42.603217,12.126481,404.662611,999.090942,649.04958,45.834739,4.960044,277.589336,60.926212,107.428399,12.689881,3.719764,14.755055,273.816829,37.700536,3.798253,15.714756,281.670342,123.458032,2568.621495,6.472323,206.320547,1210.388812,5.968148,4.802392,678.5302,195.709988,751.478542,60.854244,3.374901,1569.879036,155.490784,1166.614621,583.955745,130.725979,148.355137,1412.834634,63.696705,173.340276,435.811625,1059.007367,57.252095,19.646454,7.266423,63.837681,63.749602,202.786263,202.877349,198.912008,311.768289,49.487136,384.667381,4.680303,51.139597,25.760539,59.318978,4.117213,56.413656,2.085393,183.782758,329.518061,9.687017,306.643476,777.494061,345.216373,443.012872,607.385035,45.567166,22.196163,13.015749,359.589898,60.267557,366.710831,379.42608,3.418836,60.098804,2.834758,290.152048,4.775079,2.856853,7.338007,4.26996,29.401321,5.082458,1056.256119,7.936982,709.099576,110.961925,19.353099,5.905571,138.104947,245.650577,14.668295,9.495731,20.5646,65.943772,8.814662,55.536567,216.499289,13.409631,5.813238,25.358473,942.739295,25.329014,587.752858,5.085463,181.171941,87.21827105,543.7526823,5.44882,35.141196,558.609944,4.542359,35.731176,84.150632,462.43015,283.844098,994.982425,218.728757,1126.387737,2.4212,20.682404,1331.688787,623.208377,249.604985,3654.959433,1679.309767
CTSE,26034.36497,5353.58099,24192.37129,5372.10212,2600.87478,4233.343,5140.21274,2447.24529,6193.1384,4789.9563,15427.9051,16178.46698,14028.04459,28146.12089,23434.4851,12558.77391,1434.70354,1980.19459,374.92242,17719.79183,3767.49969,8658.39015,3104.12194,7471.11997,7162.606,20691.6536,15232.5777,16503.2466,9426.6721,8316.4728,12940.0579,2303.76621,3729.78982,1120.78531,10539.86993,3008.12456,1669.15731,7652.07071,13574.28275,1087.47309,11574.89074,11524.14417,319.95759,10971.37834,1566.17531,24362.34562,6706.50889,17347.44012,433.26071,5380.13403,10824.9509,13328.07311,11518.31666,7605.04312,3713.03218,3612.63229,3075.79832,19334.72761,1565.53756,991.69721,619.84749,35.65792,7115.59903,29.95545,1682.71351,10623.55695,1311.95563,10203.5667,2662.48637,7333.646,8742.4709,2946.7525,2486.1039,3321.4107,107.6029,20684.9779,1161.0325,12914.90096,9165.8811,13540.9733,2085.53486,32.82143,2376.53268,12171.23646,19012.93499,3751.1807,1197.73586,1891.2198,4465.001,2443.5908,35.30036,18228.239,863.6053,650.5906,14998.9953,9133.4673,15012.7184,17051.3549,6374.5698,16979.71703,11213.51613,2576.8488,2604.88861,4549.32486,13677.14822,3168.03097,5063.95909,669.96041,368.36159,13866.00381,495.97203,123.49351,11419.32389,7603.76478,1745.8785,20575.16917,1181.86629,16089.7891,38.30542,242.28666,4746.82823,13132.13063,3992.23229,1322.67579,4155.73831,5843.82792,3646.95294,1225.75335,2065.10739,7785.45728,5042.65248,1761.96919,2564.26993,1203.97178,188.80085,4079.50129,4320.68871,8272.26253,1765.26194,5392.30389,12484.67949,6378.54083,1022.9152,4623.601,3104.36222,7649.62675,5410.6618,4964.3898,951.12495,4882.8974,12922.2437,8008.8376,7426.7753,12499.60834,7087.24626,1999.1229,8388.8317,4610.1296,9888.56798,4096.73334,2333.12305,4537.27868,3701.95705,1876.46682,4102.73739,1614.9597,2677.8931,9635.4036,7424.1356,6689.3323,2891.7071,4586.3824,1463.7439,2731.9714,17338.8596,1264.84791,207.41944,923.38033,6626.5547,1639.51317,1358.8477,4417.556,1251.53582,2356.50999,11976.00003,7754.9274,3231.8031,620.6891,2894.2557,623.5036,2113.479,3438.77712,6557.4945,5349.135,1153.4534,14506.59686,4305.58904,3049.9806,2396.1889,3488.4998,423.1399,2016.4726,8983.622,872.0907,3166.8436,542.7929,9233.3745,3226.9522,4474.3895,8624.2795,4382.956,18012.4967,3671.4744,10913.7179,15525.9072,17718.3328,5991.594,3472.1327,573.3061,3378.7297,1211.3377,13172.8133,720.3693,3973.3329,2403.5288,12093.7375,2200.222018,938.6562556,2617.6626,1023.4067,873.7159,3620.0348,3872.3245,1300.3114,3455.5731,1977.5021,3323.7777,2441.9537,2744.7031,1875.9373,1711.4281,5711.8993,2735.4522,2394.7173,11193.2945,4655.2322
EEF1A2,805.744172,164.063867,49.239164,207.544857,51.306798,83.241888,20.291891,26.652292,543.385782,40.40889,123.61665,9.035781,689.722169,35.493649,61.133424,178.034962,182.214839,241.973779,11.709868,244.998479,76.887719,23.760849,125.558664,180.245054,30.498383,32.456943,29.275293,61.60953,40.67088,4.759664,29.595205,72.250973,112.474326,45.322517,34.24562,29.216895,18.916819,47.665199,29.438484,30.639806,7.128833,51.05059,727.63149,35.295624,69.542835,6.882489,221.406785,56.307402,15.254046,13.696403,5.798744,27.033147,63.521439,35.937906,12.955534,155.446329,12.297701,14.664563,60.525728,47.604462,30.726292,41.973667,25.203248,48.994104,31.117911,50.595868,17.047796,19.869664,7.186325,40.96498,28.21775,336.63361,18.6082,32.021931,762.979589,86.007486,297.992238,50.906342,16.62777,49.93592,21.845656,118.844557,44.09797,71.552705,37.038091,19.92225,71.658515,42.778158,59.41177,25.25136,257.050158,8.209852,38.33777,44.239915,37.740792,15.901571,35.174478,27.954618,43.538873,54.125509,96.763801,60.615126,33.260506,317.796976,31.572965,317.421525,285.192297,44.317343,233.021447,22.287628,78.313726,474.325771,39.513157,126.622273,503.163504,132.160357,16.067518,17.372817,12.683747,43.243589,264.087728,83.627834,40.633965,656.892216,66.145406,50.096765,84.107564,169.533848,97.793726,77.613984,161.919622,7.49512,72.853258,305.080804,69.884124,718.096919,20.945954,433.720349,139.296745,31.995072,169.558031,8.757225,41.2975,441.0721,116.652778,3.791671,81.81324,101.76303,226.743998,7.035418,50.268977,18.213192,195.669741,66.23397,47.789657,171.115656,13.704657,311.552729,133.972651,25.617397,376.755457,108.412911,1703.598301,60.153989,97.614568,35.28153,27.083833,50.041688,30.39172,38.27814,103.23744,37.152195,21.75788,117.79305,31.759758,132.032832,5.632177,151.48065,12.654601,63.434503,91.505964,34.818547,97.365382,111.598846,98.611048,58.13331,101.77442,183.61214,38.03525,129.9667,70.75334,186.18209,147.33027,125.35667,87.24298,17.542747,278.194611,37.548137,21.258987,328.608059,452.397982,90.012252,236.211358,32.010109,152.666712,285.783335,22.935412,24.393957,21.029937,74.107083,114.920536,52.399432,36.375352,71.437662,8.665654,156.868069,228.065355,27.457673,93.663748,31.752119,73.181502,63.060134,61.723331,98.47021,561.214393,58.005296,4.171334387,53.7530431,25.604118,35.094458,13.872458,10.235532,16.163348,34.031974,22.776583,20.552099,37.562,20.520472,21.6922,35.669867,9.31583,13.471277,27.532402,48.092133,56.950708,44.103991
MUC5AC,49.5697275,32.36789775,104.0882445,190.72511450000002,73.38978449999999,56.270571249999996,387.67753575,19.619239750000002,56.021843000000004,36.82563625,50.027793,65.264447,26.59236125,10112.471525,6114.80299,39.689935,38.771988,43.398154,89.6038955,31.59238,27.41653875,694.599657,1531.79882225,35.2573845,250.31994824999998,156.65953624999997,838.5266455,617.3006695,27.44258525,32.9024125,340.319589,50.758117000000006,46.374165000000005,26.78702,324.11821375,51.734655249999996,68.547613,71.28215875,69.73607100000001,36.18991275,48.68764875,24.909913250000002,37.877294750000004,168.89876625,35.4487995,122.13362425,25.003754999999998,1547.26622525,117.93025524999999,24.17641675,45.26406375,28.072630750000002,33.21447175,30.150969,100.70336925000001,29.20123925,19.6316485,277.953913,53.6180865,59.244311499999995,53.99910775,204.95039325,323.89600125,53.38089225,191.55872125000002,59.515688999999995,35.7272325,648.49549225,42.51888325,48.321749999999994,130.573784,47.44149075,66.73522675,72.874608,38.9445415,6214.20487575,40.3099255,81.61540049999999,73.387442,43.92719325,180.68293425,40.114478999999996,25.451725,58.567991,5428.72457525,31.63051,42.307547,26.667174,55.8257435,40.46792,33.27813225,37.11091475,41.10201,42.092,36.96170725,76.68115,51.1464,38.00047325,195.20494075,35.3598645,27.612706,44.563520499999996,29.66699175,83.58216125,40.0736085,70.9367745,38.90222975,39.45600175,34.662272,62.378545,30.668882749999998,127.7979765,37.501536,41.720428749999996,32.66283475,48.552543,50.08884525,24.4385325,80.06244475,99.659438,37.04848175,41.66508575,21.095646000000002,50.686267,38.781622,35.39640075,29.251631,37.942211750000006,31.31469525,24.172093750000002,41.834532,35.177085,43.774409500000004,33.266383250000004,41.785196,28.95180875,26.07832075,33.51295525,214.73023025,31.818705,49.03394125,60.350713000000006,31.60479325,36.62551925,52.804275000000004,25.874008500000002,46.98991650000001,24.238616,40.94516025,241.40826750000002,34.95930725,111.04285125000001,43.1506625,57.3209,44.7831315,28.777140000000003,51.06595625,119.448638,48.81802925,45.8451595,42.91111925,48.992180000000005,33.013515749999996,87.195624,43.6903505,43.558833250000006,48.72706575,32.4659945,53.14305325,38.85489775,55.52603225,35.301286,41.19627325,33.0878465,34.19874675,41.648607999999996,94.18201825,51.7413555,38.767168,42.8532455,43.3644865,18.02427025,21.55800125,51.5976235,42.427606499999996,80.71864675,21.027573999999998,31.7239065,36.0888675,326.2415485,48.92110925,52.437355000000004,36.301267499999994,46.5279455,30.978326000000003,90.691691,50.970589,51.20501975,43.9842775,48.272600999999995,43.990318,41.09007175,53.5525515,313.43561875,40.05347125,32.70380475,31.409913500000002,53.78420325,24.419943500000002,63.48941925,48.745192499999995,38.29357175,46.98960625,21.678999750000003,41.767212,36.822312,34.28248925,49.355906250000004,48.55717525,24.599712,50.6304765,145.10417325,48.553560499999996,37.19380175,58.72302425,68.36781625,37.53545038825,34.301586162499994,49.87255175,33.34545525,30.911132499999997,26.75056525,29.1875145,36.795118,18.89843875,34.87292849999999,31.477381249999997,31.38035325,34.199154,24.890939499999998,23.233119249999998,34.952405999999996,32.28362875,44.15560075,35.9045705,53.1486715
TM4SF4,71.464472,148.689759,4.577228,1223.565459,8.564886,15.759943,37.623778,9.544776,5.509606,7.288774,7.302644,42.69421,5.712323,74.94704,7343.387556,8.814226,7.356359,64.206136,12.720656,25.769897,4.35337,3031.473945,5010.298394,644.395492,156.207314,8334.757203,18134.13451,585.035272,26.140311,43.331716,4022.218641,13.739526,18.057068,7.12817,4.702141,25.486901,14.273875,46.057182,242.329305,71.263849,9.740189,5.169628,83.761007,7594.779517,4.911593,7475.740163,81.891313,1077.697577,7.850584,10994.06546,254.246406,68.869523,2.539345,10.151474,90.467659,78.359119,122.490515,15.298967,28867.60013,63.416674,13.467893,554.583143,5.8067,4.304069,17.863157,3.844791,12.712834,47.030746,13.432318,133.648479,2142.586249,13.985094,315.670364,4.753596,44.908316,2292.135313,8.363178,14.780069,221.623978,150.754701,8.770829,12.748558,37.127307,17.921727,205.009571,58.421848,52.590665,912.422978,150.527575,9.979206,51.153269,47.607174,10.856343,76.442743,6.438228,11.748798,211.432783,112.255118,1226.720558,20515.43238,180.153497,3510.825557,3.670767,202.959425,25.238074,85.585268,3.890911,1261.392667,18.021592,7.536398,82.398297,8.239755,8.050303,5.460918,19844.27609,26615.00626,228.546322,14.06036,6.637379,7.076973,2607.283014,18013.64766,139.057871,292.956264,108.653546,6.969483,30.463363,7.562814,107.499362,620.903512,189.895668,8.873732,7.321781,56.766752,622.56312,243.253661,132.464094,327.068457,95.76705,27.772702,19346.64501,7.827406,148.528291,71.575799,9.042082,77.062619,48.374011,197.939569,543.10131,221.774218,1006.204372,6.309648,50.484723,103.29246,258.126085,28.448532,3.142699,138.045255,6.672185,79.316155,1422.117334,8.672316,67.894423,703.308211,235.83337,18.733471,7.105353,335.837061,7.000179,168.951826,177.083434,33.66756,74.439035,2184.806202,88.464786,53.201658,61.412728,475.53321,27.437373,31.553694,2580.971905,82.737549,2950.864765,50.414493,7.329363,320.055939,479.628888,533.653696,5315.246409,76.242695,2371.455246,2857.337235,3334.36959,112.783384,77.048967,77.302856,191.94875,14.663214,567.485961,15.225233,21.400173,16.273075,83.330462,19.867227,79.256807,8.890036,59.743975,408.679323,46.892577,770.603086,126.158349,152.162474,8.273572,225.053952,3202.905987,5.602976,1767.709771,6.131974,11.997565,6.732072,87.005284,125.472504,240.843644,5.102752,6.61309,184.458416,5.579594927,4.756920285,27.876751,7.357123,8.670984,11.684866,8.808598,7.367823,25.289283,5.429009,10.62518,5.884814,8.451462,5.501524,9.651884,74.12502,7.916089,25.01178,10.927854,3.869464
CYP24A1,315.691904,660.02429,581.329622,927.27596,4796.664238,348.961323,329.21749,1644.44318,604.95403,2300.604488,5527.99367,521.509872,1818.604103,65.11661,37.82816,2227.83407,880.39702,1189.201451,11438.75599,836.858393,270.7062,1350.0048,914.07159,1352.25881,3068.15451,94.100978,288.356405,90.730646,738.657103,8.733068,3041.02386,1247.950762,591.190385,596.784133,361.4962,685.55567,218.87706,347.772246,937.71453,361.630312,425.7652,1090.75665,1688.78631,1783.68147,32.10798,224.10407,452.014,691.90108,248.71745,91.75402,4097.84894,299.44148,279.52805,1204.45427,516.75773,24.36992,116.50045,1764.14474,120.168573,544.063054,58.303563,15804.09567,142.65617,204.46659,2642.251,236.115605,40.167303,85.32753,959.61457,1219.010758,208.525024,77.223419,548.90641,360.868035,15.870282,40.534208,1999.54249,1659.10668,120.899038,911.62497,301.83095,2938.64738,43.33969,42.72365,641.78516,90.409723,37.87076,616.22817,91.620669,38.776738,1266.76816,2159.14083,55.8719,34.69336,269.81769,364.32255,2713.26357,195.54342,1873.97456,196.284039,20.23475,133.29599,77.331461,12405.11408,1732.09288,267.9522,293.540654,617.228437,63.63167,538.846336,1.832369,37.744829,25.18207,47.69075,110.27946,193.41994,91.02805,21.05845,129.90811,576.61703,54.49912,79.46728,449.62928,39.65443,51.85679,313.35703,252.55719,42.36584,59.95051,362.205336,39.09469,76.46587,434.67346,137.05761,3996.81541,387.3761,388.655578,1191.460961,509.07508,795.4324,78.25907,701.07337,214.979054,184.973259,206.79157,35.31907,152.379941,106.268019,72.5081,501.941088,61.001685,258.866199,178.000727,38.06162,109.9134,754.213013,21.57854,614.84047,40.03854,89.07436,50.98537,6.05679,15.58689,58.66733,80.98364,57.216255,29.640589,330.70086,3.699347,1072.763615,37.947459,95.76531,102.228813,20.964829,12.60273,1786.75474,100.42468,975.69152,82.48397,203.08523,263.86823,20.63615,520.06594,960.46944,107.11759,184.000843,56.104784,137.540904,56.403075,102.612542,241.191418,137.56727,56.555782,39.247452,22.965265,38.79964,24.03633,2570.179397,16.185111,8.054284,105.830001,23.632913,128.030943,31.852212,19.98279,92.47536,69.30781,69.78744,14.55539,210.22294,50.38245,96.54917,34.31717,82.55583,260.13178,24.46446,181.87758,314.38028,2997.53761,50.55878,107.02514,35.90503,296.96723,101.91024,65.66739,141.43365,6.612097423,20.76248054,16.796742,1.567641,28.979524,36.027721,15.822735,11.509237,19.967221,27.953887,37.874186,14.905842,46.456089,10.587068,9.404796,120.424227,20.263851,36.406993,332.897407,131.300374
PEBP4,1713.649696,235.66116,123.671304,524.68957,57.634353,630.814378,74.40112,1092.46,96.77884,2834.81344,60.51716,182.873931,40.601147,492.726935,299.215106,8.489268,221.18251,110.262938,33.897105,54.641134,138.55281,192.30387,389.83837,104.18757,2238.00447,31.46512,380.56561,389.18337,1373.08437,156.88819,138.66665,70.957229,778.414752,9.183337,43.85187,148.48071,568.40198,288.105369,146.30822,244.174071,906.29846,60.318528,376.820594,261.634466,157.6344,197.921221,48.289339,210.727936,90.890224,490.061052,60.151112,147.515613,40.082769,180.97323,162.019597,118.234707,2948.85846,239.80678,110.310143,70.077881,62.856206,29.515902,405.624236,47.51192,37.86519,1602.047635,1843.90495,703.89156,154.29745,1061.80468,350.51577,1305.58979,192.00596,133.76765,43.95976,159.07743,55.11782,2231.77803,1339.52852,652.95173,1055.34546,25.39163,1166.25475,164.88259,89.31569,905.83406,312.93235,895.27676,39.74336,102.81588,28.796945,782.42496,424.38725,62.59824,5139.98291,323.01093,192.96803,1129.08738,85.00916,193.833962,186.20736,1052.73491,185.292882,581.355911,612.099388,77.78159,87.766688,39.183145,141.03582,5.644445,124.293155,25.416784,2829.067681,599.509542,85.91773,289.654327,552.517932,685.193214,9.852934,40.600935,343.621319,362.345871,671.820938,299.77566,1092.978921,129.277207,199.761427,72.258351,985.984093,219.948127,256.09406,399.18107,82.91541,231.30076,34.82436,161.08324,209.824925,121.549941,351.30869,207.69476,104.78493,320.0584,325.54613,39.42139,353.68388,2733.32733,140.51407,359.30013,1185.84654,386.32875,3610.27568,2797.50092,719.20315,1764.80067,602.24254,233.11795,4040.22189,44.79832,49.344,976.23029,269.52116,1010.36737,2093.856577,69.21746,379.93485,656.97862,624.37287,1348.65845,586.23094,216.6645,409.73347,2424.78372,493.1934,698.70057,5721.329487,415.70425,24.17817,45.20137,196.4399,310.52181,571.31051,980.13109,332.57605,94.56726,926.48085,499.32368,511.25488,180.85486,1702.91537,922.80563,103.51456,1776.07541,1918.38188,1055.94543,518.7406,3368.1315,2271.540995,645.73704,958.25595,427.3826,231.49664,537.8275,139.98729,200.79141,2234.36826,39.69689,543.08331,1909.15023,3832.37301,235.61255,1060.88831,668.73628,1189.90878,949.96195,2091.10635,2589.9178,75.73699,212.94031,335.2744,1651.01372,514.29569,1185.38182,2399.17797,1057.9757,85.07723,2620.817,3137.736657,1433.171886,2105.51705,1293.85426,1779.09929,727.27558,1333.92176,465.22889,1910.35469,2054.10988,1365.19175,755.8083,1439.41432,2192.19396,1739.48043,442.38857,2100.66988,643.96287,482.46091,716.19949
FGL1,98.75699,87.51435,129.55006,85.71149,58.6927,753.13284,190.42703,53.00085,339.71633,1011.75883,143.0006,427.27268,89.58369,232.26849,205.81531,446.41817,204.19293,730.3336,418.34655,115.3459,102.85446,86.53037,2592.90931,2471.0676,1536.04754,44.68278,101.97709,85.73361,240.53402,144.35665,123.84297,770.36081,107.63732,64.33576,235.85987,116.65248,86.01479,102.82315,112.89615,2005.06292,154.023,102.3908,339.15682,170.64481,133.83946,184.73075,218.87936,188.31987,371.95186,1435.89165,184.79842,592.46203,534.22303,183.04564,93.77276,276.39794,2157.45313,1525.42378,129.75244,10657.86342,368.09466,1433.74991,69.03426,15273.39639,223.94363,143.93716,94.38025,141.852,133.71776,143.14862,94.88795,579.92078,69.67001,541.62993,204.19565,59.20115,17228.95407,1169.59295,126.85332,75.63279,81.27718,140.35598,122.22778,101.70071,81.89719,75.49122,104.34705,117.24895,140.7233,144.26915,9669.71502,80.31957,99.88766,3245.04892,131.0487,462.32231,5656.64246,85.17388,112.08132,81.90543,184.84504,113.71803,84.84316,2286.116,370.90705,132.60459,176.22555,3889.84587,442.67119,427.87235,180.48619,213.73177,68.52463,297.27081,172.18705,1659.69546,713.19732,91.62215,2274.86967,257.00637,63.046,78.32682,105.5638,171.88222,184.50318,184.87687,147.01909,930.8695,308.92047,2147.9253,96.46034,104.60709,90.60974,1190.658,66.8782,181.50874,339.0631,58.81817,278.42152,95.47324,240.63586,163.90615,126.85804,313.39791,583.7578,166.16963,56.32688,74.70355,89.5303,82.23965,180.61261,169.10102,393.92103,266.62021,578.8487,72.83464,256.00434,55.86623,107.63761,104.39316,129.59811,83.85672,103.06423,1908.91734,391.99195,113.14761,168.88808,78.83449,121.41783,201.25786,139.622,160.2543,121.11078,1559.70391,58.60903,1435.77981,1278.79579,154.45458,46.64176,226.49025,117.86351,108.23136,104.44616,169.18965,151.2234,66.94502,121.83775,852.45683,1116.20058,171.47368,165.12118,865.80688,172.9783,107.75402,65.95406,165.55158,151.76934,82.34398,134.94666,720.28822,156.85973,90.50723,314.23392,68.2827,132.93186,106.73023,95.49402,88.14737,95.46119,865.8406,191.97633,54.76693,71.47598,192.15547,61.19428,62.35371,272.50766,1077.15276,92.36717,89.41617,107.93126,138.36009,809.89303,91.44773,110.51638,124.94079,95.41688099,87.76461615,150.83289,70.07887,78.51985,115.27517,101.66417,59.78194,68.83309,110.98049,80.3465,67.65955,111.55862,69.2991,73.53944,76.82082,88.21473,138.52948,65.11505,125.86953
DMBT1,29775.54208,5625.5115,20795.84921,16292.8918,2594.56405,1957.13899,343.3691,25055.8996,9248.5585,21205.72699,16187.07,1591.43816,77.57841,290.49558,948.54543,659.10597,27965.08442,1354.79395,762.03455,133.39211,1087.5758,1257.28593,5316.79172,1907.94789,1991.2668,12127.0343,3518.5353,7861.08009,118.03113,162.4999,16034.5561,766.55192,4477.47148,1250.2005,691.9045,562.8947,1647.3936,1317.11477,322.6127,3791.13318,5706.0475,100.54003,16403.66636,6346.10257,477.49897,428.03009,85.91317,12694.32051,695.69474,793.5811,86.18833,838.81686,76.05351,848.57189,27768.5644,10995.42376,124.43728,484.8838,1645.15243,1543.15461,1354.94004,148.48369,3869.36173,156.8856,879.6975,13992.2529,3044.28216,7269.53256,6372.10974,2954.00555,603.28341,948.9477,1380.46953,942.7088,4353.9056,1062.5506,1167.2677,6811.78959,4614.60897,5458.08556,2054.94888,32.33554,1860.28941,18116.10941,759.79619,2243.88453,708.60442,1092.91756,76.80461,410.20716,43.19886,1051.5601,210.2683,830.1525,6880.6491,1357.1822,157.5764,16379.1586,264.9117,16994.78052,10846.4781,26927.9163,16879.99365,1556.40736,117.3491,216.26216,3895.63909,143.10525,373.5188,54.99728,168.8982,59.47387,2416.73985,2600.31029,479.4797,12342.31909,17334.768,13292.29017,12134.64544,190.54579,14944.41141,2759.10838,9788.85092,2700.0472,888.12654,43.71184,1177.88857,6243.6787,719.39663,9261.7836,9146.9718,627.1495,498.4575,1070.4393,265.081,3410.64812,520.15275,3262.13744,8121.6602,986.9626,16424.94747,1059.194,1233.11677,61.4754,633.69935,673.03984,8014.73163,16414.47288,15238.69727,6313.3941,10374.221,2689.5222,4385.4355,4269.14771,2969.97881,2906.798,114.2116,111.4331,547.23758,368.01079,336.97137,1064.15093,344.70924,13684.75739,16757.21111,4307.95462,256.9942,4741.5109,26309.75622,510.32307,5116.91583,6352.22762,15294.84355,1668.51108,8631.09426,347.42717,2017.75412,3224.87723,1246.19659,554.75818,154.96779,832.5819,536.03742,210.7328,241.60722,3312.43818,372.85845,365.6302,941.51268,632.60562,2683.72043,2142.06854,543.97035,1243.33005,254.83144,25392.98166,4998.8066,1802.9495,7286.0764,27895.8456,202.9351,2563.9134,4372.6679,3474.4263,624.8898,130.7854,4362.89,663.7448,3730.3388,146.8372,4150.6923,5157.5583,1034.2283,848.9254,1414.6259,294.1689,524.2469,22757.831,2111.7327,1807.2384,1221.5981,17170.2435,2064.9541,9365.4564,930.3811,205.8172,2391.533569,3792.831025,2367.1322,1389.0771,1192.0899,4334.4507,6696.7416,1855.6495,6282.7685,3987.36,2636.2525,498.0765,1067.8578,2332.43,7909.7095,1149.38,8430.3715,7106.4879,8039.313,2624.4988
BARX1,57.858009,27.323255,20.909229,11.115805,11.317383,16.869488,33.570317,8.807094,26.253107,24.933423,16.685997,6.287972,4.72562,6.792742,23.665271,42.632391,121.612313,83.765726,334.814919,12.112148,10.947658,3.829647,115.501278,4.959929,1051.378036,21.921681,5.603621,15.32989,19.122308,40.187002,35.600031,18.628403,12.289593,31.734733,21.835199,16.99336,40.433038,19.862715,21.081743,20.658222,34.428116,23.662688,9.454246,23.276479,17.961797,31.802382,24.202478,202.864266,2.275937,14.070998,18.532463,3.576699,2.157233,44.683343,17.222733,69.215677,2.488511,3.525502,185.393978,565.247248,43.085527,5.751,5.264587,78.03517,32.425798,5.521679,22.679806,6.762491,29.443001,21.773454,25.914683,22.312908,3.335444,38.11112,4.509705,25.539009,118.890083,2.661769,21.630452,3.582044,32.175888,34.314655,11.550885,17.600447,24.816543,17.939371,8.54809,48.87059,16.377705,74.015184,12.010941,7.812364,3.399318,138.492003,37.017003,139.131104,29.726628,36.15004,3.292662,25.591562,34.741669,2.689517,80.005828,93.987376,30.319912,5.810855,12.563568,26.731377,2.53023,21.219479,17.195746,27.950674,1.974531,40.679096,115.551477,160.256845,17.250665,15.236498,64.149826,37.349834,4.23675,28.403431,23.515373,18.509957,38.950065,27.80099,5.64267,13.529282,9.208312,63.254478,20.732516,6.94576,32.759829,52.954499,138.409065,12.657526,30.675938,19.081246,3.907247,4.489947,33.318907,2.664903,34.199518,30.268259,46.150123,3.345274,6.896348,4.548362,10.886606,30.306812,155.151566,20.013185,21.847032,49.424448,28.248895,23.289652,5.868445,4.07276,220.623522,25.179751,20.473582,7.255591,5.905252,54.196134,2.550536,29.623495,16.037446,6.292474,3.292249,5.264086,164.413072,33.520207,4.21827,26.652398,21.729422,17.033674,4.576922,65.550234,15.409709,15.196189,6.066228,21.669958,18.725382,29.530662,46.103619,14.921305,30.488782,6.884541,34.635106,13.302405,6.918813,12.166561,6.435414,4.807804,19.612392,3.071163,17.136428,9.065683,3.14669,46.540665,6.887768,8.659095,61.649742,24.209504,13.016479,17.253075,5.226331,1.604847,38.166454,20.791112,2.670288,4.424914,15.72885,19.843376,253.988077,18.697902,35.459099,21.848545,5.369523,11.43276,8.761271,4.901397,15.34205,10.861913,25.140038,13.74967,22.66516383,22.89522887,21.410652,3.703123,21.680193,23.583653,30.456379,26.02093,13.993141,2.126081,33.007226,25.248518,21.31282,4.407676,18.666367,6.589033,4.331072,15.790893,14.810987,17.319398
SPRR1B,66.143324,283.142165,43.145611,44.6204,30.651434,161.024876,1.915206,18.021656,10.706663,19.707701,24.823181,1824.251129,104.013166,278.430751,31.76895,4918.524482,45.468675,32.184825,21.397824,127.52468,99.206459,28.698685,21.796873,36.148038,29.037601,99.862784,18.7407,38.234236,673.048749,103.655831,148.286946,636.793918,29.034109,12.539722,324.946635,42.69768,26.57253,782.13177,5.524183,35.815062,39.530527,3.704251,540.536865,298.515112,234.553059,10967.21494,469.461167,51.161095,22.446061,18.344602,124.548541,17097.42573,4026.626631,44.93449,140.746579,20.176459,37.517302,55.586502,36.845574,56.624118,71.091676,5.504767,43.718821,25.745808,13.145613,74.743467,34.177181,6.268338,37.399902,28.474517,1275.783978,32.962216,25.241766,283.948934,22.599365,19.528357,54.919811,487.987827,1.973949,169.444869,34.492433,160.088375,26.206959,6.155769,37.330884,29.718053,45.422524,51.343437,1807.657481,115.71516,50.779901,15.643553,3.994558,15.427329,17.938686,4.161491,14.873321,10.537747,24.063096,15.993279,4.766836,23.156623,14.234597,25.416344,480.788878,41.444917,61.092864,36.514507,4.604172,3.23918,30.432843,28.056395,14.159228,16.20884,4.680122,301.753914,11.99148,23.421471,92.832016,497.024066,16.820875,2.819724,1.686826,12.839161,30.697145,4.517973,16.181871,21.705827,4.657533,39.020111,34.859119,5.595761,38.412816,4.78746,267.377768,24.075522,6.768931,28.916563,3.063223,33.667022,122.506541,1.416013,23.399305,504.152841,1.596936,5.769892,64.982612,1.645418,10.715946,72.135487,27.632002,8.715515,85.151471,3.281738,2.985234,17.669953,44.490759,12452.07323,28.45542,4.295636,35.358895,12.056307,26.214111,48.450731,38.565638,25.575132,4.171499,16.46568,25.03153,216.527387,24.902807,35.112465,31.714245,30.83448,20.307075,20.512367,24.860741,5.39311,15.535883,15.440579,25.911926,9.569136,46.943734,7.751872,353.413132,4.207961,14.50806,3.006577,20.575306,15.243706,163.075785,2.553687,31.685137,34.615359,61.22645,49.106465,39.258459,27.380011,22.984161,5.778492,2139.265455,23.263941,263.451923,27.845229,15.82258,32.252064,24.157737,22.657433,30.422609,64.705024,11.00077,3.821758,11.62303,30.247502,23.576282,3.789952,220.841126,1.857193,14.35659,1.445776,13.27091,2.515866,94.935581,1.410801,81.967524,30.131674,2.743280687,21.55175008,38.175614,4.630351,29.776474,13.509775,13.785579,7.457161,3.707777,8.608137,13.14932,34.22753,14.536042,2.182804,3.0813,16.56381,3.598095,23.233405,14.080236,24.07711
GKN2,62.49602,140.0078,259.54925,177.28763,106.73033,825.66831,86.88475,410.0553,39.182953,584.243263,3.713128,167.94207,20.85078,26089.59709,291.642,13.35642,61.31639,77.58101,49.83471,70.87955,68.0687,134.36559,193.76561,98.33562,2794.012281,110.1495,361.91686,895.810513,2.899694,508.83407,181.418074,53.60379,142.46833,37.44264,73.68571,230.12901,108.54097,265.04538,184.58597,86.79288,172.68932,15.54669,34.61165,375.85672,30.76769,91.20192,13.4473,159.54145,49.4767,389.43107,49.23172,116.7873,42.04355,145.61794,294.40874,59.78796,246.36385,173.6067,667.58117,210.02887,15.40439,35.72631,769.68602,29.60451,37.15769,657.26113,1036.9225,912.98897,42.49434,118.081528,329.350873,111.51382,109.043338,87.11471,24.6915,256.11694,125.877131,165.95531,3412.007053,989.305434,1011.90247,26.70591,1297.70419,133.101,858.45963,564.938062,137.72808,91.70678,27.256034,456.550237,15.23948,679.92124,237.011574,63.554599,4625.345953,358.663343,2227.31753,270.109088,92.920992,166.92795,27.20816,115.3908,44.80927,149.49123,110.96254,49.39501,54.06335,46.52572,29.62297,125.80749,80.88888,54.37968,56.32508,187.25196,39.2719,93.40811,85.20174,1387.91432,31.96354,44.49081,202.29398,357.61312,179.25464,295.98112,177.26081,78.91665,263.65413,309.10464,96.00279,80.0018,633.20612,632.65299,45.08492,126.91169,22.84041,39.64865,118.1839,66.66762,180.32597,52.55109,307.54094,268.14998,108.332638,42.235767,730.93308,1028.8774,184.456703,1844.054178,442.80654,182.23055,199.38484,333.43761,613.49227,1750.56739,487.38968,382.83726,349.629527,69.387746,24.09576,182.29753,438.17881,1188.43055,561.86727,71.34815,442.09585,541.211535,237.09469,203.565906,71.345643,147.231453,100.699368,403.38043,344.652702,267.293388,5012.61235,110.15616,61.18997,63.63144,85.50913,119.4031,53.52945,1742.846437,114.93414,70.0431,87.32881,143.130907,83.53288,160.302813,210.59041,84.651044,124.142668,569.13817,584.217329,134.103757,486.496792,1315.36515,695.53436,378.05249,333.74955,405.50952,58.12453,180.05655,165.5139,353.63666,363.258813,42.294109,556.351092,71.836869,92.943357,83.393922,1063.566911,21.59657,71.584245,341.32861,1320.362591,1296.140914,61.19845,241.831631,29.577526,309.853538,197.918722,666.307639,240.671854,893.827403,36.028156,110.058012,1405.994084,1346.945242,1130.25164,706.48445,1800.56017,674.30439,1336.53847,1340.71467,2127.07398,977.30713,2425.44191,1035.86491,1250.35415,1623.86364,1621.02356,697.88281,358.999,1576.12937,1473.05789,1038.34115
MS4A15,14.040528,31.66461,30.2952,40.546,26.997048,56.002524,36.16279,51.48516,23.730352,49.39724,17.425592,50.458491,5.602989,43.943742,35.054756,23.676156,16.220017,60.520932,33.614805,29.169959,25.98091,45.67836,37.07473,28.05322,22.086762,17.9228,43.65859,52.1785,77.01032,258.25107,3.746195,28.729765,24.663021,23.409586,44.44148,13.70012,31.20242,42.80448,81.64845,329.848614,26.7182,5.490347,28.169432,21.580914,63.30544,39.423835,97.844117,34.703496,2.698449,9.705279,36.819178,28.723263,16.895401,45.88117,36.278855,123.434656,355.43045,40.89432,3.554595,47.066352,49.977899,17.302941,90.796591,52.06275,24.03302,8.824416,158.129758,58.11033,32.26653,40.79103,76.42363,56.98216,10.11687,31.10371,47.59755,21.04869,15.779986,76.10243,64.48881,33.53486,105.34153,21.71116,127.10139,27.95726,26.39154,75.96888,463.08537,172.91408,23.70592,77.05708,36.086934,62.81816,182.794633,13.771687,118.067123,37.034627,41.769697,78.946681,27.121518,20.15204,36.41667,31.08335,7.927242,55.108815,98.232963,15.362507,45.505075,51.422292,18.16331,10.995543,53.522492,19.014491,188.990464,160.117635,26.56422,132.373827,30.889184,59.032061,38.597648,25.882004,55.858245,92.72823,67.416821,89.903011,175.18339,31.932444,392.469752,63.551792,94.096415,19.294004,183.55211,155.40759,49.86968,43.53777,32.11001,33.562799,101.493389,22.969788,29.42421,31.48659,5.615722,66.86096,424.05339,20.31062,281.46039,1510.39152,70.49181,131.37876,28.08109,42.64189,312.02891,148.8107,75.5307,37.40055,933.97869,33.66895,684.248491,34.29737,154.82136,462.39234,167.58635,83.74604,331.928233,42.52712,51.73942,185.47513,132.59068,327.426272,13.50179,40.81074,73.59165,205.49711,66.51832,28.43288,522.679922,111.82688,34.35231,35.85436,226.57151,336.24556,49.6769,232.398109,50.39505,28.5433,87.05069,81.40173,57.20268,361.41247,101.73421,636.8906,280.94771,60.78487,98.03329,62.47662,404.19539,66.24363,599.874923,70.46036,34.24373,115.70468,32.24982,78.21722,138.66943,81.34784,163.135805,30.321895,79.983973,50.452069,182.609498,83.132848,390.835064,3.994309,55.747251,99.785484,8.40312,924.971643,62.090287,84.802986,47.588201,472.139214,117.059427,41.508455,41.19938,112.854248,223.364332,115.323941,193.8312428,299.7235164,382.72552,198.04083,139.36893,86.24535,222.72131,230.03514,121.10797,240.14528,184.75273,79.68938,182.26091,146.04367,124.54626,35.59765,66.3903,97.39934,75.84312,97.67573
AQP4,728.4079308600001,1253.6773844,541.56709344,2256.4925702,783.9419352799999,2942.24893246,233.109668,2696.3354788,658.8348472,3462.8489894,160.7898148,3530.8535971600004,31.24526728,2937.6409724,2125.6249988,52.0765318,11.9778558,402.63701784,64.01988232,120.09368033999999,408.0971562,772.1310341999999,1174.5866092,370.9802508,2264.8368923999997,249.766756,1729.987154,2243.7361534,87.00840480000001,3844.423064,904.7007116000001,80.1526964,942.1756877599998,7.82972378,147.245728,1240.1434304,326.340979,1158.37624124,1921.8449008,2916.1614476,2027.9100392,258.713608,530.0244276000001,1826.9630814,124.27319359999998,599.4850328,9.7762854,756.1818656,226.72727799999998,1165.2972362,121.3032122,699.388026,23.0236352,859.8951916,769.6942048,245.5649088,1833.3693494,2013.799743,573.86901692,171.45874178000003,43.556423960000004,10.87786428,3466.5891978399995,25.264111200000002,115.803105,3287.4348396400005,3823.0472747,2634.6547974,210.25871619999998,989.4002954,885.0691252,243.184734,243.726063,390.816692,383.532972,374.15459599999997,242.46319499999998,2999.0021134,1860.9589548,2799.630458,1761.160335,8.5267102,3076.4365862000004,4867.4704096000005,854.8623888,1606.7303610000001,1517.1700948,1249.851803,30.627275199999996,420.086341,41.322425800000005,1029.880028,5324.7252524,117.1088534,3626.1144868,1041.055149,88.02586319999999,5054.361589599999,324.77472159999996,791.76381562,21.8743056,1634.4744082000002,1665.02456974,1269.3490201,2275.8949838,527.73371762,768.14407584,720.6698616199999,124.94614900000002,10.194757059999999,2483.6233109,189.4302066,6370.1103082,917.6975603999999,657.8610140000001,381.2520458,651.9400836,3719.8882473999997,29.7252718,19.176890800000002,2042.3839858,493.6803046,1428.1310664,947.2830932,918.862608,368.606139,2208.903564,776.621785,1613.2113488,640.6503487,215.06227619999999,2700.0053959999996,320.5896564,935.05333,13.8957794,719.50412308,1284.1887375000001,826.4127874599999,774.3974903999999,644.3275674,429.8927818,1501.5370948,1139.6102422,168.9573156,1420.1142836,5373.249063,746.6454424000001,2046.3465214,880.5200206,589.8655759999999,966.101188,3055.589564,1840.8298579999998,2664.2209688,3573.692858,356.49106,3802.8686668,12.4670776,5390.715139399999,2932.8215993999997,1751.2976437999998,3310.2038678,2198.196907,249.99190760000002,1030.2424426000002,2544.2085934,2879.760816,1891.7719186,1842.162209,584.7206526,2617.585638,2437.3244748,2201.3822208,1533.2646632,5953.4715565999995,2895.615904,463.2438126,394.36093459999995,1748.8711793999998,2368.4749528,605.8678996,3056.1167796,619.447441,48.8100256,760.7032118,1958.4659842,2056.0944824,635.6258656,950.088336,2852.400708,1475.8603375999999,1701.8273548000002,4001.5254152,1704.9738964,2591.4587648,6709.9504004,4108.477148399999,1953.6107780000002,761.570928,319.110832,636.6221499999999,1552.425074,1060.459304,1577.261368,1238.6721593999998,381.2221172,2525.2559158,922.5822527999999,5070.9234228,829.7897682,2572.4564388,3388.957441,619.5732604000001,1583.7138052,1690.4296571999998,3506.5007178,404.1708524,1710.0863445999998,828.9013714,1802.3635021999999,288.1263846,973.6297349999999,408.7230428,2608.8143648,1278.7344727999998,2457.2319902000004,4132.2830962,3741.33383158,3324.686916,3156.461548,3557.8794439999997,1575.809042,3409.46573,2979.06163,3554.2560080000003,2572.23201,3326.8718959999997,1954.225332,3021.950638,3428.2427840000005,3030.74851,1474.835,2520.554302,2713.333806,3703.223668,2897.718538
MMP1,8002.97565,3266.118,634.02023,4031.3755,166.60744,166.36351,3515.9009,499.0676,350.04038,15274.5186,3354.79607,3463.90249,3295.85097,23294.75525,6485.14149,14634.55439,212.30815,6315.64838,3282.33728,26196.32046,16967.7837,5256.249967,1698.108288,6018.876552,381.42117,16870.14613,7714.64228,1098.82566,9365.99491,36.8095,26744.69097,1871.71776,12399.399,4762.02141,5740.8009,6914.1886,1756.6292,3145.52658,216.6475,1881.99613,16385.0931,15433.66141,1392.49332,9014.37136,1502.557086,6936.36804,3154.07019,19800.94542,208.17358,2198.5666,1141.47846,9057.67315,1296.08695,775.07441,1779.27513,106.59195,188.349378,950.5676,811.38192,7398.26993,17006.15647,579.63165,3040.14178,3840.72,15699.3635,3376.32218,25.685,2044.177727,4577.418657,793.874,668.81195,1254.98903,1261.33374,14647.4199,133.36609,2374.99232,902.33122,3779.862182,2937.71819,1180.07019,1248.988964,16090.29994,128.428756,650.680572,16757.3545,863.52166,395.816336,3209.75021,3542.97804,904.81896,17416.48578,738.86795,35.27352,2191.63193,46.89665,186.37511,523.52828,22472.12765,1434.11612,590.31759,6885.3108,563.6587,453.17758,3393.74651,461.67043,565.22475,392.94353,1357.06251,542.811,15246.20719,87.88552,2132.97839,147.95,332.98066,4182.04343,6900.98427,1257.71916,106.74724,2518.36757,13769.42135,480.03794,5028.4967,542.40593,165.46335,1911.58604,1529.91917,279.51596,1001.39817,88.12664,2729.5647,3887.6843,165.1109,1706.9598,1962.4367,18799.535,966.93556,315.09944,2763.89417,5844.0287,1268.0371,4915.51538,1397.241681,16875.28845,1945.59654,482.583039,153.80378,9802.11382,1089.00695,374.788737,4367.29087,15072.6896,232.72766,758.23892,100.365484,391.129666,503.49833,60.26517,10911.40269,703.965532,3.402462,356.205125,107.84303,49.54002,1718.828254,1444.024996,114.8046,61.42164,62.51538,2183.33778,2607.99716,119.32985,123.882282,734.29763,423.05594,34.29027,2609.616226,9002.243668,1023.329694,449.750451,879.375065,188.786243,58.0587,437.347895,870.339933,875.786964,90.80978,476.95161,1197.37366,15477.69796,136.0711,517.37438,77.158279,40.11704,77.07588,85.94566,60.224866,46.36268,285.79009,74.13664,1225.55348,317.6683,1888.88409,9344.60357,204.0328,22.38795,3384.5904,232.33321,2875.83973,35.11333,1031.90676,117.55934,4418.89376,45.94091,146.07591,266.74161,139.35363,6794.53318,389.85495,34.60274,67.7629,212.62033,533.05421,1847.8401,43.34657,517.76257,57.75447,45.65413515,392.5545565,87.64131,30.43196,22.83217,637.48546,116.62805,28.31523,34.16851,40.83509,83.4357,21.73056,40.48756,67.6179,88.86577,2244.57695,162.0194,248.84208,13438.78205,617.61253
PCP4,89.975648,319.434148,53.5882,1928.428937,908.504518,328.808959,36.743867,2.927305,6.679921,52.669436,2149.425272,257.31107,5.195838,29.894784,67.965301,77.974742,64.77336,1342.438995,508.531008,23.350836,103.296034,166.426575,42.748047,1592.637981,29.250433,34.079402,90.76671,60.900579,421.470016,2.670057,119.538101,30.093214,71.991181,6.291768,194.225949,95.220228,12.381042,3989.381133,881.478274,1075.264155,1041.346788,208.098444,6686.553382,350.930597,49.334607,1154.07095,255.710304,20.382147,23.790621,82.574305,30.478021,505.133118,67.118127,162.324288,175.686153,78.667023,210.213568,195.214758,133.555057,962.537544,1758.845014,4.913747,9.834684,1953.667458,37.626154,414.713191,15.005028,6.293469,25.079086,59.520121,95.283004,32.29979,57.20009,13.562572,81.038553,4.598355,76.756941,89.030027,41.344496,127.94905,35.465205,6.879937,5.680334,1131.606892,75.30384,19.161308,193.670516,545.704157,441.684433,88.386072,2327.17871,8.094706,96.200995,556.251749,128.790107,104.390428,239.044366,494.569474,9.240756,1.546643,3.302104,15.794438,72.642541,1422.931425,23.185521,527.751753,228.810842,89.004488,13.213679,6.355128,20.315134,11.265504,2356.101504,150.20683,135.907041,68.664213,71.261606,31.879717,381.13671,13.079084,287.242567,345.349807,52.397035,38.276091,30.608339,14.375224,19.85279,14.098518,161.583949,1875.298617,3.596619,320.321368,129.515405,42.201165,4.892782,1263.716484,63.071415,224.814063,684.979202,103.139984,33.184439,18.997061,81.842912,36.701757,48.050402,6.40868,8.100492,98.84152,3.721426,17.975865,741.112096,32.5121,47.247217,11.145157,220.859649,8.992443,13.874992,9.779039,959.06049,19.348121,3.164183,7.114149,62.446891,999.315927,6.597075,5.972428,15.045925,214.676485,7.507356,269.448247,2.556948,47.168538,84.865554,165.654577,1.726858,28.58921,76.240515,124.72545,357.879966,52.678967,68.635925,5.331501,120.863699,1262.478385,52.045429,5.664221,87.669207,8.92044,101.60347,5.208858,185.058728,2.795422,3.984141,30.655316,25.032148,2.89677,34.084887,4.485138,34.465758,9.600685,11.282128,85.190451,563.632481,7.903501,11.454728,3.887829,9.345997,16.85062,1.923569,734.062994,50.288866,132.465446,33.286542,3.985542,81.61235,207.777573,92.247441,198.630386,131.543712,85.881092,128.940417,141.761006,1.755224,3.299254,10.715698,46.449467,2.690256165,4.784726692,37.341016,2.740282,4.925301,55.10384,18.141912,3.453597,4.001007,10.428534,5.804124,13.978873,10.852282,3.295842,6.663665,7.497675,3.916171,4.376213,4.269693,3.410102
C16orf89,17345.39137,716.27389,8146.08392,10980.71214,8373.75688,1703.26977,5543.66754,6287.0224,9195.7073,7249.6716,6212.4841,4135.92577,60.69444,1331.7424,514.1964,1563.24401,7406.61336,260.40637,1488.60334,1425.25494,354.06777,1534.9691,198.0183,2831.1393,8439.9112,95.54699,397.4196,1636.1306,587.971,3364.33871,705.8698,2193.22402,1576.04597,12.79967,1550.15163,233.83432,1213.15539,1727.21457,4016.83991,3376.88093,1278.95899,684.08323,931.18886,648.83222,4804.3018,1137.5398,372.63741,686.43195,815.70252,649.82889,50.47993,813.74048,1691.73591,3908.9328,1842.94956,15155.5783,11264.8331,7220.26066,987.35525,288.45803,239.32168,8.92876,1875.05117,132.42506,99.31937,2010.13416,1286.91517,1378.1897,7956.1588,3805.2612,1959.6371,12168.48458,804.8424,980.72286,5428.4102,365.66017,57.0822,10181.7717,11509.9665,5787.9238,3032.0509,259.1249,2324.2825,2737.9729,2692.7716,2020.2721,3445.6677,11570.0548,465.5886,914.7788,1528.34559,8035.28902,8134.2951,6048.8735,10846.9837,2438.7947,5879.7575,11356.0595,1936.3779,7268.74546,14217.20792,3017.59623,2643.781,2622.79808,4669.18085,6472.14025,7984.44298,13979.74018,2026.89654,190.6537,9496.45915,5515.72554,11288.16497,6115.97384,4210.3122,8073.2888,1924.99092,5308.92395,1637.96196,53.93203,14959.52497,16388.17166,5498.23514,18776.72562,13313.71763,2691.17974,4275.30984,8083.43814,5766.53348,2809.58326,5305.49789,5915.85997,8983.75171,2275.40708,25.64038,229.81164,3556.40699,1736.28417,1632.58589,526.38964,10238.00249,3102.8492,9870.7088,3207.9406,5500.0561,13695.4808,5773.1746,6429.3104,13267.3214,9333.61774,16423.23846,14086.69789,5387.20966,16982.6471,5690.6103,3050.5263,13260.4329,622.362,4579.4591,2588.0165,3484.7663,3676.738,7477.19619,2451.3258,12831.1092,1715.4902,6391.89654,13990.4051,6728.3022,1271.367,8911.5775,10597.4729,7297.0639,8242.2168,15979.09084,13791.2584,6156.3438,927.2232,5757.3801,3017.5555,17681.4811,6750.7337,14898.3928,643.8135,10291.1652,12008.7224,11431.4461,4304.3384,9935.5768,17704.7011,1146.6695,8534.4103,4439.3991,3937.7626,1941.3495,12244.5384,15892.13054,3128.82582,14455.64743,13931.68386,2899.17775,3347.86815,3577.37447,11389.57971,7440.0802,1009.469,4147.6662,19333.2576,7982.8736,4335.6319,6596.0715,7372.4337,13700.2283,8512.5599,5834.3276,16206.7999,3419.2335,8525.9991,15670.2739,10848.3492,15372.5012,17156.722,12202.627,3442.2142,3186.0142,15275.5277,3915.752242,3203.186995,4340.11732,2436.75515,3354.93098,2284.1584,2513.97446,2739.20718,4422.2599,3073.06788,3159.66349,1692.50994,3302.96448,1051.07615,1778.24634,2282.27734,2536.41044,1518.13797,3480.92135,1496.66869
SFTPD,21738.40339,3187.19279,2951.74505,5053.87776,1720.17617,5338.28856,256.97492,3673.84865,614.9397,12554.61658,7218.1937,5147.44218,59.13332,3670.149577,3519.032174,256.092818,4313.723129,2368.34383,3800.6976,846.7543,2138.69445,3124.83953,5543.57598,4705.66869,11472.6354,616.4435,6676.9054,4576.47917,485.6884,4244.1427,1122.3288,2028.60643,9477.69022,119.44832,2346.61377,1482.82476,5893.50665,6036.54125,3256.22912,1262.71556,9489.47011,1704.382349,617.00378,2949.421146,4795.63537,2190.456257,1485.981156,1788.423348,929.089673,4388.105246,2161.214167,5744.706904,3445.222576,4083.74877,2236.645943,15698.53971,705.03523,6038.21483,200.30176,922.54143,155.60711,175.68885,5245.5089,758.82447,482.75776,15333.99116,12016.69747,5685.44809,7932.59127,1823.09566,6457.95953,7946.4189,2128.07273,1271.1082,1383.2552,907.5581,385.4374,7227.10333,11018.99723,11783.36496,6789.76724,3.76516,6328.92534,2652.03889,1531.34333,5555.17269,5341.91845,13767.47844,93.70104,3480.02806,1.592568,11300.2019,9403.2837,403.3205,17180.2999,7153.4791,6247.9295,15585.2401,1079.8796,10753.2033,15406.82569,6468.27997,15475.79817,1785.4037,5667.76393,5281.85971,1539.34728,444.52832,173.65644,47.04402,5983.03374,69.11327,28281.00722,5412.703493,3854.5606,9231.378918,9434.866562,18588.95612,73.6315,112.281794,12304.87218,22806.12674,7187.416874,27328.84366,9074.046581,7181.25155,1668.390034,3449.456787,1822.396036,1532.9248,9812.6976,11694.26088,1210.11226,1459.7896,49.75615,16375.66589,2724.80129,5368.75918,3837.53961,3032.42845,15561.48319,2239.95562,10882.61329,163.87877,1839.89944,7726.2425,9612.50786,5889.45558,4547.69283,17359.8013,19308.9008,8007.2921,6330.836,14620.36207,4593.61432,4834.0594,1949.8197,89.9841,1772.66071,5455.11644,5363.09676,10802.93581,10499.29814,650.49111,20549.33204,12734.01898,1748.0268,15151.8885,17980.99486,4175.99708,17354.61677,16809.11016,13552.17044,3110.77378,19967.72063,7357.76433,192.77939,728.54643,7303.54156,4361.33651,6142.19414,7879.4261,6393.39615,517.42195,6808.44401,8064.25975,10527.3828,827.42417,9221.38378,13386.40761,1080.61862,8177.88842,6660.38414,5093.9323,3032.59933,20170.30287,16084.45237,11664.9731,13122.2786,26600.9693,1334.5307,8027.7953,5036.93,13443.8362,7471.6501,179.1178,9384.993,11349.6156,17841.9241,2506.5706,7107.1309,6768.8296,1383.3473,5686.1616,11352.9681,5147.5238,1277.0258,5722.5081,4032.6675,14149.3268,7089.0211,18235.6277,1778.2847,13097.4397,357.3984,3726.9034,14819.9586,10655.35724,10810.174,10107.3519,12848.0192,8770.811,11246.3925,9455.1941,9466.674,10277.8746,10955.7391,4940.6452,10540.7129,8729.334,11407.3507,5956.2751,15716.599,7251.358,5671.645,6247.4373
ASCL1,41.72762075,18.31767175,23.94665375,28.454975250000004,16.7829525,294.92129825,20.75594375,9.873657999999999,18.05832075,20.83118575,33.0089145,20.6582595,13.28132125,43.476682,20.41804725,13.723453,38.812293,20.3463865,822.80199475,10.621654249999999,22.12953125,28.11682725,30.010011,29.807682,394.03452550000003,15.51675475,33.82536025,52.2730785,13.314359249999999,12.155171,13.071097250000001,20.563926,20.0739415,11.355574,32.738386,22.42475975,42.98460575,24.1654035,19.84639575,8.20845825,26.11692725,26.8552245,10.8683435,20.1612895,18.008142999999997,25.146171000000002,27.8948675,18.81704875,34.65983375,29.14829125,27.6702915,13.9913865,15.5673795,10.342602,26.60455775,451.98375675,19.282702,18.691149,6473.53197225,4616.535102,37.245318,17.82943425,12.25140225,32.8249335,9.914088,18.97363125,18.0778925,19.93734075,26.135149750000004,23.0954805,28.88239175,23.728112499999998,12.19383225,26.8898615,25.2830255,6.862766499999999,5.932062,13.009727,44.37236875,18.518526,65.35204425,6.4758872499999995,26.679675500000002,142.14164,13.0188515,11.04291075,28.302798,20.700965,15.0631545,41.838564000000005,15.82286325,13.662911,10.082995499999999,33.23546125,16.043139,625.289858,116.07035075,30.26115975,36.8392185,9.457113,6.14019925,40.63420725,12.216751499999999,30.773533250000003,20.584539499999998,19.266426250000002,40.850571,36.184417249999996,9.974276750000001,18.57099175,19.58013975,8.3337225,20.349812,37.387240500000004,22.53003325,21.253060249999997,26.129161250000003,22.3933715,16.783378499999998,4.17448375,86.920594,25.843197,13.061423750000001,13.799605249999999,18.000608999999997,82.4199485,17.271724749999997,24.7465535,36.69604425,236.59294825,16.55947875,21.869091500000003,21.03034125,33.567662,31.538010749999998,21.77565625,10.23392025,23.26190975,35.944894,15.3060905,50.270317250000005,47.97782875,31.406446,33.5216795,238.30310649999998,8.285035,26.537999,16.05740125,17.12343625,32.311826749999994,6.9669215,23.8268195,14.44038775,30.953075000000002,130.47505825,11.64272525,25.33287275,21.23829125,26.54752575,19.53304075,27.38512025,16.67523375,20.6204205,25.74866175,25.61339675,16.58697075,19.1708065,20.285033,27.27793475,20.118468749999998,19.13379875,29.354892749999998,31.683349749999998,29.761326000000004,14.88714,25.97085075,16.302757749999998,43.994153999999995,19.15608125,13.323451500000001,19.588916750000003,12.040434999999999,35.9620755,29.882507249999996,22.14893075,13.36077575,29.914288,18.9925755,15.523688,24.05514225,44.536713000000006,22.4335405,12.03853375,29.032164,25.99912375,24.691844500000002,44.353882,25.56825225,27.743191,110.37308175,24.35979425,19.24440825,31.7191155,36.91082125,21.290958,8.7868925,55.59824175,24.10901775,28.184732,36.09170175,15.485524999999999,17.328483,25.22620075,18.488534,22.53250025,42.0952075,32.07243925,14.367535,45.14922825,27.3936855,28.875429500000003,34.3154285,17.054440999999997,4.17526025,18.403603500000003,5.27513125,15.71268451625,27.12673670325,35.41676875,21.51368125,12.90957975,30.6744175,23.91458625,10.3361215,30.81856775,26.073953,30.0355875,31.5951275,25.179008250000003,7.438394,9.396228,21.83800725,30.84135775,24.1595675,24.54793625,57.9348195
PRSS2,268.1003435,274.50741500000004,1276.239336,124.644935,45.242559,49.860988000000006,41.533874999999995,43.36917,20.383288999999998,58.4561935,148.795737,72.34306049999999,67.2627215,29131.41803,298.16987500000005,117.07913500000001,50.89103,69.2141215,81.60849449999999,191.124494,549.02626,139.32939,95.0561,65.2595525,14.552998500000001,893.2057145,394.813984,628.9236695,294.5997625,43.950146,226.297354,77.115294,223.5184745,58.0677825,251.847985,310.0862,63.9918,112.1866685,126.87304499999999,33.7920055,124.75970000000001,29.15932,52.212334999999996,509.39932,300.88522,333.548685,62.172955,458.94431499999996,74.44764,67.625885,6287.28143,78.088155,47.22231,2716.6087534999997,92.06298000000001,47.695890000000006,83.9830135,65.796445,130.8542565,71.4510205,33.9353355,195.079676,34.3549595,124.372595,294.007485,749.8864185,43.413452,52.816807,68.927097,41.0917395,444.3768775,43.160848,189.359568,331.212026,33.661973,348.42661499999997,89.3134135,38.726238499999994,26.1794145,863.7352999999999,42.8153655,36.452085499999995,45.902499500000005,21.7665125,133.8987015,122.15155150000001,91.3433685,38.508351,74.156229,119.3421345,27.246005000000004,132.9695485,52.74676,41.046942,20.078222999999998,37.0235645,21.17907,51.0246205,228.518146,6913.0229555,113.74172,44.83284,38.2936835,49.2026485,28.7199765,54.2954075,25.3677105,357.968079,44.518355,46.243189,50.462271,54.9690275,78.701355,61.46864,43.715208000000004,530.23703,71.65882500000001,29.166485,47.36718,58.61061,57.941599999999994,46.60858,155.48879,52.60008,27.939035,162.039365,31.12323,63.377085,37.526015,45.4301275,43.022999999999996,88.72456,74.667835,192.62184000000002,63.6785,155.385032,351.8171165,38.1919925,34.30422,96.58404999999999,297.27117,45.2843975,52.533008499999994,54.8527515,46.0719535,40.746615,44.3781285,162.290166,44.2362555,66.7295595,35.081673,208.946498,104.9111335,36.018385499999994,43.1685005,50.1023765,48.8035535,285.916232,27.531508,43.9787775,67.209886,53.501822499999996,19.402405,37.916810999999996,59.857483,38.987590499999996,41.535915,47.38288,48.2261455,17.7346905,29.4841955,35.5471655,39.3700715,153.4575245,26.82607,52.6667985,33.482431,62.242962500000004,61.1501255,69.993727,81.794611,35.0164535,49.558108000000004,61.772179,67.70725,33.935414,58.1950545,49.958145,41.93886,34.132197500000004,22.335452500000002,34.875507999999996,45.744908,54.487719,46.441076499999994,48.789841499999994,54.326065,13.967394500000001,9.907202999999999,28.699150000000003,42.966417,140.3569655,59.132331,20.6408295,22.1668005,18.680976,14.553151,38.9673545,13.3407265,46.076201499999996,17.34666,599.8294355,26.6735605,45.6188415,19.585825,24.134503000000002,37.9307685,112.2142375,53.715469,41.4821245,22.943593,29.921202,19.4577545,41.492859499999994,37.214597499999996,34.231749,37.860819575,45.58493543,20.6084645,39.9119175,26.833935500000003,234.3646285,30.1104755,28.264497499999997,25.1909095,35.157165500000005,29.887653,40.971708,38.486622999999994,39.1618155,18.4043425,48.728072,23.473561,42.0475135,30.194031000000003,27.671626000000003
IL37,95.0935915,1222.4939395000001,57.8985785,172.8105395,204.31350049999998,27.6492275,142.44972,291.208433,32.150576,149.7985505,43.1102855,119.4345695,51.152879,49.7704055,35.520923499999995,1531.4371605000001,75.352777,194.425316,69.2663245,2050.5812565,25.4876875,47.301815999999995,20.9889835,851.2790210000001,48.201227,37.049989,54.507745,110.72177099999999,313.9132175,215.57505049999997,37.3041985,141.66591,20.398501,54.5115455,640.8153935,42.522045,67.006314,26.6683935,1658.331557,3275.742768,40.474031000000004,33.1136455,1141.9912085,44.424462500000004,135.5940175,1736.2012439999999,783.992246,27.6140525,44.8140485,27.904894,167.82740049999998,157.961857,1216.9182985,56.822471,29.227719,22.386792,119.4324905,25.803408,28.834388,141.60513799999998,38.1738705,5.723607,21.031652,7.399748499999999,29.1539115,53.010559,24.050283999999998,42.7406345,117.8290355,86.2127385,173.2297165,58.2432265,21.948984499999998,14.2572385,52.602533,31.493194000000003,34.9492085,101.714789,110.979189,360.1356125,17.723157,12.521707,12.6741855,25.693792000000002,110.6779825,11.6654755,41.641884999999995,569.633289,101.119187,83.143967,40.51824,45.6573345,8.774519999999999,46.470957500000004,48.490005999999994,137.2626495,60.235984,145.6127835,36.5803455,194.617625,163.432066,77.4835625,98.85135149999999,22.913681,46.633854,80.12186600000001,35.8151065,108.62458699999999,135.7161355,1321.2245235,51.306138499999996,23.8259015,160.068568,43.075013999999996,255.4563675,1123.1805610000001,71.393217,61.588268,35.4458335,54.584270000000004,32.365128,307.520867,126.08215849999999,148.0488105,167.3345085,72.68338200000001,82.470238,51.3897235,57.37602,73.3425175,96.6569975,56.3459005,94.3068055,166.52993850000001,35.644416,516.894567,71.7551215,156.003569,19.138937,8.9596125,438.43368200000003,28.0996365,98.473275,46.8317725,32.401356,34.709590500000004,49.7738805,123.57018500000001,175.6663425,46.4872985,167.1101165,34.327406499999995,652.9114275,185.35676949999998,69.033963,66.538305,18.047841,342.7340455,25.18358,52.2487905,60.7039355,75.229813,80.3466645,147.4273655,80.918757,37.078979499999996,37.934629,196.9675015,41.4382445,269.3800335,61.3915395,42.802483,74.777463,23.293014999999997,131.0903945,184.9582155,27.637054,27.430522,62.961017,34.9701155,277.425136,23.136553499999998,84.7478715,56.760532,163.029134,105.06127500000001,78.4929365,706.7677570000001,251.379727,51.421156,192.95892249999997,74.547095,57.5694615,30.573988999999997,17.0072475,170.365796,30.5346635,167.82091450000001,70.2137295,76.1749805,107.477319,59.9774535,679.6224569999999,51.112849000000004,19.623034,62.3412705,644.972245,26.9753755,36.200852499999996,92.45135499999999,52.1016895,172.655619,48.5736335,110.579033,32.729047,65.134371,141.4299645,25.978317,67.917862,100.670803,164.7656905,99.7597655,61.225159500000004,81.1946785,45.684948999999996,1275.43199,48.16195002,27.154640092,12.27848,21.0342305,5.068548,28.725607500000002,10.261786,14.7537655,12.962936,44.7357535,27.39592,6.2828155,21.071982499999997,28.8482825,15.470845,20.677746499999998,14.960317,24.042256,30.854382,45.227788
TFF2,17.55669,31.373166,6.664975,40.930962,15.359569,7.587151,127.414609,17.209648,30.340404,7.016138,4.874851,9.968633,16.195127,16124.8449,14135.61254,6.308359,23.283468,8.021219,34.448836,17.02606,13.61976,321.816638,15.948222,23.42878,18.101969,1549.33901,2912.795637,8712.089322,33.68757,5.859062,4699.129008,18.860064,38.163695,11.158895,12.765621,90.773264,12.922768,10.721911,5.588307,19.92809,17.998569,7.406101,7.870208,713.861738,8.805274,9.640604,146.412864,8661.210215,47.747999,20.648103,7.346859,24.564162,6.398557,13.168053,62.408003,25.705676,8.909328,47.470979,320.315536,17.932387,10.431314,38.685044,18.331731,9.44413,467.708174,11.574361,2.069761,1267.971863,14.595265,8.091502,3.142909,7.753421,18.248631,14.930346,8.075685,9598.155246,3.556497,7.075858,7.632826,24.29439,33.185565,12.714266,14.69555,9.251373,1742.150514,4.408431,7.457413,14.617867,15.980629,10.451705,13.19033,8.455993,7.229262,8.068475,5.825566,13.094268,7.987665,10.426291,803.466609,6.268027,35.824088,5.568829,10.844944,22.569255,8.891668,12.489506,8.349174,9.133103,8.045478,16.289863,3.539287,20.154009,23.914913,2.836411,6.604033,8.391561,13.284948,15.930342,25.397614,10.73579,7.547866,34.114175,13.936757,8.461815,40.178583,9.503644,16.056264,8.601227,21.227775,14.373171,8.263805,20.982527,7.390173,19.947455,10.078704,8.723866,8.642636,11.644219,9.629356,7.02133,19.636728,7.869166,7.327626,11.524455,4.917994,15.288533,9.915661,5.062136,10.915826,20.548614,9.28842,7.380745,5.305547,8.108025,5.378319,9.596315,4.941473,19.996804,13.483325,22.469124,15.530513,4.71432,13.185655,9.276864,15.025797,22.460018,11.050455,7.66847,10.637016,11.302504,9.568306,17.966251,11.361489,11.76959,6.803207,8.137644,11.735484,35.943463,6.706933,6.861398,28.892663,14.957898,3.170597,16.638771,9.039226,16.04618,2.029827,11.479508,7.912574,15.375847,9.939383,10.087129,40.987778,15.069454,15.77252,10.211167,11.174632,16.380806,8.830555,4.866366,5.51645,4.73305,81.967431,7.770866,9.973314,9.816785,6.452058,66.379215,4.027098,13.347867,8.597675,15.86667,11.504671,15.365977,2.170525,8.583109,5.555217,29.175207,10.001222,9.246951,16.586566,26.968482,26.28237,10.69027,12.106765,8.730014,22.7749833,5.082377852,10.977654,8.677428,5.994609,5.447936,11.422906,4.608371,4.815729,4.624991,4.967346,12.023702,37.690177,17.314826,8.133906,23.543057,5.849155,6.854212,31.300466,6.055048
PPP1R14D,87.77635,147.52993,103.33096,170.24093,155.93616,293.88531,69.60839,51.26724,41.45579,56.96272,121.00444,83.31035,787.85963,353.25784,420.40433,1333.03717,142.18909,269.7277,131.82111,32.62287,48.98453,150.97789,100.10204,939.97511,102.51707,547.27045,61.76612,69.31952,245.15286,104.62363,350.18465,152.36127,167.37103,58.19693,420.59546,251.7306,72.75984,91.87311,2402.4107,599.12594,78.18583,239.87306,2359.85676,299.62382,147.84035,2849.54254,986.42131,652.89641,60.45933,165.90135,96.08617,586.88048,779.2426,56.9476,55.38604,84.89546,239.65192,127.49933,113.44107,975.91832,74.17842,1375.44768,58.49227,635.0443,97.52649,71.03877,38.52473,37.6811,71.91266,105.31409,81.64011,56.87015,92.68486,39.77249,329.04948,323.50284,82.73167,70.9126,116.28654,97.42591,113.81892,28.08691,79.39429,77.82455,304.07423,54.5626,115.0116,99.02144,142.12788,23.44126,798.69438,122.7543,101.31633,616.88723,82.27234,103.78959,192.13895,60.91867,59.78291,2174.69153,1862.26534,168.96946,112.2628,1236.84974,84.80602,100.423,93.01311,84.12091,137.37575,69.85717,80.09832,82.29906,48.55028,67.46229,637.61495,166.12492,55.3869,70.8021,372.45552,248.35995,218.04566,705.97891,80.55811,189.51272,86.32468,56.51341,96.59991,123.3548,150.99427,138.88007,57.8685,64.85332,466.26468,413.30614,70.18949,105.6993,237.36765,116.6971,72.09968,144.47265,922.24399,78.99401,88.83321,140.84538,80.33915,88.19553,49.11581,78.07813,94.14095,57.14966,111.69786,94.5956,284.00084,35.95524,111.55624,77.72301,65.37828,62.98992,134.22466,76.05078,108.2382,39.80891,105.00198,751.19069,89.39817,44.16585,114.972,80.16626,53.72615,99.56821,65.28272,59.66088,129.42596,235.77934,44.15899,73.12717,480.45321,100.04538,72.81793,82.0049,106.81123,50.91392,147.92059,266.36355,114.10455,48.93469,104.16186,81.23736,54.02969,50.08454,158.29136,51.9496,49.59324,68.14178,110.87992,87.53176,78.25872,383.59552,82.47783,91.27517,236.83978,41.08343,214.91643,65.39299,82.62962,386.75408,19.64548,83.37213,62.06037,103.33123,59.79015,91.89588,105.89884,97.12101,97.80466,112.18924,177.89296,72.03498,92.80128,81.94603,75.84476,36.10716,54.22645,120.86301,47.12704,82.34413,55.4484533,64.66935765,90.75797,74.63575,47.37854,92.60827,66.98406,48.25752,58.6492,60.7399,77.76166,79.90675,50.12223,96.31162,11.05266,39.92104,55.35696,42.92774,74.78811,115.69207
VSIG1,34.884591,193.3666215,959.4167755,48.929328999999996,864.2618995,2298.916393,405.868783,209.2235155,33.391087,185.300797,179.10700450000002,79.9518505,1129.138761,16059.497482499999,3203.4643625,8512.823081,202.155292,319.27726049999995,69.5318625,3431.3517115,183.51380999999998,315.7858185,84.69401400000001,788.623552,1728.2784864999999,1531.318452,3098.0485280000003,1367.5249015,1211.2650525000001,72.498558,535.5430795,3340.401786,151.809141,39.7282995,1215.7925445,143.181856,159.6953685,142.229237,3755.3745790000003,24.5743345,83.4597395,2241.4232359999996,791.98693,656.6365205000001,40.198818,2230.025764,104.133426,2178.9260195,55.338683,79.1915805,1437.7003925000001,3618.1959655,1901.8823935,3727.73559,132.9819425,91.37251049999999,99.7262145,89.1635845,58.6892195,264.2478675,40.752411499999994,20.5085285,186.44562200000001,47.2799995,82.319858,155.468386,20.8937125,540.653489,474.205965,903.123711,360.043175,608.0236765,1040.2242495,460.254885,619.4557975,9371.7637555,47.601836500000005,641.1482175,4869.428045,45.2958405,24.275774499999997,839.7115465,170.02864200000002,1471.3584255,1418.4237875000001,70.6162025,70.26745550000001,358.6519975,822.838094,248.10149950000002,58.6651685,6827.251572,30.82452,38.967238,46.268821,1172.9170645,35.587753500000005,12352.9363735,435.93384499999996,7509.8188575,141.88910900000002,129.669131,41.3905595,68.84231249999999,294.600261,577.0434254999999,310.623673,353.13079799999997,180.62658800000003,91.703092,42.9783715,169.09700249999997,47.698481,53.134122500000004,59.45892,2690.6144170000002,48.8411845,1345.7378055,40.335532,684.4449385,1554.6777165,299.6822375,87.4495595,406.092629,970.4332365,108.272706,203.2471215,56.975412000000006,223.22353750000002,455.3518565,3278.239941,40.111535,145.12838100000002,88.0784965,27.338948,79.1775675,143.610623,90.3948735,69.8116425,125.5169015,1016.62026,71.7281535,55.329609,652.5040485000001,477.6168355,44.834725000000006,60.4271765,801.6293475,837.9878544999999,422.836645,270.21189549999997,27.2826295,157.0862645,137.54654299999999,121.1766405,37.634766,29.466696,1616.570754,386.93024199999996,456.9126655,126.8762725,709.21488,31.7714695,53.348321,1538.2896285,26.9363095,16.3156345,133.088001,106.864778,146.2291245,686.112255,36.305870999999996,1464.1918580000001,82.1661335,170.36346450000002,64.92994350000001,69.85284800000001,64.288747,181.29287200000002,80.0182895,44.981832,35.350804499999995,293.9590225,387.315873,242.858396,80.242041,128.708668,73.996337,487.0557325,50.074588,193.07524800000002,105.4922095,1303.862611,62.733376,21.602019000000002,44.9935385,33.0628285,89.5801635,64.052805,691.7656375,465.4906735,64.074153,208.07056899999998,31.0249545,55.3231095,306.8309105,113.259732,5903.8431645,94.1826165,119.0651605,300.2323375,65.9556585,23.626686000000003,187.044437,83.2485415,25.97721,127.243091,51.904134000000006,47.372265,15.584866000000002,35.7359465,991.4128055,206.698819,74.2550935,159.9306775,64.5634595,351.945394745,16.259287097,23.7662225,23.6002945,21.6934545,31.7527035,146.9262885,21.212614000000002,32.810976499999995,30.049045,40.728682,25.670807999999997,26.4286885,30.813087999999997,97.78442799999999,476.44487399999997,12.321873,55.521133,3414.255046,83.2541995
CLDN6,32.5858425,38.428317,24.459767499999998,6.708477,7.1597,24.724173999999998,24.997999,7.0597,31.200758999999998,26.926603,17.139873,34.6704685,783.905385,14.8237355,23.115690999999998,14.5281935,26.4525955,68.25645750000001,10.877549499999999,27.236449999999998,31.715433,16.024898,59.93249,31.057723000000003,118.2833595,8.0893725,6.0390565,29.0584805,32.565922,6.5430345,27.136657500000002,13.9768575,14.5792015,27.132075999999998,29.964986,19.471574500000003,8.008644,53.966824,29.1525855,399.7626225,30.2398455,16.835769,24.966333,8.662959,24.368796000000003,19.666648499999997,25.4212675,20.991319999999998,8.758945,52.906459,28.957234500000002,30.464865,38.064843499999995,21.583863,18.005854,39.4577575,32.5517515,13.680986,28.4116915,10.528513,9.275638,8.498106,12.964516999999999,5.844377,27.3433715,28.658428999999998,7.903326,11.404034,22.069163,9.0908275,374.06213950000006,21.628862,27.446856,23.624719,49.9589575,41.054081999999994,23.305762,20.289766999999998,13.3218885,4.9443285,10.112438000000001,571.298641,21.8734635,25.565599000000002,31.99195,9.426785500000001,34.5422155,6.9097029999999995,25.0966725,19.968273,6.3783845,12.7105055,5.3969404999999995,14.6266555,19.8309715,25.802392499999996,17.976976999999998,30.351959,6.4631055,19.0433855,22.804136,23.199649,22.4470865,14.7094645,56.061696,27.787437999999998,17.895608000000003,20.083279,6.5288355,27.110038000000003,31.0724365,28.2969915,33.941618500000004,7.43428,6.6903255,28.156191999999997,21.997674,28.3603895,6.724593,28.657487500000002,7.223014,39.158189,19.906876,169.8197595,28.829266500000003,22.269551999999997,12.489548,43.7995175,30.5562205,6.993783,35.024005,8.403602,25.770886500000003,56.341942,101.9884275,15.727255,408.810929,20.7308175,328.23677799999996,34.246729,52.355025999999995,18.196985,7.1579025000000005,19.121323500000003,29.5877765,10.8330635,24.883479,330.2119345,19.7661325,32.354435,14.8927405,7.374999,22.2996625,46.568211500000004,10.6575035,6.7443545,7.3269555,40.0390145,17.7405795,26.156188,8.6792975,29.872839499999998,23.2252135,44.798798,7.127149999999999,35.729475,17.228203999999998,9.0624445,25.239611,37.899793,30.3437835,21.101464999999997,30.939411999999997,57.3762115,5.5176015,20.591273,7.6867135,64.342075,22.178176,19.137012,36.0048405,16.636615499999998,22.010396,10.742178500000001,10.437235000000001,23.636645,14.414633499999999,16.457972,18.7235765,33.799391,91.9009645,26.6170435,14.240347,14.427105999999998,23.325133,21.125569,32.850297499999996,19.615742,133.203201,63.0418995,30.518935999999997,66.8908955,66.8220935,26.165910000000004,23.027555500000002,11.572040999999999,7.6682485,15.730482,11.522245999999999,43.468867,62.967639000000005,12.8267225,14.811616,5.4940809999999995,27.865443,11.936387,24.420171500000002,33.962539,18.743444500000003,29.5448945,8.6618355,17.3556695,14.0500385,7.851468,44.744997,10.430349499999998,13.776216061500001,26.591949295,18.846085,15.763289499999999,13.475074,4.5645869999999995,5.5492595,9.515624,6.6917705000000005,6.1504835,6.9596374999999995,19.0635265,8.5728095,24.549567000000003,18.9946775,11.9763675,22.6798615,15.787724999999998,13.82197,9.740228
NAPSA,37074.41891,21868.9934,28806.13457,19814.2746,25373.12732,15230.91763,14692.9667,28759.8275,21750.8018,21264.792,21704.4247,14101.73236,10254.44258,10431.758,4209.918,23106.957,21903.094,22982.98588,2862.88987,5025.56521,2497.8883,4048.108,5418.993,19096.944,22226.7859,1455.961,6503.45,14417.706,14622.996,23959.443,4372.2017,15615.77895,10737.81963,104.20505,17416.418,2773.7433,4876.834,7976.52945,21392.2509,9899.73626,11869.6204,1490.342,14694.115,6691.847,22062.699,21502.968,7946.164,3569.798,1801.906,8512.266,9822.906,14622.172,24483.406,18348.796,4214.676,23510.907,22306.579,23511.6881,3085.74568,19285.89334,519.81178,20.03595,12001.74788,2257.7017,1510.4697,19645.03355,15971.01903,12607.359,12278.846,16901.098,22332.327,22924.937,3429.404,6026.381,21045.055,1874.882,762.1879,20336.785,18727.079,21947.92,14215.897,6923.637,11402.92,21371.722,10705.93,9122.447,19727.942,23514.543,3905.165,7765.865,8951.491,22263.22,22242.7395,14868.3894,21644.6652,21603.1842,14864.2711,25781.9888,1426.3206,26081.80501,26408.1168,31454.4544,25757.7641,17241.37173,25214.80231,24592.71428,11706.49497,26317.74026,25035.7617,5388.31131,25885.0369,19097.81523,29166.124,27118.885,21981.448,27780.073,9725.83,24862.378,8318.224,1445.393,24563.596,31009.603,13722.97,34830.948,30831.886,11250.764,23557.716,31417.052,27243.438,14505.27045,22643.0718,22883.8288,23133.4688,18863.7752,99.9916,27516.64308,21693.98824,18182.69379,11513.9582,3472.7168,26163.593,2752.464,13296.426,17677.923,18007.516,22912.873,17229.835,19502.629,21836.179,23570.501,21902.314,21799.511,20792.695,17967.027,21379.796,10964.593,21932.3605,10045.2336,23971.023,25706.758,19531.112,17191.169,32338.356,11503.927,26801.11,20642.049,22766.756,25480.7268,27924.33,11581.164,27457.899,26939.201,25502.179,15110.373,27519.052,25910.288,7584.818,10541.758,15573.463,16467.931,26531.412,22912.8312,25861.042,4263.048,23604.689,23163.782,24540.35,20437.51,23285.195,21803.996,17801.826,27406.428,18628.623,21926.697,14138.699,27229.432,37039.382,16892.081,32760.416,28086.141,20563.981,21262.171,17157.133,27711.561,25842.2141,12268.7905,21416.5025,27338.0573,18365.8847,19926.3462,19091.141,28906.5337,28638.1726,24478.7094,24164.3282,24922.1796,11830.5009,26313.7615,25097.7127,22078.4927,27512.0305,26031.3173,26044.3031,24079.3966,17579.6706,22525.867,18245.5122,15907.7043,18102.448,12024.266,14940.351,12370.898,14491.534,16870.042,17612.652,17195.567,15375.576,8156.227,15530.056,16724.866,17227.683,11174.959,16065.008,11921.741,13314.937,12000.686
CLDN2,3245.69785,77.33328,113.15369,134.11004,66.0433,37.56687,88.63601,42.52102,7.626036,84.271786,31.540699,142.25507,24.60222,193.01905,331.61858,110.71013,193.16975,34.38782,56.43802,45.78478,29.36833,320.2072,1258.96157,22.81392,1596.552127,318.45595,310.46649,1485.706635,29.831904,39.38988,1263.098337,118.2162,111.56005,67.77114,138.91866,50.96485,59.60244,166.63546,67.00149,119.70149,304.10068,30.28878,29.03489,405.88036,34.97546,69.28992,54.95209,480.03553,58.53709,124.7134,189.08588,71.58777,34.74821,192.30585,91.54781,174.29093,466.168,261.14065,52.72647,155.51009,54.30982,44.60934,99.72419,82.54127,192.49394,130.56843,35.58683,241.11558,565.63197,1024.640468,147.225888,764.24533,119.43752,82.63921,51.79822,877.85453,262.976799,66.87041,2031.515623,214.547611,182.05086,17.49181,53.61856,141.47446,2322.13921,165.503795,181.24343,553.5915,6.258188,141.760119,51.72908,81.5796,161.309508,684.044307,51.162145,190.03259,6027.380882,273.863584,330.929822,18924.66808,5822.35725,91.70178,295.83137,398.29713,160.49585,62.094,32.0381,298.17605,243.69607,43.93446,100.19676,41.14773,540.45513,49.09516,9005.9923,104.3158,297.3873,84.50615,804.45043,24.01549,4995.6845,6117.45076,483.90031,285.1423,1164.13683,10.68225,27.71791,7907.38905,176.53103,292.7811,172.66773,355.50079,104.67982,1407.94228,14.58102,1174.00842,268.34198,788.67484,446.35829,26.47379,1076.72519,67.10542,785.894852,59.990819,164.22276,42.22011,527.231978,188.297349,4990.68039,229.03235,225.03341,38.8804,176.69432,399.31612,133.47263,285.55903,30.438781,26.036485,263.48066,32.91014,305.4603,126.67021,66.14788,2235.79547,3279.44401,40.900931,42.05904,360.377493,6517.881025,144.048749,1755.633643,596.95896,286.278265,223.112844,47.10399,96.57745,159.37784,77.55846,233.9006,254.67751,145.26,113.297119,478.46379,27.44627,67.71117,531.392734,136.251857,190.590136,13017.66027,1641.414448,57.439001,2048.12635,66.788772,638.547669,52.915635,2427.64088,304.73336,48.91566,11642.61421,421.66634,48.20945,35.68211,145.60337,239.30586,270.590456,14.613448,48.039921,5656.237499,131.609656,215.2074,1068.141818,1972.472314,58.088577,2068.40007,152.270431,34.616196,319.781637,1005.352199,62.747371,835.855864,731.400582,333.966986,247.615804,53.990379,61.749849,301.469949,76.33228718,77.32017425,41.84018,63.75672,32.95234,23.91324,42.7003,33.61342,56.67951,60.16028,54.71212,72.48602,53.64981,42.86632,58.10233,94.25069,72.71466,48.10086,149.86622,57.75161
GSTA1,508.24669600000004,196.92754,201.773715,131.58572,355.911644,1538.266893,507.51162,371.96413,193.56705449999998,827.4235114999999,202.62418350000002,831.541051,123.5139795,360.24409049999997,3095.2756945,113.236569,181.3109185,143.7527005,163.12392899999998,106.8540525,196.27605,1796.312455,194.76029499999999,188.896785,562.0441539999999,234.53804000000002,1293.71455,358.786897,125.382744,391.896875,229.06953750000002,236.15720549999998,177.554668,110.0887365,209.22172999999998,281.06721000000005,622.90462,771.238476,316.841955,830.8136045,215.29002,92.25059999999999,115.174829,323.7515795,113.77926500000001,233.531351,162.156222,1981.7526739999998,1115.28601,206.411137,269.8210045,383.78602950000004,551.658535,183.15424,1738.8404815,1625.4103055,402.812745,420.28045499999996,370.452893,405.1928335,168.4360935,124.38072349999999,1063.836691,181.505095,103.28322,264.4213295,294.9235595,383.1956,501.170245,1108.562554,1024.077895,330.82288,194.679586,384.96994,529.473815,700.525355,2058.422931,1366.6939650000002,2238.1677765,208.349006,2230.73643,106.65874,173.05460499999998,351.976765,422.6749,362.249907,164.92672499999998,1304.42537,122.654386,193.124354,150.250869,934.36169,164.61120599999998,207.472159,209.30532800000003,1301.5270985000002,411.126619,406.33721349999996,1379.6512535,195.5498515,146.42003,1370.76669,100.9167475,272.0396035,633.9891285,276.1598565,221.0222235,474.688406,365.7051,162.266228,1020.30862,229.48686800000002,142.04699449999998,855.784596,123.350235,753.0275459999999,170.08319999999998,253.6247195,149.760201,106.62576849999999,1658.4822115,1059.5715235,1032.6712065,915.8549380000001,358.5642085,591.9931144999999,375.8903575,321.14571,212.273612,443.01486650000004,254.06378999999998,471.773695,423.108,1365.299735,104.54327500000001,955.767217,839.7533774999999,585.4605525000001,2239.755235,178.66514,573.4385075,1196.124815,939.1473065,141.480569,787.548665,1218.4967,1391.2088585,501.590684,628.9046099999999,2401.5523399999997,208.77273,1578.142585,422.895765,1111.46029,942.823435,793.500865,608.2865585,169.51352899999998,410.61261,702.2340999999999,185.183755,161.29914000000002,113.721496,123.763265,1150.598995,427.238285,388.779105,1112.2444525,440.6910235,312.8448105,769.0886975,1099.53051,290.421989,211.56773099999998,4141.3575525,1370.850865,195.347435,254.700955,627.192845,397.97802,167.595525,338.2538225,1303.961965,516.66304,729.8194550000001,637.2002130000001,129.603084,273.15945999999997,613.6712145,681.906785,126.781573,744.433755,420.3837625,103.98302,223.73744549999998,276.52564,500.940295,215.23109499999998,486.407895,1769.11196,329.94219499999997,1866.4752700000001,324.77554499999997,6429.003195,305.634912,369.750318,315.360615,990.714219,250.1974485,195.865142,628.8715145,1333.5476245,254.0374895,1126.2824705,221.84538450000002,84.62490149999999,516.948132,2337.5370190000003,1021.2419305,223.4081635,1132.092695,1229.261128,359.4330915,547.0320835,1014.880598,1117.4217135,171.45790495,368.02757905,194.52143,174.10781,361.815925,333.15898000000004,186.582015,165.22693,323.16613,247.13672,668.61896,265.39554,612.26574,121.840205,151.894885,1024.164405,489.738115,232.386755,1239.035555,995.875735
SPP1,3140.0945659999998,8703.455193,2844.8136999999997,6710.804377,9627.492274,4914.452954,8225.747814999999,6114.934756000001,3929.22599125,6560.1405613,9333.76462095,5062.28203,4384.9075515,2249.1960705,960.621729,2164.787138,9800.936508,621.0047055,2607.2028505,11920.0728695,1619.6497960000002,677.321202,10795.7094135,6475.085913999999,7434.873293850001,11517.139545799999,5059.41268225,7044.57338445,10729.12318575,419.7753027,2377.1454934500002,13496.9213785,2854.584297,13200.5161295,5337.0214240000005,3444.9646165,3200.373729,496.1755655,5527.658441,9081.119532,1462.93046,8316.873575500002,9472.887046,5151.592519,13113.692357,14251.8787685,8722.3842055,8563.4642015,6201.994132500001,10632.645529,6746.037088,9878.6619465,8583.5690895,9725.707883000001,571.7021545,2911.0134895,483.60891349999997,4609.6607825,2658.744667,6286.318514,8757.8439195,8764.182784,476.79718249999996,8022.399931000001,6072.694430500001,4174.5033365,54.0067305,852.7680415000001,2449.3614199999997,3246.67032325,2629.5293477,1764.7997188,5312.3694877,887.8455005000001,7614.626915,854.13824485,9613.235345000001,5440.8596314999995,1028.88539045,9326.6582416,989.465318,9706.710767999999,180.96723599999999,523.21015,344.03272699999997,850.2378934000001,3355.2647715,6978.986142,4283.75782965,4912.756426,10365.9365075,718.2395498,2300.3136414,4582.8472168,268.05978785,572.1330899,2240.5756059,3732.7503758,631.5628316,6274.1839025,13875.1152895,5000.652292500001,8880.8191745,5864.9335785,7787.2041075,7970.0004595,8995.771693,5168.239487999999,9667.257844,11093.98943,7482.2352335000005,8233.1483695,4894.832375,6422.793876,1262.3018336,9254.045479,3978.6312825,1359.7826315,6869.5769549999995,6115.549435,7743.6062535,6727.1684865,559.9103554999999,848.3465175,2112.2256955000003,12029.750281,2089.634651,7925.206139,3764.43801,5028.2327965,5936.717891,457.284691,5706.9975595,8238.778239000001,2568.4941165,11494.6386225,7418.804995,5820.1029695,2808.5107340000004,8505.329835,1436.873034,2002.28017,4476.110592249999,5385.0136665,3552.082249,527.3604160000001,4309.6740921,1074.5752274000001,4546.829247,3103.7199635,1044.4294571,655.516305,431.53250655,1584.881756,2393.8308770000003,678.95851045,825.81264745,8517.47305135,3342.0520645,254.65638750000002,1651.424927,119.74432250000001,305.0921075,3133.0063744999998,1838.220886,230.5494708,1966.96561475,2687.7600567,2276.8971489,163.99104985,679.0045374,1885.484627,1451.8296226999998,7744.654910200001,1898.36457,3105.1754945000002,4125.974448999999,1460.4182755000002,5289.0849395,327.287291,8028.2955565,102.4014809,8556.4140475,9875.857375000001,4625.9047585,1433.1622459500002,5160.8106487,8897.050188950001,4831.2673802,2829.2941644499997,5758.6246916,976.8132585,319.48791969999996,1130.1892123,324.181825,164.7135515,1920.6180829999998,3444.2638709999997,265.63804715000003,2406.78777815,5098.9057878,3749.43312425,1306.1360943999998,1822.3731979000002,572.5638434,6155.71363285,1545.6483669000002,50.5460778,335.09333784999995,5938.63334115,209.0961933,1520.8009549,841.45681825,2597.0662019499996,535.2825758,4417.8406537,7911.62420045,7601.91355795,1415.3310608,606.7759724,2403.7020016,2777.88380395,1086.00640135,361.16712585000005,2501.7311944,1474.8996556999998,109.700750645,70.91646567500001,348.39100590000004,109.15636094999999,59.15208935,469.9781164,4220.5917733999995,120.08264935000001,79.47546295,162.14627049999999,37.61718525,69.2330805,77.1206269,123.61477645,69.70469804999999,319.5968067,3003.9118176,131.9296136,678.6449120499999,152.51035050000002
FOSB,14.91382,2753.53962,112.78647,154.71679,221.87072,2214.6078,96.09093,2236.40372,1728.74237,13.27698,3529.07626,9041.49183,44.55082,79.09754,91.23897,575.94954,116.73531,748.63165,116.1059,241.96621,758.26189,240.69201,1705.7555,724.64622,4489.25792,611.15672,999.93263,2344.46218,3549.45739,225.06492,653.61534,120.48808,82.3114,94.48754,103.70937,326.15598,181.00311,3673.90569,140.48296,2069.81906,2413.28915,176.10199,82.27199,301.44801,488.60164,4500.50525,91.06331,49.33583,175.71104,99.22271,951.95058,3321.3311,94.79585,63.76838,7860.21767,447.31883,16435.69368,1728.66074,240.21793,70.89159,139.67104,534.43678,1057.09844,2771.21164,885.30147,1880.41906,15366.02791,814.80614,10035.61719,8049.12405,1853.38623,6274.51556,4402.76093,261.10399,7305.07941,320.4368,5.23046,7231.03594,2435.86229,462.41423,8753.88432,290.00385,18439.02797,7895.83707,134.13322,13760.07531,5828.6963,115.10644,80.19133,5189.71686,71.56895,5309.89496,3124.7891,361.05021,11497.37254,4772.12923,95.82719,12932.39083,4188.13859,217.91517,50.47645,15.90001,44.78602,113.75808,806.244,282.74528,2752.45553,419.47155,35.03012,84.40952,197.48213,140.9752,175.25854,357.45219,74.62035,134.14656,14877.96954,9369.56723,555.29798,2093.86372,10.56513,140.60665,16415.6172,9247.53531,179.21377,1712.48901,1500.58262,2022.2657,2559.24517,330.26318,60.52351,116.02863,542.57676,130.2165,221.82693,193.72961,549.11512,292.55082,3625.26145,15384.46366,687.05221,12055.92738,706.10744,137.76688,5014.53346,20002.40574,2058.88544,17082.86233,1747.99928,5909.26297,7055.53179,6731.56994,16238.34217,9274.1439,1757.80331,16110.03386,2644.53171,208.33822,446.00415,13842.58407,5988.45181,549.06345,2428.61229,20.11385,29.52392,12683.04838,1445.85193,10275.54852,30.56949,8823.19367,2587.52388,10491.10789,16930.00492,260.12509,5481.5803,726.58804,181.85382,5905.86868,671.19742,229.20136,6800.1332,488.98365,693.8781,3054.24247,1233.44644,192.59098,48.2055,278.28628,120.65605,1564.65242,5021.85269,199.56314,3676.95786,7245.15531,1088.89252,5464.03207,4915.37411,1784.03666,784.39135,1629.63114,448.39401,187.76103,203.08706,295.00906,2716.14981,1049.3708,5212.58304,18751.81335,195.23752,314.67548,526.49074,1546.76438,384.5568,535.78029,1074.74971,2484.99169,1571.06351,3930.76461,3992.34309,11.31513,2033.02716,4775.60358,3039.2248,10641.05436,1125.39736,397.3189,4866.131065,1094.36583,6280.39661,1938.70928,1212.53295,16644.8383,3572.6436,12828.29893,1308.5853,18791.87491,69.78248,4672.31407,268.87899,1069.80825,12296.65849,13812.19012,9892.27279,6387.4865,495.13396,193.72537
HBB,625.0638972500001,1799.8755150000002,277.52183325,615.1322925,1751.3920985,1913.93810325,230.77449000000001,5011.3399850000005,2424.31360475,1916.4487675,646.9446330000001,1722.9420097500001,578.45932075,1087.2277239999999,703.570645,2064.31923375,782.36871575,1714.17630475,294.29499425,587.0519395,597.0718825,1070.01413825,2971.7281059999996,3124.456342,8366.13600825,1619.9568035,3769.597523,3901.18769,2100.6267025,758.17081575,1622.8478705,1113.7564777500002,2442.890497,2171.62173025,1804.6627075,1225.1002325,2641.8357925,506.772702,1995.26743,4808.3591655,2487.20055,209.033062,273.26140475,3411.81479825,8803.201414,3908.9485515,130.15501425,1382.72167075,897.3191185000001,2475.3847192499998,793.62416475,3927.8193555,276.02615125,1604.03826525,7610.322969999999,4641.043334,15407.32520575,1006.9180000000001,1070.12048175,2144.2863239999997,824.016335,4417.6962015,5376.6860830000005,8357.98619,2036.838675,2966.7272402500002,10762.86557575,3237.35415,15659.3362395,10140.4511925,3996.0275450000004,2938.97683975,460.6631325,3710.04753425,3467.15695925,1379.7349032500001,798.223316,9178.481035249999,11796.584745,4418.9788925,6733.77378675,403.13301524999997,12955.02971475,10065.683854750001,475.5599415,4638.24617,5323.2377975,1036.74178225,460.5898925,8955.6678225,1716.8183860000001,491.10724949999997,2954.21961725,3269.02618575,5655.780672,3459.70716475,973.2221395,5630.4194339999995,2602.1809375000003,1009.75459125,385.38967,1276.7983325,1273.01452975,893.2517324999999,2825.5068825,301.54174775,5411.321356,196.19027975,605.234555,372.2353435,3969.69785425,1106.2122545,435.2921915,2974.0314245,824.72896825,162.64355275000003,4196.604893,3375.9945055,173.64605575000002,3678.80347725,744.353034,2141.723653,19688.387582000003,10111.065149,416.49879875,2733.592993,6285.808816250001,2441.72999775,1606.41381625,4329.86669575,609.4139574999999,314.22152,783.7839525,854.92837,2312.1421775,366.45260625000003,1325.121973,525.01451375,1380.45723,3535.5745575,758.04581225,1191.7400655000001,12963.516975,256.29620750000004,6938.8316575,16229.47595375,1669.2066399999999,7399.631745000001,1672.9389855,7823.492053,3482.67473275,1004.076125,10134.85838425,10375.37266575,3131.08994775,8292.924706,6567.8772075,1354.1052247500002,241.14909525,4359.30144975,254.12593125,9567.89812975,3452.20881525,973.642413,713.21903675,12149.7032125,216.58995075,1969.3052615,402.4833475,3328.12419,2259.9787349999997,7783.7058865,2214.40983,2132.222815,9942.13297025,850.71744575,274.10360425,2230.3886785,2316.9816865000003,3693.8777705,3935.5539455000003,8109.766185500001,3620.4728972499997,996.59334025,800.5033035,1588.2424325,616.8874075,1356.4771,426.6764475,1052.858435,1035.532155,7459.968956000001,1850.9776525000002,3662.957875,19586.1437475,759.8185585,505.45335975,2048.48790475,389.08776,489.97110375,1889.523194,195.201393,276.7357465,740.21157725,9832.89780275,2298.63641025,6335.4656620000005,18361.6981735,1077.677926,3209.60576525,4945.778832,784.9991305,3479.6749845,1541.2205907500002,2050.76653525,5933.93999925,3944.55109075,5647.15306075,10430.32921025,1020.620066,8098.2165110000005,4901.55063125,4519.82201875,12693.99683775,8519.7004785,6049.7736187499995,14428.673122215,9243.50806998,5078.5020735,16412.88953225,7641.9259805,11450.6492665,14990.197800499998,11836.38699575,10867.8064235,13010.04084075,15076.348530500001,16052.56320825,10735.82943275,9656.80927025,16071.71241525,15601.734330750001,10579.79352025,25927.49971025,6837.9105847499995,5722.66183375
CA9,248.66754,908.77646,680.58261,226.79994,563.82004,87.23965,401.49812,1183.8063,756.49566,157.01053,906.66465,119.05853,69.28892,588.71564,98.25944,172.77408,297.78052,31.4778,26.59415,150.99716,86.33674,138.42613,157.27421,142.49067,150.51309,2828.8271,1299.65705,83.25774,264.25691,50.80872,346.42561,707.94758,70.68763,170.24363,881.82019,245.17538,81.46929,112.11397,34.31442,59.96817,70.14907,951.98187,1043.40987,383.65384,148.43319,481.43896,149.07197,621.88036,83.47995,347.14239,272.59391,354.44729,105.3028,302.11071,29.98955,489.93868,18.63849,157.53066,73.92894,293.17577,270.55905,37.48613,72.08368,611.43983,80.19442,55.51914,44.2121,79.62382,74.85306,108.4255,105.86052,89.06871,175.21692,159.72078,123.56525,218.30796,57.95017,132.16895,137.63223,127.65553,70.26273,99.62204,93.121,78.83562,128.73157,73.78668,90.45764,204.2794,240.91375,89.91987,59.6598,56.46349,134.09157,1913.865,82.81785,100.99575,129.14198,77.5935,109.90921,3613.97597,650.44281,212.48039,317.58918,68.54652,183.51401,303.24899,344.87299,98.78108,81.27512,60.78673,110.83532,752.50321,146.50086,80.5306,66.65896,755.67666,98.65931,47.56406,2323.7551,401.75048,470.36215,438.44675,95.53578,44.35335,70.02588,157.84498,379.18352,87.44565,120.41543,256.20588,77.62464,90.12484,140.73887,196.00233,71.19366,457.58923,89.58026,450.14051,63.20991,302.4687,271.16698,88.4193,91.33115,166.61488,57.31827,98.34213,53.18531,92.10128,129.36353,76.92485,102.99246,150.60569,66.21908,105.93271,86.51093,33.4514,56.73452,755.24306,103.23803,103.04939,121.70738,94.18572,52.23327,236.21275,102.10538,74.32957,75.95809,88.77477,94.59972,113.65717,22.25431,108.22144,117.53552,218.34498,18.64988,91.47132,1315.84144,369.94307,71.89456,51.13962,618.94512,88.46814,69.94958,167.39071,77.33909,86.4101,80.47514,94.89792,96.18315,115.76076,167.81719,64.33118,93.46432,71.69311,81.68466,105.50286,79.74402,108.13755,109.19591,74.81153,66.79072,93.0037,63.43916,105.24857,114.359,112.64064,54.52357,239.27066,52.41928,86.85888,72.91149,260.50988,129.83315,137.24847,71.32523,135.53609,211.24828,366.60305,100.94035,70.30361,104.19125,72.71838,22.43526,104.22294,42.56578,61.9027,86.58587629,35.55329602,74.40095,83.95335,60.60502,72.41148,74.82933,49.73549,121.69344,57.00985,77.15433,43.32066,81.69797,73.27142,71.26628,104.7135,56.39999,80.12506,135.17661,101.38713
C4BPA,28279.25343,3805.1255,7266.77752,20125.9735,10398.40081,11577.88435,9165.6149,22056.3982,4344.8287,18277.6142,15847.4446,4286.51772,214.96876,6960.6697,9234.1353,1643.5187,17333.5211,23458.25866,2239.00157,860.21873,4313.5668,7424.81733,6016.70056,2057.45297,9756.4614,1638.284,8779.942,7500.3581,248.4371,10095.353,13246.7949,1308.66666,9148.78221,56.54287,7442.3502,9749.4445,3953.4798,8321.50276,1374.7607,1289.29768,14442.075,116.5586,14564.2933,9329.0405,511.80949,2344.683,553.6526,2865.6516,806.0971,7068.7609,1700.3888,7070.6011,434.8483,1370.52446,6264.3201,14795.6201,10522.39994,13471.5209,3433.42022,2512.01582,913.55117,2003.72418,9029.7759,4842.2455,1533.661,15723.91802,9957.54981,9594.54338,12844.16824,16082.5419,9913.0962,1097.21,2691.1482,1370.023,12644.15,2548.282,7048.7707,15238.2577,17025.5986,16178.2092,8257.52074,21.21845,8500.85731,25261.62986,12872.75679,9753.6786,2647.66927,14492.83687,294.2075,3168.7544,5172.4544,17107.189,15947.9925,8399.9234,3959.8213,10836.8575,8127.3966,16221.0497,2165.5068,465.52771,5945.6816,26402.8953,6019.84184,3638.35698,4792.68064,3233.39636,7455.24328,19927.93643,11132.6131,3050.38707,15868.3614,13426.75519,25483.4539,9471.6504,758.945,23814.732,11273.2308,22905.874,4721.9826,449.7785,19437.4441,11900.6572,18703.9926,4777.257,23217.67,9546.2706,5087.8435,17528.1149,2034.1137,20063.52923,8001.5056,12175.5052,11480.8259,4293.9803,316.8164,19093.58296,7333.16652,3177.58329,7660.9814,3558.191,21446.3685,2746.39736,18117.5738,100.761,3108.01807,13884.25909,12442.0938,3568.732,15900.0284,23389.713,18928.067,19037.719,15594.816,4527.50222,15382.5821,6281.166,7427.1911,131.8077,11263.27886,18706.19152,1246.02064,9722.17804,10764.2789,5079.33635,17364.0269,7538.2314,15810.21,16858.414,21997.3267,6139.9054,16865.8784,18228.93276,24886.8655,7374.2914,21312.5849,19001.07039,8024.32817,18094.94647,6168.03652,12079.6703,11313.22716,5125.0321,11620.41124,1167.77573,4658.50341,16393.5707,15006.4657,2986.4913,14819.0505,15632.9029,1031.5006,6283.9966,2227.2958,3544.834,10769.2927,24097.10364,30028.85,10802.445,5595.47,24577.79,7731.771,5863.11,10211.949,20793.331,10647.9948,1180.1986,16364.7351,22707.7257,21600.8068,1708.5457,13293.5202,24222.7511,16776.973,13716.3025,12211.7814,20047.7897,10035.9146,17335.1347,21691.011,16015.9198,18855.2682,17269.0839,10238.2642,9393.8464,2175.3995,16992.4307,8314.641551,11737.78611,12971.782,9351.357,8036.139,11300.077,8788.818,9608.82,8599.193,12858.499,13301.136,2398.505,10449.88,11225.025,10448.908,5518.396,15174.364,11750.53,4925.981,6679.568
KLK11,5.939913,49.413312,74.487169,37.53338,78.71446,382.303,107.648995,310.080899,157.12817,93.67072,26.87192,260.403366,22.333347,932.925176,2670.202324,282.859369,251.407646,104.520233,2361.748352,46.800041,83.405839,343.71012,171.32731,136.8098,80.13481,417.19364,690.58929,89.23664,48.90224,90.84289,357.53512,166.698819,43.411347,33.617932,75.574654,263.832324,190.613195,462.467644,53.92227,155.439571,87.595469,8.650282,116.270425,399.176059,1220.94344,179.423445,16.210802,2043.332107,118.428143,129.896054,35.690546,366.969849,106.144923,65.57477,553.894387,675.045534,1246.2753,218.202482,414.731686,2377.987873,287.683787,52.696639,417.169928,236.884162,8.351737,122.481862,185.150798,277.03016,130.06382,438.07617,303.76035,616.84201,22.72775,335.60854,697.77529,1240.60196,14.03092,319.88662,218.13439,87.98941,647.13781,37.50595,339.05624,68.56355,130.91005,283.28439,60.63996,703.33199,160.63553,329.83849,14.530585,278.52117,107.20899,27.70693,162.36943,446.02791,1216.59008,176.55171,798.01403,598.004166,179.829704,21.663838,52.774119,406.086892,245.974696,70.028301,157.369557,175.370963,341.567594,80.910991,64.3895,450.812271,116.203719,84.440066,206.15171,46.876751,59.277765,75.726848,239.771329,53.249804,214.986004,1188.571364,453.856315,109.907762,229.224612,67.127748,100.108427,189.036917,520.657074,63.611171,111.077397,79.306815,365.085299,2671.159316,95.778885,796.102676,200.879849,46.90515,392.209034,72.551877,591.124413,887.2951,609.61208,17.41518,293.86512,114.86619,262.89682,137.23821,19.58282,234.87888,69.74812,136.87445,283.65006,382.20945,188.91989,354.19623,77.747,73.24235,526.21775,235.41056,39.31154,422.63067,342.24841,326.2071,313.33792,323.74426,355.40747,204.96808,139.32405,114.89373,146.2746,43.34761,165.81837,209.89318,44.657945,635.36874,90.11586,383.94695,174.24508,207.18394,47.5339,342.82978,453.81576,145.71623,196.03673,55.44379,78.21512,147.7698,40.22647,1880.56553,115.8717,396.88475,224.5812,63.86004,283.9656,54.25143,299.350163,231.08234,104.52144,176.56439,495.8752,230.67176,481.4621,480.80995,542.60539,132.56759,123.17064,39.03023,31.31141,151.61894,682.72172,38.98049,402.66498,602.16609,41.6165,64.7865,95.63964,1528.14292,297.78091,38.79342,312.43628,678.60424,260.94529,992.42343,25.79562,125.50854,271.9206671,440.4364281,533.2038,353.75378,331.97118,305.82302,320.66969,256.84141,164.71543,471.7927,463.3349,261.76636,395.5751,289.10125,251.0377,303.46213,331.46616,216.19223,330.95822,277.77325
ALDH3A1,1438.80459,23.42657,574.1365,322.88722,111.82124,70.51671,101.532265,55.848382,39.50492,402.53362,355.79505,58.77517,26.23135,501.374354,206.116957,9.172034,357.035973,76.22171,66.91739,65.99223,50.324579,353.752474,7719.437913,68.685618,448.54211,172.70619,180.64629,201.79276,18.98455,36.82749,389.1967,5.66112,43.87656,167.63527,45.970891,5.319112,100.995095,200.46124,28.868988,42.72585,86.596759,46.791708,41.057936,151.553409,139.11115,68.519167,69.198041,424.091724,139.375117,56.059864,42.075415,37.266859,19.706525,41.766154,554.578307,551.487747,72.482403,85.820772,56.43019,74.48682,28.9662,983.56378,525.41981,50.05747,89.86535,113.5621,43.8936,51.40192,728.055624,104.77071,158.69392,114.81294,72.77257,144.05664,28.08835,2885.79114,17.33946,115.63819,61.12336,62.72721,1821.276657,5.160665,44.139263,64.863552,152.200146,70.28613,613.067908,52.279714,40.01611,59.21647,28.374825,128.16203,45.50388,65.98223,650.71402,242.59143,1635.94666,462.05968,287.6676,62.5018,273.034742,215.648986,130.67802,76.4655,72.96576,287.62751,57.00355,49.45076,40.316843,45.27069,40.97137,48.16931,378.873904,83.860937,18.91312,49.161971,63.686837,61.59215,20.562845,32.014372,166.729167,238.985821,130.007774,137.053139,1038.810491,306.584661,41.292924,29.911741,55.327375,88.87586,383.44108,119.910341,62.779133,41.857104,52.663097,61.7592,55.37763,145.12411,680.388586,19.261538,1355.753011,383.897049,191.062,34.14755,77.860932,120.933326,419.40379,419.11698,130.88213,81.32425,332.68578,754.20542,264.04813,452.904635,218.102063,141.54139,355.95413,18.95752,83.038604,98.083249,113.780504,43.032348,2677.705813,92.60394,182.583139,133.49876,70.39394,106.06696,467.46685,35.63623,80.04895,204.288994,150.09374,78.492,1113.133426,688.987784,55.826513,45.652082,342.74775,78.276548,55.999209,71.49204,74.940418,61.701728,61.050871,55.36848,45.16085,97.87217,596.4259,53.35486,43.8486,253.419551,522.75396,72.72882,44.2918,417.917505,190.856914,28.33351,153.82024,382.12842,44.45184,498.78724,57.29804,109.55082,67.90709,46.06719,51.1124,47.86902,1280.05157,59.24185,192.44721,60.13343,86.71859,76.52258,1569.61486,72.37071,112.53012,82.58575,83.03611,45.64096,105.58949,565.27339,47.61711,183.99392,93.58976,152.79247,53.48907439,61.32998375,74.27102,41.25533,57.8387,80.33311,54.28348,66.3853,42.01026,48.34202,47.27773,60.46155,49.55986,27.65197,60.20067,155.8293,185.52568,31.73195,235.38805,242.9524
PRAME,39.687728,9.402992,1.94119,5.426066,15.641337,157.815381,19.231716,16.627454,59.54565,20.485307,11.71192,22.722638,196.801874,31.888928,36.236543,8.999963,21.132614,886.59968,297.070994,3.571196,15.215346,2.337305,78.372679,39.883277,82.208407,4.708766,4.590928,7.425019,53.543631,34.086715,17.279916,4.781556,145.520367,398.469728,18.189837,773.178082,50.999561,296.44695,15.812602,186.54277,3.088906,796.392445,11.010477,46.713949,5.911774,75.977239,299.219648,85.920172,40.357112,275.290612,45.251054,19.759947,347.247874,26.285539,41.058572,37.956852,747.164455,20.291361,32.117348,8.798302,106.368503,223.040892,11.973741,588.554475,141.380712,28.271761,17.880953,6.963663,38.205761,41.766868,30.223459,26.958666,103.95212,183.133179,19.183666,7.903089,334.509779,22.641884,6.860712,13.251006,17.131346,150.109396,4.26878,26.126511,5.244702,8.83975,23.556076,30.985903,6.15409,3.122897,26.95931,17.65304,34.287165,87.90781,15.100444,31.124315,11.091684,17.672538,21.955116,6.507072,29.786751,213.669741,31.441539,20.734535,13.496061,42.137376,12.416431,36.620981,43.188731,47.109451,350.500594,31.350107,30.483737,186.191455,122.638571,37.223433,63.091055,24.130746,18.641081,17.389594,23.676889,313.51687,10.803984,36.471769,14.215257,5.826982,16.138851,18.004596,68.699454,7.30842,2.520116,49.438342,190.588931,3039.939672,362.842991,4.605511,33.937839,22.355212,280.856975,40.37849,30.47621,29.470207,12.197628,24.056017,484.353688,21.666239,14.713919,4.821156,25.036835,5.922605,24.678681,24.406249,26.95996,35.119196,18.106588,15.430891,211.041497,20.152022,213.572905,6.349735,16.479914,70.653473,8.943673,131.899238,23.758035,5.990683,32.070419,27.915592,5.129398,17.510064,28.102488,29.03566,37.937401,573.812956,11.88532,43.760307,4.79811,55.194975,23.460662,22.170173,22.988036,21.283573,16.662624,21.737698,3.233095,12.83069,2.055498,24.324245,12.742479,14.612281,40.652204,24.690461,15.619036,36.388401,33.56584,47.595392,21.775579,128.287666,37.554758,43.921624,28.87506,21.369746,1090.702606,82.515618,171.895437,31.241071,17.978657,34.562174,14.82683,43.537448,33.504512,17.127453,6.262541,34.592592,30.795687,931.154163,51.3248,25.421109,27.476141,9.578665,14.930133,5.812005,55.431592,2.979176,152.911275,9.935881,18.53125033,42.25908198,5.522865,13.784453,25.486301,26.097318,31.52308,31.948954,43.29601,16.728205,5.50252,19.56309,9.491664,29.818861,19.227181,11.295083,32.840027,53.157562,11.726135,33.076826
BPIFB2,68.404977,17.92496,41.49917,18.1898,47.929659,5.668419,174.44487,13.69348,21.39369,84.95496,30.22933,47.154972,50.04039,17.479339,42.998816,41.681615,2.931823,15.674061,119.434334,56.415965,13.36213,44.2219,68.05093,15.23027,1416.59163,12.30801,64.05558,16.40284,40.07026,13.01511,55.33409,83.696709,22.846321,51.395751,29.50714,17.75683,58.55713,66.738925,66.83677,17.044268,19.0809,20.882544,48.321557,35.632335,51.59616,16.395747,48.815215,46.965525,57.902119,48.468435,12.432867,9.905797,50.718885,61.26925,711.203087,21.070275,43.4608,52.792,78.029771,166.984405,15.288256,49.482768,54.448247,28.8169,23.46768,14.408962,15.620925,44.49796,18.63725,12.05113,29.73455,33.67937,14.37462,44.13848,25.82757,40.9261,15.43274,118.1584,63.56403,22.05624,16.2639,44.45228,25.68149,38.04466,35.1406,58.55579,100.03291,44.4461,49.23704,49.27107,10.216796,50.5371,39.35567,41.21008,33.8926,52.59037,21.14287,20.93236,47.49925,29.858635,46.36448,58.80401,11.762405,13.175544,29.666409,9.814313,29.913439,248.216526,13.31302,37.926467,66.69852,432.410147,97.984107,61.610206,39.16747,30.607765,8.636507,14.037413,142.176672,7.324275,27.642657,29.313458,15.170872,57.212129,74.397182,17.761499,23.709108,47.244917,48.882493,60.9679,49.9533,15.9509,13.84553,18.30645,27.16885,65.761257,8.638098,40.069505,69.82327,51.92514,54.91222,48.03182,17.18261,31.95274,54.24297,57.42546,12.86338,21.56805,33.04511,61.92707,64.29754,15.95863,23.67634,73.07471,21.12574,22.03682,45.94426,65.06975,52.4836,58.95613,22.07691,41.06113,22.032306,28.37935,31.64028,57.73159,39.47406,51.81364,24.46532,23.81767,27.84817,64.36202,70.68242,37.16926,42.19034,12.36726,132.87443,71.44172,49.49195,25.8704,38.97512,49.63495,68.88461,40.0296,95.39654,14.19352,24.82141,66.75218,15.56787,49.59834,60.15047,36.93842,29.35515,56.29616,21.9795,39.50184,56.274177,33.68659,35.61341,22.39255,13.62056,56.67763,53.53019,50.43477,73.52675,35.1515,26.99391,16.80371,42.65836,15.66759,66.2492,80.24228,80.15389,36.49193,37.80567,42.35295,16.32234,69.70807,43.60175,66.86289,52.59927,51.81421,58.30961,55.58686,73.3409,46.41233,23.89382238,43.03307511,11.40169,40.47581,40.83644,57.38332,16.48842,35.00311,19.6441,51.80383,29.2111,14.1251,16.87394,11.98779,12.69684,36.05298,14.96428,14.76098,29.99023,14.02159
DDX3Y,28.25550495,23.49790805,1353.943423,12.834229274999998,21.964636125000002,23.098533425,20.656269925,1218.81456925,20.907298,11.757286749999999,17.253042999999998,27.7321476,773.92000575,6.1108365000000004,8.712802,757.70817275,1465.2722205,788.422696,2291.2132775,602.6804195,1002.073654,2429.9095085,31.66806575,771.9401955000001,1419.083975,999.9127824999999,4.33429,2075.898662,23.51612675,9.18715225,14.71060775,1670.98944225,1704.8812835,2585.8210495000003,1500.9456587500001,1622.7621384999998,10.163120775,19.226205824999997,19.720967899999998,1706.9335625,1810.4244055,1028.0454220000001,1226.201233,1802.295346,1957.64478425,22.8383,752.969908,998.2831585,17.5232685,1374.0227875,16.2376,1405.29088925,11.16304975,13.05976425,2327.4095952499997,1627.339759,16.7111205,15.390529050000001,1468.01577625,15.257874925000001,1743.809031,1104.27930475,2110.15996025,1116.1585929999999,1076.1325435,2275.72060225,11.044339675,26.203151,25.522966,25.255686750000002,1813.37888875,2142.7184235,2410.425639,23.78201875,14.693245500000002,641.78846925,479.844251,27.51720125,1974.2036954999999,1456.3750855,14.52050375,1263.62181425,2710.79828525,28.174511250000002,15.884442,2518.402342,1155.56726225,18.83948475,1446.0097954999999,2349.7954375000004,1359.6172245,22.36269125,1089.75960175,18.59304775,1815.22718725,23.69324525,1574.5504660000001,15.70140975,34.04633825,10.5342726,1436.87430425,1386.7791617500002,21.480493125000002,1511.74330175,837.176665,2030.9059160000002,18.673319875,1004.2357422499999,1761.98429025,14.300168150000001,12.92378765,810.150715,10.61978475,2071.6684005,10.02022925,13.86680825,13.01673175,18.49318675,828.87272925,16.3047085,15.258372,1500.9287657500001,18.7101635,21.22015,28.393845,2516.1382550000003,13.402306249999999,25.9762375,19.483779249999998,10.596132225,1655.8690215,24.741983349999998,23.331676025,11.3259707,1178.91669775,894.92658275,26.792897225,19.126125875,2339.1669485,2406.3772634999996,2439.58375625,39.456938,1840.3486945,13.7022485,1802.00440025,2283.924855,27.09798775,24.5058645,1638.3832197499999,2772.7516122499997,1617.788111,27.431395,2069.18457425,22.00247125,22.02388275,26.944782999999997,1861.72101175,663.10722775,23.309753999999998,31.66381225,25.015821250000002,19.8118435,11.800110499999999,29.33189575,22.5475195,45.676453,2019.0829935,1428.9300227499998,16.76600275,2633.20487925,18.2220965,1722.386254,3098.5082340000004,8.6605485,1411.07219725,23.9636585,13.59287625,27.09744375,1921.7081132499998,1904.0351582500002,26.520797,1397.3912802500001,14.508977250000001,2006.21936825,21.20031975,14.245918750000001,16.397758,17.66170025,11.7343565,15.623643249999999,979.178207,25.2148885,16.03501375,28.440140749999998,29.05047,15.628692749999999,18.4111135,2220.234813,23.62000125,24.87532525,13.57737375,11.8439885,22.9487335,27.2054395,2167.67234675,1575.33055125,17.610609500000002,18.65000475,20.575886750000002,1546.4724025,23.0211045,14.28131375,2163.05703225,28.7228345,1772.42252175,1343.62674175,21.881899999999998,1584.24584725,1836.07565125,24.91147375,21.3278295,14.007315,736.9380445,21.691943249999998,910.6498595,1206.725651,2302.7248778430003,2159.7183376425,28.987243499999998,17.3827445,14.360201,13.54522725,2148.45067725,2887.843775,26.32538475,21.253793,2018.7037794999999,2193.055328,16.3338285,1911.95950625,16.58196775,3433.3231035,2659.105019,3756.838928,1856.79281825,19.39324825
GGTLC1,701.9643,235.8576,359.6623,905.2553,342.6081,358.4578,271.8945,503.5595,624.4462,677.5261,341.8549,420.1265,180.5489,847.8174,218.3922,409.2059,598.8929,463.7662,175.083,389.0202,162.5082,165.6534,344.6898,237.9138,3531.2501,232.212,249.2662,293.626,248.9675,592.2895,198.0635,341.0928,239.9758,126.924,257.2244,309.1953,243.6667,410.1165,2989.6932,454.2148,272.5789,468.1189,2905.6308,184.8427,405.1326,400.8451,220.2582,439.2703,138.1336,373.826,430.1037,356.5376,330.0693,528.2078,222.3742,1624.9219,2201.0554,289.6199,142.6091,341.2567,285.3769,274.5053,334.5671,132.2918,149.3204,582.6759,889.3755,262.3536,675.1074,875.5148,802.0123,2285.8311,163.9412,177.4264,1058.2967,401.8134,131.2307,2271.5497,1688.5327,1528.2032,943.2503,215.5372,647.5984,958.2652,180.2469,385.8294,471.7973,3293.9303,278.5583,219.2012,1024.6419,713.13,2801.0237,222.7058,691.6067,1708.4328,549.6383,1144.8814,128.4125,1805.3988,469.7617,1382.6933,498.4733,489.7367,1060.7047,812.8195,981.9032,2466.6825,614.9382,458.8193,775.7922,786.8107,454.5095,2130.1068,984.4893,2233.459,165.9449,4157.7203,179.392,218.4655,2316.3634,3329.6551,662.0645,2686.445,2314.2588,198.503,1008.1598,1581.2814,3122.9917,597.04,561.0255,1330.0364,717.1138,1085.1392,217.8373,1005.2954,942.3613,504.5284,503.7767,196.3415,570.3733,285.8025,2077.4702,648.4812,1156.3554,2123.7653,704.0054,2596.7046,833.6733,988.6543,1665.4958,1506.1373,624.5409,1404.2875,3695.3992,248.5045,785.8184,292.1958,4809.4194,1273.6294,1162.0203,715.3655,2522.1903,809.0312,837.8127,1265.5035,987.4829,3921.1704,821.8044,480.2859,2366.3659,2253.9684,978.3871,1221.2133,3510.0878,1971.8965,216.2159,474.1736,943.991,804.1081,1059.1723,824.9916,1953.2424,229.601,1341.166,2184.1246,1040.8246,1087.789,2081.5423,2603.8768,5134.6746,1919.1773,1767.084,736.6209,475.6919,2791.2494,3831.4626,857.4403,3001.8422,1007.9608,525.4997,428.9071,658.0995,1053.5898,1060.0684,370.6786,2677.798,672.2217,3182.0714,1421.1877,1697.7468,427.0935,744.7546,1193.4488,1646.5039,5280.4093,328.9511,1809.7657,740.818,3190.6863,1056.7112,584.6671,1542.6367,1241.056,950.8765,905.8323,926.2164625,1581.681726,1140.1884,743.5471,965.0427,599.7632,879.4159,421.2702,496.821,499.2205,1387.3159,414.6933,893.8909,1106.8968,653.6419,349.4961,811.8608,446.2151,282.5299,577.2181
MMP13,344.320463,2647.756246,455.034536,455.583784,1736.585317,108.209743,2330.329489,142.655228,31.945607,66.383368,290.104029,448.330059,1851.399676,31.484703,6.051544,2200.21904,19.224285,244.279313,105.141025,1675.897626,8027.38559,179.423245,34.665626,2840.31443,9.407933,79.146058,734.868441,99.175027,2784.734995,10.518996,158.127835,4902.634637,1765.683797,10.498617,528.226123,91.886676,116.533945,246.632046,1170.32398,684.579275,267.044108,1485.55158,1023.903576,239.32505,834.289832,683.535031,645.540667,190.552916,30.78312,135.501763,462.630946,1029.032843,3156.02181,464.118381,113.69238,11.155107,6.014482,541.517622,102.911872,145.151581,229.549581,5.175176,100.671752,213.786376,70.473753,162.128523,2.6181,24.630264,71.509742,88.943832,274.670746,28.935454,67.606801,877.694078,390.148828,25.579461,3.829986,507.631029,35.558669,3457.800383,52.698335,3321.110106,3.401884,7.518366,195.996933,18.732539,95.021061,226.633035,5264.502916,194.810718,5513.119404,36.770014,32.658792,146.458199,6.940277,158.970677,79.222045,524.96027,43.685511,91.788111,501.944969,5.088869,88.909778,234.671947,1255.579622,224.457767,397.014839,238.494324,126.447202,281.75441,28.335234,2447.646301,19.493811,40.004989,1442.955087,2074.949958,2.457609,6.231505,1217.107598,2572.590487,680.616462,185.648237,83.792757,42.654338,175.033001,69.818684,57.509121,48.813672,43.369872,290.885599,2301.021337,4.849343,777.134392,67.541055,118.670575,1583.768684,240.367504,124.803472,608.028379,829.195107,227.632549,193.362329,207.617023,2650.726927,54.953662,23.186251,136.021937,6.439656,652.255437,79.958647,41.466726,60.083042,136.048875,51.74042,135.769346,68.301139,4.031064,4527.837065,2125.869204,9.753114,8.101214,48.052847,63.055153,77.56408,26.451361,21.802947,19.241441,91.183482,4.047483,1540.071873,37.714768,25.20151,51.051489,13.774564,1.648153,1639.501786,2489.478048,148.84039,73.788026,73.876521,1250.512628,3.717951,400.70612,2050.828916,175.592098,33.340512,219.063051,85.928254,226.176097,36.131221,84.650226,44.282696,7.78924,264.889285,49.361893,39.722238,14.334377,249.270039,5.854444,220.670291,306.094827,216.053681,297.566533,34.576129,13.240914,2422.209914,42.73269,2.754377,4.317268,774.91476,6.648476,422.510771,38.939648,1277.909963,72.653076,72.908571,644.514052,308.722309,3.159782,15.355711,45.322713,173.829599,37.115392,14.163589,985.072338,321.395547,1.68592274,13.1282167,8.140092,4.777283,3.183294,4.12125,2.551724,8.560255,4.46828,4.201724,10.323784,30.918969,5.290966,4.170863,4.829634,41.510362,3.639426,7.534508,66.709962,44.551095
HHLA2,3.675823466666667,18.379292333333336,16.282026233333333,33.084710666666666,3.860309433333333,72.87734363333334,18.481558,17.790592999999998,12.371808966666668,6.704649666666666,7.857932433333333,254.79805626666666,37.28002036666667,57.176882666666664,74.132822,14.146293,13.134354666666667,14.7727255,8.696174666666666,14.682828533333334,18.866434,42.2239965,22.908924966666664,608.876202,14.287123466666666,73.00520999999999,43.64903666666667,33.523189,44.791188000000005,126.57714833333334,25.90377343333333,10.176673833333334,29.47140726666666,15.40410873333333,4.049036666666667,39.09834166666667,30.174142,35.92714063333333,55.607082999999996,227.85891473333334,5.982685,124.70721066666668,15.900998999999999,47.863202,21.066243366666665,28.83767633333333,358.08987533333334,91.63986333333332,25.647169666666667,342.69465833333334,23.720529666666668,66.063204,6.187069999999999,60.49801296666667,48.951382,22.293840333333332,22.394167033333332,24.638175999999998,8.275170566666667,22.608771766666667,9.8640986,21.836354866666667,18.582659733333333,19.259058333333336,10.307506333333334,21.25009946666667,18.66008916666667,15.494851433333332,6.1033727,23.303912333333333,83.28971299999999,36.87809333333333,97.59408466666667,19.679728333333333,89.47624866666666,140.069826,8.690452800000001,26.602473599999996,6.891967,21.23057366666667,54.41740910000001,18.641194733333332,12.949709866666666,7.999324533333334,32.18612866666667,28.041663333333332,62.0932544,105.46840823333332,11.648167,12.356147666666667,11.466371666666667,18.279406666666663,209.6905519666667,56.26400986666667,19.106933833333333,32.855214333333336,5.269349633333333,7.240051366666667,41.343802966666665,31.882913100000007,17.840357,38.389195666666666,13.181834466666666,16.3178696,148.3502144,38.250208333333326,30.114148966666672,34.1238352,11.650798,12.0493598,48.084552900000006,16.795260966666667,14.183860333333334,31.593867000000003,32.690072666666666,247.46728466666664,11.187737,15.612364999999999,15.380592333333333,14.051011333333333,31.823040666666667,261.3202083333333,32.28708566666666,9.738885333333334,7.462134999999999,79.79962099999999,97.27580833333333,25.880052333333328,309.3063383333334,30.02750263333333,65.13572233333333,19.288082,77.776194,37.37437433333333,27.26638866666666,18.384803866666665,191.80065496666666,37.48382496666667,89.27574333333332,44.63713366666667,180.28751233333332,33.7298613,33.588826000000005,413.7486346666667,46.162309533333335,48.30323323333334,23.732522,25.113493666666667,39.71224183333334,29.14021,27.017136333333337,30.71255533333333,22.992326000000002,12.8467135,238.84285380000003,26.319951666666668,10.1961396,19.966935600000003,53.547766200000005,45.651707666666674,16.028558866666668,108.15836983333332,24.157466666666668,48.284038666666675,29.903345700000003,139.35052466666667,97.97785599999999,192.63462983333332,20.104291,83.44345966666667,23.556341333333336,4.0420021,19.776571333333333,155.908853,28.392972,5.190064433333333,14.419461266666666,17.203681766666666,19.668233666666666,23.435272233333336,222.84928926666666,22.40567656666667,186.2770851666667,80.2088142,236.24448203333336,336.9532243333333,60.531679999999994,51.95871533333334,6.141736000000001,13.421033333333334,6.9651190000000005,40.768669700000004,330.97994866666664,196.2821266666667,110.18513233333334,11.0120364,38.676828,209.27717500000003,19.165060999999998,31.409467333333335,23.121710333333336,55.395603333333334,100.93161099999999,258.347408,7.545236500000001,129.5032775,80.1348699,6.203359666666667,6.925752866666667,72.57531576666666,32.53775673333333,324.3736723,12.541558333333333,16.128524,22.417340333333332,197.19593733333332,98.87491383333334,13.9621462,25.51299613333333,18.906272133333335,8.1820624,25.30413006666667,7.882144966666666,12.682737999999999,530.2476152666667,127.62147656666666,16.758007937666665,19.385907823,26.000014000000004,8.811725666666666,30.08925233333333,12.191677666666669,20.746928999999998,15.047018666666666,19.266575333333332,19.217304,29.249277666666668,8.237869666666667,32.11204333333333,7.142904333333334,13.395402333333331,33.556075666666665,9.744158666666667,12.7781,64.638515,38.28380133333334
AOC1,1018.87203,81.92155,979.76056,30.1828,902.67793,696.60106,422.40351,196.44358,883.64642,131.221171,2260.91601,371.63656,44.59386,5528.7438,3070.54123,1069.66412,62.82914,57.43201,2540.18673,44.81809,95.41578,243.54548,119.00744,76.15203,179.78297,4426.31571,1124.79831,697.972732,324.994574,173.3416,526.30062,456.22638,378.66465,35.94941,213.28065,3039.07012,65.78828,141.51276,156.32116,82.96422,76.95595,286.28501,342.98511,513.94287,122.00073,1371.93303,749.20637,3958.09786,84.39606,262.0108,218.5871,57.92654,806.35545,704.54401,71.18798,629.35352,160.19038,541.1222,85.8093,56.39369,16.55892,42.68071,94.82329,796.87735,55.30175,69.30109,39.9903,188.72149,39.52017,72.396644,53.869314,97.3936,51.555262,48.69509,70.03965,5302.35933,28.24253,74.55608,34.3837,141.117572,18.80764,41.03727,41.00224,39.14834,64.72234,49.604086,39.9422,441.81518,134.115333,184.159991,42.87573,52.37966,61.34005,137.33558,65.03405,607.99423,826.1765,149.91747,303.12203,818.60379,358.24914,54.58091,146.37559,561.08349,50.80092,1719.17414,143.55285,157.57932,603.80962,53.81798,33.88584,38.30267,212.40279,257.15568,86.7121,461.68245,186.41179,145.53483,71.32019,79.64406,146.81564,844.83526,399.54063,35.39652,505.82009,30.86322,57.10032,114.85521,40.44271,286.10122,182.96284,92.92912,1004.7656,2112.44208,149.48503,211.88217,145.91228,161.77653,55.37815,369.36146,588.3322,44.22909,44.473436,50.726608,54.00691,45.96315,69.140318,24.14428,15.62804,51.92634,147.73443,91.06986,63.14367,261.48859,181.76618,44.98987,124.34005,44.1678,418.35528,65.28605,93.88091,64.76659,89.31194,724.16488,158.612,219.270999,70.57129,419.28824,5.540268,333.975308,218.066985,48.22978,9.662219,483.766149,202.2752,37.1982,213.19611,70.42858,149.47864,82.02883,86.63424,29.26752,215.40593,237.0442,155.3258,502.718482,48.264474,72.181716,76.920488,47.743218,39.434861,40.82013,40.901568,48.578472,58.604334,122.12362,125.44162,73.65392,65.8629,42.25646,45.00703,327.6255,1070.13798,106.22086,74.12644,68.8829,31.02055,58.74375,108.5677,110.20856,65.633,187.46324,39.76678,229.03288,602.09704,30.04913,60.75951,31.857,337.09833,16.69576,101.84713,150.7139,499.4179,98.74341,67.38481,85.44777,50.66425524,7.905814559,25.77399,26.70189,33.83724,25.64129,29.50754,21.20045,45.63861,39.30183,23.78055,35.56552,23.19512,22.80909,37.12725,83.2391,51.21248,15.18566,58.57343,35.64158
HP,23863.65477,29658.51826,33612.80033,6503.32049,31050.78015,208.19277,24357.811,30989.876,28483.19174,18113.83298,24982.00846,503.92483,55.35679,5775.38567,4928.78219,59.88432,363.91323,183.33156,354.91564,271.0623,2990.78273,514.22829,7206.03692,586.52436,741.72045,222.73404,803.63753,486.39793,296.85205,204.45893,881.28787,15394.22403,2631.94756,70.83271,11107.87971,264.74339,1746.82189,622.07894,159.27668,317.56423,6909.19581,48.58291,237.25176,6151.56647,1408.4642,29207.16074,78.28186,940.92284,703.48171,485.65214,3968.40104,2377.52907,111.81787,673.94627,850.24073,172.90919,161.55935,27479.67801,4009.78428,220.5756,284.83793,67.17114,250.03986,117.63681,651.81002,8987.58365,270.70902,1213.95526,684.56216,333.03454,252.9257,461.07209,713.75406,728.89424,122.9356,217.45504,108.39913,22220.59756,276.37496,492.59708,826.94546,80.29642,306.75904,186.79895,405.52511,676.34303,170.30213,602.77948,11.03626,168.65685,48.92168,122.42652,158.65212,103.33909,538.90443,648.09172,981.64211,7919.06222,450.7499,87.9196,4802.7424,898.38371,864.81997,6643.9015,174.53072,1282.30056,579.27453,506.78594,45.24582,181.3117,3105.8188,20.31764,90.72268,189.4199,111.50424,775.78024,1331.09131,77.9234,866.66683,255.39757,118.29634,642.91109,467.01935,159.11466,212.18276,472.88657,2256.23974,134.35666,310.12502,193.77642,82.39319,550.62548,181.41083,191.56355,128.78434,4277.3316,395.82069,763.5811,4565.57076,315.0623,5898.68836,551.02067,456.30571,504.18856,151.05547,108.82751,11308.71446,330.19428,546.7866,162.1899,234.41872,109.15494,515.38775,121.35307,146.05331,648.36272,137.15297,44.51774,63.81178,259.44177,251.09309,645.00033,266.86608,204.43267,3535.70332,393.68996,145.01188,272.49647,967.80316,443.77907,701.56358,324.10572,685.21205,6078.13709,398.61105,1245.0257,6682.83224,171.56842,511.9841,493.11942,451.42857,266.53183,262.3318,886.95145,167.37242,262.64914,124.85977,78.11152,87.68356,240.31705,116.58455,559.31733,207.5984,241.68141,179.15415,13381.5149,182.56701,816.08287,120.71986,1774.16612,2947.97109,3657.12332,910.94717,153.15551,32.30455,157.76814,401.36954,309.51998,97.21605,506.4593,838.58639,293.81472,118.55245,245.33826,540.6373,61.6141,95.79848,26396.2744,770.88402,120.40446,78.29474,1315.96037,946.15096,779.83346,77.30061,56.6396,4668.098961,1925.560791,2046.68078,714.16305,671.60016,967.7544,6507.78106,338.9469,562.42624,2858.87414,98.48212,224.87203,1004.65159,497.58184,1912.13284,141.87752,780.98702,897.52747,1197.37391,541.91424
IGHV1-69,14.792727,18.929354,8.401663,27.973608,23.830156,23.152615,20.680363,17.328654,15.771218,17.614844,22.159651,2.353601,19.637027,24.112902,25.925446,63.412492,16.969351,35.915112,12.907816,27.288647,51.778565,34.891148,36.896658,14.532401,25.637728,60.2364617,12.8156597,39.894169,13.27589,27.7393987,23.896529,14.249372,58.197553,27.93609,20.265177,22.484043,69.661358,28.859975,10.471776,17.916038,68.446891,11.01705,27.554686,65.402375,8.73892,28.879626,32.44165,29.804586,21.790884,24.03795,59.370556,11.332417,16.926909,24.364487,17.162893,10.23361,11.349538,24.084682,16.893817,235.022561,120.579946,7.613267,17.618107,53.435843,139.913948,31.369864,26.226591,14.177123,11.324769,34.863788,7.662744,36.8313858,29.31911,56.1536707,18.60617,12.1618281,36.892391,26.270679,22.237724,20.75166,24.151891,85.564484,17.801424,28.181979,10.615958,19.92758,33.560978,13.82676,24.402229,15.499951,62.620699,17.7596341,18.628726,61.880365,33.40745,132.858195,14.757786,13.028965,31.416536,33.858807,24.587375,23.942485,23.045373,33.815003,12.605195,1.805533,19.631459,26.664177,14.916807,17.779793,31.904494,11.602599,25.497009,8.155537,5.6708614,22.156514,7.322773,15.879818,27.808806,13.436342,26.262444,26.97197,7.026441,14.956818,2.530373,23.750755,2.893258,45.46368,14.333729,13.830905,24.984156,27.580561,2.599105,16.06047,79.684337,18.033228,4.707166,51.460372,28.925188,73.758769,39.761715,29.768019,26.136398,10.543746,15.173684,24.009794,26.753188,7.057913,13.168311,21.5765341,26.7983418,7.4374157,26.9417998,13.448669,95.100375,0.8454372,17.180935,27.925846,2.332551,21.77524,26.414351,33.413696,14.218399,44.583844,31.534706,27.129226,14.1373976,15.16233,10.493016,16.131912,18.966589,13.85589,39.825152,11.365322,20.789391,2.857692,33.906155,71.707013,25.841631,18.807644,12.374103,23.770029,9.356586,42.190845,22.527249,17.016298,18.62825,20.364187,15.706569,20.134319,32.180156,10.440949,21.851102,4.805778,29.579021,23.788174,13.544918,22.7778754,14.5952469,17.0920505,16.7365839,21.7911212,10.2131033,12.2174343,27.509879,9.316767,26.088869,26.506212,30.811577,44.762519,17.087134,31.207537,13.910439,19.012549,8.119973,17.953134,98.646634,18.862484,9.123169,16.120007,29.922274,3.756386,26.02802,10.079635,41.874328,13.350306,18.27080152,5.909793167,17.2295713,14.7318352,16.9117547,17.0675823,11.1780209,28.8448327,24.5738579,24.6803175,38.5469186,15.619294,19.2901632,8.9362362,23.5041321,15.2005694,18.6305322,31.4049313,19.1908015,31.8736383
DSCAM-AS1,25.0526247,11.44429,10.0441439,33.371,11.7826764,15.772174,30.97334,24.30848,9.760341,24.582008,21.284995,25.6744409,11.6392271,23.035743,43.837266,24.123522,18.923481,25.7532806,33.6805965,21.0839052,15.03155,39.395952,577.800881,22.941062,11709.95069,19.893387,22.827606,20.425819,17.410709,30.375428,4.190155,16.4821336,16.8900683,18.2745086,35.266,34.98401,29.90183,39.6826289,25.00826,14.8987344,26.18886,21.198887,24.022078,23.591171,22.314649,33.766502,8.508482,33.646151,27.712924,10.192912,21.61497,2.898853,16.241927,17.56973,35.030023,24.00322,20.106146,16.35834,8.9811743,2562.349069,63.4268492,967.1803905,27.0315441,3031.45549,46.31421,37.2342523,13.3584198,12.95841,9.335993,26.576462,13.599067,37.528442,25.408564,21.326902,24.009415,6.955816,1023.97625,24.48061,7.530998,23.882341,36.064645,30.075704,23.223297,21.35579,18.551728,5.025535,26.094499,18.269555,5.319046,16.466,8.108605,22.495916,13.867264,42.537663,19.807246,1.493633,9864.545169,25.081785,26.710685,17.0335052,27.3175,29.08575,39.3669944,375.0268013,31.3015697,43.9882,0.7910095,21.1430186,18.11206,20.4801757,30.031356,25.9019842,46.347824,17.46089,22.523359,22.642799,13.663998,21.130676,33.076493,30.192042,28.672867,22.9297,23.183115,30.422437,72.159954,20.489486,45.932409,23.626114,4.837401,9.055955,16.66679,25.94292,27.28349,22.26628,12.67722,1.7743499,16.8711862,33.9811048,41.1621,26.47668,29.842561,13.910289,36.990574,23.315767,24.891543,27.301085,22.289795,15.850213,22.193942,30.553346,22.913382,19.967444,19.588695,17.579767,8.333625,21.965586,29.894491,11.839109,4.273163,42.861186,31.831507,3.538045,51.923455,37.986402,29.713177,19.814473,23.432357,39.85112,2.722723,35.772772,11.567211,36.41005,9.83378,10.304047,15.2258,31.398508,28.277231,40.920616,23.772584,23.723461,14.923164,42.672509,18.483424,46.008856,19.294387,1.526952,10.21493,22.537668,31.735239,17.923385,20.705442,21.927087,12.654505,11.644031,26.179501,11.854122,35.993385,13.099049,17.666828,4.052623,13.624337,33.308872,6.013099,21.130463,21.457432,19.577224,10.427,32.731002,10.826029,25.502653,10.407958,20.578462,19.484778,23.018273,9.739123,22.924994,10.101647,9.64762,31.921069,15.504083,26.189433,22.384122,45.004091,21.983142,25.02489,10.801556,13.73398218,0.765626295,13.988721,4.139531,14.04736,24.561112,10.176955,12.951488,37.137428,11.923748,14.480243,31.03436,11.592519,13.724739,6.860131,17.723509,37.630184,29.259687,24.181524,24.752178
SUSD2,2391.347181,139.6599495,123.210554,752.631773,546.103222,652.7287515,1096.327149,619.7417875,299.8032665,2652.5613799999996,755.4874454999999,1042.5811119999998,55.8935975,511.3326185,450.2588035,185.08299399999999,869.798807,678.6593809999999,40.6720275,1661.3589475,87.53987,249.74454500000002,218.45860000000002,593.06092,1610.3724215,49.4945205,520.847184,657.427805,537.47401,1926.2918834999998,136.6091305,104.810194,406.5479635,44.243886,114.80482849999999,426.6505905,304.525051,317.766339,902.753591,1208.928276,281.59137450000003,55.746885000000006,458.6549165,125.601569,960.8008050000001,133.5380295,80.18962950000001,133.2232875,270.206188,183.283449,78.7594075,157.22018599999998,83.214455,495.56943,398.3804565,3086.5327715000003,3033.9015799999997,1043.5302245,112.0454495,61.6466095,64.357457,22.959183499999998,966.8400155,58.402171499999994,30.803718999999997,576.914061,1979.0281495,601.4422050000001,701.25563,1920.804625,1203.119405,2760.860267,103.94204500000001,242.4091225,2282.787402,87.74224749999999,26.5335955,2226.08547,2147.65769,1760.49373,2541.48616,60.44658,1911.6154199999999,2827.3783399999998,204.12195499999999,792.577865,580.71592,1572.207965,74.7535,424.69663,64.7406205,1695.253492,1558.621681,79.1123015,7177.8349565,1192.1668379999999,222.18078350000002,3198.9470125,215.3515875,497.2061615,1067.3426964999999,738.2227475,1209.656295,173.5895415,2606.2152185,1034.905003,606.250824,125.4636995,530.2821865,115.6918045,2514.2537135000002,76.7827725,3228.654345,1677.9870725,571.0037995,362.018032,243.78218950000002,3883.138185,18.258041000000002,29.771631499999998,1151.3421524999999,1669.0357490000001,1385.0263495000002,5451.602587,3042.65438,72.8112275,677.5345305000001,1333.4472345,3193.9677220000003,124.651382,1777.102573,2957.8838240000005,154.3364865,189.8362355,52.3374505,2306.4068450000004,1079.324848,684.9516514999999,393.55775000000006,234.7481545,587.5045525,629.67845,1988.5173949999999,213.21829,1553.103495,5796.6245149999995,1298.80726,2349.899745,1638.25646,5260.5873759999995,4924.3016535,4649.347378500001,2034.6667435000002,3891.83281,567.797475,538.4669295,4416.834388,98.11578800000001,2682.726465,3200.919055,772.40905,1663.451165,4786.065933,125.06197999999999,4714.264745,2173.576385,1929.2507664999998,4048.495895,692.0659949999999,963.658645,3840.438835,5947.49156,3657.729315,1160.893175,3377.5644765,4065.21028,69.772295,312.16668000000004,1596.55736,2568.878265,1860.482885,4573.954989,1152.771505,89.746755,2598.1946,3013.82396,1228.15817,852.266655,2580.78778,4715.2550949999995,708.69935,4044.254415,4412.487075,4011.795005,1382.1674449999998,5629.458925,8118.9989855,1026.678285,5931.806391,2611.881609,1278.6133595000001,1975.7806965,469.4973905,2585.4464544999996,3722.546284,194.792179,1827.466856,1181.154956,4449.1732090000005,1212.348881,4484.0473520000005,1153.4582725,7807.971732999999,1182.13354,2579.5215895,6301.064958499999,347.6299965,1582.0760885,2760.802752,6579.528148,4950.172212,3282.805159,4938.4800855,6214.506076,1273.7432075,3940.9158335,2235.2794694000004,2231.6552297499998,2052.0166130000002,2223.4042635,2069.305054,1276.9888215,1490.5503285,1636.2037515,1619.227172,2410.6568285000003,1679.739732,1002.6270835,1727.1324155000002,1921.9152065,1819.9306845,972.3076715000001,1847.0807455000001,866.276337,800.6657385000001,1190.711096
DEFB1,445.71696,81.708938,101.75299,5798.87253,157.81233,80.74002,2585.287748,42.385837,143.01966,39.214263,37.0673,54.90729,29.74109,839.534902,558.937957,171.557437,83.268219,45.80056,36.41398,19.63104,31.090409,254.427198,4241.806204,72.694015,343.06924,341.15929,145.15021,79.933695,68.001035,78.89576,496.96621,40.43277,77.00205,89.1629,21.810081,1820.80751,9.587678,61.76722,37.237615,64.00108,14.895169,51.833595,45.35024,940.610985,55.736725,203.73201,8.347786,401.492864,53.855403,161.961648,734.463435,137.609996,53.434301,30.878463,395.13433,29.073308,36.694392,67.498656,37.63927,68.22415,82.1629,2670.04078,98.72895,1940.22725,1195.575026,68.76181,30.45541,33.942663,33.498124,4.417523,75.030398,27.12418,42.499654,686.31452,21.86917,770.28922,446.25587,21.828454,87.438757,139.310714,121.593793,67.968003,44.042884,26.228456,59.863804,42.753301,41.29399,426.772924,74.629463,19.924767,31.501454,63.84324,27.24839,70.56922,83.87609,68.11458,46.26739,41.26003,88.03246,82.97295,31.090298,32.833936,57.10109,89.48695,42.38181,69.82387,46.61713,110.15945,45.374642,44.8334,39.06732,282.62525,65.325578,30.391165,31.47251,83.394402,72.414541,29.231203,301.139067,40.866326,149.002779,68.50665,84.767013,42.621933,17.278966,100.758651,134.135749,149.811719,42.699548,201.94565,79.909974,61.155534,73.103341,119.599535,1456.410775,82.99878,65.18127,56.24728,113.661565,432.64231,100.908943,41.160038,49.772042,57.11224,21.353578,32.233499,60.481363,57.173946,101.949872,50.04695,38.33262,42.193,29.20059,76.304716,90.696686,66.61093,62.77535,40.60072,48.492877,47.22048,55.73522,64.586112,50.841532,126.222613,46.626947,41.91601,50.93706,84.73637,73.208023,4.457395,79.520588,4.911046,54.364149,64.73454,101.398267,40.739856,139.10437,26.945932,53.788818,56.805646,58.629481,69.56751,43.079931,225.820794,37.98065,62.150443,31.348308,64.471288,20.325466,48.260493,12.191164,60.788482,66.40323,77.361549,45.97736,129.928669,68.253219,49.33121,37.68654,49.32219,25.42805,42.27348,37.91041,60.12311,47.95085,69.14527,61.64628,28.6551,52.06239,79.63086,44.30546,76.97046,75.62944,16.85097,82.63571,53.51369,38.34946,437.90252,44.14977,22.20034,39.37135,67.65837,41.36816,46.81927,42.90424,33.92943,96.9693179,79.31146299,43.89329,107.13847,52.1714,38.78942,77.39344,26.01871,271.06941,57.88702,89.94266,170.84736,125.71227,246.06755,70.6941,57.75451,49.82186,60.3848,51.46218,103.49787
TESC,322.298189,77.927441,84.612256,198.003639,93.4094205,79.6819615,72.8139415,67.9847895,117.76111,233.88998650000002,150.309936,94.793088,62.2254385,1080.7089005,970.357197,164.429232,385.59590349999996,77.0676385,459.271991,75.85070999999999,59.982472,131.843811,399.9107165,91.7732975,286.6927435,220.41008300000001,185.39181000000002,241.251589,109.54311799999999,61.994182,322.2095145,54.0653425,102.857864,53.7389495,86.1898085,46.790865000000004,86.56839,100.80236400000001,138.625855,58.566734499999995,101.22662500000001,89.196594,116.140816,150.160122,50.931599500000004,125.136489,308.9610735,146.56491699999998,81.256725,73.6529385,129.840096,108.365229,145.336829,80.81242400000001,116.6187045,302.403022,110.7610875,58.148934,719.0500205,230.3849265,90.2511465,331.780831,102.717121,333.374368,434.77404049999996,104.2346955,92.843526,127.17830799999999,302.2802995,96.7663685,83.19310999999999,159.1026995,77.23908949999999,77.39769150000001,126.110774,1114.653673,419.659875,91.644841,489.197155,257.7956785,83.1038355,67.4975165,78.8527295,103.961291,801.0866935,93.3449205,137.13458,311.064653,38.133768,67.3098915,55.298905,158.384581,62.68872,271.109325,86.1916615,147.14743349999998,2761.3143415,119.872281,131.0932695,1018.4117934999999,399.754834,179.972262,146.975867,396.496048,87.696236,269.582,239.8375335,368.98956949999996,174.92532400000002,102.17314449999999,100.794852,104.465876,278.06521549999997,130.962311,250.5233435,230.9197625,141.6294235,91.379385,388.21417,115.1125875,260.27367399999997,195.07174,70.196743,75.87609800000001,157.7797745,86.1496175,92.716253,499.098324,212.8959045,259.46718599999997,65.6311115,80.49592,99.49488550000001,204.110456,2180.342006,190.4365935,77.3371685,121.849081,84.82943499999999,255.9218865,275.20626000000004,82.263979,125.2461765,125.1038935,132.3882455,93.22353650000001,71.5070865,94.796007,313.4384925,114.393712,123.040092,78.644901,162.1156215,222.361472,146.6989835,70.06996,99.776078,52.673629,134.546413,75.4182465,88.71965,123.5683315,54.860644,818.50372,178.1233815,95.101826,87.14076899999999,189.9597905,276.05310449999996,98.4601335,113.60316900000001,106.73491,173.236676,160.5318375,114.7547665,88.92344650000001,104.8480775,124.76069299999999,140.309089,122.2960685,248.6203735,74.52735249999999,89.4641625,89.9594525,102.53399449999999,114.8070905,124.75671750000001,107.45615049999999,416.181238,138.79770050000002,128.540348,108.6315575,53.460571,92.07882,97.481681,375.327539,106.05576049999999,96.665586,548.2575345,95.323063,73.1376645,66.3548265,92.5399795,81.0453405,129.628281,97.3274745,103.8727035,1111.2511725,79.9686085,107.866151,96.9695615,270.4551425,123.283891,139.488951,329.0257105,109.764181,99.87875349999999,96.7267335,121.329887,195.90540900000002,93.2272285,83.670635,156.6822875,57.098129,71.671565,147.485505,98.7720397385,113.873268048,116.742016,82.6782985,72.5611935,79.9606345,82.25521649999999,90.8566725,102.6916455,89.18867200000001,102.2994705,69.172851,88.0990225,83.381411,116.73257550000001,145.1840705,82.48034799999999,91.8092245,109.018674,75.29720900000001
GFRA3,52.5598445,30.695907000000002,13.361207,44.997391,14.5899755,64.8837045,28.955661999999997,28.7416205,34.1784815,625.2173005,27.913188499999997,34.314114000000004,19.654985,27.578497000000002,37.549587,39.346765,96.663477,53.350708499999996,111.255238,27.961146499999998,63.783367,81.3867245,74.9589915,40.557173500000005,1033.866975,20.448572499999997,53.976433,101.47900949999999,212.89271100000002,42.524014,57.376380499999996,96.8656205,101.90590399999999,15.617881,14.3080665,15.724788499999999,49.8844135,50.9355895,104.906746,154.333474,109.62582450000001,27.833941000000003,989.356476,127.184718,25.642298,46.379701999999995,102.83509699999999,42.734842,47.1875005,34.5900065,91.8755195,109.031595,74.35674949999999,5.2051335,108.8694405,3877.604974,2611.418274,20.907421,29.7607235,1110.5538145,66.790074,40.864363000000004,33.9779805,17.1845095,11.055215,154.31640499999997,33.168473,31.6860335,259.329944,273.121838,22.4415545,1564.14395,29.762591,32.7774305,870.4635355,19.655052,20.9472315,124.1754095,111.766007,215.37029,65.8340125,11.2602435,48.661166,289.66861200000005,40.86869050000001,52.6041925,24.85636,157.569265,39.277807,110.182106,326.17155,51.071802000000005,163.458438,251.87216949999998,45.62524,1485.5603475,837.009865,114.7150565,35.8207805,579.110631,930.0163120000001,2145.0848975,6.8415935,39.737325500000004,482.8430765,36.2581275,272.6656655,173.1754365,289.4161145,20.335233,3001.1880650000003,118.07310650000001,112.336227,241.881522,956.575227,1308.6478535,44.7152665,97.47563550000001,51.161302,15.422911000000001,2007.8324695,2328.580418,116.226573,2239.8540975,266.1382415,76.46494,17.5018225,2444.892977,337.04321999999996,322.9128855,90.81546300000001,432.65962349999995,756.7932304999999,1357.3766054999999,3.9177365,60.9340205,684.5159,41.482998,368.613471,25.360035,395.698422,49.531464,78.2518305,152.5581425,1025.8379875,183.5694135,25.3723035,587.8195765,488.0484355,263.745653,426.912922,124.153575,146.9300145,1575.0601555,643.5520925000001,48.025412,475.33002100000004,25.6475985,793.0697425,38.560787499999996,967.7979105,220.41033199999998,51.998417499999995,755.3659745,597.8725430000001,108.700941,26.759978,758.7386435000001,1381.3654705000001,73.283783,512.968497,541.6107460000001,196.244021,553.422534,147.73262549999998,134.1996955,48.805116500000004,158.4914535,374.74010799999996,679.8712105,51.316125,79.759217,801.2751830000001,29.2851985,866.5618294999999,402.041319,208.7287645,17.950608,1735.5145630000002,4335.6665765,628.000223,1790.2067035,468.06341599999996,65.932499,45.6945775,81.37283450000001,965.867986,44.235273500000005,1183.463896,960.099335,692.104848,206.4416295,535.294658,2915.376342,1430.8272835,39.8705125,197.567033,24.4298555,35.895107,790.1312069999999,78.370869,105.7399415,1236.0795090000001,1569.844112,103.411783,2064.781332,280.069001,441.4794445,672.06801,23.7576675,139.177625,223.075874,744.0030770000001,145.22506850000002,17.9127665,9.381686,28.912280365,39.522328866,72.9687955,35.744492,36.079628500000005,54.311738500000004,35.099363000000004,13.790535,41.9532095,42.722514000000004,44.871893,59.0236875,35.0816495,15.1447855,9.500836,26.171654,37.986563,55.1541615,16.3556725,64.10575850000001
TSPAN8,295.18211,16704.07347,7433.35768,18922.14358,6809.70119,3102.98714,14643.31042,2629.70184,245.08023,10877.17494,14040.97048,3582.1806,43.03963,33627.36957,25949.09176,3933.53994,465.34234,199.51646,5812.44079,797.10424,944.75997,12576.1222,6420.78225,612.70554,4240.1878,25845.526,18747.4381,10383.56176,651.09915,1530.2807,19017.55643,14855.27625,1076.45007,283.13128,4956.11176,20481.06821,2254.20161,1893.91875,995.58738,1798.32834,615.16412,1164.99134,151.85472,13988.59532,132.34388,17756.75222,5567.90227,18497.33764,3012.82298,14326.65748,1635.28142,394.86931,449.23621,771.46343,10968.77824,5656.41746,7594.50927,7121.10252,23162.97929,2742.55935,742.79748,23906.6047,3905.22715,11516.81763,16657.59489,1215.23455,6821.80224,8792.41232,4374.56299,4488.79992,4202.63052,2542.1108,618.99963,4684.2317,1904.3769,18749.8605,9328.55771,5966.9175,10052.77834,2724.76252,7054.46787,11.60517,5000.62345,2025.96365,16861.81669,3301.01117,2616.60644,8507.31187,957.01438,2980.81409,20.84368,3735.3694,6047.62281,10951.7933,4328.4101,4518.86439,7983.08636,2699.73612,10791.34909,6574.35497,3153.20218,1079.26523,82.29223,4149.2879,5094.48105,623.47971,10021.3721,15700.56682,5667.43258,5561.25034,4747.58333,5025.48148,5129.76314,3960.47683,310.2811,14890.14338,10318.67203,4608.54019,3981.50988,2737.091,19591.9726,3025.4726,7013.09103,8710.46691,1600.66142,1408.06854,4963.16958,2147.79751,1350.02907,6823.6097,3887.73385,6050.64347,1886.86235,5872.31076,57.09754,9588.57539,4323.03793,6684.58055,6144.47437,11278.0502,13686.53098,4806.77879,7367.31699,16.35899,5013.35576,4325.3146,4288.0216,5760.65561,4463.10847,4332.8571,5803.3584,5216.4386,9217.1488,4288.55381,7158.99052,4499.4828,5012.28493,81.15939,2290.14231,6556.13887,4517.15582,4381.28502,13689.12485,15145.57205,5281.16629,5903.05518,8544.5394,4277.14142,2037.03277,5244.36731,3715.01945,4912.74982,12810.55366,4312.03046,2680.10906,6699.03855,12619.2546,3211.17727,3236.32476,5294.46024,6925.213,5115.88701,2814.21447,3620.22808,7777.72032,3639.75576,2627.68936,2317.0077,8208.49504,7525.37911,829.96102,2642.71492,2755.18454,1418.39269,4166.80458,13474.14265,5332.89908,580.23,4019.9791,4891.2655,4087.2323,3460.9314,2435.5934,3692.4878,11082.82743,2433.81091,2149.39674,19154.6947,6837.04851,4591.7287,7070.79824,6197.47752,3881.18837,12956.48395,1885.68167,1962.38889,4471.84382,3871.92569,8697.81815,8692.97193,8574.75087,5334.13516,9539.42715,5846.92501,1852.11929,8968.38394,2906.392301,4885.587158,2274.2287,3267.3646,3590.02,4781.5684,6515.9052,3637.4032,4448.5372,4332.8503,4306.0687,4306.1537,4389.9703,2942.1106,6152.8609,5564.2438,2544.2229,3485.1581,1976.6739,4112.1161
UCHL1,40.9506895,65.15295,75.369145,63.07254999999999,75.932655,46.343693,131.500575,72.93148,55.947781,58.1998615,58.838156,37.013335,166.6928205,40.2953815,42.9914435,164.02283699999998,80.8651655,140.68404049999998,1078.001155,138.74208,294.092135,69.28934,619.00398,602.1428015,64.55166650000001,122.87451999999999,143.4593935,52.4644965,794.3963940000001,72.934195,93.303583,98.270796,164.82417249999997,644.526449,147.742185,113.955305,193.87560000000002,192.6309265,118.548685,395.30131350000005,300.046575,1206.332743,88.09195650000001,212.248171,523.9024245,99.2106935,1359.7888455,69.1700305,182.043449,150.3354525,92.110049,138.684869,157.2216675,350.134638,169.076706,137.642026,226.7010205,40.705375000000004,34.470437,146.3897785,168.9499065,199.03542149999998,99.913316,166.78979999999999,153.654845,151.3788235,63.201048,71.8166145,121.0921975,55.693653499999996,371.6767645,236.7507635,167.9081345,109.8598095,115.14971200000001,31.4517785,2041.4509094999999,73.674157,55.8713135,100.417086,150.4978525,149.18195049999997,47.276467499999995,39.173384,61.497491,209.11507949999998,109.13923700000001,96.58982499999999,204.83753049999999,222.945242,236.5350645,121.373783,53.0221745,122.162143,45.6319245,87.4521955,675.5291305000001,73.120526,88.5370515,94.425053,196.25244,53.66895,33.903287,311.616889,275.643173,171.69585800000002,126.37004250000001,123.71141800000001,154.400175,157.9214565,44.869825500000005,271.6795905,59.648561,57.239337,174.88243350000002,64.7531615,117.4902445,113.48048150000001,160.675104,250.486487,139.2178985,210.50976649999998,119.7599685,105.972034,102.50391099999999,580.70441,86.233014,930.5614865,97.732958,334.0757415,289.28977000000003,221.20991,68.793635,2769.1686200000004,100.93652,92.334565,256.535119,279.38557050000003,419.0534,276.419415,158.20536499999997,125.892568,266.03992850000003,229.67725249999998,74.645598,39.849928,106.733099,189.052469,401.1520295,81.697976,48.68033,66.5048755,87.76992949999999,74.5212695,152.092229,80.9301945,42.225334,106.9523495,219.292677,506.719261,84.57210599999999,97.6227535,204.3990605,76.5760305,106.54516,98.513516,97.470981,114.199187,37.578698,111.1102085,81.9986275,143.99187,82.2677625,159.7818945,105.8531485,1746.0248900000001,231.64093599999998,175.645025,105.67867,126.946337,89.245149,50.714220499999996,105.955945,115.4370545,126.2079585,201.437736,366.52492850000004,109.9707295,154.18879800000002,131.825512,122.479841,25.831113000000002,53.147172,46.30551,88.7583575,53.8388165,71.8126295,54.792991,40.0138185,87.8197595,148.1998125,183.7251625,288.7685695,105.01780149999999,88.729354,168.794561,64.263661,75.122478,70.5245025,194.533187,66.2590935,76.5497685,90.9812305,112.527947,218.674302,90.048093,234.08263900000003,77.24665300000001,122.303149,81.0893805,95.065637,87.34110749999999,100.80923100000001,26.051219000000003,319.0872425,95.391361,41.395320455000004,66.964524465,64.282027,96.377992,71.9839985,68.1682445,82.00971100000001,68.379768,112.6074005,98.7870695,89.0312075,131.7705445,90.11528150000001,55.632842000000004,70.17723,99.383398,83.53545150000001,80.3332745,89.015073,92.9908415
PSCA,3.617096,30.609448,2.488854,166.329616,26.065449,147.804022,158.689633,1.654512,29.28393,3.258218,15.227917,75.806478,31.52158,13917.51938,5276.20283,36.037733,56.327216,7.990265,16.424845,37.810287,36.424232,324.720228,128.870511,45.752325,33.417639,167.263973,1117.22561,339.232732,31.990564,7.107341,435.07349,34.784384,2.205306,190.438721,21.988736,1688.514683,32.228292,116.555213,13.83732,47.346374,16.938886,21.184984,54.728518,993.622052,2.251462,29.683652,55.224943,7113.810785,68.237164,148.697273,40.519956,18.008701,47.331525,43.063237,60.421302,229.776077,35.992297,20.60604,50.441931,2.737858,27.449458,1098.577231,111.190386,27.882536,37.642172,2.508937,32.295519,230.095435,28.479,52.766486,103.779397,16.228667,77.600349,46.025315,29.190618,12306.47663,26.301751,43.235715,28.906767,36.63507,256.99321,39.492291,7.174893,32.65854,143.120163,77.048027,23.740523,11.869338,89.530115,30.441361,41.607571,18.244926,9.411078,39.570391,38.397608,63.250963,30.095463,10.213121,310.855536,18.687198,1.627491,8.239825,3.729675,69.417736,31.242923,78.254078,45.303344,39.772877,44.947539,29.439212,21.586316,52.355862,23.793679,57.777848,27.971379,42.859774,11.962333,15.024858,11.545893,46.063463,11.961387,21.638859,28.202162,47.194283,3.245625,174.436662,22.616335,34.855405,9.788571,9.689287,6.213359,27.899398,2.735451,33.908926,202.551136,32.73132,23.910541,48.582206,154.426941,23.923988,113.636465,73.773891,20.620077,21.141303,54.164156,22.545823,27.275192,28.424164,1.804688,78.240344,2.059924,132.331596,39.662855,30.420903,22.372148,23.14172,13.408498,36.051562,96.487601,57.474983,5.967562,36.851439,20.639374,35.301353,3.281968,18.828432,31.213076,17.611411,42.228158,2.079511,56.066454,18.7715,51.414509,55.638151,2.330468,40.041659,60.666228,25.874825,48.421424,32.387478,20.156402,38.431384,78.534385,32.019375,38.991234,47.156368,38.060783,35.718412,26.286045,25.850232,91.665965,1.538377,41.319665,27.615886,13.953018,2.653939,35.058983,15.311226,10.456265,2.248903,8.635891,6.61957,103.305709,92.437711,7.305777,81.842332,20.602185,25.164665,28.499331,20.313791,23.137696,8.488226,8.32643,20.825477,26.3961,28.119822,28.401897,30.851915,35.591008,9.45608,71.993787,53.531332,15.742037,44.119586,35.771178,22.412862,2.521127623,79.49685306,2.934056,21.277687,10.057121,31.051799,46.647644,28.664406,23.599911,8.035805,90.821659,42.500134,22.744743,37.822005,53.795178,121.694808,28.024361,31.481112,11.555919,217.15118
KLK12,35.788976,39.708127,69.022443,50.104353,34.33973233333333,154.37432733333333,22.173883666666665,75.13871033333334,54.795963666666665,55.20591433333334,38.09676566666667,41.36990333333333,41.25918733333334,131.72508666666667,43.48211966666667,64.48121566666667,53.999599999999994,53.184813,12317.674036666665,57.656528,83.98034033333333,65.09002566666668,33.91948333333333,43.818548,42.98688933333333,110.62271166666666,97.07210733333334,60.37302833333333,53.66087166666667,29.684802333333334,66.99998033333334,48.66828233333333,37.05901566666666,40.34682266666666,66.86723666666667,58.13888633333334,51.64031500000001,185.33598700000002,61.779149999999994,41.092665333333336,43.360307,46.534646333333335,30.993410333333333,68.34854466666667,384.8136756666667,52.96407200000001,29.281814666666666,94.65381566666667,61.26879,54.811952999999995,131.84323433333333,718.834152,63.09639666666667,95.25276500000001,57.906101,121.66201233333334,286.622659,279.73751766666663,91.28660033333334,5839.155890666666,309.404104,55.68869566666667,61.761617333333334,231.97246099999998,60.95689766666667,72.81609233333333,39.023856333333335,88.055278,52.029192,111.38442466666667,77.94637,60.030956333333336,31.339481666666668,72.38472866666666,54.699964333333334,75.29602799999999,39.19921566666667,235.02595333333332,97.15679133333333,76.48236633333333,69.24876033333334,79.404287,41.39228033333333,41.49861033333334,49.513268000000004,36.805828999999996,68.302441,143.31812566666667,41.21244733333333,49.298635999999995,35.186574,89.69805833333334,42.76267166666667,38.49406833333333,46.470599666666665,77.43971266666667,230.463903,75.84288766666667,40.08828533333333,95.08486799999999,57.38805166666666,52.666373666666665,32.61672466666666,964.1717816666666,85.14855533333333,67.01923566666666,67.413267,65.31330933333334,79.32242866666667,34.52562666666666,74.27075633333334,97.60405099999998,37.52538966666667,41.559775333333334,79.81763566666667,75.32907733333333,47.216157,54.46491233333333,164.65952366666667,37.924457333333336,63.19815166666667,79.04329933333334,120.15383066666668,59.280373,76.08434266666667,44.62884733333333,38.308267,47.04683166666666,62.29879433333334,39.545530666666664,33.13479133333333,45.048455,97.01975,960.0013396666667,54.680885999999994,142.66297466666666,102.77040699999999,50.818708333333326,51.552969,67.41348466666666,102.10356733333333,112.15344133333333,57.66798333333333,32.733549000000004,50.00070366666667,35.68859033333333,38.71038933333333,50.33796533333333,35.62686166666666,86.339048,44.76340633333333,67.986506,61.81276966666667,51.661518,57.73388166666666,159.23108,52.449466,60.27681233333333,40.592168666666666,42.131667666666665,36.848954666666664,38.78700366666667,51.427444,50.171707,55.99124633333333,48.12590733333334,42.59961033333334,83.81678533333333,30.228319999999997,56.084574,56.23560533333333,48.902257999999996,56.87905266666667,43.928013666666665,34.708781333333334,75.29773266666668,41.121957,37.933874333333335,43.46936333333334,95.131666,37.32882566666667,45.790932999999995,109.604361,48.761234,30.875620666666666,37.81355633333334,32.03941966666667,70.52995866666667,66.489411,95.52893333333333,48.16290633333333,40.365619,62.47671366666666,31.383385,41.40462766666667,50.087355,71.37440833333334,48.261947,48.823724,70.48371866666666,131.681914,103.57812766666667,93.58248299999998,57.972809000000005,44.94249666666666,54.68263366666667,51.30832833333333,55.14240366666667,53.17306833333333,53.70342433333334,58.51708033333333,69.23644633333333,59.15456266666666,44.290597999999996,48.310983,52.285851666666666,49.84338466666667,358.24385533333333,37.19204766666667,54.822773000000005,22.099221,57.687200999999995,76.14795366666668,56.477032,76.904804,80.42123933333333,34.042436943333335,66.45046359,25.105733,67.85006433333334,54.009928,63.548759,32.570724000000006,28.418424,44.93853933333333,57.05497466666667,62.762023666666664,46.944424,29.470033666666666,31.865609666666668,25.633655333333333,43.014233333333344,35.459354,44.15161333333333,47.13017933333333,105.30725066666666
FABP4,44.754288,465.4660885,40.5404265,30.825518,17.187640000000002,443.24116549999997,29.427954,514.579316,118.982406,296.0559145,9.826549499999999,148.047898,26.0455935,96.429621,37.1351115,35.091764999999995,16.591589,52.3110645,47.01039299999999,44.870579,702.6120165,237.993866,104.425949,53.5689205,211.45667749999998,38.378933,256.5525245,400.124953,267.58313499999997,104.6393505,93.1950295,16.333454500000002,143.721684,57.3367655,98.07895950000001,23.259901,1274.7723174999999,1486.7605335,343.947301,120.8094655,235.9156485,64.31282350000001,56.1498,90.175862,101.672303,136.8133575,39.524049500000004,125.17820599999999,2772.125661,209.669085,65.1943755,63.9905325,43.7378305,22.882475,620.4972865000001,122.40311650000001,248.1871595,37.7744655,42.8935825,100.89346,36.2271285,71.471972,838.2237279999999,87.4797095,91.668567,140.874317,1751.9935704999998,398.6324785,1054.721693,691.735802,424.1659215,722.577412,588.438228,53.09821650000001,88.22112,27.2985565,40.112618499999996,125.314424,1461.704765,475.450718,957.5968995,88.8786125,967.4608395,76.852573,65.5543995,878.273758,332.3189765,120.753125,59.765637500000004,972.9412010000001,15.391379,860.1551925,137.092638,46.3950785,539.874725,399.728979,50.4029635,152.818232,971.6017735,42.0410215,42.674945,45.081534,37.360422,167.4927855,94.019113,27.277655,40.8884685,48.914570499999996,31.980050000000002,72.334554,55.301097,52.377297,25.868671499999998,181.3775295,45.400456,53.601562,1234.402587,564.106023,22.442113000000003,76.806545,15.1922245,97.4795715,1371.658804,159.6448495,80.22447199999999,26.757372,337.4979245,3.495379,100.2978625,79.5275255,67.9036035,231.454024,70.48564300000001,280.1690395,27.159654000000003,214.0017985,743.5879855,25.848585500000002,910.2657975000001,251.583934,168.1095085,1934.699949,72.721996,50.0492895,141.8968875,208.83324199999998,667.9753149999999,458.2170185,148.4946075,662.4921435000001,174.8385885,75.2063045,210.59731549999998,519.572666,58.781990500000006,1810.3625015,127.723107,43.929657,40.731107,292.918886,161.8095385,1337.3939065,102.44361699999999,12.0961655,313.14537,506.437951,34.7299155,213.1205675,40.5988865,94.477902,175.58543100000003,499.894008,255.91882149999998,209.382455,100.93574600000001,14.722899,86.55464950000001,51.751248,208.16102650000002,371.02095549999996,32.8767325,607.3109525,43.843802499999995,731.5372505,154.5039155,292.1554495,54.227042499999996,122.10335799999999,23.272928,76.7095055,131.04387549999998,840.913009,114.458913,369.598915,442.6428555,137.8834105,135.11862,287.2975665,70.1078505,63.9047675,96.0696615,71.579305,72.8183745,179.29303249999998,206.889565,61.07112600000001,547.474183,122.73449350000001,136.375857,71.869223,125.82801,38.829660000000004,106.0096225,84.8377625,104.261457,72.97236600000001,203.011551,58.128117,333.4196755,27.742838,89.92391450000001,271.0727615,89.535971,270.17270099999996,45.339102,69.8103095,1489.19491495,1650.2237734500002,877.2389845,1280.9657425,1781.1786075,1480.5612035,1150.5831615,1924.1402314999998,2470.5374585,1302.9120475,1871.0886954999999,2726.040175,1374.8301425,1291.583493,2349.583066,1014.532391,1523.9031405,2232.329142,565.5409315,2816.077475
MMP12,226.25912,2092.5249,41.31999,790.7317,839.26252,511.31135,2221.3614,121.001,91.22609,2977.69582,471.24764,1296.26294,4383.98138,2301.83187,341.4007,15372.55727,4800.36413,1909.47932,671.4552,11390.78888,8371.2923,744.46879,561.62279,7448.4193,3547.00035,17759.72946,3381.07231,1445.31439,8964.38191,332.25689,2705.8606,10517.53825,9937.11317,17683.6365,4240.3057,1483.445,2418.6638,505.50689,4900.3891,72.63274,3345.3933,4270.11778,9197.33471,9023.04434,9085.22566,11338.90332,4244.46526,1700.7063,684.09985,3375.32931,2143.82968,3582.13282,834.46022,9460.04294,59.10192,4731.69012,989.29329,494.8853,12306.87165,17409.23996,14576.37191,1914.91369,88.33041,26891.6188,12313.339,1994.51119,56.1902,318.42897,214.53929,1052.25897,1039.63142,292.16595,1744.74808,5560.2835,1110.70147,512.3592,1684.69618,718.54629,408.44203,4950.40438,111.15195,18099.22326,62.81477,353.31269,995.6072,244.8743,149.54523,325.01717,1650.97036,1002.75078,19047.58905,59.46576,590.33157,3015.63856,796.78699,665.36378,488.93666,573.91969,116.92801,1297.03237,9498.6478,218.6701,1938.77507,1039.88263,837.17953,105.97019,3921.0362,544.70699,273.4019,7842.9725,1257.26311,1170.37322,810.2605,155.26727,3536.98567,3862.0172,1113.39846,124.07045,3841.17443,3378.41098,2779.7754,5388.3809,569.38855,514.35329,169.62398,5997.95129,616.49527,5575.97266,4256.4508,2367.58306,414.3383,214.3374,1527.005,937.7929,8793.0178,4962.02676,3004.48401,10244.25249,178.8484,3745.6195,961.3013,730.33581,979.25356,2016.84082,823.4449,110.71157,974.07795,58.45397,462.33594,767.94412,527.7133,161.05247,109.52421,140.25284,3384.20888,181.90814,613.42734,8753.86864,79.93505,56.88311,1017.70289,71.06879,73.46179,449.28542,876.30091,104.91192,43.49629,144.77022,906.52491,653.74804,408.17932,80.85159,82.95547,311.2758,1144.02743,218.43497,4120.215,1389.61187,856.3258,55.42915,352.49381,45.0021,847.30782,8567.27464,607.03262,427.79678,2161.50946,501.3285,546.92607,495.00703,1126.06952,668.67458,186.35443,74.15495,165.7701,127.88224,154.7626,3316.75197,124.95625,2885.20032,1490.18483,452.11308,356.0263,73.12994,143.55774,629.53384,12901.78784,80.10219,191.11518,1241.61037,148.27559,256.95744,92.90643,571.14463,137.49654,383.52365,5758.44604,528.2119,44.10771,53.3853,101.61947,752.13211,82.9578,207.91973,896.19525,41.27994,27.63730892,66.2503486,143.90748,39.02248,22.36669,42.85715,1495.82409,19.21945,19.73981,43.92326,51.00159,26.48766,81.10597,88.96945,43.38851,174.57279,81.39136,61.40981,116.73432,99.15626
AGR3,6273.50715,5612.1341,6706.82552,7195.9362,3757.58343,7082.98648,4104.0235,4820.0324,2910.0389,13415.0156,4831.9927,3827.82162,28.3186,10431.4597,11437.22594,25.84667,26.82653,1685.35308,316.91494,251.6321,959.1882,4325.92383,821.86364,555.70447,10492.4931,6438.2149,5085.6299,4061.5339,2256.9476,14432.2742,2344.3898,2214.65352,561.33669,52.34538,5692.3899,411.1319,1162.7378,2247.22698,1233.7648,4070.62929,1202.4264,456.3955,88.23777,3330.5704,298.66406,1202.61392,2536.11659,7743.56523,2022.39523,5538.88701,3058.37071,3888.00223,2688.14165,2969.93292,3230.62734,4014.19228,7770.79682,2362.8166,4191.05904,593.10892,1899.99249,25.64838,3184.79119,5997.6829,289.8215,3340.95642,2168.93372,2501.92923,1814.6867,3225.453,6334.6951,5475.872,264.0947,1304.7955,1881.5554,10831.9431,2489.4437,7752.60527,686.0275,2710.8942,6409.39599,11.93302,2288.30531,2267.57353,9245.98126,1700.0536,2407.2006,1573.89222,922.1994,1186.2163,28.01139,7104.1046,7603.5659,9356.6639,7821.3335,2408.0008,737.7968,11786.4167,4539.0621,56.8608,2009.1582,1730.6196,6.468,1449.70044,4917.70599,4583.16984,7124.2909,5913.93899,3681.0501,4926.27391,4800.45497,4493.10129,7497.23824,2319.0776,183.3873,9961.1301,2780.50341,2693.80014,1711.04735,349.08904,1248.23003,4550.30535,6267.88384,10408.43291,630.91841,2395.58906,8075.86166,891.7912,6291.35378,5707.47616,9581.7172,1027.0128,7036.6729,5637.7442,460.989,5818.65841,8404.20514,3538.7509,3128.1641,2195.6579,9779.83099,2985.65098,6108.3753,2068.0654,6693.36871,14270.2397,2440.1313,10051.4537,2860.29291,2651.4604,7294.7577,6381.3515,8557.6703,9879.66947,7714.24427,2373.012,5870.0409,5605.021,5378.48665,3358.05096,5426.88854,2669.71607,7053.67614,9090.70121,3905.30198,3662.5006,13700.5145,10246.5975,292.6974,2205.9609,6210.2869,2932.96155,2959.2117,10717.6943,22894.46676,6752.34193,4346.31162,752.9219,4785.11368,3118.79745,3241.24161,3065.4882,3446.53709,1213.84188,5732.50621,4040.0569,7498.2839,12531.0505,2873.7292,3214.6973,1308.3107,3953.92766,11580.0359,6744.0015,1905.8898,6042.37201,9196.48048,1527.9993,4086.4262,3017.7804,2215.7576,14920.7203,1599.3556,2948.5946,8249.7691,5063.9697,11739.7294,596.6565,1481.7738,6949.1845,5585.9916,283.701,5551.7993,1743.3221,9912.0279,7266.9345,4835.4607,4859.9112,6023.8562,6156.9072,871.5943,2990.3804,7413.8987,10609.0022,6485.4246,6799.5522,1949.08014,2205.202932,2034.6807,1003.767,1958.6442,2031.5621,2672.7971,3205.8963,3053.5723,2342.2287,3864.7255,1267.0792,3140.0319,2181.3508,1600.3476,3369.4451,1702.4793,3151.033,8514.9618,2556.9361
B3GNT6,26.374638,71.173074,215.88180599999998,13.371305499999998,850.5859694999999,191.62101399999997,741.0214080000001,649.1549835,281.12180950000004,208.064028,153.311836,54.9465505,25.824943,2551.2713995,77.7453055,284.753982,13.032494999999999,39.4646305,426.167823,1096.617375,27.417890500000002,59.8412565,49.808006500000005,72.3822955,313.8247035,31.906235499999998,431.6691535,49.471233000000005,47.039454,17.5189625,47.128943,425.3664165,73.2203975,28.867751,387.77459799999997,8.596167,9.140959500000001,44.5676385,451.1449015,30.7691835,21.199214499999997,342.372678,518.7955274999999,77.16315949999999,67.66108,554.9779315,235.327133,51.744495,38.2926035,6.076936,56.757058,121.3267535,463.515361,45.7003535,112.001012,80.86197150000001,79.869085,588.984635,60.716967,417.44059550000003,27.7029055,14.587477,23.3982125,63.7159615,11.9255405,41.2665095,38.3461,37.7912025,29.400661,123.976205,47.8588615,59.3794645,50.6657955,49.9682585,47.655778000000005,48.113628000000006,35.403763500000004,481.23810699999996,560.7112635,43.386849,78.615592,20.8194925,29.104626,26.239103999999998,319.2386395,28.5266785,37.70133,29.6378825,359.5339015,33.6491495,134.497407,222.1972595,41.8209545,45.3242175,49.5295295,19.600465,65.121908,185.3960335,66.610251,432.53887050000003,21.731568000000003,32.836953,35.9480805,31.054592,297.32160150000004,87.54635300000001,27.5704505,136.26301750000002,117.9136865,47.942629499999995,105.9275515,158.0659475,33.172266,16.743159000000002,106.309796,326.5065885,8.125048,56.1203065,14.509079,14.695881,98.56531700000001,35.808659,7.6635735,27.380301499999998,52.043579,27.4751105,59.0050565,35.8376125,281.3367985,29.473999,33.023486,23.1832975,46.158037,155.5920295,7.0880185,252.53457350000002,256.5508925,66.193098,47.6015735,45.309037499999995,51.320043000000005,36.875278,30.8645975,407.339961,41.815292,32.3847755,66.8660015,32.56456,26.191962,38.0306635,43.5201145,33.812488,37.920252,34.9357275,42.8237745,26.277209499999998,29.336347999999997,559.854068,17.0420315,36.0591545,51.4157195,24.9926405,26.471996999999998,15.4459965,50.965784,60.272525,35.0994935,140.317911,39.228463999999995,70.862192,25.3475435,18.403897,48.646077,34.789271500000005,519.385376,539.693268,30.9138885,43.0500305,58.6800885,26.109291,33.9470605,22.2068415,30.2158045,44.1240925,42.395558,80.1569035,182.836085,70.70352899999999,7.7372855,46.433645,52.4290865,82.874932,15.854463,37.273826,37.2984845,47.3777665,36.146372,97.218937,45.7975815,46.6993675,33.589684,119.4172935,66.61084100000001,107.8955905,43.7345525,49.794147,144.5811935,255.4835115,18.376279,80.22554699999999,34.284211,36.216066999999995,48.106096,38.388794499999996,12.5159885,27.0482255,97.24266300000001,111.722775,55.8028875,22.1705265,64.6243425,49.108328,105.44829150000001,58.471126500000004,38.4711395,35.571484500000004,42.614977662,25.364324686,44.2690835,19.986468000000002,23.8499405,40.2428495,25.726626,23.0945985,29.266684,37.7197585,29.478629,25.380108,44.043262999999996,23.1424555,18.9966455,34.552701,42.4245165,31.441253500000002,62.2021155,33.184986
TNNT1,693.38459,16.069733,5.004665,59.964322,12.397325,393.097107,7.970303,10.065989,253.969005,3.248235,18.34499,127.56058,560.377542,66.439292,7.849835,568.036653,53.990196,11.789873,7.923482,1378.13678,885.726565,10.509951,47.175652,670.597861,6.804732,43.427381,11.817634,5.18269,194.542256,7.542081,2.418874,43.862109,85.445213,2298.926282,140.497212,758.214802,7.801017,134.951236,400.909051,74.653841,7.321613,628.260351,786.934926,67.358849,45.136356,54.634723,58.400424,197.910147,4.404131,6.334889,6.310285,425.614589,10.900548,292.342019,4.996492,4.462522,3.577137,4.866957,12.228493,4.227719,4.665976,155.663981,3.336809,263.964858,11.898862,4.687501,7.58816,66.506823,3.002941,3.932564,5.216462,14.570764,11.877961,148.327018,318.454852,4.857751,5.786313,346.27258,7.20471,10.243348,40.173717,522.44666,338.280739,8.678804,6.136586,3.416663,175.10584,331.960068,120.382491,4.801865,1478.394343,253.034043,7.212121,846.583079,120.964808,4.025315,7.460638,7.402409,4.113031,179.820976,6.763521,5.359824,12.88768,317.022659,9.260971,91.85896,84.957383,5.413637,109.545942,91.163246,2.845259,46.993798,21.743672,77.807468,189.129914,71.989369,6.12865,47.580684,5.708282,22.15626,8.474945,451.922002,5.956945,3.779423,4.730469,6.957104,6.494075,26.203982,55.687464,354.933294,203.197752,4.662427,12.421334,25.074718,41.274915,10.838229,11.670414,132.570449,4.263429,7.293876,83.122795,3.531929,3.645587,621.654137,86.061914,10.540355,12.778974,1058.672817,139.885732,8.063818,5.910331,3.689537,9.087145,310.292478,59.91603,6.0802,3.991963,292.150391,10.279566,11.689066,579.241429,245.815897,447.253149,195.587158,7.999228,14.612838,14.178171,70.544988,4.180187,350.607747,5.208173,15.251461,5.655531,42.057172,21.921731,11.582059,3.981309,5.88834,292.645336,11.130218,66.436361,6.760401,3.732412,84.759801,8.783493,8.703286,8.318591,8.772619,6.406738,5.086689,4.108347,29.377637,26.783446,8.978057,4.601376,4.986148,73.381916,116.070889,186.058474,10.831792,11.419323,42.097949,86.067364,2.696924,4.650051,148.20056,3.049987,4.469559,6.069682,354.743308,5.91493,90.547742,3.334625,3.934292,41.329658,336.193684,13.728905,8.473422,2.30085,3.200036,327.755258,174.823787,28.614657,7.415752,3.762625,5.582056,92.73486207,168.1478409,7.804072,56.834759,5.071201,7.405529,4.675556,78.068564,110.722676,20.053238,12.742523,19.062319,93.438014,11.545029,32.185663,29.681987,3.168463,10.839705,14.204749,10.984648
FAM83A,255.6078715,263.35576775,392.16517175,157.518981,272.97518525,461.27616925,234.67568175,90.59400775,275.1907645,90.4464735,685.231188,129.59483899999998,1810.3536422500001,233.5061475,267.69144875,1250.60442625,207.3374795,561.25961775,2728.0465145,473.760858,579.99118775,128.83275325,2071.3353850000003,1567.68515475,347.14092225,380.5258455,180.09403774999998,62.6732765,546.801561,108.5222065,96.98760325,153.250972,560.3925325,2457.70632625,682.23348625,353.38287125,269.16435,165.564707,568.5309757499999,342.51134149999996,117.28134325,840.1261105,530.374174,112.88651225000001,736.4061845,584.3943245,402.23718475,231.12717974999998,78.95591775,170.54453075,573.1005155,574.0504872500001,1139.13044325,439.022448,58.819655749999995,294.82150075,187.043632,371.83039325000004,68.9222235,789.78199325,445.68468375000003,4537.98811125,69.65412500000001,485.57384375,1943.02616275,73.87737800000001,45.7537205,46.815709500000004,90.74590574999999,115.89924925,633.49727375,178.453639,155.147113,946.4360429999999,114.0283705,221.06430699999999,3258.293255,482.1716525,51.914496,60.406359249999994,124.33628225,2230.33852725,59.58388275,90.68472725,136.6027535,42.8913725,179.2685785,104.02943525,477.38798475,77.807449,77.07117675,209.1427405,98.01201499999999,170.506766,178.11585025,122.572677,339.97361275000003,168.159562,83.05476,410.11614425000005,279.502292,70.3461565,84.15255925,925.8698535,543.31156175,313.09905349999997,143.25732625,200.75983125,129.2974605,661.1279382499999,160.309639,333.85122375000003,301.72657725,62.557628750000006,273.2424385,305.11069625,94.14907074999999,64.789007,446.96696725,470.90011575,96.7326925,175.21809374999998,87.742661,61.89396225,125.7558935,193.958576,329.1946315,83.221199,227.9244075,224.17376050000001,133.481376,75.924571,145.81352550000003,376.3462945,293.48307250000005,353.69576725,347.4388815,164.4587635,76.3397735,159.11513125,203.84579674999998,96.369709,68.641704,467.177325,159.7403745,79.58382950000001,154.55320775,70.77153575,80.73830125,57.791889999999995,153.9153285,79.157641,118.00053675000001,81.55313000000001,166.62715550000001,75.83156875,132.514518,1256.9412579999998,179.01351975,78.3065765,202.01975625,38.49439225,182.30883075,149.42047300000002,76.511307,49.40174075,63.950066,92.58938375,63.635896,130.7500885,80.21835125,45.773524,83.33653225,243.24149275000002,238.429237,304.64297999999997,145.05717375,160.5942095,180.42282699999998,178.18069200000002,175.59283349999998,40.0398175,161.1789945,308.4430485,86.80466,110.73941425,153.56317124999998,281.66662575,70.47851125,171.34582725,284.41867775,144.10234425,56.23811675,104.61041349999999,145.4034195,126.57286075,58.7070945,231.755245,40.40160075,113.14234575,120.5693355,141.33898975,760.47816775,75.477632,77.98763075,494.05430525,96.57818325,75.3352005,66.6966885,388.4032985,107.334454,69.20884425,85.868663,102.6009,79.96369075,77.634492,205.56567575,216.47401424999998,71.47282150000001,98.53634674999999,58.7318655,98.252626,223.3606315,88.34565525,285.54690400000004,57.79637700000001,48.22728976,51.675735793499996,58.914519999999996,56.289887,40.641771,39.746069750000004,54.268956249999995,35.01490375,48.093577749999994,43.402521,56.954854999999995,64.473012,59.806889250000005,40.59577275,31.804180499999998,74.417802,64.716899,58.329379,145.599852,61.78093375
LTF,25221.85296,926.67349,16311.4685,5496.97111,256.703032,1664.266585,10091.1433,1313.11107,8427.97135,10319.71526,9464.91115,2551.065614,138.585367,6424.561037,6532.176503,10.300915,15782.16224,1678.293534,446.198444,1898.890285,11436.19271,7779.95472,7460.82831,2147.19779,1554.40801,4641.4745,12752.34862,3814.429459,79.86071,1163.33686,12440.04367,882.560723,2538.72088,10.781171,2705.95791,15114.72192,8611.22559,7368.20489,760.58171,1018.246947,13679.1646,6.356052,548.074593,19789.1796,33.09945,833.292257,3.723413,9204.251344,3279.81465,2795.682495,529.950527,587.222183,296.485589,1455.54271,31723.87415,227.777958,108.92274,15652.26292,1498.253518,24.854919,153.879314,5.037918,241.493362,73.65527,3708.12623,27806.89137,442.442346,1137.2968,409.23207,685.490436,1523.434311,2533.11289,8336.740495,4100.39145,77.01786,1158.4451,564.48189,3845.35298,706.494642,149.570282,2612.99662,12.24404,409.00058,150.50135,447.41385,1100.852179,357.37191,128.73069,86.490923,811.916716,4.8962,767.74345,31.11883,879.70425,2023.39885,2850.62225,463.24097,648.69633,19293.5029,703.016146,92.47945,323.8578,1338.529491,8577.71047,2061.180824,427.410219,3419.057072,2932.378182,14.85467,1739.481669,83.011464,3.61249,7252.757003,1151.625881,94.13015,13712.65482,4584.650507,136.174995,3237.109233,76.138641,534.353319,1786.187162,1891.242863,5154.808648,12.989436,15176.49788,460.88007,1143.309248,297.906712,2924.582998,384.2338,287.296,1324.24263,330.18007,233.43818,52.426068,562.36926,3871.549494,13628.5643,1418.99924,3903.806139,1257.06682,365.451436,6.097314,3702.92975,187.54861,515.997172,79.907877,1751.12209,4728.6161,522.05664,736.39056,815.23273,472.32421,5165.60219,728.7729,194.17963,44.05164,458.05037,644.2157,1750.15938,371.57,95.887938,453.43454,4937.42858,422.872815,66.9225,158.00986,1855.952776,1753.52776,863.119501,172.80425,16.931623,16829.20971,75.727887,68.1518,1465.18459,930.35543,1922.13018,936.90184,46.03317,719.66145,1058.24121,1559.77931,1832.1429,2322.491495,122.271315,97.448878,30.842793,73.161934,85.373999,417.05587,859.46882,140.009039,397.870059,1989.08937,294.550253,1321.73714,499.98191,1520.34119,304.61847,88.38562,4115.70237,1901.98055,232.12792,1844.41116,1402.13335,218.0056,319.49624,664.88574,388.52551,4809.25659,38.23003,786.67059,1922.1852,9.24409,3733.29945,3224.31638,320.98242,21.36207,120.52687,5104.45635,1699.26584,353.16635,1042.93133,248.36524,542.3636828,588.5347136,552.14777,309.43976,367.90134,290.75813,1880.3065,195.72543,206.09052,247.49839,248.53647,349.6137,1162.44181,448.04617,217.93587,1401.72906,363.7188,480.56087,582.18055,450.29881
TMPRSS11E,4.396131,64.967066,161.594856,20.728725,289.762732,211.397018,1710.798055,55.744582,28.256721,43.138612,9.618183,26.977246,1277.709643,3.34838,7.151453,302.380251,5.617738,70.24892,120.230437,29.292823,114.689362,17.691284,24.597184,78.374695,4.777477,4.377147,15.053398,33.902895,163.461328,6.603499,37.3703,1084.375713,319.053427,111.345792,543.806478,2.131811,117.645554,210.496159,413.34216,101.172601,3.640918,838.804779,630.408513,6.406846,5.97025,1228.005382,748.780695,26.762756,3.722004,562.684946,293.609229,372.646591,295.196694,78.368183,87.017739,71.225998,8.989322,2786.488783,4.44776,62.990954,56.13187,16.824609,7.027702,3.329348,13.879272,20.286422,5.69094,36.789726,70.20897,19.538369,372.903037,63.577444,146.646493,23.272999,35.019568,1.472876,62.479288,993.335521,3.032958,6.296831,26.140043,954.696553,5.242348,7.725668,18.458822,5.284677,105.231174,296.320444,422.21968,2.72699,174.710664,6.721686,9.990119,32.599642,13.508662,6.217896,72.557864,35.278351,3.256084,26.259805,7.893733,5.938206,3.41744,3.461229,778.590202,334.358493,151.98202,460.166702,139.318746,1097.37859,80.068294,813.419351,7.292349,35.352082,26.406991,175.365152,24.058622,13.35272,33.463293,324.834125,50.725788,33.905826,31.517201,3.876155,39.041415,47.909055,87.290454,4.772934,135.184074,58.963432,39.887815,21.061531,261.835353,2030.095746,319.632309,242.784982,881.288535,84.306204,23.584079,5.905874,4.103129,22.363433,7.733389,2245.5699,2.40212,12.519721,15.292344,14.49749,8.040649,17.250243,39.315113,7.988437,111.470498,3.430021,12.13507,24.344266,3.081172,1749.948005,4.605479,5.784713,30.50093,3.042959,65.977511,29.811902,52.020363,24.964416,33.564917,6.676622,3.586966,61.183388,44.34133,25.262945,3.412087,6.42565,8.784566,531.528199,97.31856,54.952361,21.469572,127.050487,795.286772,6.710422,984.322369,389.009024,161.709092,38.695495,35.649075,140.135081,5.08197,176.205113,22.074862,7.47159,87.749498,23.439042,10.370238,5.710151,107.804869,4.966833,86.311578,6.407315,208.928248,203.240833,368.626925,37.855773,87.924988,483.380849,7.410769,27.261673,14.008515,129.036257,2.898938,32.22244,35.26202,166.767279,39.513609,3.471492,56.60379,29.384761,97.86597,6.018511,34.618499,2.9455,62.699034,12.047405,103.732247,97.057114,21.04335954,2.6013599,4.413848,7.352923,21.092858,4.127057,3.804734,8.977317,6.30035,26.985682,30.519594,5.138139,10.321512,6.54913,9.520835,5.846173,17.821294,12.777083,32.275199,5.297785
CYP2B7P,855.30788,167.37736,249.66429,704.38204,919.72611,1298.14499,882.41021,1167.86876,1301.8814,1190.6473,240.1273,843.46648,51.46707,450.92076,359.99683,500.50647,2043.60749,166.70799,123.77175,81.18925,186.70398,831.396908,191.664723,273.110734,1977.9655,92.95736,186.41622,711.20835,59.20637,6374.57352,251.3283,193.4024,450.44005,57.01925,212.90635,473.29598,442.98846,1080.78829,266.31746,943.35411,436.75807,197.56282,4890.26844,212.17617,2471.071362,193.96412,185.51769,364.29088,154.98961,253.66658,1377.1268,1980.50407,339.92467,347.285863,368.1576,1436.13845,2333.414376,423.19655,407.84037,132.23517,268.7204,86.70246,1832.44189,135.36251,56.44873,665.58487,784.00551,842.747152,1091.58346,5081.15553,517.52154,3174.08723,430.04093,318.84245,1177.45071,117.91505,110.49,2916.97765,4835.4063,1576.25624,1538.112684,6.754698,2152.781794,4931.135874,960.513651,931.12146,1643.115824,1705.118021,129.84095,333.26352,203.993,8008.9874,2618.2567,205.2388,3764.2248,2124.6328,1316.8453,1638.5083,333.9298,445.96457,242.76029,7017.23263,232.27075,1212.34362,521.76802,258.23759,1880.11129,1083.74596,2829.63595,23.72962,5494.14435,61.62141,1824.19075,5347.7207,1123.2064,447.75876,375.63288,2182.11512,55.10583,48.85763,782.07326,733.45194,1093.92982,981.07145,3538.70198,2145.94587,2640.57643,2075.6008,5608.23345,1496.20021,2367.42911,2969.53164,1338.78892,1078.39773,32.38156,401.95699,702.81452,662.16904,1465.11853,385.97224,1833.43679,1817.305195,6714.9433,256.57394,4575.359521,7372.467527,2169.96826,2494.93927,2208.386276,2844.13708,2460.47413,5931.26221,3725.07232,1782.514017,3151.041609,638.68449,9820.6812,221.7921,2308.029224,1587.629917,2753.211875,562.513863,3698.53028,428.281795,3273.664268,1431.05456,3406.9265,2503.2452,973.45484,957.86871,4721.06782,4471.79605,9615.19232,630.81649,12272.20535,7835.896776,78.852495,2057.620573,5493.04119,2595.627128,1525.387627,4917.2054,2420.7741,165.707725,1144.754016,1797.33349,713.46667,5282.25676,606.27605,5030.32674,4096.89223,2054.68196,1558.80298,616.60025,3390.29779,6935.10936,2756.84913,3453.23874,2188.42728,2826.05783,2529.47524,3591.05533,6837.25619,6591.19507,7320.8191,155.1405,1513.0908,3840.1146,5040.9773,524.1532,5761.5701,961.2759,5862.9303,3780.6942,1832.1215,9389.0203,696.8518,3971.3832,5294.1738,4097.4363,4523.6778,2237.2216,3685.2873,1859.5676,1261.6914,2248.9495,1712.677801,1410.191178,5455.24449,749.83304,682.21075,1434.08013,845.89362,1042.46234,1149.74258,1502.16038,943.04234,793.64568,1981.98491,1170.74193,1283.16802,768.91406,1155.50482,775.03068,2055.98133,1406.80075
UPK3B,36.09825,72.46098,56.11728,51.1437,81.518674,219.215899,79.90161,177.14967,71.94233,40.949091,51.59594,33.684039,57.273795,121.505975,356.980799,72.27253,74.326037,361.660556,29.922533,80.169531,37.01974,26.41098,156.93653,69.64892,19.46867,63.829613,107.193629,121.693996,22.222599,49.794312,117.40735,96.629134,64.450467,5.499625,95.90653,378.4207,42.38236,88.559705,50.65885,64.406588,28.41801,65.040393,14.821086,128.458362,44.3672,39.91357,62.855936,309.50613,26.83929,128.15194,17.796127,47.245896,57.727001,51.93257,94.812188,60.393271,85.59487,114.88004,49.503701,60.640397,61.938921,58.485066,8.804163,84.28383,27.26915,174.708369,6.991611,544.644,33.65825,71.939617,134.28238,25.743913,13.184768,77.355769,37.59378,144.860088,23.64208,104.81221,345.249342,73.868331,562.24092,109.4429,665.49222,51.68443,141.6062,6.393302,617.10659,73.19395,97.264018,48.406514,51.910273,152.58424,77.27394,71.72713,279.20634,96.23968,10.09694,187.31669,82.11997,9.259825,49.44485,10.42819,44.606343,59.998069,35.828765,55.387479,34.268957,8.812952,63.72995,29.888291,69.889331,57.707717,131.353174,99.325668,64.443051,6.383957,79.180177,41.347841,38.621311,59.395711,65.536914,63.834427,34.08904,50.87608,17.064757,29.089667,129.922705,71.866445,56.418328,128.786694,42.51078,82.18668,80.56866,37.71704,43.57313,85.755123,277.124956,60.74694,99.2971,107.09727,63.87869,197.46305,113.00794,223.126328,100.85287,133.57107,54.360428,180.346701,41.53482,74.521626,54.711107,126.508829,191.417082,22.26051,36.77365,14.030242,61.03827,588.21114,66.31263,299.0768,15.11078,45.49526,206.576113,119.16306,40.49564,50.897635,107.622493,33.58052,13.559479,106.082441,7.284188,67.55993,228.07504,122.023546,71.961779,109.18462,63.12141,80.34012,101.75399,58.29855,29.6676,1060.89701,80.56437,70.83671,85.97924,214.069094,57.265661,68.429424,49.960079,8.94708,94.982033,350.44933,38.508932,72.78767,407.973211,106.67277,80.546696,330.906763,142.889494,75.230984,28.118754,69.968919,123.267967,34.69387,59.02219,28.19143,110.2823,38.91176,44.71009,55.96876,89.77817,59.9015,48.84802,132.17372,101.9425,226.47026,67.72336,85.91798,54.84592,14.50599,53.35617,76.85721,119.48375,344.08282,119.57819,57.502,386.0766524,700.8902018,23.37397,1293.937687,547.985543,43.861146,738.705098,510.606484,317.785132,650.6135,709.255613,530.698733,314.822381,525.868885,43.078404,107.748857,458.159783,398.410371,9.735793,419.065289
MARCO,1022.35517,6520.54896,4849.01846,574.71212,516.53392,5682.39277,1213.43839,2178.48536,438.09958,7489.0992,51.77121,1375.79263,322.7928,459.8962,334.9076,193.9295,1052.9537,153.70906,169.96115,2151.73361,14.84788,644.9135,149.24267,443.72381,1125.71381,2652.3659,289.391,7583.3799,4433.5792,2922.8729,226.04713,2258.97854,1019.91641,3004.00474,2419.34638,838.54445,676.07417,605.04751,863.83412,332.92823,479.75068,839.0381,890.1855,4996.2848,4601.37672,4262.4223,273.2206,2825.33,411.4237,2405.4361,776.6251,704.034,195.1147,870.75148,558.1009,635.2463,1196.89234,637.32921,40.95033,435.75193,2068.01464,148.52291,3812.51841,282.81208,314.12752,779.59871,4664.95652,15098.40674,211.37432,337.1022,2204.5481,1447.9106,416.3471,817.3643,971.6264,358.2255,631.11582,269.12491,4113.5283,3997.8815,2022.51718,1360.8163,2898.58211,1862.88909,426.15352,2782.6847,354.43635,746.29398,585.6163,2297.5145,399.5735,1280.7114,725.61549,251.0479,1766.1675,1773.3259,307.28583,2706.5514,115.16565,587.84349,748.68181,373.38253,1262.10741,83.15035,173.99545,25.44013,158.68664,720.26727,318.08753,6377.59599,135.25693,80.039,112.2131,586.6193,2485.9759,412.2492,473.5138,1717.6453,511.0975,1902.3708,957.3546,2207.6562,1337.8247,1013.3899,2503.7954,445.2482,1049.7614,651.1862,247.0323,359.92188,1576.71851,2090.91794,271.54518,895.24658,131.33031,4357.89083,4141.4729,1374.90135,1529.96009,3332.76882,2093.6547,285.05932,615.0328,128.8658,537.75073,1293.21343,592.9537,3409.0463,1081.98193,322.7195,2166.7405,476.0957,814.4542,2249.31414,348.6506,314.1704,1224.17939,155.42856,41.62258,1457.08686,96.45609,3691.0848,1356.7185,114.76878,2214.96847,3280.1118,1106.6493,3574.47873,920.1942,365.8487,2887.9511,1513.89286,1148.018,838.6919,2895.5015,271.20973,329.81479,28.53299,631.23646,655.54973,236.74723,3298.85457,1517.15135,5398.90182,493.01077,1036.9791,1037.7532,2569.3509,258.2119,517.5231,785.0588,3110.31296,656.593,1460.7635,951.6357,2289.12299,2186.2007,2612.2084,285.0755,1036.3584,622.7651,137.234,415.2887,1055.1159,662.64808,1834.57078,3377.0251,83.23937,780.02167,1118.28042,4159.5531,300.67674,443.41719,844.97272,781.76691,416.08132,488.66114,860.69105,140.671,302.51394,1209.60079,1363.12753,104.36268,1869.84752,241.35057,929.11595,8695.321074,4468.104615,5192.9196,5511.9854,4667.6903,3908.2234,6043.6693,6624.7296,4360.8597,3739.759,4662.0357,3761.0339,5325.9425,6410.5136,4738.764,1804.5751,5618.6524,7838.8447,1101.7775,6604.7257
MAGEA6,9.179155,18.360048,4.239468,10.025188,11.471804,4.62385,4.556106,18.383058,20.548058,25.548427,16.785583,26.852689,2.939663,22.00282,3.65597,31.648221,10.778643,30.175536,1310.751311,8.242602,1575.597585,16.322735,43.719662,11.607915,15.503562,4.683945,3.8145721,15.680852,3.062739,1.6612962,20.802848,11.071667,32.788171,3408.210824,29.881814,3896.343808,4.467134,17.830818,2.89801,253.838918,458.208896,50.602191,10.035215,12.826022,4.243284,15.804182,3970.789823,21.079298,18.974094,389.16713,16.933939,383.755325,9.511506,180.051221,4.810446,8.808239,5.536323,17.715903,24.979669,3452.451541,8.225761,395.684072,22.312826,9.270489,11.75512,30.358942,12.155094,19.816841,17.645975,19.455539,5.189373,7.2918855,22.321053,54.7787495,27.2494281,4.2341427,3.837609,5.89019,4.973936,18.88842,4.839623,7.00567,6.732255,7.821834,16.081345,3.845648,31.367502,5.601723,24.934329,4.087833,7.602193,1.9353689,8.396897,7.576143,22.893936,5.178155,2.689869,10.023101,7.569808,14.445095,2.575889,17.406757,1.523434,14.91044,4.410156,5.085392,20.425256,23.157561,5.929627,10.31477,5197.359421,32.604925,3.761028,42.369141,18.9559369,19.717163,20.834363,28.965086,12.017371,3.136439,25.768508,3.254325,2.148479,14.532447,19.055873,4670.773619,84.020387,6.778761,4.800442,10.516956,8.716601,9.337869,42.435431,8325.502889,10.903763,19.065239,21.886381,39.470261,3.72114,10.986306,13.783318,8.481079,1.825015,1.66745,1.910373,10.383109,5.710287,21.831474,9.202718,14.7965026,4.9557992,13.6034197,3.4745243,4.55527,33.52161,26.4880296,24.274569,26.736494,4.218228,10.271729,5.421356,12.452461,10.756989,15.759427,10.899558,5.704176,4.9172352,7.953313,29.034528,17.300325,9.92883,19.866455,28.524349,6.11725,7.109517,1882.057797,8.563213,25.338271,31.784152,1.481746,27.411956,12.003285,69.940405,9.583938,20.357318,21.287957,95.486384,14.575362,2.714151,35.483789,7999.786634,22.640945,10.256288,31.845924,24.685718,18.281754,19.664906,35.0218469,7.0048168,1.6369904,59.9063214,3.6745025,8132.236174,4.7584465,10.964261,16.573851,3.255535,8.576397,5.346441,76.65514,13.320505,4.356174,17.175272,14.055984,9.78726,3.517456,49.618256,1.172274,28.850372,15.741934,20.054511,21.344218,5.655817,21.918892,5.571532,23.299868,43.51931886,9.196182608,5.1755408,20.1763157,0.8519116,9.0199354,19.8615378,14.3859336,1.0652878,2.3671282,9.4902792,11.8516606,6.0925137,5.1597284,26.3855678,11.6550807,21.328566,8.3729404,20.7662903,15.5146631
TMEM59L,50.915122,10.871723,10.457995,13.112015,7.689372,13.329216,6.870916,17.441048,13.370324,16.017584,12.697758,16.442994,8.421602,49.908219,10.780611,15.720566,92.124174,13.744139,254.173642,7.490073,9.560149,14.652748,18.129046,6.818776,64.203104,38.708335,8.94303,12.944552,8.743829,9.919498,12.067007,41.402627,3.491527,17.764225,7.911705,13.046103,8.667665,12.552908,8.289495,8.739034,10.326487,6.240054,12.130129,10.112436,9.695562,16.233735,7.043429,8.366543,9.653362,7.955052,13.349592,4.054935,12.565921,7.939045,14.475064,8.369939,9.414263,9.644065,11.396374,16.3767,17.724103,9.753401,13.985247,7.344122,8.866713,29.384757,5.237118,7.698895,8.777201,10.769512,8.13327,11.053363,10.566607,7.932146,40.374562,7.63523,34.539511,6.263358,11.208719,6.760424,9.008081,11.182046,3.023798,22.870482,9.107623,11.535577,12.068307,6.532483,13.513428,5.330164,33.039666,8.253162,11.875675,14.725317,10.179343,10.828865,270.506568,11.802324,27.201568,73.954666,14.290027,13.421486,7.904243,15.514142,18.63829,14.026695,10.113903,9.999044,38.948273,11.115634,12.588651,23.51256,12.826793,8.033341,11.833393,11.336503,8.096597,11.205958,10.67496,5.030975,10.23535,28.042213,2.950638,10.964468,13.432656,11.644697,8.185181,6.066064,12.659055,13.753133,3.064387,11.403694,17.994627,119.372372,7.117433,7.582751,3.06941,10.447757,49.698838,5.924461,8.889083,19.381027,14.801199,12.339189,32.178831,4.182968,9.356376,10.352592,9.209407,11.051283,9.192679,27.899433,10.582744,15.165132,14.640855,7.626405,40.745345,11.389934,11.175676,16.004655,15.259683,12.937718,8.273453,19.323696,10.61231,7.322142,10.128174,8.320754,20.995107,12.392717,8.944895,9.257863,12.033593,10.072915,7.954432,8.616262,8.28737,41.314238,10.406088,8.893824,11.520699,3.477944,18.545167,34.587965,8.490958,9.764539,8.428981,22.719578,7.883366,15.416279,3.621877,39.062667,13.167918,25.609449,14.065263,66.501131,27.94378,11.387371,10.622508,17.959601,8.266832,10.942612,13.66283,38.265085,10.132791,9.934701,10.471616,6.816249,5.582806,27.061727,31.519896,43.890638,11.899882,7.665838,6.193278,13.285555,7.925323,12.333518,14.41203,74.453552,7.887515,9.180335,14.675231,9.351539,9.432029,13.019194,27.60466082,52.29258563,11.990073,10.763533,7.241632,8.721242,10.010523,6.192438,7.795733,10.018258,10.400493,9.109415,13.332698,5.386319,5.322287,34.201839,9.722961,8.023206,12.105192,6.835736
MMP11,66.3143565,338.07283875,164.75085725,99.2580025,136.8393725,64.5970665,471.61312100000004,97.36221525,310.96292650000004,101.81112275,674.3552087500001,69.16462849999999,1388.7027097500002,78.97338825,118.848412,393.98490225,330.8333855,747.5514077500001,42.95158225,431.63032825000005,623.75955775,291.2859505,158.08823225,385.887289,79.689502,623.587828,1420.0065072500001,29.13614725,2279.701763,25.030729,278.598574,1265.8554622499998,265.021657,469.5196745,975.935111,79.28266674999999,59.956425499999995,105.7940835,151.532678,107.88161149999999,153.6170035,616.342844,246.51671175,237.31834375,304.367558,791.860852,1219.3733484999998,403.35403175,73.828053,222.78692650000002,644.8336860000001,2145.112024,707.099046,437.055862,217.8630005,97.39104775,118.05606625,321.6660685,281.72407975000004,107.38038325000001,1224.1185042500001,73.4950875,43.237568249999995,270.060432,63.014311500000005,125.25250525,26.1375195,29.314520249999998,29.5740055,79.969775,454.89909775,43.912350249999996,71.05584049999999,117.82713575,137.03116550000001,162.9352485,37.959954249999996,36.50617725,83.78705599999999,599.8745027499999,25.37642425,606.3265337500001,20.91135925,25.799760999999997,256.167411,59.92952625,81.640783,334.5476775,1718.92173175,468.11624274999997,79.2379385,95.92242325,141.51715149999998,251.44799475,35.199145,58.79997425,609.2414195,59.56058825,166.7500305,518.4695095000001,561.59505675,290.5139225,178.609002,223.74206175,415.438195,1387.617135,757.52412875,467.63646525,1608.44023875,391.03774875,128.22806475,1920.66215825,274.15775025,234.09758374999998,881.8401977499999,191.67784075,61.5638315,99.20808849999999,824.2332419999999,659.9215485,466.63861775000004,547.8176315000001,40.452357250000006,48.606257,57.165935,370.42013049999997,209.639858,94.717919,30.46434575,283.132492,1253.5302365,145.022442,146.30073525,321.24542299999996,241.03191900000002,543.598962,618.9750335,350.29048325,535.33264825,1019.296194,476.40091125000004,74.8429925,343.737832,1805.28628075,85.04869775,42.0752235,36.743832,84.283013,607.35629825,57.87116625,38.800846,103.274683,103.9543435,41.134941,76.3870745,76.97343125,74.45458725,978.8446495000001,377.54545825,61.49987775,114.27063775,57.08208725,48.73649275,126.090767,37.26113225,44.845766499999996,38.16536625,133.357539,70.231866,66.0251135,33.635273999999995,50.28407,39.72330325,397.93055725,46.13235775,56.47921475,636.5356535000001,130.282643,160.13562025,83.742485,136.23798549999998,22.90790275,111.522856,842.053243,608.1107522499999,77.68447599999999,301.45626275,165.74695325000002,492.8300915,200.90354100000002,226.07712275,44.937123,34.27976675,34.89065325,38.95385175,23.56186525,30.202261749999998,67.9671315,44.78566875,49.12028575,548.8054895,741.8767775,106.728804,61.5035555,59.32118199999999,524.0469115,31.66974175,22.63685975,19.68581275,806.781924,72.28416800000001,86.213477,52.044563499999995,122.29749224999999,51.370924,123.09796075,177.76734075000002,384.4303645,74.6455665,42.5175645,61.824312250000006,61.206329249999996,76.1083425,42.622547749999995,106.05960125,119.76381599999999,13.29929921575,13.8135826415,15.46647775,14.67260925,19.04314725,97.505034,40.1742085,17.63656125,17.602354,18.683154,23.82054425,22.182955749999998,13.9995955,16.118875,23.9479705,37.89281775,21.446177499999997,25.042195,38.89681525,26.53422575
NTS,9.526541,49.955922,12.106914,17.414159,13.632512,7.341972,217.275602,23.087306,39.451474,31.538619,38.347054,9.350569,36.158527,15.954324,2410.693364,27.854526,48.759877,4.837758,158.100053,5.668293,46.196208,76.3931,103.456112,18.816071,50.644974,2.412459,5413.097417,47.852277,15.783701,6.406965,43.115691,33.029534,17.416116,4.569054,30.199939,9.93797,4.622238,81.82149,7.18432,26.307956,36.108818,7.752609,24.419328,22.360862,5.223412,36.469622,131.608723,41.906627,178.521891,5.061637,4.893581,21.644348,20.66818,43.148071,688.639812,35.987733,8.383978,47.533846,34402.64889,422.872268,3.166977,5.0134,25.322052,24413.01066,23.518015,19.16109,52.957904,34.457847,40.463576,75.506495,55.465644,382.966894,30.968333,41.659129,38.622852,4.536164,3.189216,44.317746,47.24192,6.575246,539.633291,23.677231,87.756649,54.797588,106.832982,52.396294,55.643762,33.324183,72.931583,31.630337,14.753123,8.108355,33.582357,6.692669,63.266199,61.078381,88.989512,5.197457,77.816212,35.609498,9.809114,32.644078,40.553383,35.333316,42.9789,4.901058,6.243365,33.94026,24.823104,21.048917,19.227743,83.938595,25.919984,27.743351,14.027032,30.613768,59.032016,35.062971,19.921018,17.686295,54.093429,45.37777,38.608988,70.345984,19.399502,34.425402,53.498158,31.605817,40.732315,43.87192,35.012728,39.793475,25.057389,16.577476,5007.824187,21.588774,49.870969,31.272855,570.288397,56.067316,21.88866,100.19382,3.194213,11.152339,15.821775,24.193898,68.950319,69.224515,47.244148,61.549951,41.694064,48.992121,34.975727,56.183922,34.806903,86.71532,27.701464,33.610744,22.547554,38.655085,37.022211,7.879325,32.152623,4.505822,28.479349,36.975736,47.015046,66.051324,61.330506,29.00559,27.223895,41.371482,30.180287,38.228155,18.495534,31.204285,49.145143,23.412512,36.638372,46.619965,6.181077,36.843516,38.122057,55.309611,33.90948,48.264684,6.39353,38.305023,16.066328,99.705806,3.982714,37.01885,7.330465,28.634956,15.423007,27.331933,30.238816,39.803146,72.922728,41.699179,28.579612,7.058632,44.380004,20.10546,31.941771,47.987307,12.282107,55.577177,35.136088,23.790151,52.349011,30.393746,51.715971,9.403872,30.721453,46.049878,11.172268,86.025382,21.345845,25.121337,54.37557,81.38777,49.619044,59.261321,24.294546,7.296851,28.33640069,57.75859053,16.48201,8.073593,27.99156,39.268143,155.22231,14.243812,62.98501,29.560643,37.301007,314.780565,49.60629,45.252821,49.52405,116.020724,45.121091,52.199326,45.543497,35.898332
FOLR1,4310.662985,1732.21805,3668.9567700000002,7010.38675,2628.9312299999997,1770.77521,3995.3391500000002,3603.1577500000003,1836.58455,4939.90165,2211.68105,1482.13198,737.0089849999999,1385.9525600000002,1458.014715,527.514295,2321.618455,305.185115,517.502885,404.93371,408.3112,843.852085,775.8158450000001,1479.76397,6528.07055,326.11415,1051.7607,1258.5529000000001,3158.95575,2333.6668499999996,1237.49955,590.826105,784.419365,318.70120999999995,1347.0898000000002,520.7062,1112.6819,1303.13708,1465.32015,5163.05024,916.3598,713.069375,910.240665,866.717845,2826.7751749999998,2451.761515,455.39702,1431.1459300000001,455.76523,1269.780115,752.19803,472.37456999999995,1195.02791,787.7437299999999,1556.149565,6958.19051,4601.912034999999,4469.4137,526.582235,946.67427,412.21034,325.77123,1696.03438,287.4665,353.34635,1500.631,2630.1045900000004,1135.80897,1233.480595,1860.90535,2633.2825000000003,3520.3753500000003,554.765,892.5838,3015.6969999999997,2169.76435,306.9538,3481.965155,5471.1004,1704.4975,2376.85785,289.048835,1802.281065,1714.336395,1015.087845,1246.0758,566.39465,4156.315395,639.0978,669.0785000000001,290.280925,3857.9938500000003,1434.526,653.234,7694.87085,2732.02055,2839.84405,4014.7249500000003,1218.8175999999999,1181.61699,8231.1259,1368.21115,3398.61395,1214.64617,2099.552295,1735.634125,2412.7282450000002,4924.64842,836.1849,765.906475,4327.943695,228.54108499999998,8313.40927,2291.105605,1715.2276,1986.3851949999998,1168.316035,2328.399755,306.13179,271.196695,3735.8230200000003,4814.765185,2564.231695,7350.448045,2556.6188700000002,678.36063,554.80606,598.344685,3107.11297,949.09184,3543.54175,1488.05535,2934.82375,2392.8929000000003,322.54204999999996,6868.87465,1949.0940400000002,2951.566895,880.9326500000001,735.8469,6846.92765,1749.9813100000001,2278.71745,740.9721,1330.541415,5162.637685,1657.57005,3607.08075,3830.5995700000003,3384.4755,7884.54395,4304.8452,3156.9308,7316.819404999999,1857.937145,1060.918,6477.97825,331.22255,5441.480165,3791.088905,1211.28947,2728.22885,4318.8645050000005,1744.142005,3150.82827,3216.66815,1914.17345,6554.91565,4925.8215,1227.91175,3665.5073,2756.428965,2767.90155,2848.7700000000004,9733.880369999999,4275.739555,982.506695,635.162265,2861.164705,1769.5119,5665.436105,3380.70785,7699.096285,950.8564299999999,2109.0932900000003,3795.8927,5787.016299999999,1290.30635,2263.9420999999998,6567.11275,2737.7503500000003,4842.724065,4130.10915,3405.4846500000003,1413.249,7125.812775,8582.517165000001,1270.3840500000001,5773.57,2548.2264999999998,2370.39235,3969.06325,2340.7314,4910.29705,4135.82415,315.04255,3540.8154999999997,6511.088000000001,4002.04655,2221.8049,2338.1039,5605.82555,7515.2663,4237.6191,2840.26945,7020.19135,1619.8678499999999,3784.3543,2502.86665,4889.7001,4127.832,7239.5788,3998.89115,4791.33785,959.96355,4596.462949999999,3170.6337325,2573.88193345,1783.4837000000002,2015.06915,2599.74435,1090.75395,1738.45795,2207.0749,2223.3358,2106.2559499999998,2480.04055,1441.4341,1696.8267,2739.8526,2409.2756000000004,1564.79015,2397.37005,1251.7824,2085.91985,1648.5011
IGHG1,16.736628999999997,20.234928,10.879425666666668,9.241121,32.35365066666667,22.15439333333333,12.830809,6.5659236666666665,6.1591873333333345,6.731691666666666,28.790619666666668,7.024108333333333,27.292182,6.923894333333333,10.969507666666667,14.976418333333333,21.515413,62.70207866666667,15.384476333333334,9.825472666666668,27.484667666666667,21.590765,24.768917666666667,18.142184999999998,18.624638,26.571286,64.322661,44.70256166666667,18.926728,30.427211,107.01050099999999,5.666512666666667,103.55741366666666,29.29223,24.228132,46.56034566666667,286.5293243333333,19.679796666666665,14.049633,21.702383666666666,83.169041,33.997209000000005,47.35903199999999,124.96319199999999,30.614344666666664,19.960246666666666,86.91103433333335,33.06679466666667,73.32910966666667,43.39209833333333,173.57915100000002,3.847827666666667,16.218857333333332,7.763578333333334,23.313461999999998,8.147870666666668,18.755831,25.465754,11.199610999999999,217.78996600000002,179.22495766666668,17.42925466666667,25.719973999999997,40.21330066666666,55.662103,28.515872333333334,8.642128,16.22879066666667,34.42362433333333,9.154577,21.86618866666667,18.460692666666663,138.28687466666668,58.605333333333334,17.303814,13.381712333333333,13.109562666666667,33.63944433333334,8.904837333333333,17.385254,4.5153609999999995,49.569525999999996,14.794445000000001,19.734733666666667,22.639493,13.104754333333332,12.812058,9.222610333333334,17.155792333333334,18.795429,26.08477666666667,5.048289333333334,6.013026333333333,87.32401133333333,36.033725999999994,44.96315833333333,40.778213,19.446918333333333,36.79260966666667,38.567498,17.214718666666666,14.065838666666666,16.78905633333333,35.111476,11.065990333333332,12.340879333333334,47.359164666666665,49.63829666666666,13.611033666666666,28.094102333333336,17.823659000000003,5.613011,8.227615,9.593036666666668,29.630583,26.621387,82.93023799999999,8.755862666666667,33.560572666666665,17.127125666666668,20.146715333333333,47.09256166666666,19.683419,31.742305666666667,27.648026666666667,105.543659,22.828739,29.208938,12.822826333333333,131.149316,19.160246333333333,12.822187666666665,21.13646166666667,6.606336,78.69025633333334,10.943692333333333,17.95227433333333,69.39831733333334,13.405364666666665,51.911083,57.62846733333333,31.857466666666667,24.31377333333333,19.349864,19.937466666666666,11.917046333333332,13.821596666666666,8.274153,12.437618666666665,24.622387333333336,9.668750000000001,15.550578666666667,19.393626333333334,11.746682666666667,89.82913433333333,18.414888333333334,18.948654666666666,16.809683,8.446826333333334,11.747997333333332,44.847025,6.748820666666667,11.632788,20.278936,23.266031666666667,6.379805,11.622074666666665,6.574720666666667,5.111009666666667,12.391181333333334,17.616674333333336,41.49992666666666,18.879701999999998,21.703704666666667,15.850701333333333,5.839366666666667,69.35166633333334,33.885279,15.32250866666667,16.00908533333333,8.707336333333332,7.340048333333333,12.498790666666666,122.55640533333333,9.290273666666666,15.647897666666665,17.991546666666665,19.972902666666666,24.119214999999997,20.367674333333333,20.859139666666668,12.735740666666667,17.35058,15.736787999999999,12.315611666666669,17.012401999999998,10.958428333333336,8.852468666666667,17.885514666666666,15.673021999999998,16.359733333333335,19.19447,18.569914666666666,19.561802333333333,40.084346333333336,31.065687333333333,36.018424333333336,8.695838,27.057190333333335,40.37724533333333,9.977974666666666,17.386475,14.602434333333335,14.995117333333333,13.378097666666667,25.35927133333333,96.95854933333334,27.992231333333333,10.771192333333332,9.637312,11.413821333333333,21.884969,33.018294000000004,17.911583,106.098876,16.10767866666667,4.474869729333334,7.8309831946666675,17.24187566666667,9.842140666666667,19.715699666666666,15.083694666666666,11.291487666666667,19.861855,17.343799333333337,9.085677,12.069980666666666,29.798396333333333,13.442548,7.706680666666667,4.522089333333334,13.068276666666668,12.584742666666665,23.066119666666665,19.907268000000002,19.727694666666668
PLA2G1B,129.8528,153.93461,47.07537,117.20256,51.28159,305.58871,45.41391,150.77289,123.54689,372.18147,32.005223,124.43069,41.98577,349.08042,462.69846,49.33958,53.52235,73.9956,29.10259,37.11648,93.61629,82.68109,228.16537,40.8116,1011.842493,54.62432,264.97085,278.27953,61.46438,623.54705,103.01009,43.19637,667.59087,45.44515,24.52388,89.09328,254.83083,226.67343,271.12673,125.92142,241.89735,53.52668,985.74581,120.0536,51.56191,116.90021,46.47682,106.10914,97.29464,127.00993,41.59313,131.04867,13.33372,73.44922,138.60773,2079.81116,3331.64707,134.37592,67.6963,64.94542,15.64478,26.56847,236.90628,184.57008,35.68677,291.1254,1441.27305,324.90926,353.0909,1001.58333,419.26233,7182.05889,69.44829,46.0366,240.27921,97.67238,18.988607,319.57026,2139.28593,431.23078,486.30855,21.12352,545.50347,2425.06762,846.09701,418.41719,160.80546,2996.13123,22.69029,85.85478,51.37031,140.38127,129.225825,73.381874,287.691647,406.874621,456.601455,495.907301,60.642388,3450.58155,1312.8845,304.12349,264.27924,819.46914,72.76626,176.08643,80.24302,711.60904,381.90565,33.87829,557.73096,13.78937,517.01136,126.19297,2728.76242,281.11695,306.39104,232.15768,33.35924,34.17961,768.9594,706.21292,95.37816,2693.29131,4097.87613,62.52,172.94878,1096.8738,2169.08154,114.64305,745.34311,540.2718,201.51218,116.49353,60.84063,310.57501,248.19801,407.38453,462.71736,125.25245,925.18912,237.76506,804.73103,47.40912,433.50065,713.31929,65.8645,951.18042,1119.84485,285.37839,5885.0107,71.88226,224.62363,880.48142,4980.71992,187.05808,1056.519182,3.488277,1765.60711,309.35858,638.32888,931.97483,411.0367,75.41715,1486.39103,641.58065,543.86742,1846.524947,2932.71505,96.00776,1580.85958,552.91621,5438.2668,1870.70229,3619.74047,1107.12641,40.27807,48.80279,301.43577,401.83526,1305.8233,1006.650853,883.97423,80.11979,206.04112,1799.89211,681.98369,176.61474,5039.42792,3428.56879,113.30602,980.23765,1814.99315,235.67544,221.79696,12402.75224,1406.08374,312.00601,11894.09434,927.78425,58.96616,264.07984,293.18635,1077.09798,1096.376117,30.62574,229.458286,8899.260202,298.516388,507.505793,920.070818,509.499898,252.758795,552.224929,187.541862,147.621409,349.350257,147.870911,68.479333,130.153779,420.860192,492.514405,361.004302,469.136023,93.617606,746.485892,944.2048056,1323.33393,1307.42364,971.45328,1037.24283,557.51016,672.23383,446.79141,1783.8979,673.74892,1529.38925,473.76486,1252.57656,1832.73561,1841.5793,459.3618,1033.94523,677.03083,177.93096,347.47983
COL17A1,293.833432,226.371376,172.112105,13.045917,49.426025,9.408862,231.213846,27.389858,3.623231,5.125789,8.602504,8.538656,4.504967,610.370241,578.464911,51.059086,23.174907,9.97524,5.89591,4.500716,1226.683508,22.441731,4.528927,5.504166,6.757611,753.183415,375.047775,17.458629,124.246852,4.990855,436.341568,67.7653,24.524238,1162.353221,71.70207,8.109362,9.659923,5.013511,139.880146,25.617449,13.131538,359.608869,7.558771,302.113509,8.493556,367.57459,114.566994,9.582925,8.940794,35.12367,7.504062,5.604877,33.367304,16.532668,61.952066,7.222384,6.258994,7.135341,4.310107,5.123282,10.90975,3.706604,27.768882,5.852731,3.533586,4.615515,4.267258,23.3015,4.289262,19.838374,84.04848,5.233026,6.308267,10.168844,97.978729,358.560269,5.288511,4.061577,3.724142,26.690348,18.207383,8.510004,4.396245,5.546479,93.012517,5.044603,5.453911,72.770985,10.053478,6.239743,3.889681,4.013761,27.600327,7.961716,4.292141,9.622912,8.725569,3.345704,43.255455,26.96944,25.668436,4.767108,4.326632,11.069441,7.556046,156.359926,47.058779,32.097319,222.191566,99.850235,3.299597,148.839522,7.277991,7.14943,59.821757,42.976166,55.634128,3.970543,5.947033,5.084284,61.047819,5.092008,18.982332,57.911359,37.791082,3.797234,6.431302,8.603176,8.896423,57.65187,9.233737,5.854195,114.73726,49.068578,4.525642,201.680099,140.883721,163.798876,29.299585,26.404048,62.205329,36.234801,6.100034,174.20007,8.176558,4.879192,7.970678,121.666843,6.272529,4.160197,85.134388,5.117284,144.416348,5.785706,6.125652,53.465979,6.666095,8.508465,6.276891,12.692227,6.618959,26.042067,71.703387,57.102789,6.204304,32.054403,8.202347,87.39322,2.764243,18.678041,8.555057,6.080668,10.110451,62.771599,4.82589,5.107108,14.145734,13.934162,47.035641,112.030746,121.942865,31.282862,270.060134,7.005945,41.394978,118.834398,123.236727,4.171275,108.886828,9.281717,4.848401,5.213943,164.463403,85.270032,4.570085,6.811869,12.757935,4.591902,28.739198,6.05581,50.477549,41.543315,36.801349,7.237567,17.38316,21.333996,46.772527,4.158802,5.373531,137.673759,3.793939,310.868175,126.006797,10.377545,108.145711,6.291952,47.150438,5.055604,34.58313,5.847838,4.892103,32.73667,8.228173,3.256959,69.27181,89.592863,3.143561177,3.44600133,5.145112,4.990544,2.674692,4.808669,5.14518,3.450707,4.328147,3.717748,5.338868,4.725813,3.169781,3.246368,3.778949,5.961289,3.551697,7.057456,14.461714,4.700107
IGHM,108.4910026,371.65133260000005,1507.0417347999999,873.7672504,1777.3647058,3850.3783036,716.4977220000001,520.2262911999999,190.98366520000002,2739.2996692,1812.6583839999998,2171.3672434,1677.1623361999998,1526.818255,1256.7769094,3287.2856668,785.8467453999999,3157.3013292000005,355.720907,3946.8145218,2754.1340962000004,2192.2262296,1253.7329876,2352.1261062000003,1581.496075,3845.1836799999996,3936.3138414,4660.3823558,2218.7106632000005,3247.7046404000002,3351.6791098000003,221.8101694,3196.1926013999996,168.4767712,3036.0358286,6372.370933600001,8759.9822504,1469.8494008000002,698.6733036,1960.0575426,5599.7559642,1233.0677984,1505.8315632,4583.1593483999995,1971.565787,662.5629878,3210.0157476,3897.0900014,6154.3415076,2732.6100730000003,2688.5668434,176.37799880000003,887.099979,610.6284441999999,2331.1504429999995,1965.3927538000003,1304.223487,2315.8457076,1626.1872043999997,7903.1741096,5851.283681,193.31406080000002,1666.22741,3306.8277214,4776.057117599999,4575.4837536,218.918613,1401.0494680000002,1759.1570356,858.0830014000001,689.706922,3099.716219,6049.0291382,2519.3421489999996,2698.115879,1331.8009476,1085.3054207999999,2604.1068838,459.61315779999995,250.40228859999996,762.1298426,3327.4479508000004,342.0179716,789.9407042,484.42661699999996,2010.9336182,1324.0241206,430.6232264,381.95442720000005,3214.5884450000003,4392.467346,486.09361659999996,121.91958500000001,4595.374720000001,4446.298661999999,3745.9376166,2481.2632053999996,1568.5423732,1976.9673898,2065.4651312,353.2172772,1238.4282256,218.86723500000002,3247.6890862,1557.0377084,400.5477448,4948.192706,4426.9052316,474.5106058,1534.1641088000001,2457.0057125999997,191.60602020000002,1564.4401706,1227.6465726000001,2832.7508468,5697.7377876,6133.8346892,2616.474472,1432.3153699999998,3312.5868093999998,2913.7693866,5045.9297322,3562.8331531999997,2719.3735262,860.4436624,5489.4288044,3477.0345824000005,5714.680281999999,577.8254144,4656.3226194,1764.5236082,233.73341180000003,4755.777302799999,1098.0432121999997,4299.9349868,866.9367554,3457.4502938000005,5813.8704419999995,999.8524534000002,5891.8486586,4103.8181376,2604.8850042,1632.6300416,413.19218379999995,3275.912349,126.188591,571.6888712000001,95.729746,3201.5106152,3350.2483402,1846.1859404,1531.3639304,1977.6894205999997,2069.5017378000002,5627.565949,1030.8579156,1199.9847238,795.5708296,2028.9480448,687.721231,2739.4521648,1026.734269,254.3150612,613.9757222000001,2567.5427736,199.56282800000002,892.547335,640.8734436,1153.7160740000002,1055.0828046000001,1082.4523284,1651.323465,209.53251099999997,625.346759,1359.2908918,1234.210666,2851.5592325999996,5832.9991494000005,1948.0515364000003,1196.830646,169.1244006,193.41417,650.0907866,4318.173787199999,2027.1929664,1364.7287576,1751.3106174,2013.0643967999997,2319.236752,1625.6061436,3580.1707895999994,170.35389560000002,280.3870786,1935.7033938,1513.0784230000002,992.8730456000001,901.9997981999999,1061.609242,783.7866364,4056.3027806,2694.2428563999997,1333.338591,986.5682966,2116.9611472,2549.0893521999997,519.7680432,4403.6153092,2084.602278,3835.2749034,4136.670305000001,764.2740470000001,1000.8143119999999,162.1257204,3412.1264424,3472.4907997999994,862.7658611999999,5513.9156766,1082.4317299999998,1595.0307998,747.187375,639.8835046,2713.328935,1380.1217794,532.1554894,4825.4852943999995,696.8676926,495.1820509496,373.54440162000003,937.8377935999999,1038.836992,324.1353336,636.8083828,625.9052468,1053.7251026,1224.2740462,403.9757274,1695.3187836000002,1453.2541792,771.656649,290.16790219999996,226.258655,2518.133631,2019.7083321999999,1373.0459562,655.4026986,1104.065008
COL11A1,1999.8776343333332,4343.638606666666,3445.5799110000003,46.979166666666664,4070.8214153333333,76.87142933333332,13579.993359999999,1273.35814,563.555663,1348.4767186666668,2689.7440033333332,153.5415396666667,11967.831940999999,111.30549709999998,33.6023206,6477.6534506,2205.3802792,7091.158561333333,7399.679730999999,531.8973356666667,4375.48678,1392.3405191333331,1497.4410748666667,5577.6401887,24.29087733333333,6163.054322433334,3497.1907122333337,23.119727766666667,13031.895246,27.162299,235.97589100000002,11783.442760999998,3770.9643233333336,8723.442978333334,11416.35826,1370.0986,469.56863000000004,798.3777733333333,594.23032,1100.039372,4797.420526666667,5275.492877833333,5130.1322484,1217.4803977666668,6029.128704799999,7882.215751,15062.799225666668,291.59927193333334,339.94184506666664,1703.340926,4148.8229888,13075.968776666667,16827.662239,4182.936276466667,1371.1219326,326.49296933333335,752.8650136333332,742.4487,274.13732566666664,9693.90596,15752.954231666668,2952.646226333333,19.738454666666666,5461.428553333332,2037.5732900000003,354.7105183333333,36.21187033333334,21.907902833333335,133.20081816666666,361.05788843333335,922.2072514000001,65.31810159999999,2496.7922704666667,1123.3854969666666,1345.8407261,116.44924803333333,1156.3705893333333,38.77015686666667,97.67512243333334,12598.452913000001,51.84939833333333,9107.100384666666,26.769967033333334,66.11306333333333,291.54292286666663,686.6286327666667,276.94692853333333,1071.3777454666667,16022.180670333333,3040.5061805,116.2864818,103.2103833,797.131453,3601.215508333333,29.014540666666665,50.298451666666665,2543.286923666667,11.630572999999998,37.952677666666666,1669.506129,7675.928226666667,1908.63278,557.553629,1302.4845826666667,915.3577936666667,11293.954678666667,4527.354337333333,1094.8452176666667,15900.285406666668,6822.834968,554.030509,15340.27947933333,781.6721588333334,401.17652389999995,7266.543359,3488.7746703,72.0904752,266.42882636666667,10720.958808333335,10239.863119633334,6885.284473,9020.397995966667,42.394263466666665,253.96759103333332,54.55354603333333,3703.988804666667,448.00696743333333,1604.9623564333333,35.88804556666667,982.1477536666666,13400.02425,1645.2690166666664,555.84513,701.6364933333333,6609.646993333333,5344.648422666667,2179.0246543333333,2388.6418033333334,4543.333173333333,8161.432333333333,514.6087206333333,106.97833253333333,2686.3282226000006,11711.803009000001,49.05016486666667,28.3619487,113.01336663333332,343.4495255333334,4674.400874133334,259.26252603333336,49.238906433333334,154.6142542,524.2937435666666,39.18287506666667,77.73803636666666,170.13818536666665,135.905025,7367.519703666668,5239.6803279333335,29.74354836666667,643.4030205666667,253.46276136666665,24.571759033333336,544.0278978,26.992966500000005,19.161030566666668,50.08098176666666,201.14485266666665,249.1186017,79.37514703333333,51.833171833333324,187.02988983333333,50.17500066666667,1349.5260845666667,23.3060227,95.11291466666667,9037.920658333334,1224.0269611666665,424.11746446666666,1419.0423197333332,610.4208999333333,7.892049666666668,706.9122547333333,10563.948062000001,4596.9037503,58.4736577,461.4736906666667,273.71029853333334,9867.146217,528.2513714666667,1783.9537476333335,54.00909886666667,39.57952383333333,50.56296623333333,39.28706663333333,20.552598333333332,33.1927847,63.44138883333333,16.0679717,38.849748766666664,1377.2647879999997,5704.563346133334,1489.7899231333333,167.66495550000002,156.95368166666665,8445.013523,24.934351333333336,39.93578366666667,19.78397,7210.019776,51.408270666666674,196.14955933333331,72.948843,174.33464733333332,28.511719333333332,277.66915466666666,901.7244903333334,575.3457433333333,36.282158,77.80699,121.54406966666666,29.560963666666666,82.825221,29.534443,720.826184,95.64796966666665,14.550983391,11.700889053000003,25.164995700000002,37.43201546666666,30.572141666666667,167.25980180000002,25.456193800000005,13.204456033333335,13.824008433333333,24.059416666666664,19.208779866666664,9.595060366666667,21.2457347,3.8235935333333337,31.091286299999997,52.95491263333333,23.779724766666664,22.709705866666667,19.821566866666668,13.498977233333333
LCN2,205.273,2073.46159,389.498,300.45079,393.9864,4963.8617,618.68692,358.25677,168.68782,262.7529,34.62226,325.925,2683.0387,1972.26503,10245.4634,791.45399,3045.98052,775.1423,2386.8811,175.5654,469.93064,13028.0421,7447.71245,1424.3003,506.51142,5478.42876,1381.25882,8973.4504,133.884,577.24849,22349.86625,282.8947,2307.4526,156.1288,15077.53745,9522.78423,1751.66497,1156.9859,273.86403,1102.4034,73.73843,216.36517,171.85511,14991.75489,1283.37119,949.46338,365.99899,21618.7637,718.28504,8859.67064,2430.85183,1141.64505,2507.36763,1051.47867,1220.46442,1320.24196,293.11104,2159.33368,245.4379,549.7222,500.616,4662.8897,1330.0452,90.14997,5998.21559,1875.0148,111.8924,876.81919,64.41557,826.6772,1516.3331,232.16402,380.5391,2235.47114,447.60929,20331.06127,3367.79006,2998.29514,811.5755,101.0367,1598.3571,333.62218,47.30432,553.59547,325.14306,210.2235,275.93159,241.36367,1302.4991,142.1801,1407.01905,1411.17564,283.66812,268.94096,2754.82448,260.15485,3115.0488,785.36142,4672.43027,840.5862,710.21427,386.64451,1208.3233,16388.5406,1031.308,1086.7765,126.3403,469.3015,290.48685,7089.0217,172.269,119.9212,130.75561,563.5785,203.38063,64.42892,1390.43894,411.21569,1961.33062,3941.41383,269.30555,2665.3715,1355.31873,197.94862,1079.06183,591.49041,1013.22574,1970.13516,169.67225,3585.2343,115.83283,851.85228,559.84517,594.56963,7182.89038,601.2146,1058.3317,1369.6551,1515.55456,91.75471,965.70142,266.42655,364.9122,263.8175,831.88843,230.8769,2612.0566,291.4552,188.79889,1232.69971,1458.58208,1367.77528,599.68585,535.37508,410.04424,520.93095,191.17864,1546.8939,213.54067,397.83323,580.95113,209.14849,690.21627,425.14076,255.91464,279.3449,327.57674,624.8616,1081.9581,277.0998,913.0101,267.88799,1260.6676,3549.6955,5689.80545,310.48685,1325.62938,581.40703,232.89903,263.44734,363.77011,253.10864,789.11401,1386.63485,1029.94866,595.3646,333.9419,783.2565,1236.1464,422.7873,268.213,109.73588,371.3083,230.2114,336.7113,2211.67563,384.91799,408.22818,2242.97714,1806.72911,300.50907,475.75052,743.10729,1092.88484,178.16456,373.95081,2137.05197,140.26138,305.69398,626.10553,505.47603,487.58466,713.51519,102.76485,2134.01916,25.24752,560.1769,393.70089,143.15831,231.03859,270.04455,805.80445,657.15734,1096.0664,253.05419,987.92065,159.5753976,257.7212539,217.46431,37.13776,193.73708,86.0165,202.74573,122.48264,172.40867,194.14214,356.4272,50.21837,359.10759,156.69865,132.05206,456.86894,90.41915,135.53031,1255.43888,757.04427
EREG,41.303449,156.027543,35.937968,22.2349535,463.27482449999997,516.278859,136.5764335,26.385984999999998,12.366825500000001,32.5807255,1083.679731,2098.981922,1925.0764555,15.590345,229.28053849999998,2070.1160265,15.751641,253.1745755,194.45754499999998,4379.16468,128.7583165,79.860394,128.3639785,4647.7311375,17.782683,52.2965145,288.9478375,165.93269,127.0785625,46.2375655,32.5144985,3826.967306,1134.3055475,121.1882835,185.0030905,79.6849645,44.091897,362.92269450000003,573.7834725,61.903773,72.94918899999999,1379.5899965,238.0425285,38.513049499999994,19.814518,632.534561,957.375768,54.528867000000005,85.7329985,115.064394,73.6253265,28.0263665,6.9719809999999995,262.3891515,132.2715555,3.9150954999999996,84.1233125,761.5605585,45.969606999999996,26.402226,24.019343,61.768794,93.49516399999999,37.597812499999996,1013.6584644999999,95.0134515,127.6168945,64.7938085,54.585265,51.7405265,63.489382,47.6545225,148.180316,959.4331840000001,96.1692425,19.649545,44.636291,1356.5536554999999,13.183896,35.3059255,29.1638445,2716.067348,157.3504435,42.169987500000005,204.560092,72.48798450000001,126.4984725,87.66883,1134.922496,63.735052,786.1319325000001,38.620343500000004,716.9952605000001,221.3104405,69.71786,40.6866545,8.1157695,75.02014650000001,36.1574295,15.9366075,18.348193000000002,24.0520585,34.3208365,40.5152695,19.673896000000003,35.8746985,339.036729,273.0702235,34.858061,263.265554,9.190840999999999,80.191656,23.624520500000003,15.2021185,29.676535,1916.4491195,100.77974900000001,40.635115,65.524144,232.450505,28.1999965,24.1192625,79.359098,36.698116,28.3962285,25.3674225,28.6459545,19.861247,45.545104,39.402863999999994,89.5759865,25.385392500000002,139.562909,23.475976,1026.367703,77.2455455,58.524899999999995,14.306958499999999,50.790422,371.374596,230.7846545,14.989924499999999,38.022751,2227.004457,52.272295,79.579456,23.3395605,216.6048985,17.806355,19.301448,33.8158445,56.3500315,114.05802600000001,102.30576950000001,49.813202000000004,45.576178,39.0974275,1061.8398355,8.843843,46.558137,46.6419045,25.289494,182.856916,21.996114,24.3337435,48.151943,55.4032215,46.903158000000005,14.9906085,193.8491865,27.5770845,37.019222,89.8586085,62.240905500000004,63.7580185,225.6991915,43.436015,15.615115499999998,87.541736,40.144147,79.7780715,42.298876,29.336221000000002,157.781395,692.7484955,973.3132185,8.7103755,864.5102895,309.85357400000004,30.793107,83.7160355,19.7691835,365.2363405,41.71356350000001,39.3806205,80.8364325,76.1710285,340.13681449999996,12.761299000000001,24.110770000000002,141.20038350000002,60.5139665,631.4091105,56.9999495,33.369665,49.861191,46.5870325,14.085286,18.360287,170.83067549999998,166.69653,9.7277605,14.555231500000001,14.720255,25.912973,36.914738,116.1889915,46.4463865,87.5207455,20.7038745,8.948505,67.0778665,13.965243999999998,65.42495100000001,55.239242000000004,25.777683500000002,81.36624735000001,86.615672879,105.409701,88.8819445,65.6502385,175.08706450000003,131.464058,239.45714700000002,204.840667,282.34743100000003,33.95548,46.815929999999994,39.1941735,74.57147950000001,127.73554200000001,529.5630795,187.73547,688.037817,123.724951,68.6425775
LCAL1,23.267063,47.806597,37.991812,4.853394,40.637611,35.450259,22.059137,7.656723,292.737346,3.836461,35.451633,187.83313,41.723266,7.866028,64.883435,65.974034,470.068593,15.417402,4.99399,24.491424,41.847285,4.247527,1114.287377,69.170984,39.52929,4.068638,3.228391,131.55442,43.979292,4.349208,10.664953,49.383389,10.621902,93.549009,72.695914,17.500332,8.550791,105.092888,927.786262,115.798346,9.222275,332.160402,5.462771,5.443995,295.291845,49.319233,8.060761,4.793495,86.342412,4.762685,275.627481,727.987128,44.040238,169.057412,5.177681,880.524505,238.669731,1786.139382,3.325562,288.284335,2.329467,374.432028,7.664126,3.982737,35.520617,7.603507,1.389866,7.347946,4.366838,130.536474,120.092591,435.26202,70.26478,468.204528,308.266251,7.894219,3286.963592,19.142228,2.893457,4.970156,7.535737,34.325451,19.024183,377.208746,3.663208,3.923537,391.870756,572.17885,36.314342,365.150319,843.522051,96.121932,101.732971,2.497054,5.246389,1910.614689,2538.518394,5.136751,4.633576,1.748711,136.654983,11.894032,18.223987,337.093769,6.494789,463.050734,129.685724,429.371922,551.43891,25.823246,29.312813,59.515996,12.767766,79.062347,372.342243,3894.999314,97.436826,214.534939,9.934879,109.024827,9.733906,1167.354997,228.376925,494.623802,521.207912,100.15778,49.961943,49.522631,401.696289,1166.880342,1188.659963,21.608879,373.223758,283.883727,4.553814,142.516922,253.111182,4.863151,277.336676,2.651315,727.146303,139.254744,72.568565,83.882457,533.12384,22.03928,11.250848,45.32613,5.772731,7.370774,450.676784,4.206867,297.941401,982.367485,40.83622,3.442087,4.890255,91.778629,684.675234,486.292359,3.636324,65.413613,332.943856,4824.217912,40.34047,17.002311,588.252839,213.653237,4.183155,106.600634,225.472897,46.627296,64.536067,3530.795884,8.067404,336.88146,6.869745,318.798264,4.375439,21.749767,186.663085,74.254254,209.997952,91.288269,211.854873,3.257761,171.376722,9.426809,99.626343,14.096824,1212.56011,1873.470655,833.047197,15.676745,25.128779,9.298059,2.837142,167.598007,2001.255928,842.590191,486.810286,188.953338,831.04824,6.587621,1393.091237,128.429617,1933.490047,1.891771,121.742603,678.288599,644.194975,2.312721,13.231156,246.782398,90.303053,169.483219,714.147445,3.446091,152.813424,14.785993,92.03287,9.428819,8960.755073,48.276903,159.744561,24.130459,6.181187981,7.167560787,3.157863,3.524807,4.098977,27.842051,2.257686,1.845518,1.409814,63.433982,3.85204,4.16198,6.59132,6.138523,4.750524,4.473891,2.303794,2.16099,2.277281,1.69402
PEG10,30.170164999999997,211.57135,60.46038,227.02991,75.817485,438.67027,110.082255,224.746885,60.6692015,212.795235,71.543028,4758.55757,2260.050805,279.387379,177.0698045,664.9558055,10.7752585,8723.015,552.452685,1144.43434,427.68986,147.16194000000002,167.44898999999998,4871.190149999999,215.69323,45.731840000000005,219.391965,391.041665,216.70728,6632.193835,133.275057,505.80714,129.578305,69.52797000000001,425.11017499999997,495.232455,206.59491,1085.97554,133.56104499999998,2331.4673549999998,231.507605,674.549324,3053.232497,140.226979,211.12394999999998,111.47068250000001,1315.1380665,181.034649,135.378037,408.265102,34.7429235,2783.9771385000004,132.052671,554.113355,308.764523,233.4923865,569.4885899999999,144.40194,4446.172125,715.789895,420.275245,11.881865000000001,414.172285,1503.361875,32.49099,246.56168000000002,859.17311,557.123245,233.28024,467.223125,327.22859500000004,105.748765,433.84434,1441.378365,258.67936,98.573645,23.6576485,463.45181,463.11048,66.371555,1312.720995,3184.21785,1004.45879,445.261035,565.944205,442.74422500000003,3669.719645,413.49681,671.9354599999999,225.28267499999998,2898.9932719999997,586.65418,265.05782350000004,43.727787000000006,165.24167300000002,1103.5382789999999,88.6930435,2081.6762105,201.16159399999998,973.4641650000001,25.163945,203.60814,23.98444,178.03193,1501.52927,332.88155500000005,222.04017,133.55091,369.382515,1339.27015,508.7422,3377.575255,193.68931800000001,3400.4330805,168.444475,62.916007,155.472283,202.063244,846.0441525,384.7262455,211.3873075,184.281591,285.344938,313.2176065,834.044939,77.05621099999999,898.528267,58.4428505,556.689086,521.31322,57.95061,547.676765,210.62062,1393.2356,58.317235,43.04413,1397.74313,288.144675,136.63143499999998,160.40232500000002,178.1174435,366.32207999999997,931.60717,655.85119,2011.227475,697.52527,626.2802999999999,824.041695,257.769795,83.57413,1334.342075,712.7147,736.58175,153.043525,883.97235,209.82895,55.544708,1431.177467,242.27148,2313.1814849999996,1435.65647,370.076305,7179.725225499999,162.486825,173.61265500000002,957.202925,1820.9847049999998,939.776308,81.69448,437.50557000000003,161.52095500000001,172.62311,865.27294,244.39266999999998,2051.138231,767.81837,487.28254999999996,469.16845,659.5958899999999,484.463375,445.36097,572.8404999999999,253.639625,70.272435,1022.45051,796.86393,982.2995400000001,2065.93874,405.34194,621.4609650000001,2917.327625,361.18027,995.44389,477.42428,573.9417100000001,2219.936195,2225.159511,1024.594235,79.40959500000001,51.5006,575.7775800000001,132.827475,57.20897,201.89808499999998,197.75712000000001,434.6897265,639.5388814999999,72.47440900000001,73.8891995,131.143747,1338.4019465000001,527.272468,31.674868999999997,271.92168000000004,87.5075635,406.2130835,50.483278999999996,441.109933,77.4961465,1774.3970545,525.768606,208.01735349999998,261.5215465,649.7146295,965.028863,89.28545150000001,1050.9624302,600.810788065,758.626685,597.4557249999999,771.568025,540.255175,370.649905,324.13186,357.648575,1306.592715,495.96938,264.243445,725.668495,539.013945,426.092405,272.38221999999996,265.33488,368.265335,1323.651255,550.3064449999999
PPP1R1B,3511.378276,1972.54813,1216.334482,2723.75954,302.086836,793.509647,246.61949,1700.86246,1165.24453,3730.66302,341.01404,146.264489,19.622948,99.60351,310.5485,2427.09593,1375.72881,28.579914,485.894751,33.390789,57.49186,129.06391,50.09641,61.64612,183.87231,1820.47148,398.98562,244.9661,371.32975,611.05954,144.14679,161.020021,110.080476,22.454125,226.14213,1394.85041,92.03393,93.541708,1464.92413,271.248509,116.88212,108.181,2767.36247,124.99076,417.80334,172.24862,444.15487,420.34332,55.14671,83.64082,84.94329,696.84669,2664.57917,92.71912,815.29478,78.47665,203.1947,559.31775,648.629098,456.187704,87.037992,75.170097,83.936054,76.38507,46.9978,172.98818,90.033543,133.96139,160.41483,132.92313,75.06062,126.8162,50.28183,53.68111,458.87331,8909.41661,37.59243,1025.81714,551.41031,343.76028,253.31174,29.28274,75.69185,413.40898,336.98361,101.14229,18.49086,596.42418,158.6474,123.13775,33.63879,293.5773,56.34826,676.26852,862.33797,268.27368,80.77841,450.99902,109.49717,1868.807217,222.88638,5308.10881,4040.592503,137.982746,4.734942,151.717155,395.204817,117.097266,162.813,88.135817,347.802688,2398.461374,201.96319,618.41411,518.96781,770.96015,147.81496,78.10697,1176.25076,386.39657,149.42897,439.03483,337.53143,154.26595,73.01515,24.27734,165.01039,46.75025,178.72631,175.789324,66.97984,241.96328,122.40263,736.99675,29.40543,257.854865,346.814495,251.364788,87.90393,99.66132,825.61163,43.48318,135.69409,867.08978,175.257,331.31727,381.69664,271.42523,278.53044,223.76316,838.36946,24.60426,446.07567,413.08151,196.62375,91.01871,94.48539,298.33643,612.86536,87.40923,219.31295,158.95794,129.09456,2427.82565,208.90208,148.70737,342.20365,775.83717,1986.63627,73.61582,106.15157,341.64993,587.89083,456.47126,510.0176,166.28459,101.76395,228.79738,523.15546,187.40556,76.20457,119.52175,122.21129,46.18349,120.57997,729.95994,91.92442,214.55525,93.24455,40.33646,158.43069,127.6501,138.11546,54.36629,49.8572,768.06616,269.83515,75.67384,902.96232,317.25331,168.85656,197.84686,478.68387,244.0115,416.81419,387.74043,377.26999,739.20242,35.45256,52.18573,93.76324,1959.94767,185.04576,53.66486,210.57714,386.76113,73.05142,669.72868,260.84194,90.96664,224.82346,465.58957,432.80205,377.40588,50.71061,66.32831,119.7120115,154.9324154,97.25244,102.44004,139.72323,80.33647,132.87733,172.04628,162.24428,144.22127,124.42864,98.66098,99.38119,100.13404,98.16113,59.16614,296.91578,128.67225,163.96693,80.73014
SHISA3,645.52577,1602.04123,6209.51961,172.63097,10556.29826,917.26135,207.78134,249.19033,157.35947,8129.20142,3638.01702,203.52475,30.17878,222.01223,122.0993,2822.88528,36.20942,87.47133,61.05894,99.67943,47.02621,255.666092,267.385936,2253.574098,282.31036,93.93162,394.92978,597.40095,70.25534,510.39449,216.27652,2806.38436,126.05184,17.04756,364.40855,30.58021,64.15808,258.38792,238.95488,136.05416,303.72025,52.75173,1145.24445,233.12492,59.664004,150.88704,1252.87997,150.81992,421.14643,104.78292,141.12892,152.29323,478.16382,992.290062,395.27577,642.9875,2558.445108,5346.76536,43.3612,37.88293,84.64992,543.24127,167.14273,194.64515,211.91576,141.50452,485.49797,471.918112,1390.004722,942.26476,452.83572,683.85854,291.54628,49.34269,3688.25386,114.34224,63.38577,2401.394327,1229.4008,205.86244,617.269279,9.381077,1387.710629,732.610039,345.056005,503.12641,1403.826141,2611.704615,91.15156,224.13166,67.53409,215.47974,5976.43139,84.32271,213.54222,332.45339,54.3186,928.3101,913.38139,361.33774,174.78722,59.62904,14150.67095,53.7313,42.02532,88.32856,131.32723,8263.28138,1667.49533,337.34986,159.46805,4847.8727,2525.89642,3837.37862,71.15708,599.4187,413.90044,490.59124,33.53559,841.53993,241.42011,171.89829,2968.98207,7310.10865,5154.50997,361.60066,909.92344,67.43884,1042.12124,756.79931,97.72991,928.09058,131.31773,11335.6674,27.0681,189.58378,1029.9177,398.90547,156.73123,109.32215,451.81417,1116.099185,715.62804,5845.89567,644.131989,433.051993,1493.97052,572.30392,971.248891,709.07365,849.53739,230.96429,324.84002,317.485874,509.162299,1222.03409,223.76949,671.31804,277.822327,290.03188,322.766638,850.464036,377.39222,137.611377,512.98288,921.77719,137.97355,846.5596,45.84741,774.81249,474.15181,797.83864,9082.94237,285.81401,229.27341,195.505928,118.776596,120.368879,513.467937,1461.179246,1491.692331,743.63884,647.646621,183.063411,475.359035,2019.27437,1146.429,399.19879,103.58177,250.34543,162.05435,409.10151,235.20649,196.39156,1081.38961,1642.612154,1349.24568,249.5228,117.67029,440.41301,204.96144,71.03797,774.9839,488.24902,952.4693,6266.76575,358.49433,409.03761,541.23486,600.92993,610.55291,14675.60531,268.11488,209.27749,195.56254,331.7944,228.59988,331.24435,6044.70477,332.96194,547.70509,766.03295,1026.87212,506.4214,94.72595,403.45593,685.4342916,470.6448734,235.67078,605.93552,495.27523,490.49393,394.40005,484.4374,562.19953,390.83213,888.69971,841.01388,736.56281,266.99808,454.23764,128.69183,509.82386,588.00158,59.21146,487.08786
AKR1C3,1579.482,2221.8756,2548.6125,7828.4891,1182.4914,1785.3848,3236.7119,6180.0854,426.0933,1907.2124,7040.8475,1008.0838,346.6607,13565.87136,17236.3206,68.93526,2002.70598,1352.5352,1784.1032,2955.2277,2077.5965,4527.289,24113.7577,16787.1806,1328.0368,8133.0317,3613.0481,5041.7557,1940.4167,1760.9088,8075.5458,836.7142,868.1308,16931.7759,2289.3479,8540.9697,2072.8118,2432.8186,1836.867,3942.7922,2100.9845,563.89876,2235.25813,4670.34175,14570.1006,1067.13018,1923.28227,15783.82078,3621.99115,10004.18076,3566.2249,5493.34827,1240.17542,3670.9371,3136.31411,967.2079,2394.1218,1331.7146,1294.9126,1057.8855,515.2579,23057.3013,3390.5583,2464.1818,9488.7629,1274.4873,2403.931,1338.8459,2671.1973,2164.5222,4531.5192,3140.947,1518.3687,2025.2304,1614.8331,16310.2985,20317.3602,3139.9783,2722.9122,1400.9567,5262.9107,855.0804,2376.2832,3473.7135,4819.0324,1755.433,6765.81,5193.3521,1140.2641,2005.8063,4831.3818,1355.504,677.9714,2765.3596,891.8306,1780.2443,11731.0655,1780.6919,3546.2187,995.9292,6193.2185,2943.9939,1013.1611,20471.2364,2884.5499,11257.0151,1422.8343,2968.2884,1922.6817,692.7095,2057.5041,2398.531,4921.18566,1126.55706,1660.2188,2353.11008,7726.62687,4873.00339,4026.46927,1386.49479,4145.29028,2950.80733,3975.53375,3356.72082,8694.47141,5760.07811,1962.76674,2330.386,947.66772,4448.5583,3103.8481,2671.8106,2370.2546,3619.3514,336.5955,4753.3898,2603.1594,5978.8001,4844.4607,931.0714,9356.68472,5067.8911,5269.0106,7050.8729,1463.0521,3894.2715,1537.8394,2806.2146,3870.0746,3645.9122,8221.866,7871.4117,1777.1348,1750.1728,3324.1346,3581.5638,1919.8946,547.6873,1657.4415,3940.3752,698.656,3074.4136,6982.12481,4069.0865,2887.1963,3270.8882,3315.4294,2584.3715,991.0049,1254.8624,1502.363,2505.1972,3023.435,2165.9977,8183.78575,17411.7634,3739.9908,2462.0819,1470.7692,6477.7797,2824.1608,2861.5393,1837.495,2350.2739,3762.1535,1175.8093,2539.3797,13690.4668,2300.5294,3709.1947,865.6634,1979.7812,7248.7577,2752.5417,3010.0924,6373.9459,3460.97139,745.4696,2067.5845,1038.6601,3353.5338,2190.8135,3226.6435,2314.368,1667.0765,1161.6138,820.2671,4502.9492,4587.312,6516.744,3520.7704,7998.4022,3573.859,1912.145,6877.2055,1501.6555,1763.2059,1667.267,4246.3436,2454.068,6379.9857,2102.3118,3513.2045,1395.0564,3316.0069,6973.1438,3198.530369,3314.770522,2470.9388,3976.2447,2822.8585,4767.5862,3742.1452,3203.8519,3192.9927,3136.4241,3474.5846,3300.5699,3306.0621,3126.4595,4216.732,5144.4175,2310.2266,3804.0513,2884.4928,3214.8898
IGLV6-57,8.27671,10.164184,6.454867,12.249991,27.037962,69.055805,5.36554,18.507152,1.991196,49.494285,57.203053,2.460796,115.759933,8.045894,3.412278,64.055988,38.356377,56.498034,26.547489,63.211999,89.774494,26.770172,9.281402,12.289967,13.998254,31.982678,135.497983,14.928768,4.778889,86.98352,5.324236,4.58937,113.476487,3.806815,14.50396,88.753637,1324.464988,4.379891,2.793385,56.80428,219.76525,15.862469,151.793636,254.879444,8.355016,7.747935,269.601845,14.958458,204.174398,142.147796,202.884206,2.197595,8.835588,2.739981,50.622468,9.29314,2.228978,45.282978,5.622359,446.198906,180.500125,11.560074,2.931037,16.345366,155.615755,104.509672,3.372532,2.569726,5.223925,4.93957,12.412703,10.963932,203.57022,161.873554,2.824019,4.018035,11.142679,8.762229,4.884333,22.569786,2.57636,194.517285,5.460767,3.224158,2.984981,15.367651,2.993804,5.538561,3.297103,6.461904,61.690159,4.053602,4.275776,33.892005,7.458768,39.503953,177.23029,4.021666,73.632287,28.680033,3.938517,8.349452,9.066383,194.625866,46.222017,4.1273,75.375906,42.120837,2.844034,33.671584,56.69008,22.476609,7.853393,21.043215,21.040347,4.07515,415.266398,8.151499,75.963355,18.181861,9.269393,92.663488,28.519486,4.280846,2.731832,375.674797,19.448605,6.828296,3.038945,142.083102,17.942788,2.982683,4.61155,12.5323,270.005299,4.5869,6.517906,121.663899,17.843622,202.653689,79.292056,63.978311,42.859037,3.758452,8.866704,3.637505,3.18556,10.664364,16.632637,42.428732,22.091982,3.802085,10.157426,10.953125,79.737258,21.155422,3.358125,6.559036,6.968103,17.539284,27.699495,14.461026,6.178487,6.748302,53.272445,4.037555,3.60951,5.265823,14.575225,3.472036,6.407227,117.627344,5.237614,7.241661,16.084487,3.651812,110.483758,129.607699,19.681715,4.318606,3.511074,5.995555,4.164663,99.278669,7.543745,4.525209,5.337293,5.103262,3.569257,9.426146,35.071735,5.583034,3.64065,16.580926,20.125043,3.640479,13.7063,5.827539,2.248443,3.621977,2.760509,6.733767,3.712176,3.918282,3.046273,4.222111,3.8278,4.991839,3.130241,36.889978,2.961241,6.131194,3.925944,11.522242,7.060872,4.115863,213.023329,17.036113,3.671364,2.356011,3.359812,17.364384,5.277856,3.82932,97.119846,3.518357,4.477421849,4.403963023,2.035117,3.5881,6.539477,5.274194,21.627474,6.286295,5.965064,2.934229,3.19848,40.522506,4.032857,2.163921,4.110261,24.43313,14.477075,4.213908,9.281541,3.313203
SLPI,3700.1756,1756.7612,3553.3621,20023.457,2421.4286,3928.0048,9269.9685,1813.1943,1351.2041,4275.0777,3217.3667,8230.9521,350.7209,9846.6738,7294.4708,217.9582,67.5344,647.5123,300.6653,543.6858,1585.7769,14990.9901,3933.4,4059.4575,5054.4445,1155.4677,7483.3022,3526.9984,742.5019,6078.4787,2409.2889,748.8591,2787.3792,2104.5514,1964.2743,10906.5377,5405.7701,11185.6315,1492.572,3605.2707,1779.1094,206.0151,1051.0179,2939.1708,1659.7989,10654.2767,651.4929,7065.5161,3541.2163,4070.6314,1628.9359,2517.7521,1113.1461,2115.6614,27249.8714,10117.1321,5151.1574,1327.5579,4876.1621,576.0464,1428.5181,8314.8338,7347.1924,1147.0289,3920.9685,3035.4577,5434.8254,3721.538,1139.2426,6578.5768,7537.3109,2985.7529,733.3571,4542.7158,3990.5797,10204.2816,1692.7138,7305.1966,12346.7884,2218.2385,10726.4364,533.2481,2102.1479,3262.678,1797.2465,3687.8449,3245.814,2207.0749,3055.349,931.1224,121.1884,11894.8079,1151.859,992.6365,9316.0844,3858.1837,5221.4728,5548.5843,9700.5995,2761.9048,1829.4832,6549.145,2720.8571,1854.0045,6692.9397,1901.7639,1312.1204,2036.3952,867.6153,3121.7835,2592.3194,5037.6792,14781.5576,8331.5604,471.6194,2590.5231,1790.2601,2161.7165,3294.6499,2046.99,3296.4301,1302.0694,6045.1416,5527.5845,3908.5418,1937.8753,4216.2036,1045.4726,1571.1451,2276.6373,775.5292,1960.0171,1279.1455,1021.2108,1195.3301,4265.1119,1773.4567,2325.8233,14020.1549,1792.8051,3641.3303,7526.5261,2243.0483,548.5302,2781.4387,10782.1936,6909.9703,1190.5744,610.7778,6970.0047,11907.5258,6406.3307,2622.7514,12511.8509,2528.1487,3266.3051,17616.54,1650.2119,10176.0866,5158.6973,2199.3569,2629.5967,2962.0905,2725.3499,2954.5414,2425.1121,2621.6383,7011.8157,3762.5351,2681.2843,3877.723,6285.0408,4839.3486,1219.4802,22317.5262,10070.2585,3542.2105,804.0465,8272.9416,2112.0304,2300.0037,12118.6307,5810.4434,3114.5136,7013.2108,3303.7725,4389.6942,2480.729,1319.9506,8299.7169,1045.7781,2078.5971,5733.4374,1644.6793,1772.8848,16113.8211,9023.7705,3504.003,591.8914,2728.4493,766.9561,1068.1997,2260.0463,5964.9845,4366.7392,1731.6464,2996.199,10850.6166,2718.2149,3197.2384,8036.3692,14536.8679,16854.7801,2101.1281,2349.8611,2668.2982,1915.7387,7095.4829,1657.1476,4477.056,10905.4256,8919.4605,2140.8686,5425.7,1110.7996,2945.8847,8651.729384,5670.314308,5996.1466,3438.6181,5346.2855,2572.0641,4267.3163,6217.4224,7273.31,4665.5369,5803.197,2545.5561,7633.1794,6391.3917,5133.9956,5121.953,6902.2404,3296.3539,5094.8155,5030.6056
ADH1C,59.329675,259.18004,586.347466,9991.85841,2379.844787,217.254923,1059.107,176.78659,52.53229,485.118012,178.23949,218.976304,16.659833,263.80684,489.01052,205.09197,290.37924,139.41372,24.162489,18.891906,34.94064,1053.85629,216.58447,225.93177,83.08118,159.58732,874.79251,305.978622,53.616969,466.51528,432.79304,323.586567,121.815397,2.754723,133.48978,189.23521,248.31923,376.336914,124.92529,1007.151774,149.00383,70.55609,21.36269,566.40211,99.45132,104.64204,77.3812,12996.23143,438.47428,272.87543,117.78306,83.48667,140.15393,134.76405,2233.73884,3846.18453,274.95764,285.79322,26.43304,33.282291,315.560092,24.226476,665.705787,90.61825,38.22571,192.71154,345.371008,600.12573,1545.40115,583.789881,898.329776,255.09778,222.112367,188.14228,63.89552,3378.40169,2550.90284,305.44694,12867.00456,673.006182,3072.59062,15.74054,358.17004,847.56398,8830.29435,308.444708,400.18221,896.1757,223.157209,211.697589,42.67499,3155.33111,176.51676,633.90967,459.47126,470.48801,93.41255,250.5566,1742.07466,125.111275,82.51401,5960.94241,33.853372,131.324255,175.968782,7.310487,237.120579,300.097166,996.49515,825.341871,74.096434,24.033919,234.26322,223.48224,57.76319,2062.49466,1989.35137,129.20195,21.92504,89.39597,534.23572,166.44625,1644.46515,376.97619,316.6555,73.04156,179.453,209.82209,84.03452,1153.823193,140.04178,169.5679,313.04307,381.19964,31.44952,925.258368,226.666409,138.428226,2954.23634,135.78079,6975.55456,1028.01246,3601.937616,6.331073,574.49933,467.2451,2324.798714,246.2329,187.74137,2768.16594,1690.60589,1747.9252,408.3969,3060.63032,756.27388,386.46691,535.94608,459.52505,199.13106,500.6858,76.26154,173.17462,177.15137,239.0745,897.5339,404.945552,714.54932,269.1209,408.243934,427.194112,353.400219,388.47051,538.071844,173.955463,3912.03475,12121.70945,81.76883,1206.24636,3234.05027,284.51724,269.19021,457.27543,249.1733,261.61797,358.08056,264.980331,110.336781,390.64479,676.129976,773.26126,52.952221,237.24459,382.186712,34.809395,308.52138,304.70597,181.52839,179.60661,568.09889,108.17612,58.40537,2463.47516,609.3057,560.67317,344.80513,202.57541,221.26332,12949.9772,1340.11422,191.62416,3390.76828,108.82688,299.16293,437.20402,246.93614,93.52851,1457.96506,5997.78639,3134.12733,486.78858,1925.60514,544.65155,98.4366,398.40781,230.80788,10249.44342,253.8208333,455.7365322,230.7037,355.6456,365.81094,220.31569,213.37025,383.93178,272.65737,435.13105,555.95452,421.1903,303.46232,296.82773,225.32171,427.3146,556.0826,361.77961,609.6547,441.76717
ADH1B,51.880989424999996,652.81062595,548.889696125,830.359689475,752.03619595,4496.8877443,149.24885815,2345.9299288,1096.05350075,2258.2909349250003,195.09348749999998,2325.7040995,2.987699725,1336.45522095,1479.259166075,11.699398525,204.71285725,457.036394,9.953706625,101.59293274999999,256.802574525,4109.7792394749995,2167.821239475,427.15148915,2523.6036635,95.46970082499999,4078.6526397,4491.0377602749995,494.83698845,3533.1731728249997,3108.3470884999997,537.9737799,1909.239874775,7.4017689,165.583926675,501.985216475,8378.1772791,3159.27429775,846.846243025,3103.400251125,1385.43708825,18.911743575,292.96517170000004,1039.556284925,580.281771075,1058.5530189,9.925954675,2199.197620325,9355.660491675,811.101189625,615.2688839499999,836.5096954999999,101.716732925,1025.13507765,6010.5120286,3817.403827925,6639.995626325001,982.9602482500001,208.0502554,10.9989447,16.08956525,4.2908614,8221.537847325,296.58130015,38.69002075,3973.26399745,7636.197737275001,7268.423746075,11692.525618725,7193.19205835,3316.7947799000003,3944.6164982500004,5177.679074525,2404.651276025,1261.350760625,840.574489675,38.18758,3966.2426928000004,4652.07370395,1921.3506545,7613.75611715,13.341600249999999,8768.592972925,3604.840364375,6049.837370224999,6504.0724430499995,2957.664362575,2345.891887025,77.15601265000001,7220.287318950001,5.765918675,2779.882473475,2071.652445,750.6006904999999,3862.90724975,4589.8101934999995,245.42595975,3905.082489,7911.87497025,1112.603904525,2129.4198863,489.370733375,8.862319875,927.854447125,1597.354202625,52.062272575,859.7343184,908.61460465,45.204396475,192.74216305,1112.92336795,21.008722975,2350.3801716750004,4398.666537825,190.18413085000003,434.0342062,7356.45033215,5214.4081942249995,55.98506485,24.143650400000002,189.4093924,276.573477775,8804.76400705,4837.3317917,1526.07964655,197.918738,3271.856535275,227.79840022500002,2539.80948945,1275.201965325,1341.5470459,2868.2299211749996,750.61431695,1030.033029525,22.208187549999998,760.34193435,2764.9881242,1196.0364641,2569.314943575,2978.827364125,2450.27102905,9043.612506624999,3137.0377366000002,14.9557039,3511.702194425,3083.25741295,8546.08518005,5305.7606796,1272.983171325,5788.378021825,2789.4639234750002,2645.84069515,5566.84233055,5992.044996975001,2392.594441575,9277.315958125,2883.63989125,144.77293525,466.391531325,4429.53199775,2793.676906175,7400.84154625,2432.640427775,240.170974925,3594.409971975,7702.408397949999,4456.994962950001,2859.26594525,700.82617565,3723.4863462499998,2663.7034814,6116.5783978750005,2609.2243909,2051.239632075,1038.7794582249999,256.188657575,57.514772725,672.90104965,2910.147556375,5953.883019999999,1151.342343875,5939.26068175,3986.9513006999996,1503.8751894,1987.1209907,2534.18513945,2258.3895786499997,1976.930258925,919.46397305,1664.518085275,1664.717193075,5429.710822725,1706.8860899249999,2714.1020614999998,8751.302161575,3537.4958684249996,3469.3398134,3748.630999575,1154.703885175,3201.22947955,1275.296323825,1112.4451089999998,501.798635025,7133.237210275,2975.3644145,1273.3764377500002,4713.97261275,4154.4211132499995,5806.1525409999995,1081.42907725,4690.85419025,957.0322175000001,4233.3026580000005,1923.05363975,3511.273846,734.464574,2176.6571727500004,1556.44756725,3818.72142375,5080.8253835,4714.630366,6400.2264752500005,3855.246223,6105.70385125,1951.56484625,4719.0931365,7466.5207924325,8566.1022257675,7011.390188975,9061.04780045,8518.5358324,7013.972880925,6545.0424301,8169.475655725,9055.184171475,8124.081400575,7944.090929725,7801.63820845,7133.6652096,8815.637741075,8903.78792575,6825.377655875,8838.459786700001,8082.8860537499995,3439.283156975,8035.556640000001
PCP4L1,166.1699,345.43653,640.92105,1832.5735,1078.96793,796.50766,924.47731,2620.07358,1463.29618,607.22457,539.66216,97.74603,43.32411,170.69039,149.23536,967.77009,46.57873,81.93306,334.71985,40.74495,98.65359,210.85039,100.45149,85.04656,799.81508,50.52006,70.23274,58.17347,44.5691,371.84407,37.16679,355.50767,95.16133,88.22371,427.72177,59.37154,157.03126,147.77799,2007.46631,625.586,93.49035,98.44583,2752.77183,99.31672,1462.66835,843.13499,364.86265,77.45689,112.97578,68.12149,399.62393,1491.22489,4502.83446,275.00953,168.42177,757.74413,94.3024,496.1365,89.89395,305.68912,1209.86901,65.08485,98.08022,32.15297,56.16263,178.64807,155.64667,133.62355,142.20362,540.42942,701.01841,564.84468,59.11102,125.62065,898.3117,37.95451,128.34434,1625.83656,237.25913,805.76195,251.24318,82.2339,78.61771,275.87339,36.2266,85.91879,80.30774,568.54455,942.03418,135.97945,407.70604,103.33034,942.83624,34.11908,778.36973,449.32247,1245.71846,314.91961,120.18415,407.31304,1332.38524,988.88977,49.28467,689.85076,613.10895,1587.70457,841.30199,126.28755,803.92819,1102.91919,2813.76241,1205.46197,370.89933,375.14749,564.7287,540.40023,143.70167,62.92554,1024.56162,70.10288,334.27807,585.98798,282.77128,73.75161,80.08008,58.58625,386.4013,1307.64964,1855.55145,81.32658,213.53648,83.94653,1195.8049,952.73753,68.28949,346.86866,582.31925,375.496,519.12492,79.23308,473.40887,288.98441,77.23049,632.29214,282.77985,530.89158,615.06845,127.30496,70.47712,213.66629,63.90877,304.20053,952.41916,69.57335,201.34181,617.11152,535.97858,870.83994,444.49034,70.49075,1025.61513,46.93817,51.07133,598.00467,224.46724,386.05249,94.89055,1400.76891,919.71587,162.69659,284.26009,51.15382,102.67755,575.09454,330.36825,771.15496,593.71625,1526.14699,437.88397,200.93774,866.78729,107.7993,324.67735,108.52625,241.10378,305.92107,147.16853,712.40657,71.48369,1219.50277,407.75381,169.70944,150.62704,1321.10293,228.76315,109.86167,95.05008,200.52787,602.56322,72.46279,896.25458,698.15545,1536.21039,1304.97018,745.39307,775.25191,403.49306,402.0808,35.41763,514.41735,69.29096,76.4231,57.39897,1357.80517,40.7787,359.09588,903.09755,763.24399,240.33633,41.67082,156.86046,345.87745,2060.73182,306.57399,207.42329,63.52897,107.3478758,125.6974909,186.14733,122.84107,145.24165,78.14141,129.16929,94.26092,107.31902,207.37088,175.64854,87.06507,87.48748,80.27434,142.87351,79.78025,311.44085,233.57332,127.94613,68.87772
AKR7A3,525.9186,198.50875000000002,210.07255,341.24545,178.80599999999998,210.47485,170.848,283.8115,261.68989999999997,222.92489999999998,183.84494999999998,265.3138,342.2976,2733.78525,660.32125,207.1321,355.6722,217.5547,259.4685,350.8368,226.15820000000002,330.25225,385.60889999999995,240.44115,261.6235,982.58505,718.92005,384.3251,338.791,229.76565,322.93745,260.22434999999996,283.8093,357.20450000000005,339.16665,577.6535,163.2852,241.12095,334.74315,464.4361,286.81185,205.82625000000002,214.92655,372.36310000000003,494.5056,267.7909,312.8668,665.88375,264.34595,507.5096,254.51825000000002,155.18605000000002,249.5596,251.7415,246.03405,393.4628,200.8266,164.42925,1041.17315,606.24485,269.44230000000005,206.2998,197.2287,315.21765000000005,186.1638,242.87040000000002,197.00445,274.7998,236.36055,240.18515,285.29925000000003,268.24125000000004,320.41625,447.4577,296.08255,1655.65825,466.2125,312.29600000000005,209.096,266.0804,245.56150000000002,208.0318,209.39445,255.66084999999998,255.83265,259.7569,280.17395,405.20055,306.61895,212.91275,443.5514,284.8171,261.35519999999997,330.3084,227.3965,259.96975,313.15985,213.66674999999998,371.29525,301.863,327.29404999999997,327.17775,310.68225,401.4942,290.82935,277.6844,298.7977,259.39275,213.4645,303.8819,351.23199999999997,396.78245000000004,300.13915,259.4795,407.6569,739.0536999999999,194.6878,205.43824999999998,273.0855,156.78595,318.9465,896.63095,262.5878,456.39070000000004,201.31405,229.12435,257.47685,258.17915,232.06889999999999,182.2191,280.88009999999997,328.99165,259.28215,315.45730000000003,263.14625,313.6361,281.64375,278.78075,344.1975,212.14535,648.20785,224.3006,382.70205,373.82989999999995,237.75639999999999,251.59185,284.9918,311.6594,394.972,286.32370000000003,205.5871,239.9536,257.29044999999996,281.8347,202.76205,378.65705,219.14235000000002,287.04205,304.5759,200.0741,186.09935000000002,234.46275,271.24845,246.76475,275.2848,308.30535,231.6488,328.22249999999997,256.40745,270.144,263.32865000000004,306.22540000000004,232.3888,335.0233,285.9658,460.92875000000004,328.56245,286.6971,262.32965,294.31605,284.56960000000004,309.543,329.0757,276.40235,343.5387,377.58245,356.8283,300.17555000000004,320.3358,395.49795,471.51595,270.59385000000003,343.14660000000003,238.23415,249.82805000000002,282.6393,407.39895,249.05990000000003,267.2949,350.78700000000003,298.4647,303.6228,255.1128,325.7051,393.50815,273.1055,232.61755,201.63365,276.70685000000003,291.0952,235.59945,215.25465,300.23915,254.068,219.72055,360.9948,397.03695,404.29314999999997,359.9611,409.78110000000004,403.28,317.8618,290.4996,254.56685,236.6948,239.0229,270.51743154999997,231.94000549999998,233.48174999999998,207.96165,228.85739999999998,198.1406,214.1745,173.00220000000002,216.9778,212.57139999999998,214.12785,226.81665,252.9031,207.5546,194.7585,306.50275,248.99185,231.93034999999998,268.6508,224.8891
AREG,77.3249789,413.91271266666666,81.71955179999999,102.92323866666668,567.4850414666666,1765.5368623333334,223.80221033333336,847.2997053333333,453.38046246666664,96.55584219999999,1765.7356363666668,6589.589173866668,2285.9491159,236.21937133333333,1288.0520703333334,7346.846612,51.60400066666667,857.3619001666666,676.4487317333334,5833.151609566667,1176.5700446666667,163.415082,635.6638216666666,5189.248876333334,314.72853696666664,629.8953025,2145.6905625,1742.8530264333333,749.8907629666666,545.1620391,403.74161399999997,1714.4972617666665,1801.7465523666667,547.6170127666667,868.800449,124.39217733333334,204.52458833333333,727.3750629666666,1363.7776143333333,430.4829511666667,634.6889803333333,1460.6944219999998,1899.5857773333335,483.5828033333333,158.01429066666665,1039.3173036666667,1076.0049386666667,538.7017313333333,152.99412933333335,348.14313466666664,201.67478733333334,266.23950233333335,129.07302966666666,375.7409996666666,1166.4878613333333,193.37568966666666,3183.8272853333333,313.0273416666667,645.2371651333334,182.15938319999998,72.0549641,2034.7805446333334,294.5202585,509.86342200000007,2245.4601903333337,197.15542933333333,999.5497301333334,329.4378966666667,590.768604,1613.9689314666666,1286.6498520333332,1017.7632167333333,414.7337284333334,751.8391935333333,2125.9159648,601.8666852666667,43.08426573333333,2107.087327333333,337.6141937666667,264.8819038333333,734.1599993333334,523.1432206666667,2028.1424306666668,1585.7148503333335,277.3172173333333,1875.3887965000001,856.0693990000001,592.3183463333334,1972.9797511333336,1039.8878526,743.55186,929.5304726666667,383.6486638666666,118.34488850000001,1545.6893998333335,684.0114501666667,910.7650883666665,1511.1633686000002,782.4007856,201.6248128666667,86.41829966666667,168.15034833333334,43.04265063333333,181.85695806666664,218.1336446,636.3309828666667,569.0043448,303.17372766666665,94.02441599999999,527.8649414666667,59.168048199999994,293.6329450333333,274.6251026666667,220.39442433333332,107.0932646,1494.1441773333333,755.4812016666668,1096.0012643333332,230.1662376666667,578.70653,38.064764,160.48961266666666,982.4711599999999,1937.1406323333333,307.9238413333333,311.2819636666666,357.17915833333336,308.4802526666667,2431.194921,141.08354493333334,2994.216229,234.90560166666668,284.0536226666666,117.57491599999999,2501.7490923333335,293.01642019999997,241.96479386666667,95.11817613333334,571.1319873333333,485.76220233333333,609.01119,668.2274233333334,1196.3180684333333,1972.0194229,1214.961211,5020.8225366666675,203.41095326666667,4218.922162133334,1024.0913043333333,384.9116486,2526.740209833333,742.8165008999999,1835.1250631,2358.9133113333332,419.5827033333333,1012.6526853333334,658.3935927666666,1048.1614754333334,550.5972153333333,4270.025676,869.1182603333333,1081.8727966666668,2488.244483,63.65522633333334,73.47308833333334,983.6267550333333,1616.631726866667,1772.2949036333332,112.54328776666667,1146.4157836666668,920.9307738333333,695.8224963333333,3310.523174966667,290.2844541333333,791.9598906666666,641.499332,73.234183,112.69081466666667,676.6133756666667,463.6476323333333,1803.7774123333331,670.1946748,500.3527166666667,348.08435133333336,2526.692126,1753.2840348666668,216.45205293333333,1067.3551729666667,474.6106340666666,386.49350713333337,232.60783453333332,482.53781533333336,3151.9773855666667,1626.5782005333333,110.9168062,2614.123658,608.3136636666667,470.2158312666667,249.38752916666667,377.4474665333334,715.8744397666666,393.4375723,1401.7887013333332,64.7062174,469.40765976666665,196.9975082,830.6100896000002,3154.1852077666663,158.43787033333334,478.37887133333334,1457.4698860333335,1227.2449663,833.0394489333333,690.2699961,165.7200786,560.5576462666667,683.5185287666667,158.9704712,796.2980365666666,224.780794,877.9234215666667,210.35188646666666,1212.4549701333333,2519.7640311333334,173.7976413,813.4748517333334,456.20612123666666,643.9886285376666,1073.0934226,286.14669496666664,525.8816337333334,2527.9125096333332,623.3390061,2228.5808858,1719.5283131666667,2627.2833006333335,299.3158407,340.6068800333333,636.1933201333333,734.1822612333334,2841.6488082,3148.433320433333,1498.3953906333336,3536.9004665333337,716.685832,304.4487348
CLDN10,68.40479,7775.05261,9226.34928,14135.12889,5553.7678,6907.06456,1172.68063,5719.4068,4571.70841,5740.38177,6343.71627,1447.62904,1109.89615,86.09059,101.23184,1221.14457,1999.00661,940.08769,3789.85535,3299.07492,1092.67773,1466.4114,2813.18577,130.41874,257.27391,122.81764,1001.69184,105.3715,4736.66585,62.57867,299.37662,2059.68577,133.63117,161.64471,118.42245,2093.8286,290.26699,372.66896,4854.11046,211.63584,351.4349,49.51604,5993.0936,182.07021,81.42244,131.96343,4107.12741,383.73281,445.95346,116.44551,107.90584,73.91026,89.91895,134.49204,1120.98452,45.58358,56.50612,13414.94506,215.9583,2856.87144,1127.0626,12485.74975,191.32426,23.55594,430.88449,243.64024,82.78409,67.61119,172.45381,197.68652,326.67833,108.07482,144.43695,122.32168,45.46378,67.94889,1289.36181,395.97927,94.43029,50.3929,425.68699,23.61402,74.52408,50.59205,108.8635,59.11918,55.9988,52.66342,119.04793,71.73691,3417.42302,53.81751,111.40436,79.61209,66.0414,118.91433,48.45223,3895.98046,378.94267,44.00077,20.45595,60.122,50.00916,578.89914,176.51073,57.73325,75.6848,4209.84246,1322.55365,4384.61293,1151.62738,217.77049,72.13363,104.87147,44.53032,360.29852,77.64803,106.83283,58.82023,177.39249,68.28567,147.52037,146.98252,105.49156,72.39084,28.76413,53.32216,47.82148,139.1855,78.68925,80.319,50.60672,338.63277,169.90923,44.16566,472.74646,2992.8132,154.69262,1256.16412,41.10274,126.0692,187.90499,54.86995,3029.44861,209.91763,79.82216,82.23241,91.45271,2616.67732,281.64241,75.54405,152.4409,229.78367,84.16232,88.1254,187.17427,47.49406,1809.72986,94.15968,81.74211,53.25211,50.57865,45.85438,114.65666,32.25665,31.48915,50.65702,80.06379,64.5887,139.05355,80.09724,65.04222,130.18284,74.57993,58.35375,105.28182,69.32614,124.82444,652.46859,868.28743,32.53658,67.5084,140.7841,184.28319,186.2879,96.72059,45.00011,1508.29568,30.81626,253.59053,954.70044,78.20958,96.94861,40.19295,72.26053,55.28832,80.9064,26.38382,32.73922,260.45449,497.82669,1116.65285,1263.79821,214.44408,62.57077,99.6107,84.12851,1280.31318,50.64442,479.46908,89.47155,107.85236,59.67697,53.79393,154.94988,57.79362,51.61802,41.26728,104.79146,28.13929,116.72596,170.37976,66.38735,89.58752,38.50133,91.33136,158.6365666,94.46399408,64.53117,96.75656,88.8044,88.92775,68.20332,61.61383,41.89835,47.21291,160.83041,155.3424,143.93674,128.48373,27.4848,185.5765,73.95089,100.97993,944.7294,108.30993
IVL,93.717895,49.978504,122.155468,135.324875,127.844657,61.474698,7.672245,3.000794,15.393559,25.724761,20.681033,83.569552,310.454208,15.005744,6.780678,176.012668,20.022873,44.839036,20.263887,21.212636,31.199185,27.119181,6.658913,23.933919,30.921627,41.406177,18.637514,16.459475,90.121184,103.411913,31.472026,392.904037,19.720437,9.069826,56.644716,69.21446,54.799135,96.417198,2.983806,629.553339,10.117314,21.975682,254.833184,31.873572,296.924138,604.652208,909.538076,27.821925,8.014788,55.052622,176.084294,2653.636426,592.480069,108.96102,49.979294,14.059422,51.779138,33.448155,62.18098,50.95169,27.662077,13.624753,30.171388,54.103583,27.254216,32.940958,49.610803,31.2534,8.534612,35.537046,1377.905925,43.549158,90.366355,54.2856,2.943951,9.991463,5.928803,119.8918,31.999789,127.411284,9.162624,8.134044,43.592734,25.517964,2.902841,13.216924,844.670571,196.761886,268.512364,26.679049,17.7137,68.576271,42.721209,25.259001,93.954751,36.568106,9.938542,33.341531,35.850467,87.517393,123.790877,44.866397,8.325356,8.772913,1210.777087,538.810376,23.76033,2.369524,52.495954,16.448655,21.884898,102.288502,213.767621,101.866242,3.782157,105.085248,44.70032,27.374164,3.780937,935.087158,43.681438,117.546205,71.172229,4.140713,8.968627,24.724418,80.670058,8.259451,18.119003,29.49655,52.837461,38.46973,2.879355,63.045437,34.696813,323.923315,33.410832,12.327663,20.918526,18.913006,51.322946,47.797091,43.443089,1013.392356,6.209467,60.88909,134.08662,25.258763,13.24024,7.345749,3.373554,21.225784,188.779251,10.975823,22.029742,54.14614,45.328724,630.821757,4.607421,17.602689,44.426146,30.170041,1085.208301,55.7558,6.104086,73.317846,16.076405,39.265327,7.570156,113.756643,15.045407,22.939515,41.444972,41.280615,88.573578,35.033589,18.10059,59.472443,69.066005,33.493937,5.535472,7.035222,642.152913,7.390996,381.915182,75.913248,22.202235,146.030548,9.602873,26.92826,158.915489,29.919294,22.195275,91.57219,155.684591,7.601361,41.284641,29.537657,18.139968,53.028792,753.392591,92.543411,797.803147,143.46333,46.291884,340.775517,3.528709,34.043532,20.704879,438.352941,30.875955,448.458361,34.920362,17.129971,129.391247,15.234463,84.100507,108.427262,156.021196,32.076344,314.651621,6.300415,129.244104,3.246797,664.054941,723.909757,9.985452249,24.8907753,5.386269,40.319981,26.38024,23.631202,19.144386,20.882525,4.184126,9.970586,34.821782,23.775104,15.406146,2.86596,9.565898,3.208377,6.815607,53.483847,40.189134,31.860548
CXCL13,169.093785,103.24126,65.431755,721.9357,68.470867,727.614033,169.8471,208.51733,31.10059,92.06644,40.78122,535.59702,553.611466,153.2208,50.84912,3719.47108,263.15839,1687.009548,29.858992,2053.70802,3523.59034,748.19299,3201.67196,2080.56239,2195.6318,658.613425,993.128747,1525.66119,63.98812,3402.447445,4611.06598,120.508061,3860.643594,90.242361,1258.8561,1190.76876,2545.65186,8431.143497,971.56328,802.377199,6381.84646,1188.27102,838.80669,4295.71332,38.80853,158.54974,653.21158,631.57935,1822.37491,1723.2746,5509.82679,223.26488,138.43432,528.70822,2502.84463,667.97685,64.79861,87.2789,104.369591,3071.842023,2449.211094,563.220349,115.276706,398.56526,4709.77031,10827.67867,2.332885,319.7775,1087.59023,49.8997,877.26859,3194.919321,7267.80771,5000.777806,117.727593,2.681562,1058.78857,2145.32217,140.74251,37.83764,39.51323,2800.31035,24.52894,595.90188,1099.81379,565.34312,1206.64568,326.03054,55.8425,1335.1087,2976.20729,206.105467,75.41915,1888.95128,2568.88025,3215.62997,711.31072,39.28678,925.28618,854.715546,30.28472,838.55638,30.795478,2552.968674,343.334101,704.397175,2048.989831,1451.586321,112.05292,1270.854056,86.909498,81.361861,227.48298,380.60787,1528.267628,1949.15043,1586.28442,623.29267,179.376,487.28228,350.33852,778.84322,3514.6932,133.49601,70.49153,3830.52865,634.60065,1997.2696,195.4306,4861.480999,610.64476,455.72648,2064.32768,188.29319,10824.2047,43.285439,353.987034,3017.688414,1210.70442,3769.84136,4834.22194,1502.07772,266.20319,201.93487,1005.21147,143.97603,36.85576,32.07822,1674.20519,341.38228,405.759755,778.797457,1923.822529,190.86607,9220.89411,376.02393,929.78554,603.66224,1082.89411,103.29757,3173.18861,221.10085,16.38554,2510.47856,2429.59859,38.14288,84.119189,27.93351,158.81247,6154.85764,296.2472,147.7826,32.33663,354.72229,41.374,228.71185,716.80135,3648.29641,1201.47481,466.64835,36.24236,72.01664,76.3238,1808.74464,1614.20042,1938.79389,181.99114,144.76715,462.53091,153.33548,725.45914,67.88224,273.4675,783.87344,1192.03319,59.77066,496.9692,2624.224293,1085.677126,412.76645,818.900824,113.98169,213.787661,232.178162,1631.32288,1202.64286,1841.12933,290.73466,990.14429,858.97258,416.03647,486.4863,112.18942,325.10103,1933.93968,122.48286,8339.43437,121.05324,935.09343,686.83613,885.3713,2324.26451,832.39458,81.39598,3845.5629,11912.40026,5.015924965,15.7935822,443.657953,6.376008,14.41594,141.557274,78.365204,16.776975,16.472103,15.383079,162.256207,40.188885,42.172721,21.04783,8.776502,20.962958,324.322752,178.973963,38.577512,25.649468
FDCSP,5.892509,24.013929,5.061057,182.665676,21.648519,136.109824,2.244856,56.406555,3.743861,71.925107,2.567293,53.683055,40.125295,22.694743,1.658061,94.792495,54.308825,112.100439,8.49334,82.720919,578.973656,133.824902,276.576499,101.298265,261.808447,113.562813,338.258225,139.054118,54.61521,371.568546,592.122318,15.921665,400.231942,2.783434,74.549618,290.652777,338.185062,1876.948362,86.121134,99.259248,942.85435,7.683123,147.764053,392.014388,34.442754,127.684145,30.883125,66.16393,359.559934,346.173265,473.122213,2.945129,100.643496,69.985695,396.281106,137.554633,72.092727,44.070552,53.041542,259.411345,61.979735,8.49004,33.76417,4.3799,152.806837,1780.820196,17.086235,39.427762,159.814149,6.8225,63.548642,1284.753081,1335.64366,284.993943,64.715213,8.074176,57.827341,303.834016,33.290837,5.035149,11.431698,66.406508,1.244788,57.523738,65.738627,179.635136,194.588444,83.632138,52.750467,197.264776,73.638864,113.51413,40.862265,343.899859,240.097723,599.052208,166.676464,4.908126,200.771678,238.305968,2.320125,86.049762,2.492157,172.166079,39.422062,161.973131,584.286733,223.357552,15.182247,235.932,26.13154,1.088616,56.961994,102.222877,132.580195,1237.410945,288.27454,90.989836,1.780085,147.217418,118.037687,12.200309,398.098256,50.164321,22.882329,108.535035,104.193828,184.90476,32.054933,690.933905,220.364468,78.768026,260.079824,69.616946,154.090158,43.950137,96.830487,303.666787,238.664712,258.965796,663.375537,166.318966,167.636975,1.79956,183.292961,12.7478,18.544859,10.43437,825.370032,67.501422,58.360946,135.913813,253.799421,63.524275,1802.49561,54.017953,2.707303,3.123214,193.62185,37.703437,400.977694,57.894934,17.384289,378.167684,147.882835,14.362339,18.158463,22.433007,87.369666,723.540111,96.192676,24.657469,4.72658,175.635559,6.197855,41.679668,288.472202,766.373164,179.863118,41.972328,7.406698,2.314039,37.467695,334.860828,381.206552,249.140592,94.171003,49.554173,73.014501,26.57885,115.581289,50.744654,79.395868,112.688259,253.317688,6.62919,93.867523,224.562141,201.18728,29.328843,166.807845,37.628427,149.727035,14.037603,84.746998,202.855533,205.457465,3.059742,95.323398,142.306053,62.776564,142.560144,5.74356,99.662393,248.96077,31.908036,1918.585825,50.294893,306.036156,2.207337,60.297791,215.939522,124.598254,20.659988,236.468684,2.207852,3.796662525,2.336894737,79.792709,19.026713,33.316845,52.489605,81.370714,9.150952,4.226956,2.224042,15.262364,11.114982,2.507301,23.322963,1.372586,26.470254,106.685855,36.974817,1.67828,4.680664
VSIG2,1141.461225,58.924620000000004,348.534,296.46166,334.519323,160.1630835,322.924805,261.06164,213.94733000000002,420.434655,286.74271,187.9821475,26.682689,4308.941847,2275.721307,25.000118999999998,126.853605,48.5666515,77.6162615,57.053480500000006,35.599815,315.51471000000004,157.991204,37.3414975,347.51914999999997,685.0139449999999,727.41686,522.795128,35.259316,436.86854,466.92663500000003,141.5439255,110.5020325,22.585088,167.20152000000002,682.509555,94.794205,182.963932,43.86174,180.689796,133.79736,51.3078945,77.023889,297.2784375,38.7729235,141.65859749999998,33.8989465,710.0874385,101.9808205,227.4147205,171.2539515,118.9451875,73.90221650000001,160.86406849999997,254.820227,463.285398,283.6527795,747.4005900000001,65.6542195,77.23266000000001,29.844724,35.712849500000004,300.9616445,45.824515,54.256164999999996,243.52249,324.8202735,307.879825,180.7938705,193.6169755,85.3000825,306.28595,50.43915,95.99730000000001,84.65211,3849.593,26.389065000000002,269.037905,568.435221,357.5998555,295.060439,17.474913,323.694394,302.3265045,636.6716289999999,182.545632,89.66428450000001,450.237545,90.4427955,72.389999,54.115595,319.571425,319.904575,55.173445,327.606005,270.64068499999996,114.584795,435.80971,268.65061,366.4728245,333.76757499999997,166.89494000000002,138.6947955,318.330017,325.580694,243.26088299999998,210.2693505,298.2442625,89.815275,49.1612645,250.31215500000002,144.43465450000002,160.84655500000002,73.3324875,84.45476,263.833923,136.99631349999999,94.34069600000001,29.6658315,45.5881535,492.97073,483.30554799999993,149.084997,292.8598195,380.13460499999997,94.894218,172.017147,384.702488,256.2003065,235.9029855,189.185995,305.8896,279.45644,73.9525,29.254175,368.1588875,196.86164200000002,98.11256850000001,219.2528,94.39367999999999,449.51256750000005,155.8028185,518.109179,44.381626999999995,664.231722,543.4072245,301.3732135,490.28601649999996,307.906629,224.328935,424.43366000000003,674.06327,296.424585,565.0667515,330.634027,126.146805,598.052215,65.986445,535.4966525,235.76167199999998,117.4872975,424.92523900000003,332.1068305,98.822209,685.651039,362.44955949999996,139.208125,301.12757,687.057723,157.8150685,499.43777650000004,400.5973155,584.2476605,207.898777,990.031422,472.24342349999995,258.7748215,268.41944,409.199148,269.48466,73.9278925,493.32943,221.5359115,96.0359335,325.489574,180.839011,21.476433999999998,162.99792250000002,477.0716525,912.461444,254.99953250000002,613.284618,926.5567090000001,294.3745805,335.040963,548.2930175,408.4358785,296.306305,742.937595,856.605335,201.608965,202.95721500000002,157.84519999999998,908.1473550000001,390.40993,60.80561,290.33931,880.321375,693.3330450000001,162.934675,394.16683,114.490665,273.6834,477.05630499999995,481.25529,464.90362500000003,103.188975,438.851665,216.53897,469.09935499999995,155.442885,313.01416,383.17014500000005,320.520825,18.517695,147.11121500000002,522.3131473999999,323.6801047,508.20930500000003,493.23178,411.32142,235.791255,331.287515,439.23043,455.621235,400.16743,432.87666,201.266295,377.63052,435.36028,338.15082,224.51855,350.310615,272.55258,268.94609,336.45504500000004
PCSK2,30.217922,8.4816085,10.2829115,26.747158499999998,5.232684,16.0337475,11.0195205,19.9449595,6.0323005,15.3327505,13.437762500000002,14.4069675,6.861699499999999,19.395481500000002,22.1413335,8.883109,6.506342500000001,12.463257500000001,903.0469925,8.3096705,4.3546545,29.444601000000002,8.954824,17.644443,100.6954385,6.5842915,18.220277,63.07929,16.1778335,248.611175,11.5281845,6.5715225,14.279658999999999,4.9773905,11.434657000000001,22.3496135,45.212805,40.473312500000006,19.624216,34.1253145,33.816299,10.0325365,790.9128484999999,28.710873,3.780004,6.431508,10.909726500000001,27.629833,19.420654,23.127018,7.867989,6.762852,12.631229999999999,7.564460500000001,71.02647,15.877605500000001,18.367635,27.127955,1264.301439,18.036695,8.4910005,9.697874500000001,59.5425235,16.26486,6.403385999999999,15.997691,48.3318405,29.280046000000002,91.582593,48.9951495,30.6584385,16.132081499999998,11.995672,28.214612000000002,9.4783085,7.8344214999999995,17.4702735,96.2637675,191.2815165,20.8425205,59.481234,10.6028465,21.847756,43.572297000000006,6.2674185,17.1103615,51.856611,27.197691,13.987522000000002,32.971663,5.957226,31.3309015,7.1944615,15.647621000000001,37.387596,25.981915,781.3561990000001,5.552675,30.7229895,55.1736415,13.2313675,11.5048675,14.41061,39.0989345,44.5028775,7.2098385,25.185686,10.67183,8.22505,10.2735275,7.2235685,16.945116,20.5128695,118.882572,16.113394,14.461838,29.6824755,42.591594,12.48,21.348022,19.196341500000003,17.213384,26.166291,16.010577,5.2713565,26.868975499999998,26.001504,22.9179575,13.135863,22.9521945,16.894848,21.477798999999997,4.6844565000000005,5.2735544999999995,15.787779,13.9947825,18.532374,16.697764499999998,28.61917,14.782784,20.677387,16.505807,14.054437,4.085214,30.022901,76.72271950000001,77.520134,15.615251,11.2197255,38.8812025,120.7754385,13.655327,50.894178,8.5428865,25.6328495,18.6869085,86.069761,4.304111499999999,8.2524825,28.493475,13.2812655,59.933521999999996,13.53589,25.5887605,16.042108,26.9901695,8.0997485,21.949475,16.040388,63.2253015,19.7371465,112.5822,419.118656,27.6180275,19.0155605,42.9904645,11.300794,12.142714999999999,6.4440335,73.18200949999999,18.5633525,85.2322925,59.526348999999996,11.780721,19.8075315,12.7628735,39.350429000000005,20.644331,6.9501325000000005,8.311697500000001,7.7004155,28.473952,20.315903,51.408367999999996,100.251433,566.2385985,9.1529595,25.846401,8.414155000000001,18.828727,20.238712999999997,16.9774235,19.551834,42.386905,176.352045,4.984636,19.61085,3.2605355,30.8970295,13.845783,30.6868855,120.93034850000001,24.238292,13.974985499999999,26.8686635,636.8041105,9.4838475,11.306564999999999,15.628788499999999,36.334789,327.11577950000003,22.6359505,26.262747,20.606400999999998,112.874136,241.264905,26.2271964715,60.379502655,42.832587,28.299197999999997,24.557814,33.7127155,133.1341985,38.24312,47.873932,35.3265185,37.223584,55.068858000000006,51.7909335,30.105492499999997,49.988547,101.8405685,12.304389,53.084324499999994,66.2517225,41.548047
ERN2,349.21742500000005,897.004195,1145.0863200000001,599.066995,776.928275,584.916495,575.921325,317.016335,1066.6615625,881.196165,647.4143775,269.21386,85.669545,1046.922255,1629.289865,95.334735,498.75825499999996,182.074975,209.059845,181.65148499999998,153.20119,693.1581600000001,644.9548599999999,152.411675,729.554663,637.294315,599.7013900000001,528.48319,208.90749,226.24694,706.12604,249.36752,251.174125,197.884365,207.64695,663.30684,273.186745,396.45284,281.21804,257.01036,261.92830000000004,169.81526,166.25612999999998,330.950745,355.26864,312.821235,230.22362500000003,1124.555145,248.65374500000001,315.39628,264.828085,119.219415,284.88424499999996,254.35868499999998,398.102145,1244.29951,221.94088,812.06122,296.351165,390.414915,218.46795500000002,440.221765,385.38531,148.085025,415.50927,225.947315,169.355105,250.53866499999998,277.04422,197.545555,552.57808,311.32769,207.24678,168.83421,242.65331500000002,1273.24719,157.9795005,519.55832,118.69548499999999,240.622995,288.41102,181.01786,97.349225,204.392575,1487.6587450000002,176.5936,219.65343000000001,151.779665,619.544105,240.855005,198.283315,415.24697000000003,182.00412949999998,350.5733405,1251.9580489999998,217.67870399999998,423.14446599999997,284.073913,597.3257819999999,222.25538,688.481305,168.22495,375.815175,317.57205000000005,202.135465,189.16267000000002,154.3677,323.16339000000005,157.00879500000002,253.620845,340.852395,73.226595,275.415795,216.28593500000002,215.11867999999998,470.9067,368.95079499999997,118.826985,159.162395,186.98963,198.57901999999999,216.48274,247.19574,224.85637,217.53296,222.62049000000002,136.4253,96.4752,267.065945,156.487725,622.4688649999999,202.152285,227.63109500000002,224.35826,95.529305,297.66098,237.093865,288.827495,318.65153000000004,265.4789,1509.3908749999998,245.71989,216.767505,147.29016000000001,197.892945,206.71229,617.13814,277.866525,269.182745,231.06301000000002,768.59194,358.668085,306.77318,316.27408499999996,257.401205,192.98949499999998,675.1483605,186.5752435,212.65573,186.81721,374.781845,143.793885,235.8647,1550.272425,246.52895999999998,174.21271,223.15619999999998,167.0006545,314.152285,546.418375,289.882775,225.8605,120.79923,322.647695,139.45704999999998,199.36598,171.843005,446.061855,368.61141,165.765145,302.0633,463.72754299999997,268.07205999999996,229.40579499999998,208.635415,234.81362,148.941055,208.18885,147.984105,220.89293500000002,312.30676,685.5974249999999,310.621165,161.507165,217.35287499999998,808.5775600000001,246.68087500000001,234.194795,360.20357,322.191045,218.976175,883.877025,401.01652,308.929265,511.481283,216.708599,240.90230400000002,736.616923,403.788814,184.9143805,468.7218425,161.9482565,571.4206385,348.03569849999997,486.368518,285.8913915,256.341568,341.6198935,970.7325269999999,332.60537949999997,255.4107555,1307.3588595,269.377513,482.0191775,237.20975299999998,217.637268,188.585186005,237.79172941,115.564215,100.78392,181.94616000000002,129.945455,114.780315,136.454705,218.20545,168.683955,195.555285,121.76616,224.27164,164.97562,154.530905,241.34138,181.996495,169.90770500000002,266.47914000000003,263.82435
SST,10.421952,9.266735,27.814255,6.235699,23.010903,28.615542,33.542315,3.11966,33.599875,8.192591,38.108266,67.561873,6.83112,36.747051,48.460958,29.993572,8.210152,4.988226,173.380434,23.741024,19.971836,38.149641,11.006276,6.98226,43.168158,2.939883,13.675612,28.165131,21.1052,4.42551,4.766196,7.781639,32.684228,25.414031,52.129726,12.563252,77.135729,56.892646,53.001826,30.852216,29.528265,46.348468,25.397706,6.61849,13.316856,18.769637,5.696311,16.988082,26.377837,42.705961,27.076075,15.815225,28.467086,40.005545,158.181728,6.147893,8.009848,39.042,461.523456,44.705482,8.407523,25.470415,12.544599,38.969584,31.043807,21.197832,26.825819,55.756514,19.045748,9.865606,47.362774,61.756443,11.537224,37.593836,38.427232,7.981004,13.033517,38.698695,6.27571,8.107534,67.403122,32.007003,29.190422,30.31911,72.460002,5.238949,29.548576,3.885816,53.47017,11.7701,8.019622,36.325442,5.028702,30.021088,4.742983,31.710994,110.798088,74.680477,37.947208,32.439749,4.109587,6.113475,57.358453,35.327819,50.254407,8.615902,9.632655,11.070631,24.302023,33.966734,48.519744,25.627706,25.155468,4.554949,19.818304,6.952126,5.694525,32.590081,8.804741,173.359731,54.52576,54.557408,56.686906,17.239731,87.91252,26.502074,31.70485,23.634131,7602.998765,63.063567,20.108644,5.791036,22.120424,2.960827,6.303068,17.047833,5.149424,42.145245,7.074204,21.281432,9.568619,26.964489,10.482342,4.002007,31.343628,11.791633,30.258125,1.85813,2.309801,7.196156,13.052153,31.439438,39.137347,8.605269,54.571421,47.369543,9.089442,26.829395,7.443921,40.828892,43.383582,48.948379,13.501642,6.608956,34.979204,55.033451,26.321276,64.829193,14.291268,8.855765,6.481184,4.666148,8.307578,4.779316,6.259597,24.188846,13.130016,11.801045,36.843019,6.846608,35.135346,5.782294,342.361943,8.585172,51.465514,6.590706,12.767043,11.307733,26.404603,20.787976,7.198518,67.922001,26.388748,8.264287,31.94743,40.382026,9.4975,6.244513,7.491823,7.721295,39.12486,29.774166,25.126095,33.690528,6.265346,6.579755,6.089804,49.746315,66.639241,59.335502,53.345857,7.066125,3.593028,24.395384,5.844168,5.429515,5.433467,14.914403,7.332098,28.42665,4.409769,30.700134,19.162597,56.568486,33.647996,8.551604,38.76346715,39.49331647,62.03577,55.869566,33.427687,14.798733,42.3774,31.721203,22.901399,20.441236,46.046122,27.147453,13.587772,52.941563,28.202924,36.620706,19.312281,8.161971,18.179003,38.106477
SERPIND1,31137.94312,28.716384,9788.810203,210.113642,157.689692,87.831809,160.098959,211.250558,21.000407,5049.614932,3.690244,2.829467,54.215669,25.323986,6.587102,788.409323,289.317416,108.410585,53.994534,56.520648,41.456153,60.373636,42.393676,131.231203,329.131197,3.234633,45.147145,2357.456175,33.928956,93.500071,84.737051,2170.487781,157.209021,7.161924,86.119248,7.357001,5.713919,155.676882,245.543064,72.297039,396.051943,151.097601,497.469853,648.544125,33.310391,38.755524,4.073403,40.662214,5.966801,25.108339,152.929918,340.369819,390.189483,44.970199,161.137983,3712.047182,340.813758,457.508524,2.997199,23.120135,59.92763,37.013414,165.509902,23.976664,72.039034,408.790213,12.464428,162.88487,2602.662592,338.846089,172.761232,7026.237577,5.373409,305.516651,273.134752,23.148264,5.053012,248.839089,355.091811,1.346751,24.461397,4.74456,131.095382,1857.386395,41.410704,296.545075,68.722125,339.149203,110.20867,405.071296,390.433065,638.742065,35.514562,9.429178,6870.56708,769.663487,5198.561504,2351.138887,15.953513,229.186505,2598.788985,9771.487129,2804.711585,7.01867,107.496728,84.083731,303.829426,2310.090567,408.425756,14.958102,263.120017,778.905093,248.714738,698.080419,401.174094,50.770581,214.546664,726.975114,95.001693,42.673706,5278.334776,9362.313294,8909.567983,3446.11414,2013.599921,17.228044,162.830291,5023.406971,432.347988,128.836331,10028.01177,2723.274793,166.113009,595.435641,26.131274,583.892277,80.368509,90.634251,175.005104,45.151423,2689.200717,17.153679,192.569408,167.526273,545.047576,575.801247,295.210118,680.74506,6038.026658,214.839846,1183.810948,37.297178,2003.154333,1840.935014,493.19684,1317.628951,21.171404,41.92398,482.664696,225.772213,988.015787,249.817353,98.288957,693.767279,9575.67044,510.430117,22.907254,11153.75664,235.783873,276.92378,10505.22717,105.811318,469.557672,150.713209,42.519322,1138.715771,3.664874,3.744714,350.521249,513.820859,351.124915,367.689565,1149.657101,24.406762,78.982227,1981.092798,336.896649,4.66112,8767.58146,4393.974022,306.679746,1018.822716,156.649107,193.721722,5.866719,112.224973,779.025221,57.581523,1275.137334,19564.60405,111.685225,158.963778,163.791404,215.291865,561.108368,13.330859,8365.874154,1854.945598,470.717657,204.41279,99.022865,127.458077,53.284552,133.162038,1725.251712,43.02578,240.96386,732.330933,167.962932,444.234553,655.793925,1108.751117,13519.69416,2578.869658,14.722797,4.68743,251.4692071,33.96466801,102.032464,6.546063,28.045536,31.168236,115.233019,31.882947,99.068811,142.527562,122.310573,57.503887,6.791527,57.595352,54.243353,198.695024,125.886355,114.274577,80.589242,68.396497
DKK1,298.84585,48.4676,230.85588,208.51658,879.38552,4280.01307,102.20248,125.22902,143.45773,473.35873,202.99552,166.26937,995.6924,4199.5402,714.91262,3642.47448,33.96598,684.65273,15.96158,2575.41099,3748.40909,392.28443,3880.88101,265.47846,72.01905,1738.93466,1343.12392,783.26418,146.80576,178.84442,874.17339,93.02949,78.25387,1290.96499,64.91769,512.95117,101.53627,102.4331,147.21884,55.15224,245.65118,107.06216,1057.70877,1304.20073,80.61024,66.02228,690.55735,82.54133,54.87966,4459.68857,205.29704,175.11933,88.28932,323.40717,153.2931,56.77794,114.69795,121.17888,226.8244,34.74691,146.24973,11435.54802,188.73534,39.81945,2402.15447,134.61691,78.32624,237.61056,143.1228,105.3396,141.65196,296.2482,165.31283,280.73043,151.85331,289.65294,32.62804,68.29387,3713.40553,377.80232,166.19055,42.27189,319.59381,258.3796,2089.57318,434.95342,358.53708,451.06743,461.5627,185.00975,12.62266,117.20841,2128.7087,1295.01678,110.08975,136.88979,273.11556,99.67995,407.4143,423.92707,52.25111,33.45367,34.89019,328.71429,163.34434,56.75055,192.12909,131.44231,71.94395,1162.41466,45.78665,220.42477,23.23081,78.58049,61.62297,690.82715,93.92475,186.20917,333.38722,479.48665,1157.16563,102.30978,212.49239,118.72508,38.26031,314.08002,538.84506,2066.32425,45.63765,733.33672,139.84248,156.59808,508.47994,542.30034,3263.77515,228.79329,415.81525,237.25103,165.05173,163.26876,782.77058,77.81002,1962.74336,360.20193,309.5173,99.19095,76.28691,221.78848,1750.11081,277.11747,73.6002,85.73304,220.02088,95.14929,171.02076,108.78213,67.37563,53.75877,289.52157,64.73537,183.52121,384.10076,34.80055,117.42792,1156.62315,141.46844,74.7374,45.132,446.44975,208.9329,583.78632,174.4453,159.38763,99.57038,261.89917,34.05364,3443.57143,370.0002,445.08524,113.32195,61.89383,90.18715,66.44519,105.83698,276.85983,311.68787,73.9096,99.51178,59.18057,37.56673,81.5852,106.94657,57.44559,49.95878,216.43451,758.40273,106.67349,83.01938,20.52925,105.94451,70.45161,49.55819,395.82368,73.79744,115.87051,433.94798,163.27467,1228.32138,131.6046,112.29736,101.43912,56.0749,347.21375,617.60369,40.23678,58.26538,354.06434,107.00432,117.38138,91.09178,240.06671,43.64933,1025.4198,62.86774,83.00588,51.37266,189.1440305,121.2438384,126.62738,60.58262,81.75514,197.8237,142.28387,204.54722,187.44285,172.71068,201.46754,103.5163,212.0149,198.38834,93.15982,421.18313,149.504,224.11142,793.19315,529.10945
CACNA2D2,1619.0901,378.59563,2766.2895,2099.64257,297.37188,1101.35525,84.08967,2908.23757,1039.490246,2020.65722,951.579167,456.4388,72.77488,622.52772,860.54384,70.03407,9350.29305,392.42684,1261.94117,111.3724,224.89373,611.5067,770.88242,194.20616,4928.94819,117.8373,552.9226,1416.59631,100.87725,2954.8249,422.127348,155.74995,1038.96343,80.62878,152.1452,316.47047,753.58743,858.87819,262.2937,1363.27214,989.65504,80.70985,415.79009,636.40886,343.8339,251.05885,84.9517,380.71088,338.3855,539.31185,113.61047,167.66978,44.60026,284.70007,496.03345,3780.01563,988.00812,323.38448,172.53993,209.49291,106.21031,70.68378,1809.09993,85.51438,104.95209,1583.67229,4229.28932,1503.82307,1020.78048,2028.92463,772.79598,2198.3477,325.85628,206.1985,2606.9597,228.914,107.543024,633.13003,4614.54118,2639.51883,2006.53766,44.77639,2241.06289,3757.68075,344.4259,1239.99793,639.14671,2165.72036,84.04239,657.0532,75.35655,3166.7278,3793.05656,107.619239,6654.60147,883.695576,1543.158321,1192.659728,267.355232,2177.35424,1216.98214,5604.05042,3412.02438,687.83413,102.51552,648.87258,355.2671,680.28547,717.9158,101.58625,2402.75377,190.05261,2994.62136,2544.96269,538.6934,1176.971,1489.84174,3095.34539,340.84018,14.91621,1737.27173,1884.7148,1309.28483,2000.71712,3300.07561,131.74943,581.21422,1059.69076,2415.75215,765.45133,279.14321,8758.82202,659.93774,521.55673,35.51529,505.43435,530.87421,355.04476,695.5547,507.8917,1016.52887,424.04978,1986.31192,81.36117,936.76417,2941.56379,952.60161,920.19015,2067.80716,1615.1802,2536.9136,2948.5016,2314.523,2398.5468,1948.67055,706.1021,2314.937197,6.338091,3674.56866,3716.41665,506.2356,2588.13938,2025.70599,231.71104,5451.84361,2222.14475,5795.3641,6235.52137,2300.19574,870.1635,3561.50446,5917.01681,3193.32846,932.34309,6604.78905,1802.36453,126.01018,582.59789,964.9436,1679.03264,1495.75471,4447.077702,5462.76575,155.02374,292.07584,4766.93297,2956.48768,346.22464,625.77095,4410.05198,1167.70456,2146.31655,2002.65399,1380.68768,1230.83651,4274.70749,3041.12341,2964.061,8293.0486,3135.1047,401.3927,2366.3085,706.6021,1860.2081,5222.230988,112.526299,1633.041059,3638.809474,5578.756647,412.025131,1854.215844,3015.493032,3807.483787,1513.859826,5268.475452,3567.239377,307.679275,906.474885,6253.676833,4592.781653,4905.308974,1773.417488,1759.40042,2881.564753,379.792061,1099.201981,5525.740826,3602.091202,5496.9215,3407.3354,3290.7228,2738.5034,2973.4906,3617.5279,4181.846,3988.1648,2943.3641,1835.7046,3050.2261,3116.2396,3768.6944,1230.5536,4141.7492,1720.9286,921.6168,1515.7464
MMP7,3407.4225,977.8715,4086.3219,10191.6236,2712.4302,1752.6794,11077.0293,2185.8084,657.9585,2569.9596,4682.64,13084.3524,14342.0485,2260.0282,2457.1985,754.6756,1585.5308,5766.3375,302.056,1221.4632,3649.9109,7729.0108,3256.4694,1868.6933,3624.8999,2835.6286,9104.818,5332.3122,1656.8922,3494.2279,11992.8775,4473.8524,2825.0106,155.8191,5321.9953,7386.9236,1001.7665,10173.1334,333.4998,13736.7672,7400.0272,4809.2102,419.2175,17373.0492,729.0828,14231.8154,6760.9142,8788.8925,436.5681,14665.364,16097.3153,7512.0305,6223.411,9235.0826,7652.1666,508.8008,2615.6214,2981.8332,1733.5734,133.664,3747.7923,234.4403,3656.207,158.5279,872.877,5838.0755,332.9039,1634.0384,3585.9638,4776.0165,11556.3925,800.6449,2460.723,3386.9431,531.5121,3684.5318,962.7376,5763.8747,4603.5436,4995.3215,1240.9303,511.8248,222.7488,3110.4915,4710.0496,1110.7807,6049.6161,7238.0376,1384.787,1765.7578,1686.8593,6476.1018,3989.8811,14173.2992,1701.4047,2561.9142,639.3769,5298.0286,2149.9973,7796.2941,1239.6221,2280.7975,180.172,2618.5366,13598.7775,3876.3537,13493.868,4349.3571,932.758,15386.9831,1540.1811,4939.3241,5904.9019,3122.6565,965.7359,4994.4696,4100.5213,2697.7624,6019.0226,3967.0106,13444.2592,2293.8253,2962.1723,1225.5512,1035.6237,15449.2928,2361.0672,4810.7226,360.3863,12875.0035,5032.1411,1291.2813,8787.1328,7039.563,1037.8402,2944.2612,5343.9489,5587.2124,4034.6847,9660.4208,5298.0587,3999.7352,7542.6469,4339.1033,4992.7381,15030.5864,2392.4202,916.5401,3799.2824,11261.0037,6229.3362,1874.6224,10797.0844,1433.6585,4759.4427,1294.448,13955.5488,10558.1492,2433.5614,638.6549,474.7971,1661.4155,702.348,777.7754,5640.0708,539.9512,1306.8125,4510.0508,6455.6732,3868.2119,3972.9639,7036.5229,5233.2154,802.9087,5126.908,1937.2793,3649.3504,2592.1724,5086.2206,12065.72,604.8724,1276.7729,6292.2417,6652.7184,4501.364,1872.8098,1796.9911,8632.3246,13661.6089,2176.457,1063.3499,1021.4491,1309.1565,3369.1335,665.6957,15999.4679,2698.6549,3039.0033,2302.051,1350.5442,4774.012,1903.3439,7370.0066,1477.8363,1361.8105,3883.0752,2271.6713,3865.2639,2384.9683,9007.6312,6796.0704,8686.3913,1537.1014,1947.292,2566.192,777.9995,9189.861,12460.7938,5482.6818,4408.2343,4677.3633,5170.6026,6935.6946,264.4831,12266.1178,15100.8836,1152.091681,693.2971034,489.6334,418.806,104.9922,841.1243,1874.1982,577.6796,779.5611,410.3888,974.1616,395.59,493.086,430.7989,734.1042,4426.8634,683.2016,103.139,10772.5295,1101.4927
HGD,177.637937825,91.3736145,36.435210775,654.5152395,29.4274132,151.353289075,60.28569525,50.113663,61.531454000000004,38.50070675,97.73722025000001,27.257758550000002,450.0552187,768.04439725,567.8104515,74.8861165,46.596157250000005,201.7121525,24.82993045,20.51823645,21.520898,63.74529725,564.81120975,152.10892775,32.11248925,300.94803875,116.532038,104.045198,17.8654455,91.73698625,264.40947375,15.442794,39.36188285,35.919997050000006,52.43587575000001,445.76899275000005,30.24483525,46.2445561,33.413215,54.366590875,33.4361785,169.41557724999998,83.002418,137.90861,162.5997745,45.65069975,211.0587185,646.12823275,17.3053235,291.6690185,75.34348975,170.6632765,72.40955299999999,29.29608825,48.69129,313.73034,237.95921325,111.97921175,301.78397065,235.48918709999998,24.841761175000002,2803.76204675,23.609604474999998,477.23153824999997,40.617599750000004,30.63993575,25.883924525,64.03246200000001,26.623493500000002,178.21470275000001,126.8107335,110.40058325,42.27533875,5.70383825,61.094221,1660.094881,5190.707118,73.44845875,234.15890575,46.90385625,78.11427675,13.72231725,28.758726000000003,82.56162775,71.122233,29.672817249999998,38.5305845,120.5045605,35.420693,19.94240425,472.2493985,184.029558,25.486046749999996,58.65227175,50.2996715,19.50278925,532.5092065,16.3211535,67.43581925,192.24868807500002,265.70437,70.92659125,21.124919549999998,1052.8094593,33.127272725,52.4883497,22.90061515,38.3505584,70.6624735,27.638017625,71.897692875,20.581805775,144.5551715,48.0472185,131.3434625,769.7046604999999,96.7774005,117.0679125,64.335158,11.9406815,61.59810825,145.92471625000002,144.13329075,47.075103500000004,89.415266,34.6080335,20.908955000000002,86.12865500000001,24.92731075,175.236407625,142.35270275,60.80880625,39.01907,121.61109375000001,324.6887665,179.96166135,24.5349548,66.27141445,65.06773925,90.85088825,457.33910825,54.28461525,164.98577475000002,14.895311000000001,60.798829749999996,440.7181745,38.975422,39.24329725,83.264105,170.88495425000002,583.5944535,20.85799425,70.22572925,32.6694365,63.45727575,42.736912999999994,125.23291425,20.895604749999997,98.603192,97.3852165,7.4075285,58.7708395,52.56869025,80.39990999999999,288.2977445,88.19460875,214.6422425,80.77860125000001,11.39445525,42.6378075,37.964562,79.32341725,203.35146500000002,78.57999500000001,294.16515425,88.04523675,137.235128,35.9387505,94.96941925,44.184784,117.9800285,111.972404,88.838078,89.993582,49.79322675,173.7938365,35.04806625,46.29733325,16.517471,148.447069,25.08028025,56.48361325,134.50962375,11.054979750000001,37.857979,247.242418,89.44228575,55.17736275,37.5644565,57.955758,28.25184225,39.98514975,114.34494425,56.801224250000004,153.34181525,26.8338425,61.66712425,286.28691675,119.125805,30.291493250000002,39.105133,178.38084675,354.533638,94.42474425,203.00534150000001,48.55711650000001,97.07547199999999,41.87746575,491.36051775,436.0498825,193.592606,33.2139645,69.50854025,20.28496675,32.10343425,85.56334125000001,24.5346961565,23.515420393,42.336178249999996,22.238067,29.942130499999998,30.607696250000004,22.55193175,28.013272750000002,41.931501749999995,34.600221999999995,39.7301255,16.864921250000002,25.74187675,16.786706,19.732422999999997,18.74282425,44.5035685,22.068479250000003,28.78063675,27.070048749999998
SOX2,51.35942525,90.7573865,28.186258,452.55874475,279.35603150000003,626.71874325,877.2713695,252.9851295,154.92696850000002,784.5244672499999,248.02166824999998,244.06012925000002,89.99097325,310.374036,725.131477,360.59821975,696.701368,179.09556125,529.71476375,33.57516125,77.31415325,980.779411,44.2747795,45.71111175,421.41909949999996,36.17080275,502.7635765,306.67582025,39.05245,75.47029875,206.09413225,147.45265375,84.112909,38.55886175,286.83858625,608.5340165,156.62525300000001,433.560692,153.2307835,313.61184049999997,59.0889155,20.98155675,67.41464925,167.9563145,27.046066250000003,48.45719025,103.892431,183.77158874999998,262.81114075,189.88982024999999,90.81608675,398.431026,654.9118585,143.15099725,680.4672835,366.86790425,183.61474275,647.04007025,1346.36857375,317.70667225,1022.9522937500001,22.21614725,322.81768650000004,1171.963716,29.30716925,92.218481,107.4258215,104.58645625,152.73370325,198.2395605,227.404965,130.740923,80.992793,140.5954255,33.225190999999995,468.284325,1044.27623875,684.8898865,435.84487125,233.157035,573.092,30.7089145,38.047962749999996,104.911889,1124.6445335,69.75299375,54.979603749999995,205.185914,237.27365824999998,48.36485725,1071.42093775,202.53141349999999,39.92406475,703.43006825,200.8511945,378.89509825,830.49707925,81.91768875,822.866959,179.27383600000002,40.90812625,33.522966749999995,10.940677,41.64619825,804.7552479999999,107.9363,313.01743675,456.16436675,623.192375,524.35462975,574.884813,989.552476,56.38412175,343.04646249999996,27.478382250000003,334.34153000000003,154.0821155,47.48706475,814.6887765,103.11460249999999,308.92109925,57.7491545,249.69561875,99.804756,48.612728,229.5585565,182.38104325,291.31837475000003,117.31445575,540.1632545,42.77064675,49.838214,610.1440472500001,970.511616,26.487809249999998,125.689937,226.75860525000002,70.38139575,641.400252,182.33798825,168.64601125000002,518.8907765,279.63632,82.06288775,615.67669225,144.383013,427.8535855,25.926447500000002,72.02689575,550.24885875,76.0204315,309.70749125,277.61273574999996,46.76991125,281.0702905,300.41434275,145.79717699999998,386.659379,122.94293275000001,176.09420275000002,255.013761,56.22204775,32.91360875,731.8580155,248.46005625,86.19587175000001,82.278742,135.6733405,59.307064999999994,53.50368225,102.46613675,169.735403,112.48495199999999,332.17253825,69.02371,794.8751804999999,1008.6506575,737.60387675,271.66753075,338.7671405,32.42413,70.46128325,238.575169,83.495371,163.93823625,136.8858725,126.469494,304.62744050000003,306.06098,556.721944,130.42556100000002,90.07878925,127.74538399999999,26.67278575,56.762748,94.95999775,208.1484095,44.914575,18.11037975,212.15771625000002,206.684709,159.69870175,420.91426025,669.5445102499999,121.79719275000001,479.21157125,40.8985525,76.9690105,42.6549415,111.66468425,78.690811,26.786258750000002,158.03251825,160.38471625,23.82828825,371.855266,208.58065725,863.61863375,34.6310195,83.993552,50.20262325,238.304351,342.30872925,241.33261000000002,54.739093999999994,50.995009499999995,37.753901273,159.06428354874998,29.682688750000004,32.77227,138.40073925000002,27.047470500000003,37.73956875,42.3877215,99.4140795,84.06055475,234.44890349999997,59.04819875,219.72824225,24.98351925,18.884572,263.04260775,132.02120250000002,81.775824,626.08757925,283.71982525
MYEOV,187.63178,60.78058,292.00137,27.95541,40.23161,179.05096,300.54254,64.25709,59.93573,75.53792,76.30199,89.92272,2545.16112,3790.74322,1403.87057,205.96429,83.58598,1421.41749,4111.90951,80.91091,156.58708,260.49936,1748.07615,97.15333,846.79179,969.26297,1070.38154,140.80501,64.26328,101.33847,911.45012,413.96048,236.44589,84.45688,159.13064,110.67313,42.56595,87.55912,120.69,66.21059,169.05072,180.69268,206.39379,273.06495,406.04918,195.12118,119.61091,1669.87884,60.1841,74.16615,366.44324,287.0869,248.44126,62.51906,76.1081,130.4531,51.26823,1555.93215,82.23388,903.02262,161.58986,1098.01997,77.33987,151.30943,369.15929,95.15289,65.04431,140.86153,77.1328,79.63301,87.8249,200.30298,222.87959,567.95195,76.06332,2142.63478,181.66364,100.34514,100.16881,123.09859,76.43039,67.93188,68.3028,81.75282,104.97179,61.80731,59.85922,63.45754,76.3172,104.17859,139.73834,424.33613,305.57225,149.8179,84.63108,158.9587,79.0849,76.43737,176.4332,502.17587,138.17809,93.32171,82.68642,256.25059,112.51146,21.38346,105.64781,77.4166,65.89717,157.47469,76.3383,42.21172,96.07522,44.68925,171.19361,117.31008,130.74034,54.29686,43.5771,64.87868,71.42714,346.52685,73.57863,49.82781,38.08398,177.06649,83.59294,142.59185,367.40949,151.7286,111.98284,66.75937,54.12946,39.73578,698.75277,78.94577,66.67377,159.83265,83.54093,307.20219,94.31156,82.92002,79.49664,72.03401,72.10227,92.63172,107.9982,79.44102,95.0811,66.07391,113.75078,88.67868,84.49647,182.96207,94.15148,53.1094,66.5582,669.78585,71.04322,94.55338,177.02524,63.67221,74.10535,89.37742,79.98734,80.04959,66.34871,37.67563,69.51104,177.74637,74.17327,59.53161,96.97244,81.52277,81.07921,121.97972,57.45296,125.46312,104.06921,54.16569,180.57105,64.45705,100.38016,119.73565,98.96942,82.27499,61.68806,83.94474,97.10623,35.97388,57.63416,278.30705,114.40626,63.23236,83.64135,77.76942,52.14726,130.33825,196.69407,65.54961,82.09152,87.89295,107.65143,117.94491,80.36508,94.26012,73.40236,70.83571,73.06173,103.09929,114.41637,103.26024,61.57379,85.07544,53.0354,67.32045,111.52832,101.12704,95.90855,55.53118,101.80695,283.6483,213.65769,108.88971,99.76507,60.37479,46.52531742,66.49107262,56.40306,55.4067,59.6205,61.23749,58.82165,42.75125,64.60102,72.909,84.31219,75.38052,48.29047,45.46022,53.7702,67.11906,46.30386,77.47708,75.4097,72.52955
PI3,25.653912499999997,28.8869465,17.8524295,564.7547025,24.6414305,41.7520475,248.41211199999998,33.467286,29.006991,24.6174705,46.258564,71.330399,15.595993,77.824649,54.484326499999995,30.4778815,13.45149,44.6971205,291.2582635,23.821830000000002,250.6202595,116.7208565,321.7917135,43.4152395,53.946926,1618.628482,73.0637255,60.2089345,33.2467345,43.2136755,1473.684172,15.603776,71.175542,92.759172,20.82506,1757.631145,68.1308385,43.993116,32.233153,430.898391,38.6804385,18.083378,13.2446965,1569.218147,13.839886,43.598304,52.1111855,4586.6193055,19.553521,137.6115055,398.1127785,82.692547,54.7528025,27.358289499999998,95.88812,20.052165,24.557297000000002,62.261331500000004,28.404341000000002,483.78078600000003,27.464655999999998,1067.7515925,51.9987115,26.8099415,1281.7324695,146.36983,17.7100805,26.773219,30.393611999999997,69.1097865,49.0476865,24.365392500000002,20.083851,3041.2009975,27.685111,2057.5401875,51.4050445,51.423576999999995,19.6027505,21.377625,65.168431,78.655348,19.244248,23.1881745,15.2740625,20.074759,25.74806,14.942638500000001,56.025502,19.008235,56.541312500000004,37.270982000000004,48.29517250000001,46.077468499999995,22.318573999999998,29.912031,146.367794,28.340069999999997,101.33140900000001,20.893815500000002,43.1117225,23.241902,72.131773,156.062874,38.265283,46.1604935,31.303694,27.6508155,18.696174,24.056507,23.1611915,29.299989000000004,29.3296195,23.017356499999998,30.5126485,36.8482,15.453566,25.445337499999997,473.28539950000004,565.3078285,28.063603999999998,22.6480845,23.802280000000003,26.6242705,25.720202,81.814953,24.31579,19.988215,18.4912285,100.86286100000001,32.3517785,18.851114000000003,35.596202000000005,52.609434,2119.855049,19.771026,31.5988665,75.903278,66.7612625,22.958485,32.72988,28.168522499999998,31.01982,42.343435,38.868483,34.513549,49.17967,19.757152,24.5301375,35.8550575,27.2918345,57.776994,18.616042999999998,46.692551,11.7238565,33.0609205,36.7528435,22.087117999999997,15.506245499999999,40.972651,8.432859,32.982907499999996,11.701988,45.9065345,27.458754,34.419874,10.331710999999999,20.281443499999998,24.307574499999998,16.7173425,14.8785825,12.973562,30.231240500000002,23.729109,110.70846850000001,24.0805635,98.79538500000001,30.4745865,60.856055999999995,22.5482305,33.8617525,52.2546085,27.0885155,31.7565495,45.824408500000004,14.1502085,21.0731985,25.5906915,35.811418,35.949406999999994,24.842508,21.73961,26.8877885,34.958499,44.807499,57.7087035,32.5244605,21.621627,8.3337465,6.0845715,3.980812,23.8039285,26.003534499999997,45.0856105,21.504862499999998,17.149083,24.9925895,21.205278500000002,37.966111,39.174201000000004,34.865929,14.986411499999999,15.220245,30.5852065,56.175681999999995,25.300801500000002,60.615925000000004,37.873712499999996,23.431552999999997,22.1624295,8.648324,20.9664345,32.3446465,35.2717955,39.2039615,29.596757500000002,23.3436793025,30.784347410000002,33.455881000000005,22.269317,23.3326365,26.105968,22.791402,14.8012645,37.250225,49.9685635,30.022850499999997,36.609422,38.7542805,22.412646000000002,33.199068,53.3970685,24.9883195,36.3868765,30.8189305,34.195423
SERPINB5,48.5323145,9.8991985,10.094908,8.650207,8.6397,92.5027095,328.257996,3.8709425,8.686898,11.55920455,28.8340855,38.290354,497.594353,1667.8009735,2370.0586384,15.95875345,27.178831849999998,74.1387855,83.09197499999999,19.8985465,3527.1648365,185.64381015,890.89300535,35.193603599999996,26.815118,1002.36013635,492.8956465,204.4027209,730.5901760999999,2.9027933,393.2358415,31.419480999999998,240.944855,1534.801302,43.7157375,76.519062,39.9776155,52.975592,11.202736999999999,37.0308065,87.190413,88.7888712,18.421078350000002,455.27655500000003,25.84291405,81.3562792,285.4807336,1249.95702655,51.5733299,74.9228724,103.59853625000001,21.0414617,344.63379735,30.170256149999997,235.746737,9.4594937,63.10376465,68.14375749999999,304.607815,115.3505475,3.276356,692.101354,164.439172,448.529134,12.385247999999999,4.17932,15.555334000000002,72.5742436,2.6661716,79.6042415,55.58498645,92.0515019,16.07090085,139.24029625,8.3197008,2006.5636935500002,503.58625550000005,31.5452273,13.62823605,13.278008400000001,180.63863835,195.76595455,24.70762645,31.586939349999998,395.61286939999997,31.496517500000003,27.19091025,1.32495075,76.94408095,14.557423,2.8821344,28.32613515,12.702189,7.279608,4.6838945,23.4616065,17.160133,10.411086000000001,198.26170000000002,3.1536675,19.876443000000002,13.9643295,19.3450385,39.9985455,35.307089999999995,12.150316,2.3347425,17.8812595,20.690186,72.33201,4.133644,27.094408,30.18932225,4.24154825,3.04903385,127.85843615,22.0828006,8.22597975,89.95963455,327.6215798,13.7808594,26.90720665,28.4598667,34.82109815,2.9363856999999998,24.8274178,5.5637159,13.0306655,16.9968625,62.8002725,17.0807125,14.8007955,20.099651,76.04902849999999,1113.7881485,8.221299,28.536079,12.919713999999999,606.3232350000001,26.2915815,15.2871899,220.3824022,10.7165408,7.85143515,22.765148,8.02283245,65.7234807,47.01499965,50.04085615,12.208264549999999,33.70537615,38.12405625,23.02193595,2.7673653,2.54307665,61.2992222,15.400711,51.2274505,12.18356885,23.12441585,4.211040649999999,12.9210537,33.974109999999996,33.406964200000004,6.4476917,21.133191,16.5129806,11.4248025,8.5223314,84.4046256,14.49179005,2.54443725,2.8862986,29.860404950000003,14.08092315,12.583681200000001,26.20418035,13.008293,101.89284025,32.81627555,13.3173261,5.564563,26.226809799999998,22.53989635,21.997293550000002,29.8513539,8.3559896,10.6508287,6.9097164499999995,47.43419655,3.49505495,4.54353705,10.18376525,12.6168592,7.2503309,10.7025718,18.649168500000002,10.6483451,13.843165200000001,33.2829485,8.8736514,17.86083285,127.58329255000001,66.38716325,11.725021,4.1497,2.324297,3.3198515000000004,8.671936,12.1202605,13.821238999999998,14.829041,3.7828085,38.759299999999996,38.151937,15.715188,26.445845,33.1467095,13.6543535,22.948950500000002,16.86034,15.9269135,3.1438865,31.8655125,11.4906625,15.514949999999999,9.6753072095,19.7563016505,4.326204,3.1520330999999997,6.5853061,7.70640365,8.03656945,16.42293915,2.3128756,8.0983188,21.2347492,12.89785015,32.0892623,6.6366236,1.1709740499999999,177.2740025,6.99193075,8.983656100000001,203.9600437,52.0750594
IRX2,1130.2593964999999,931.2076425,250.95541699999998,477.80127650000003,1007.592007,517.7478854999999,916.1516055000001,460.5768415,3130.1447399999997,848.49676,484.528008,1769.2491364999998,50.075155,204.061691,454.849822,103.5618865,1937.3900225,283.737022,25.946209,122.82477449999999,362.98315199999996,199.6966565,138.05370349999998,1256.5630345000002,387.96763799999997,24.841086999999998,332.794691,292.61612,219.6466,1647.109559,93.97972700000001,271.655069,144.3443375,123.6710585,523.298634,57.316199499999996,129.962081,572.8330540000001,1624.031327,435.348055,193.6735065,70.4831095,124.28178700000001,166.2651035,114.463777,111.139916,9.736381999999999,243.015149,121.1228365,142.4971225,1561.9686485,778.6543295,515.801658,777.7301074999999,650.0093595,1257.8856025,490.1900265,917.328927,214.7000455,575.2703759999999,37.695097000000004,22.032117,555.6125024999999,23.93367,10.109799500000001,284.645674,764.9938515,464.789354,388.93125299999997,2187.460555,881.50552,670.5931565000001,68.314725,98.638099,276.9660265,713.955924,33.490138,1136.9722215,1248.4492400000001,550.452485,597.9463529999999,107.00599199999999,748.626452,1673.878314,98.1506595,248.58957999999998,376.33707050000004,617.0490570000001,73.56798,262.444925,11.620127,671.2631954999999,1822.207236,765.5746525,1237.84034,616.7649610000001,1354.5445945000001,1248.0142805,318.9734185,15.3051585,1223.201404,3201.5924135,4141.9881575,208.83042799999998,1375.0889185,1379.439255,699.0560935,1271.850099,796.3307175,18.625418,2335.5728485,109.3896015,3220.789448,991.0387695,1749.932624,1713.7454229999998,161.2192125,1421.9467925,332.5774645,27.6480065,426.5350205,1957.921692,589.6965265,1026.7555625,1707.172317,556.21744,903.0599175000001,1725.8257800000001,2447.0295225,497.0253715,1275.8221055,2165.148251,308.28025249999996,110.210547,26.010309499999998,610.5003845,539.28608,559.267792,272.89446200000003,287.601264,542.1611335,466.094475,1181.265175,383.606785,915.0680795,2323.3653885000003,532.0604999999999,953.7328950000001,1173.678072,1163.814712,1174.773336,3757.6887015,568.7779665,1823.026327,866.3950415,457.382086,2381.4990775,11.484428,2224.0482125,1815.2727949999999,1263.456018,890.0723350000001,3054.3946245,506.8364275,1013.7968559999999,797.201555,2242.349389,1332.2195855,2711.4449299999997,1610.921555,2553.627625,1084.7432505,1084.17432,1094.73707,821.0073649999999,2538.4799605,217.1073595,415.1550735,1761.06303,523.3059525,2545.725064,2031.2439225,1081.215927,96.48007750000001,781.5667394999999,2681.1911750000004,1476.771565,1399.389125,1110.44529,167.296785,981.292745,1793.6976200000001,1573.94658,2558.7357650000004,821.70554,999.863012,1130.419253,948.1829835,2348.703489,2145.8870804999997,329.2783565,633.6167324999999,281.8531965,1110.6518784999998,1747.6770325,121.108501,1465.5889324999998,990.178777,1715.9747269999998,1139.8540715,1202.789793,1420.1001585,2074.2206295,3069.602665,1175.368246,2340.3249165,260.21184700000003,936.5953515,1751.3463410000002,2171.848579,1289.6194405,1212.4922485,1752.1117525,1440.914577,345.425399,786.828161,1102.917643175,675.20051227,1278.215535,1182.2878225,1071.7814875000001,333.12334,590.9542385,593.3587699999999,687.2654490000001,719.701334,848.983911,321.24335249999996,803.6912925,958.6907430000001,567.063975,380.1218715,770.551408,342.52131799999995,831.4252285,815.6321025000001
VIL1,39.28364425,20.255864,32.39418725,23.4011825,27.241822499999998,123.18307425,27.231243499999998,29.500366500000002,36.664312,27.661317,29.45677675,37.0559545,306.36947375,1605.0994385,2331.38913625,1152.344126,35.550118749999996,174.52654525,33.07462525,28.70540575,29.32960725,72.65215025,188.11625225,50.12439375,30.70415375,1907.141755,165.62123474999999,277.79089225,148.02500799999999,37.8643575,65.75274325,35.91631075,29.194435,39.78394,61.007084500000005,386.27549675,40.9855995,52.843643,185.1510925,89.995232,52.8863915,78.02709949999999,116.88878,77.24356399999999,39.85150175,25.34588025,863.375867,109.06239775,33.67635825,447.74323300000003,81.311355,306.038878,31.5493215,46.643883,39.76576,230.13921825,44.34892475,38.62637075,1417.43092425,1448.02846825,40.703244,80.42288024999999,29.949647,1250.62609325,34.67185375,45.46461375,25.2148,134.80457675000002,35.93979,50.42955775,26.45771125,68.76578425,39.79491925,26.38417675,1129.35365675,942.657655,35.24863375,29.578722499999998,114.537215,35.17737825,42.60749825,34.58840075,45.008281249999996,28.482665750000002,37.9641875,27.86517875,30.385084749999997,23.5349115,51.76324075,38.796347499999996,39.79799475,35.87646275,25.94790675,61.1351815,38.9164555,74.34475549999999,72.39084725000001,22.94410275,80.26120825,677.9440445,325.53952625,79.0325715,36.326766,208.22649074999998,29.74043375,42.85817575,52.4641505,39.000195000000005,40.6754575,28.428182999999997,24.15099225,22.62033925,30.95868325,26.5304895,232.50779849999998,91.7602065,148.45439475,37.051291500000005,29.403845,27.43296225,50.24465975,350.72827874999996,24.542593,79.37896900000001,64.066986,31.5930985,28.756549,28.66394225,74.042236,60.71686125000001,36.2588345,48.8217135,33.94330225,44.88633475,79.2673155,40.399178750000004,92.11186125,39.73616175,319.00571625,109.230781,447.3246965,21.739743,43.510183,19.00482875,83.89334725,24.092399,27.6342465,28.20137175,35.5706625,32.9868685,40.39832625,35.60975425,35.695054,33.43799675,39.230968000000004,37.766656499999996,23.26307275,38.351326,711.3640037499999,50.3392975,41.61612725,33.5621095,37.991207249999995,194.857042,49.9448845,38.70941575,45.7030935,44.25269175,33.95476,49.23221825,36.804132249999995,30.74313275,66.58853375,59.33962125,29.2471705,37.0781515,26.84235625,53.49878625,44.49741825,42.12258075,31.07325225,37.1564495,82.094983,38.18023625,34.46797925,23.682644500000002,30.70814075,48.557924,33.98558525,45.69559975,43.0663405,31.321396,29.87344225,37.00637,55.213843250000004,45.551776000000004,28.1243485,48.8883435,64.86312125,28.975042000000002,26.73832925,29.64074475,90.742046,27.242997499999998,30.688517,33.45027475,42.542517000000004,74.70538325000001,27.835991,31.32832725,39.139236249999996,48.9125265,50.70010875,51.42110225,34.83524025,46.85818625,74.1435205,38.49163225,41.65092,37.97571275,40.67707025,44.05558325,41.04321675,36.6492355,53.695802,21.192896,37.0548550675,40.16423273,44.5736105,34.22172775,33.19369225,19.793960000000002,32.80919125,34.95302425,33.890935,30.12142825,30.84087225,34.223059250000006,41.4581765,33.727489750000004,18.23879825,50.7493065,43.772749,69.64074,34.9242655,37.09064375
SLC1A7,57.142533333333326,57.009504666666665,8.450239999999999,612.226187,28.94814,37.555500333333335,41.12366933333333,35.769770666666666,175.35786266666665,41.33952033333333,37.677107,20.306037666666665,24.82340566666667,115.765977,48.88224833333334,28.223062,30.235696,49.85950366666666,96.75054266666666,26.48366,26.682419666666664,55.592714,26.415634333333333,86.05170866666667,47.82652233333334,35.920763,37.93184766666667,51.94160866666667,34.04639566666666,33.59274466666667,35.86779833333333,434.902178,38.15690466666666,38.93634333333333,39.567711,26.523286666666667,37.683151333333335,41.46225733333333,248.13364866666666,211.21239133333333,38.491019666666666,80.06232233333334,628.0427966666666,38.20598533333333,76.83978366666666,71.99459766666666,26.882981333333333,41.765820999999995,36.84054966666667,21.19549,141.48440066666666,28.463335999999998,44.447207999999996,46.56675166666667,60.165472333333334,915.1184626666667,37.538464000000005,70.23131266666667,39.951744,60.948880333333335,24.53510833333333,23.477544666666663,33.710844,39.53966466666667,27.290908666666667,37.07010566666667,24.050869000000002,55.57666700000001,35.854280333333335,58.98830833333333,192.851588,227.253026,43.646302666666664,28.753040666666667,57.64842166666667,67.86802866666666,34.064154333333335,82.92036333333333,121.81424133333333,68.731561,75.382696,20.122403000000002,46.81216800000001,40.431033,53.92514833333333,42.911158,306.35329800000005,640.3181343333333,22.093025666666666,70.617672,34.39489833333334,35.288142,414.89890166666663,28.072623333333336,75.845939,204.302446,34.419820333333334,59.019275666666665,25.126927,41.739165,20.75555233333333,16.273870333333335,79.43135633333333,80.37478333333333,771.9587070000001,139.67822966666668,44.39621966666667,299.5521396666667,146.64090733333333,31.789311666666666,188.13876766666667,19.787032333333332,263.75528933333334,114.301865,537.1936806666666,956.5053216666666,41.738097333333336,90.75738666666666,39.80243566666667,33.07907433333333,828.2986276666667,772.2036493333335,56.34727133333334,56.92121666666666,236.452102,30.494205333333337,91.79229133333332,704.2225803333334,1896.949397333333,37.97662166666667,51.64276733333333,131.354382,643.920612,511.847334,22.955331,969.9381326666668,233.08726666666666,366.875495,31.785407333333335,49.180667,34.00859533333333,18.306813000000002,61.96610533333333,159.15255433333334,67.8698,32.278557,304.38372733333335,37.65247,255.8964686666667,154.81040466666664,49.687570666666666,26.658675666666667,132.75911433333334,169.357904,42.255345,35.18766766666667,56.71685366666667,50.874157333333336,187.905261,35.69126766666667,48.60449,63.56687466666667,80.931896,43.69124433333334,148.64534033333334,71.94141266666666,41.194439333333335,171.067603,16.371626000000003,134.05760833333332,776.4312783333331,125.91699233333333,62.42436166666667,55.859801000000004,135.996174,2351.589205,136.40399366666668,43.07271333333333,96.364017,357.01210033333336,1725.04476,34.328131000000006,873.8760926666668,128.595943,220.86879066666668,329.53598466666665,302.8126286666667,994.4232069999999,58.08195433333333,421.3196943333333,522.5327473333333,747.1852473333333,37.635611000000004,65.75686400000001,219.11482833333332,403.84445733333337,289.3452263333333,527.5594326666667,85.75800266666666,65.28550966666667,51.796842,51.30470033333334,52.374251333333326,471.46173000000005,161.886162,29.56044466666667,42.953463666666664,60.73322266666667,142.88324833333334,217.17925033333336,501.9812753333334,25.532625333333332,64.198706,544.280251,40.66126833333333,102.234223,123.52326899999998,182.98187933333335,736.0451223333333,36.43614766666666,779.1178846666667,33.061242,227.95271366666668,220.5538776666667,119.88174966666666,735.0064093333334,31.523882159,48.84525457666666,35.34193066666666,37.205575,41.88317266666667,36.93905433333333,33.740946,32.38715233333334,49.687775666666674,40.44008133333333,40.653424,39.71838066666667,29.82926433333333,48.66652666666666,29.857058666666664,30.425648,49.784641666666666,44.809258,43.30872766666667,59.573384
ALPL,1006.95552115,163.2815245,398.56210560000005,190.15183299999998,96.36517225,108.60812759999999,65.978286,452.584922,57.669787,403.05100350000004,282.3380755,61.143730850000004,35.83910735,81.87475459999999,96.55507469999999,22.4855617,226.29339405000002,76.61215055000001,30.4831071,23.3147332,58.069539500000005,73.5757715,93.2461505,73.5292815,355.65406800000005,42.331602149999995,96.6097961,193.1866245,25.703974,211.8827739,65.260366,33.34758245,110.62281965,27.1452847,34.184326,66.688337,97.41252850000001,51.75486585,42.216845,58.83369845,159.4656215,42.83733805,36.3081812,133.38359559999998,31.517335,43.850088150000005,55.93546895,67.67431649999999,23.7019344,76.65004955,57.7979547,67.43782885,52.45326785,153.073672,61.69218015,89.56064535,107.0289795,292.64463850000004,40.126230650000004,65.077642,38.7720386,27.12586325,120.2329838,18.980455499999998,59.585603,198.15630554999998,89.9466501,162.222152,42.4979255,123.302136,63.6542465,139.76491625,47.2207315,29.37081415,132.60605539999997,42.38823005,56.450348000000005,239.9933145,114.4473575,387.6030775,161.025139,24.82559,130.62033000000002,184.0424575,47.157823,94.229124,218.926381,467.6573635,32.5649205,76.7156045,29.406467399999997,98.5321252,282.86850999999996,45.098381999999994,221.5890765,52.304936,37.7420385,220.6183615,56.305566999999996,55.7217745,11.6744205,374.4994965,217.11261125,150.41904970000002,23.8259817,470.64117315,299.49695794999997,270.73027190000005,194.789166,30.09503115,76.07878545,25.88158405,362.01869595,109.33772725,42.58671085,161.62197469999998,84.0698055,130.8810714,36.1852588,49.76117,295.7432488,438.66926155,170.73799235,257.39003959999997,198.8389891,60.73847525,30.604428849999998,93.72366255,193.20033205000001,85.75265965,462.2580095,413.2128565,40.065286500000006,934.376251,50.040383999999996,506.5561749,68.9217061,245.3858643,121.2846365,48.969968,118.46959149999999,48.078359,154.610456,89.231959,136.6470975,477.4504015,113.4296255,426.275936,1378.8022004999998,154.6264322,103.62631535,251.2567718,573.3806066999999,101.9039745,113.3373455,124.90271025,136.6494385,17.4573105,92.315246,284.7657625,129.7056425,235.946347,332.31762445,179.9190185,971.7220495,140.82903399999998,345.26285685000005,215.18535749999998,243.81971900000002,147.332118,229.813449,567.152728,269.291804,288.35569749999996,206.7410835,341.615139,54.9028335,139.407971,135.597473,328.2142895,403.092126,413.759701,187.485315,50.353072,236.395217,465.901359,123.962817,265.701471,177.84398149999998,90.243487,256.4600855,149.6076085,548.3573125,345.1351645,75.4231025,692.636618,359.92923895,97.3856629,156.6431297,112.5697686,103.91158815,93.60211174999999,144.18311565,78.63160315,324.5876005,54.016305499999994,180.96024549999998,25.4399395,55.840403499999994,489.8181375,365.967415,179.9599625,382.573246,109.99963749999999,227.6973615,178.9388215,49.0723975,133.851429,60.192161000000006,380.5990095,439.584762,189.080319,435.2098275,396.22862200000003,230.85883900000002,172.7743245,119.6206646975,110.0975292705,162.53142,102.2020672,117.13855345,130.57354335,89.3921473,165.20003544999997,153.15145370000002,147.5045767,129.5800274,49.547836,82.8708923,88.0792074,137.81971405,77.38180075,170.63371565,123.04445285,89.06830275,128.7788052
ADGRF1,1500.3060265,1057.15322225,676.440561,861.3395025000001,284.52574000000004,765.9379905000001,499.13265275000003,507.76117849999997,405.2102025,256.2054025,199.712171,243.8500125,448.97586,45.6715715,378.23568075,2436.3497644999998,26.4003935,1227.0078415,11.256426750000001,168.21121175,38.48678775,320.08363025,73.71172925,314.934476,20.26847525,132.84630124999998,218.10844749999998,355.376986,264.6720725,118.327827,396.775188,206.96054275,74.03677375000001,24.68392975,636.7877145,75.7377165,67.36569125,712.7968475,643.4609310000001,802.905029,63.76456125,188.0359575,307.10718025,336.6286215,5.56585725,592.965911,228.615434,358.695866,75.99464675,131.87913225,663.697117,548.48102425,419.994255,324.05351175,112.3232065,121.26858849999999,22.67365525,379.816623,30.389169250000002,27.81386475,138.91429575,10.551234,44.472384250000005,17.54210775,197.35602599999999,129.5542995,27.967594249999998,74.8668305,93.20729324999999,119.02061925000001,1023.943706,218.27605825,173.29408625,120.0613155,280.69203825,577.06493175,20.050276750000002,700.907195,22.849991250000002,93.06160625,303.8770095,208.10117925,27.09094975,130.33622325,235.147911,36.20435175,1291.7659907500001,370.61257825,367.79354175000003,19.9097385,155.364944,383.68815525,401.1669535,379.27291225,251.81917950000002,102.0894725,15.23082675,967.7581725,78.04825825,15.11593525,171.22639,1533.3356307499998,209.576693,45.09431275,704.5363105,494.0324085,235.8432955,107.88391200000001,343.6467515,408.30777125,39.590204,136.03584525,153.001036,231.30381824999998,52.283775999999996,492.53021824999996,169.75682425000002,24.738178249999997,152.9007225,285.257881,125.708827,217.46219175,192.7257865,180.64555325,1338.60225975,393.58302275,1035.5890225,83.90886175,319.339223,401.747655,533.0160275000001,84.173422,582.71497725,393.29851675,30.29491225,432.06443675,1187.10097125,662.71987025,118.3099595,188.21130749999998,248.20640425,54.312569749999994,105.3973105,490.42247,57.00722725,80.070144,169.75470625,319.193038,143.034204,290.86402825,271.458526,213.7284535,648.96821475,41.18330225,208.14415875,169.86432175,32.11280175,589.14942225,116.97430274999999,35.287891,604.8702557500001,83.459289,799.646814,1482.8013375,249.124328,79.07526025,779.55933375,222.415195,112.34470024999999,516.51262175,156.7671365,67.358018,508.95240550000005,53.997868749999995,139.21403275,733.8197345,270.62771175,347.61065425000004,147.45244375,233.67282075,236.6011155,38.311367249999996,464.577747,224.32986175,410.852013,581.68927025,233.75899875,1137.7892185,112.8490855,240.099942,554.9781955,77.95572250000001,164.0319055,794.19092575,629.4526197499999,159.96742025,129.96675675,414.9212475,60.026711999999996,464.0982465,329.423473,627.2628595,464.8889405,80.78851825,39.9576735,665.4535599999999,1209.5317755,18.1244595,13.03743175,274.1009365,292.70917175,579.14048525,908.31272425,275.2389925,22.87297125,160.62107275,138.426894,276.20916850000003,1420.798935,39.479982,170.9513755,62.0369375,248.0433225,171.5946555,3071.73280325,492.61188725,44.4232697825,30.017515543250003,78.96615475,38.0302275,25.775262499999997,12.30983075,30.41927825,32.34323975,26.836329499999998,58.9177435,44.78225775,17.955866,41.74089525,31.76807725,8.20953,41.65742575,71.23062925,53.281858,258.56990075,74.852456
CP,749.1768225,7447.2717775,8466.594925000001,10792.56472,7063.7531425,2952.7694675000002,6436.3536675000005,6884.13622,14462.7231,9255.5191075,11356.79364,7359.18502,105.7569975,979.3780625,621.7562725,564.5108775,498.38534749999997,206.0799275,445.05292,2905.8362975,814.6816,3388.4828425,3358.823965,5815.121055,401.7025425,542.462265,1938.447445,435.87660500000004,1841.5919825,133.66217999999998,937.7165500000001,5619.08316,844.5892325,742.4347475,3629.7717775,12301.221015000001,1421.4394,2391.4040575,1103.8171575000001,3911.4712799999998,1083.3100175,250.6939375,6087.9442975,3460.389255,251.5674775,12078.963945,1645.4580899999999,5754.29727,1503.96233,3455.3652825,7484.6664025,3729.8811450000003,617.4071825,2485.3767749999997,1097.0045875,656.7550125,2252.0801875,7585.8734,2708.539295,825.8039050000001,3982.0276875,687.027965,720.80115,6958.5964125,928.1497175,510.9850725,115.6448425,356.9450025,1132.8039425,2644.1955625,2231.806235,1138.45082,1131.2280675,2339.0900425,5676.7800075,2682.7816875,9778.9784825,10304.1148975,1885.8774199999998,6584.840765,921.0798649999999,238.75803000000002,122.86702249999999,58.167685,748.1556975,334.9281225,1828.78748,6434.893315,2704.103735,324.5257425,9032.102975,1491.050285,3326.623615,7296.077635,477.66571749999997,1800.6584925,1875.839355,1106.1729,3814.7218624999996,114.163145,3812.00136,331.37934,53.413377499999996,8599.271499999999,10650.914925000001,11567.5441375,5701.610189999999,11630.552335,4891.4388825,3385.208665,12460.4629425,8934.1671025,1323.2361825,1220.97639,14193.43195,17605.9449075,359.0013,161.6066975,6269.916622500001,1405.55838,7511.845272500001,3485.4377974999998,1627.2479074999999,939.4419975000001,606.966355,10220.932327499999,1373.0176225,3924.07185,2468.18488,8948.4506025,322.14196000000004,1519.58945,12136.503395,11495.97104,85.04999,8821.7154125,8648.2267825,10546.806295,2264.7618325,2489.6414525,4695.8589,939.0648225,2818.858685,2325.8867725,2064.1043274999997,344.70588499999997,1994.4852300000002,120.463335,4671.41047,5061.1493,815.0539525,4519.04451,973.347875,3463.4678275,5180.241985000001,924.513575,143.0550225,4720.1591725,2559.787875,323.41475,682.0929725,95.013615,40.512305,3103.710255,7664.849017500001,71.7717575,1738.2046225,1967.4729225,147.870145,1190.8773274999999,488.01188249999996,655.5224775,2810.6724975,7811.31417,73.60858999999999,8270.145115,6545.037405,6446.994735,2834.786005,967.7137875000001,13173.8708625,141.1385175,4122.495527499999,7111.3186875,7694.570575,566.5069424999999,6825.502585,4367.7022525,597.811155,5716.7414499999995,888.270295,4864.9469475,342.5381375,782.8241,223.2787025,138.34797999999998,552.116325,7510.35434,94.58518000000001,1476.0784175000001,1392.2748824999999,3628.8199775000003,3587.4795999999997,3501.5089475,685.90174,6254.7578925,2076.9783549999997,675.329255,92.581485,7950.7255025,2416.9346125,1939.9695425,1629.3389849999999,7800.1434150000005,2899.0884100000003,1696.1938525,3372.4395200000004,5886.0484275,6416.115705,245.32093500000002,7221.62127,3169.1705675000003,880.01749,925.821015,3222.605545,2072.1111325,231.866790325,319.818339425,171.5307825,51.517602499999995,204.1416025,83.73208,152.47226,145.549945,277.18323250000003,145.6438125,358.32156,173.86161,546.433665,53.23205,56.946892500000004,1018.4036875,297.3429525,163.3036775,2273.913415,607.7071275
TNNC2,65.452088,64.676393,44.688769,42.144326,42.40366,26.299488,26.134786,14.946071,38.979165,5.995029,48.689982,35.28615,4.539755,33.69115,52.196249,199.648987,30.041926,134.27076,25.481953,62.651705,35.653732,7.787654,49.36321,151.453216,4.421877,11.650509,17.892715,48.487475,19.334554,11.589935,12.204826,114.103284,28.854661,48.410699,3.947231,37.090725,72.300493,37.762483,354.312556,337.826976,25.369816,68.227973,31.930491,32.512609,65.79998,42.530086,177.898435,33.036469,93.640345,47.43846,17.562458,42.212535,42.775888,164.245209,45.304762,77.628301,181.718235,23.484756,10.182922,13.881674,12.361467,19.310455,55.358325,93.012507,36.684963,10.97776,54.407483,38.764607,11.843233,38.892825,73.269472,11.527091,75.18805,14.499553,676.485623,8.017053,1.695067,73.834587,27.717706,29.509827,35.231719,16.690139,89.469068,13.113174,21.54608,40.17383,27.074334,93.452258,23.922344,24.140815,75.814333,15.83645,43.182538,5.831694,21.390016,73.376051,6.260507,46.737109,35.395077,9.549609,64.401585,34.056843,31.25127,12.124346,212.994792,137.88068,42.530387,35.714728,52.477765,46.381879,17.838046,42.120196,139.04729,84.402809,175.891549,116.353767,56.740103,87.118266,4.371901,42.644395,62.805251,6.48457,89.015527,263.050008,109.156118,79.144641,31.704463,44.895035,89.919586,12.2356,134.403447,62.192991,127.314466,3.642775,8.897394,72.934085,98.059197,42.806037,56.098583,49.767156,33.514947,65.854156,49.931745,386.644237,84.308021,95.503638,69.340079,47.606012,48.951692,30.846042,22.378119,9.134457,8.877837,82.921948,54.753421,81.812619,22.912103,42.761881,217.233579,62.568425,15.16814,49.978687,173.490886,8.008026,20.870839,49.369373,26.2065,47.823881,20.301236,25.645737,55.398091,40.653169,46.51341,34.512927,40.698244,71.487315,14.342244,28.378607,78.024205,159.387055,70.420485,52.92931,73.107075,58.17112,51.973162,78.066854,125.963645,76.948928,25.568132,36.400165,56.375882,66.39962,52.023321,42.473429,41.557671,57.693884,87.026574,65.246356,47.072158,66.39627,72.165771,91.154233,91.324388,20.893644,24.504107,8.34744,6.166884,11.974511,24.680953,135.807764,27.631406,10.497498,33.345998,52.856602,54.290558,27.943858,88.688012,55.285746,63.086545,44.05892,28.876764,43.317802,26.50665,61.050535,276.234628,25.273433,43.52442921,60.44715535,62.964076,50.821594,48.61781,55.853348,53.060112,56.19325,93.210449,82.707828,79.263547,55.610967,29.377508,35.189093,58.895271,44.933805,58.978463,67.534308,7.075002,55.086813
CRTAC1,92.5682055,140.2336545,43.223293,2209.671004,244.361951,207.405485,111.65184599999999,276.6674405,159.571845,447.949536,216.88884,130.966748,23.902139,665.206061,319.1663145,41.4607565,1157.271225,90.959159,341.57725750000003,49.978317499999996,198.583871,160.725709,226.592994,44.2144355,588.079715,126.026169,298.619864,121.3671085,33.2259095,292.518839,178.477635,372.539946,507.93629,13.932219,60.589823,163.0028645,246.85987450000002,117.31329,59.0692455,230.22315600000002,410.47059249999995,27.631858,28.343895500000002,335.74260350000003,154.4925695,172.393616,24.2133155,214.6286165,100.486076,115.96003250000001,26.892402500000003,111.72306400000001,42.4581905,78.352335,122.83663299999999,124.3364575,83.833473,78.493709,458.8358015,81.8154085,54.681956,53.799586500000004,191.9338065,19.957006,95.5317265,387.7602195,778.306597,306.887695,248.82701550000002,367.0677775,172.3054185,100.8776155,158.35147800000001,147.425722,178.5385505,73.488793,57.066570000000006,279.43690849999996,543.094822,1394.3846884999998,358.846767,34.042648,219.1729025,255.651188,126.2933575,381.0352285,85.1257145,487.5160925,35.3807665,89.11173699999999,11.1099195,117.86810249999999,116.58547,99.718675,394.72377500000005,282.341925,1100.8906200000001,238.666215,91.94787,38.326865999999995,915.3202309999999,193.7182915,76.8824275,122.498237,48.4737145,63.550316,119.64555299999999,18.144204,174.519765,54.3563465,134.407779,46.8644075,40.672498000000004,62.494309,167.75946349999998,1015.0799465,353.76367450000004,45.1657625,123.02670549999999,25.5180935,142.5706175,274.2862025,146.2538505,113.861986,90.3623805,60.856076,75.1152855,100.3443065,163.3511545,775.6219555,65.2144395,460.047859,99.940381,67.3070135,50.46090100000001,114.897729,106.092222,59.7375515,303.85336049999995,175.342809,393.3054555,126.684226,1038.719069,68.659569,281.80407249999996,172.015534,391.18158950000003,108.578559,92.664119,228.12898800000002,197.04819999999998,105.3143695,299.7229245,769.9435585,558.061546,208.33391550000002,303.79373,612.1074699999999,114.3797445,182.5842775,21.79854,393.2089955,126.61110500000001,50.3025325,289.9687765,371.61442800000003,166.9644395,67.23049,226.01295199999998,82.171735,67.915085,951.59305,292.618944,85.90165350000001,189.8818415,71.914222,59.158964499999996,282.244797,418.00825000000003,344.569233,39.7854535,238.02282,75.0939305,43.050405000000005,129.8866605,183.734919,101.49703299999999,103.66608599999999,356.417692,125.5322825,51.4019585,275.74292,60.0698715,229.9143895,116.23025650000001,1565.6134555,180.33538149999998,468.884365,816.0807455,94.641199,97.85931149999999,155.58924249999998,278.359886,369.300023,783.47875,43.20618,153.71368,234.27616,40.3404,109.3041,882.755625,104.29086000000001,88.495835,164.508295,116.125195,71.47394,80.32336,545.902965,79.754245,119.38738,71.964055,118.518575,269.29652,401.66903,65.28045,198.12714,1481.44290365,704.697691975,1229.351023,722.7410665,975.064212,453.43509650000004,474.9030315,675.608831,890.099333,812.764767,560.4208635,230.04889050000003,902.820912,539.0099275,682.081219,223.1947935,986.9898135,300.776876,319.128795,174.7506995
INHA,61.279687,15.80448,33.904794,34.640409,28.469268,25.517001,26.151784,32.574735,4.976072,37.551139,30.004918,21.310335,46.416599,15.1856,32.417184,9.44141,36.520902,30.878079,66.970167,4.769338,10.078376,3.87803,42.552406,33.583247,432.421442,39.318119,38.863805,16.110257,31.769481,10.99439,16.376228,17.488492,16.275952,59.453204,30.197809,17.688679,49.492652,3.544887,30.867614,31.325625,76.660023,30.573213,8.268608,33.937306,11.946391,42.01043,2.731234,29.036641,9.555268,16.69969,7.478052,14.499037,47.471871,22.701386,7.061832,23.290726,6.104489,2.03851,106.277522,25.011442,39.463866,24.608452,2.312695,30.045995,17.377028,10.546346,18.33927,28.926543,24.980288,10.0984,22.381215,6.930848,35.188997,14.3192,33.186525,42.016973,29.0039,31.36906,32.383629,29.266295,32.739195,102.061733,10.625918,2.134273,2.565935,3.970641,45.418707,13.920272,52.136901,10.244901,37.665615,11.783631,2.316038,31.226435,53.824614,7.914506,62.401045,51.579818,7.03829,20.798939,15.47783,51.341455,9.749054,146.542599,26.970845,58.104512,42.81132,46.628511,37.389262,33.236643,44.202364,34.435531,29.376172,18.314231,37.632424,26.059383,20.170474,6.122394,2.50438,7.205169,19.554463,15.923599,6.316937,35.797525,31.511951,39.549559,14.197401,22.855619,29.279974,15.652,3.440836,17.726963,7.47109,7.474701,24.51532,7.386433,6.94208,6.336758,46.350814,28.452871,14.27206,19.120419,19.751668,34.248476,26.250483,20.839183,32.80297,10.698893,44.585215,27.544835,22.312993,14.472591,16.140374,21.315935,33.632718,35.219193,34.778622,23.074638,5.869461,7.007975,16.183053,10.654562,14.392522,24.544433,3.397669,32.102105,21.870851,20.034695,7.755491,21.930082,22.02825,4.823794,17.807725,26.493239,34.837664,2.854069,27.574449,3.643935,2.287053,45.7764,5.842411,22.455996,2.274922,37.380803,2.32265,26.74413,43.5403,7.988908,50.06192,9.665314,4.176447,12.675574,7.062489,7.330182,2.315854,14.089647,16.679335,7.121886,6.702977,43.084069,34.478273,21.667251,17.3069,31.256212,35.626894,7.976646,17.851074,17.184542,15.84376,4.496702,40.225497,7.343083,38.822444,17.318631,7.226978,31.893665,33.358146,34.125793,9.753646,1.930481,33.334506,12.644923,17.333121,25.871307,31.662946,13.549931,31.03086876,16.55451604,32.167784,5.777426,22.256356,8.309132,6.380138,14.536203,16.00539,7.789611,18.114148,10.686392,12.96174,20.279857,18.95534,2.112774,19.047629,5.191455,3.346061,29.563603
COMP,106.76529,390.44816,302.62594,178.6495,2390.6221,141.59628,4200.02979,491.12995,323.9628,1307.5716,375.57708,469.96487,168.2476,65.33454,32.11031,23.44476,318.18035,591.0584,523.89654,62.63708,1091.39301,206.59871,73.72401,719.29669,137.3831,680.91342,543.27103,147.8612,1716.7607,99.65919,70.51115,1582.77575,392.2051,602.75302,2479.08061,420.40208,98.52727,347.60281,99.25855,1113.63737,532.02577,1684.34275,1536.64226,167.86299,2394.1202,463.73245,9244.71335,642.07757,279.70549,717.01237,550.13539,691.00008,2744.08673,193.352,1186.27472,3578.06465,6670.21621,273.83407,164.32805,189.90851,3887.46796,337.91947,1130.70917,1248.01767,63.5725,124.25429,34.47544,68.58407,824.2239,976.0236,522.7411,653.2759,460.3545,138.79776,3463.39913,126.4509,81.94197,379.38438,421.4404,2465.2075,173.69183,966.99817,78.50206,579.3232,169.30772,497.1069,745.70345,1446.24889,691.4383,2148.7903,11.72528,344.56165,3571.29211,640.43877,137.96635,872.71346,701.48907,572.39683,264.65075,958.03747,4106.65669,931.12897,114.47798,228.93369,1142.98098,3427.99121,1867.4094,1635.08397,6821.07391,2518.72121,2628.68611,2024.76086,1058.35572,1355.12363,613.10623,1122.78409,104.51417,4169.60565,891.8329,153.19575,6398.9871,5189.98014,370.98443,2179.12307,289.09503,1132.40223,2956.62309,648.69332,566.8608,1350.48617,7492.60261,11361.98446,695.51747,106.46899,274.60671,4104.61893,352.55241,240.95914,2441.22168,601.72363,898.94054,424.66251,3168.1272,1032.3418,490.01775,798.801,2650.0146,1444.8455,2802.29224,1771.24917,636.6478,385.63101,842.09446,1456.97902,473.97126,632.88065,878.85058,655.8358,1704.37425,62.5844,948.44616,1268.83288,77.26011,52.72379,224.77188,97.4206,106.42337,2070.92311,1042.8644,1625.9017,605.6258,3161.30431,533.0504,1318.4062,40.70597,325.24333,640.3631,791.1238,2258.34992,4664.34286,834.67661,56.09893,2220.16614,1233.65171,1249.66176,501.6394,1353.4078,649.6399,1789.2841,2629.4439,2413.6396,450.64669,226.034,361.8605,656.6189,169.78624,474.84359,61.68165,93.81874,4599.95007,2104.87073,2770.05867,224.13644,869.20728,2412.35165,2435.62939,355.15834,189.16284,186.2414,5281.18611,1458.06832,902.86283,786.49864,554.95433,278.69149,3484.30052,718.85661,1389.39875,1561.69714,542.88852,5165.73408,1148.05887,1518.78326,228.1113,2841.07596,4567.08472,27.22587884,35.14087469,38.89816,11.80069,36.63179,412.84403,35.78565,43.82061,56.10724,41.78728,62.79922,138.55951,134.84631,35.16472,49.96656,2241.03778,113.90051,329.53285,1450.91073,51.82104
KRT81,24.391969,18.587147,12.130258,13.638336,4.566757,9.641404,194.367234,11.722738,1168.699276,12.069599,14.130342,22.3976,101.444749,4.972327,68.309215,35.254892,23.644037,7.274249,211.452521,14.641938,183.26161,64.042514,44.488618,8.131064,52.344835,12.541728,77.070089,12.086232,16.090283,9.947455,14.305161,23.33225,15.741559,8000.515502,8.351102,12.37082,52.468604,24.764812,51.806324,44.815257,42.660043,12.40732,11.381565,44.223341,8.379572,90.189095,23.831634,12.12676,6.530739,160.878337,587.129741,216.679863,18.038019,18.00486,130.850177,11.613869,16.273214,14.054573,24.061487,50.11034,58.598251,15293.39132,8.032458,151.191242,115.762541,5.532301,2.804814,18.048436,19.153824,8.409774,16.102193,72.323268,9.483086,6196.21779,28.154035,12.185533,37.619778,21.99561,13.829441,40.916462,10.288475,15.750885,12.514961,14.21088,13.390106,13.919464,113.310061,15.163881,49.163223,16.835369,9.800879,33.21739,22.464413,58.186785,42.102792,10.854873,15.2401,4.192535,9.478523,14.63033,25.762987,18.35431,6.108689,44.399324,86.480746,58.728469,78.767234,257.675462,17.926878,15.245236,13.837564,1509.250337,12.920824,11.719149,67.773601,16.420999,33.397252,18.244491,508.677085,376.626167,52.30414,21.421008,42.88722,39.869933,21.711616,30.614162,372.23897,20.150671,73.455562,32.029029,13.7251,7.510895,56.942487,78.772824,145.966954,13.304861,36.23258,12.876699,350.525241,19.750136,15.577002,17.619307,23.668145,123.914175,50.041931,12.61826,41.837134,22.275798,31.703252,18.630827,14.410923,89.983738,12.306872,53.917026,10.949938,37.645247,12.286256,37.629307,18.201472,21.45964,23.949689,12.388028,32.995426,107.444334,21.50094,8.038507,18.761518,18.476763,11.765064,45.226169,7.055478,8.796601,86.141501,140.932167,5.58062,41.903253,1398.443223,15.568836,79.82108,404.624752,20.69769,9.204954,76.528529,35.020369,89.418464,7.42913,13.014394,13.276927,31.079679,87.60088,2222.780844,650.299337,42.030024,61.972487,701.161996,23.55126,76.842389,12.637399,8.760387,54.097972,748.153222,34.188983,1301.072663,9.971755,95.929692,9.079906,18.061387,11.949295,40.844018,61.365477,2.998175,33.926549,55.582372,45.08157,7.066429,70.890628,9.430293,12.184048,87.445542,11.848285,17.20787,11.654335,7.724854,10.392483,19.271173,83.943454,11.96663359,14.99260422,10.092487,9.94351,19.904739,12.039244,18.839705,7.149359,10.34415,13.236336,21.30645,21.866474,35.674179,12.330316,7.067256,14.901539,6.929997,17.684392,11.904595,13.946751
TNS4,54.741617,101.32307,33.058189,53.559614999999994,134.495338,82.7556345,160.606245,76.515395,40.3901905,37.2135,30.4057375,41.689623499999996,150.66442,112.717265,113.934405,40.686355,46.337575,38.3724845,36.4087745,93.5748715,249.85282999999998,148.911955,128.48597,35.01359,49.7442695,163.65163,196.024861,102.118335,108.608135,30.4397035,165.655098,72.20225450000001,27.7144695,403.242527,99.257855,41.79223,42.209895,102.7141885,39.181250000000006,37.551114,54.199845,56.83631,57.10217,114.11378,32.60957,210.19066500000002,52.13446,44.65241,58.397785,38.420564999999996,134.19653,37.935625,77.04126,57.013255,131.753335,44.141594999999995,41.773120000000006,87.70231,46.819605499999994,136.036292,45.233540500000004,224.1391765,67.9433325,80.88208499999999,54.75758,16.2379675,14.587707,34.078925,17.583925,64.37956,88.15279000000001,76.3547715,84.07664,111.3265425,28.7514075,70.539383,52.3523445,63.10321,25.850275,98.2003,41.89644,149.53292,51.491949999999996,63.686035000000004,48.66856,48.000730000000004,43.277654999999996,49.494815,22.962040000000002,56.84406,70.28173000000001,44.812083,52.1532015,36.6177675,87.1030665,38.6006715,43.979904499999996,38.8622065,112.647821,74.5730745,44.229235,19.05002,46.882465499999995,54.1820385,46.1460815,60.8485715,13.918973000000001,76.3516025,63.6026,182.0797,33.5321415,38.7632405,14.65434,33.224785,58.189265,61.571485,31.13924,31.102055,44.16675,248.062175,46.416925,112.45235,24.563270000000003,29.057175,61.558054999999996,35.277825,24.7298,74.96343,52.249015,48.4162605,37.318715,53.148070000000004,71.42991,54.877365,505.241675,33.282392,63.8064655,60.1955105,145.50551,46.162255,75.134335,62.316355,35.093720000000005,155.5354,40.959194999999994,39.894395,56.714425000000006,40.933595,29.98115,32.9714005,21.2000465,73.514433,94.983885,45.17342,84.39207,61.90188,42.067172,132.082595,30.623885,54.307435,35.814,52.189825,47.119055,69.746635,52.14767,65.380005,59.2627965,39.695459,96.502705,51.058004999999994,41.315365,56.042725,39.499335,41.5952,43.242734999999996,39.15554,50.43093,90.701685,67.075335,64.66187500000001,75.665475,41.608781,31.120354999999996,46.993215,48.232054999999995,70.76827,29.622480000000003,38.74589,172.450255,45.519785,62.2902,60.63612500000001,42.654685,41.12494,64.04838,30.882455,61.105785000000004,35.718554999999995,48.535955,66.957446,73.2401175,67.2959805,111.3286985,103.792438,56.017878499999995,103.7507945,36.9832965,49.34507000000001,28.608749500000002,74.8577305,36.2055935,41.5226565,56.493843,41.09491,72.90870699999999,70.6808975,20.289710499999998,49.486011000000005,62.6655775,31.743840499999997,60.684655,54.736936,18.783341999999998,43.361498,58.63927150000001,23.311290999999997,29.48056904,37.76510796,39.4189875,53.908677,43.1791865,50.724989,16.4140285,38.2089725,36.813435999999996,41.08023,34.848771,42.944993999999994,36.859759,40.682553000000006,26.301555999999998,57.30717,49.3853035,77.1695045,91.333254,30.680031
HOXB9,79.26157500000001,26.1796075,59.477665,68.439289,46.461484999999996,55.979245000000006,65.245769,34.6697405,49.7077325,46.415033,46.07472,51.035965,68.714415,57.36026,54.866659999999996,63.82806,52.24879,412.82367,89.82645,44.615465,110.967804,54.292334,72.857945,42.203756,71.0680885,97.059635,54.8699,56.683366500000005,41.398303,40.545604999999995,56.9518485,166.708635,59.046535000000006,71.681925,62.5009495,151.016238,74.77219149999999,76.19889,26.510715,45.16111,48.6739915,47.148889999999994,42.91965,84.003745,72.456965,76.47663,241.84693,101.83951,53.3412,104.688625,46.99639,53.406445000000005,47.577245,52.1997085,79.537505,70.473815,37.256806999999995,51.7494155,81.98449500000001,182.95474000000002,62.384145000000004,55.914835,54.660265,388.3778635,59.974173500000006,59.5176,53.194919999999996,41.3326215,52.053554999999996,42.6200095,48.6368925,73.75622,63.54154,60.88455999999999,58.550765,59.7438,71.705998,27.087173500000002,34.5987925,71.510616,44.6272625,84.417764,28.1026045,36.053380499999996,58.204530000000005,39.3715595,51.2394415,52.8535515,72.1371915,63.832800999999996,64.435625,67.414265,34.2174675,77.741083,60.3361995,27.615395499999998,50.193686,58.950758500000006,45.712951000000004,46.829440000000005,164.132757,61.9737855,63.262895,67.441165,59.11233,34.854060000000004,60.19991,57.796345,58.990387,49.26649,45.206630000000004,58.830055,57.0428,66.70357,44.72077,65.383805,99.92669,29.750965,123.63799499999999,122.96532,78.48249,56.412875,54.07052,55.476415,47.963269999999994,37.70343,51.90952,46.163,42.562225,34.544295,60.450795,49.081272999999996,111.33322100000001,85.345263,70.5345225,67.404,46.45828,62.890919999999994,48.381302,81.93957900000001,79.5579,52.1359445,59.557258000000004,65.97780449999999,57.30785,44.0488415,66.133379,28.0365745,53.6561685,46.674765,47.08276,52.69405,86.682085,37.338308,23.933831,38.620385,51.06091,61.523833999999994,79.5749995,65.219037,55.7217125,43.7329295,55.279655000000005,190.761103,62.0015255,51.22219799999999,34.936025,39.804442,48.933308999999994,35.2892705,47.5597095,53.1128765,18.9452715,68.8111195,16.218555,64.59353850000001,44.8795955,101.356852,36.7266805,32.297886,55.104893000000004,53.090731999999996,55.595329500000005,76.68983449999999,53.0915895,44.692736499999995,61.425143000000006,67.921451,39.896285500000005,115.4403535,51.444153,27.588736,31.56783,26.819385999999998,68.2675735,48.9918675,44.221075,54.46167,50.211905,59.915865000000004,67.422075,36.057700000000004,75.736925,56.58970000000001,68.145921,35.67089,67.4485435,44.6047475,23.223847499999998,52.7428855,49.477857,43.597476,81.215301,43.565608499999996,57.164790499999995,38.6101075,55.504565,67.092296,61.8631975,37.468381,51.8408795,65.59796,21.312218,45.038133,95.0979355,37.977629,32.255261305000005,78.400386215,60.18976000000001,42.741465,46.736625000000004,45.374105,63.527125,45.609715,40.893045,43.235745,35.315425000000005,47.81982,40.83402,41.562405,48.070495,59.49741,41.76862,65.25979,44.31906,34.863510000000005
AFAP1-AS1,4391.1633645,946.4331649999999,90.704507,1112.043984,624.8926505,1321.4437855,113.43624550000001,57.606235,2455.222285,21.2448985,78.070549,19.019150999999997,1959.4475579999998,996.4766485,315.65851599999996,2056.662432,2686.0007395000002,2119.684916,2667.4716655,3301.9711465,84.298232,87.7392595,56.758909,3086.0280875,5.175777,1402.576988,242.623942,32.1918925,989.2434169999999,129.044737,403.3649335,1957.2404105,1089.2088505000002,610.4326619999999,88.4773975,2567.5276745,141.3250465,117.1009915,2799.2416735,337.008849,39.179651,5838.0491295,2157.394863,148.114127,51.9987015,33.6826655,1055.8827815,467.770597,156.98075749999998,451.027339,640.482543,39.562504000000004,653.491282,2342.556205,120.656122,1925.9630815,962.640334,1328.5293495,30.012353,470.777112,28.844225,15.964568,30.9223505,10.260359,477.27976149999995,33.279255,28.8093025,182.889051,668.4268795,102.582642,2498.3188155,2280.035809,700.7528195,604.2171675,1181.2178235000001,1388.7275815,23.014373000000003,1731.6473059999998,22.2664775,1439.2600865,402.1592005,984.8060174999999,32.5262525,1355.143096,903.591587,16.758764499999998,1929.7562415,2099.7499055,132.6519955,28.3956045,1761.19282,1563.7782325,1794.3826385,1964.3094354999998,42.325746,938.428662,26.048752,485.38470100000006,142.9526315,3299.853793,2612.0947109999997,5358.2189579999995,7845.867833,215.0207915,2126.0465045,1458.327056,1110.231373,1800.7697985,879.614594,53.62216,2298.612773,17.4502,2027.482842,1851.5554885000001,1816.6172004999999,2501.5592655,34.8561835,1369.3188555000002,328.484735,494.472704,188.8363635,4006.181643,79.8550085,2186.019852,3448.5608325000003,2403.1386665,721.4404985,5403.074407,1836.3329274999999,130.9527425,1975.022799,533.289016,1741.2534095,1439.3640384999999,26.163510499999997,1249.7901955,536.381241,1523.090777,150.349194,1095.281699,432.90621450000003,46.803236,901.107052,2357.896977,236.825309,910.8487600000001,39.3797765,1048.8273335,101.5983335,710.3552965,433.803474,958.697512,670.1824905,1911.018805,1008.4077235,112.80675199999999,2437.646322,1095.702793,3121.373243,1704.674546,1105.5723130000001,394.493005,3655.2582265,1560.851959,2025.0909390000002,472.318902,1372.388781,94.81128000000001,34.4018015,747.3953220000001,2935.4067745,96.795044,35.2191775,646.7087535000001,1.6858644999999999,4980.9984215,1087.4692545,723.4021339999999,1637.441732,140.88548,1695.3517345,924.672215,1811.09247,692.7925265,2200.330925,1943.967971,757.768001,12.2851625,279.432675,3702.555872,454.109962,2190.797189,472.130643,1793.5212805,146.182088,2380.4673945,3072.172472,885.7488840000001,3037.9077855,1495.1945055,1827.7381584999998,1065.079637,2534.7140824999997,2604.7208515,1197.7877775000002,1759.266168,1753.1973315,35.898777,101.0976585,1115.6791130000001,940.203473,1867.767522,1115.9066995,3244.927089,4011.479537,1814.4911385,1018.1849374999999,451.310322,490.3892135,435.0203205,503.949419,790.9388,1598.347546,1841.8598605,544.82605,5173.2769975,15.3495330485,13.8186473215,39.787048999999996,20.067518500000002,9.9528445,27.076000500000003,20.733668,15.53618,10.8659555,281.733226,24.8007575,10.0460305,19.92285,25.6009515,19.751233499999998,20.790288999999998,13.572119,31.676179,19.962512,11.3538135
MCEMP1,1644.71356,9637.7647,9262.47566,348.7712,803.38828,4746.07675,1390.6596,2805.0825,584.0566,6575.7806,250.677,1885.18038,639.63398,687.6624,113.7773,412.1514,988.4195,287.3465,1745.19338,6179.50814,440.0991,365.2381,307.46634,755.24093,930.7462,1456.1115,204.1846,8244.4235,7871.8976,5385.5987,742.2747,1922.25029,1650.41545,464.13316,3033.8221,431.248,481.057,618.68927,2247.1021,148.39177,424.3885,2219.4101,3232.9968,3151.5246,1875.30397,4897.2354,166.9723,1643.3263,143.6161,2782.8126,120.5297,1174.6906,387.9475,1223.1254,1246.5844,839.3756,1780.4121,992.4202,107.43757,1523.48035,305.33428,471.35173,5756.81674,350.749,957.288,808.40181,9234.01033,8566.96612,624.72182,2329.5248,3022.0312,561.526,196.4375,694.4039,2956.4223,446.0413,446.5589,330.79456,6492.4576,8093.4819,4737.13524,1059.36202,5723.96818,5560.07074,213.40752,5090.9191,1187.17016,3125.80062,1676.6762,3207.7262,289.2649,3481.4947,1282.7997,242.7846,4554.1024,2648.0573,313.669,3901.7815,254.1951,760.21507,1147.3699,697.0861,4702.37323,272.4964,67.91268,184.32836,163.19177,786.32666,271.94,4338.41532,153.58501,186.94186,194.5686,1002.6616,818.4478,483.5791,1100.5247,3652.9179,1599.6409,4907.7824,1035.8241,3218.3167,914.4696,3430.6408,4687.472,273.1019,1870.7392,229.9264,491.0341,768.01703,2165.4761,2043.8277,417.9028,1225.7578,2493.6247,9705.5634,6766.79611,258.66214,2923.6371,1095.3441,2182.0783,600.67095,874.4099,798.9985,662.41878,1990.0859,516.1264,5916.3669,3436.89921,335.3906,4501.6786,2355.0536,3601.4853,3998.88092,137.61794,327.8663,3006.9932,1004.6056,84.48439,2839.74009,192.18788,8309.65089,5175.6154,170.15942,4889.78318,5360.0069,501.1348,4469.7022,2204.4561,1348.5681,5246.8711,3983.12427,2918.2369,2293.3863,4177.7996,1510.04181,1453.43082,137.35716,571.4769,2094.6392,655.50877,6992.1146,3040.36192,8227.84598,430.97187,2908.8938,602.0921,1564.2353,427.694,1120.9756,784.0235,7662.935,3093.5254,2508.2151,3652.1546,4335.63109,5396.6872,3918.2237,708.0896,1349.6741,1060.045,316.9708,921.7425,5334.7135,2239.9137,320.7625,4975.9434,292.1311,3622.0335,711.4676,7825.5837,1539.4702,930.758,1071.2235,2166.1229,1245.1052,370.5513,780.8737,347.9271,259.6224,2419.4831,3878.1009,179.8706,4069.4224,441.7358,3228.5018,12506.62555,10710.90095,8577.2865,10393.27,9170.1363,7061.6651,7765.0039,11182.2604,10721.0625,5992.5565,9475.6373,6609.83,8182.2901,9863.1251,9340.9581,3974.7466,8400.6967,12543.9914,2487.2474,10718.8684
CEACAM6,12801.09965,20434.828500000003,24784.18335,24805.356,26874.722,27043.9323,26679.2025,19479.432500000003,23495.2868,16134.497500000001,23979.82835,28897.182,11417.6111,29491.018,26796.321,32839.3445,7775.016,29430.976049999997,17945.15465,24176.5699,2099.387,17995.368000000002,18224.985,22709.3535,22979.9859,25009.813000000002,19345.0075,18312.215,21109.4415,23837.5715,21675.58195,24793.259850000002,7497.1144,307.50225,28586.5625,11645.8035,5615.1900000000005,31905.13805,22971.0665,17665.6627,4439.3305,13657.016,17658.928499999998,19014.047,29084.477,34252.787,24619.887,21913.391499999998,8926.373,22293.3935,31358.425000000003,24074.940499999997,29691.1685,25498.847,9562.937,21947.3695,21796.0655,23738.465,26507.660499999998,25406.00095,16460.02385,29038.471899999997,15327.757800000001,29947.6535,6292.807000000001,10619.991450000001,11618.218,9409.242,24338.574,20881.237,24480.6695,27273.046000000002,7151.342000000001,22041.214,25557.578,17751.156499999997,2379.28765,21586.903,5787.4955,19429.8295,18222.2585,16123.3015,13879.858499999998,22023.997499999998,26663.625,6686.052,27209.319499999998,20990.8015,28189.683,14739.061,3330.98,25516.701999999997,9478.3459,21714.3353,25907.48665,20480.2808,19712.7935,23726.44515,14049.621500000001,23239.088799999998,19115.5855,25943.7515,2656.95455,12999.273799999999,24978.35905,32344.3913,26514.9796,25838.99215,26975.8245,22582.26225,21599.3243,24123.4346,30017.188500000004,28917.148999999998,21387.9555,32646.245000000003,12953.832,23355.581,20566.1955,23552.804,22857.674,28454.484000000004,22807.6705,32212.822,34734.1925,27162.296499999997,29849.612,18041.081,27787.411500000002,31879.89495,26717.874,23441.1005,29759.5095,22239.2595,5573.366,25858.350599999998,24854.19235,23106.96245,11525.805,23386.948,26649.2155,13237.211500000001,24745.5985,21211.4885,31632.1595,29054.7165,21831.332499999997,24018.494,20616.943,23142.393,21860.947500000002,26307.559999999998,24980.2995,19015.6955,25985.898999999998,14325.402999999998,25363.57065,25633.692049999998,23249.802499999998,28282.5435,29758.7745,19038.665500000003,34311.933999999994,32303.0205,25569.538500000002,19046.867,23771.791,21159.28305,4948.77,25943.4345,26842.667999999998,17803.6165,33926.38,23023.635000000002,25094.7595,25931.087,19748.784,24654.394,23503.6645,8709.1735,25501.622499999998,18966.5517,26645.489500000003,19545.7225,25224.364,22537.2655,27987.442,23679.9695,24163.284,23032.0385,25585.173499999997,30146.942,20152.5935,25555.403,24251.85,10353.948,29691.471,34272.396,14782.871,26987.407,28508.858,23323.588,24383.19,20297.471,22323.6794,15743.808799999999,24506.99605,435.48275,6661.54065,23212.13095,24327.6754,4009.4044000000004,27681.0152,25201.413099999998,21658.256699999998,23229.9922,23029.98405,23537.882400000002,22212.2564,22332.41625,25776.07555,20585.29215,25330.5146,24477.9315,27159.720800000003,17925.24495,10102.689052,11764.254434999999,20350.400999999998,15523.68,12446.318,6564.5465,9282.719000000001,10519.867999999999,10580.0475,20381.3505,12986.867,4723.8825,13041.9725,11378.324,9440.8055,7638.9565,9147.3575,11241.888500000001,18355.4795,15274.869
FCN3,201.00789,69.55679,146.72988,624.66623,111.56722,1673.97795,137.62197,1563.56892,284.29489,762.58567,184.9091,717.60763,114.86214,2373.46132,2231.34262,78.01539,88.01934,393.83257,101.73567,65.29685,317.21463,341.09529,2979.60996,391.469,698.00745,587.52472,532.8505,739.33999,91.14228,955.34188,732.47287,66.33029,327.45937,71.99004,194.3766,130.9167,374.76477,178.27956,423.82915,351.20458,658.50235,63.17005,99.54806,1138.10168,129.96239,129.7791,377.71385,432.03068,377.53156,546.33061,458.47364,608.90456,77.87042,534.67832,437.83082,132.77786,644.33225,219.34352,135.4879,419.51634,144.78216,183.06206,2474.01351,115.56829,123.43682,2066.64703,10306.75507,2511.27637,166.58304,56.20975,899.28247,163.41643,265.17469,404.48744,111.17829,628.55781,90.87034,987.57216,1186.96957,86.15991,1022.26401,144.08822,3186.26233,335.52894,2218.55157,470.47577,333.53625,118.37061,157.14602,893.61454,272.2572,215.7584,44.31302,235.96768,1740.23608,268.92166,114.23054,521.89631,269.36099,297.23041,114.22296,243.39632,44.81107,699.72192,119.88236,126.15426,100.36235,174.40553,100.74362,188.19419,26.60229,93.36377,188.92627,506.2398,161.50421,57.03692,36.32021,744.98811,153.88317,289.68514,59.83503,93.17529,91.73445,163.3639,928.89637,168.62979,1060.85231,311.1723,550.8515,205.53625,58.09587,56.88234,226.82346,364.2246,103.95998,61.20897,1289.25529,238.18106,734.68477,120.62765,562.13827,37.78815,563.72198,228.06788,757.11365,618.07693,133.8462,334.96593,77.05852,91.80652,316.33245,405.10728,2147.31942,599.54201,234.06047,109.05583,497.12402,82.81061,88.05639,2509.68889,187.84878,1527.94673,1331.44817,888.12496,1971.631,1125.35255,133.80351,121.33497,104.34334,1963.75465,313.96687,244.38792,1054.12154,224.57935,553.66733,237.00491,58.02549,158.54027,331.52494,469.79282,113.45849,8457.49968,106.89037,74.10486,176.8098,1335.33628,48.50782,278.90323,82.54037,484.76612,912.38201,4109.59737,745.82072,962.45622,8202.22083,375.13676,889.88611,1058.21219,540.95027,692.34742,69.89051,74.27658,803.36695,73.67061,187.63596,181.54875,771.69312,55.59676,108.26492,81.6052,213.69698,502.92248,107.47909,885.84892,1272.43079,35.16641,331.68373,339.45734,93.48994,76.2564,155.14006,574.24781,148.32403,4367.44013,186.03975,238.15045,4498.018392,1242.665584,6735.04212,11710.35345,12269.70977,469.20487,595.3558,4035.14526,2590.26972,13195.59811,923.82631,1995.76076,1970.58692,4364.19929,2634.37231,158.23415,1758.23815,1621.19242,245.92933,2705.18942
ANKRD1,28.225115,43.801622,13.572801,28.648203,6.426076,49.542027,16.646588,40.418299,35.608941,45.33841,7.071145,72.18146,3.51876,15.666782,18.245333,33.628963,13.709955,39.286802,4.464053,9.256335,21.069477,16.787376,62.872526,13.290516,26.615433,2.873645,49.131825,64.42557,21.38083,28.759949,34.525659,16.350658,66.258982,6.402587,18.525324,44.678147,47.199268,77.123307,32.147334,40.411207,52.874793,13.353401,15.691363,54.646752,20.502086,35.966438,14.036036,15.500469,28.178725,42.93873,31.678999,37.021512,4.945544,10.151602,4.459395,3.563574,17.875503,58.096348,14.337336,31.31531,53.488742,24.37402,58.626158,22.779149,10.767657,77.534934,519.146234,49.938808,54.46803,18.91431,28.36852,26.48552,22.8853,31.553394,16.583496,1.990081,22.183531,34.981969,30.80684,75.74699,47.882329,12.35161,845.049435,22.484924,4.157991,136.89654,35.277879,26.184856,36.26468,26.59781,21.342829,55.828204,15.835068,16.945085,29.499111,23.268615,15.754748,42.02042,3.202312,309.867685,64.686451,33.582946,11.12277,28.65913,25.97095,17.70915,12.782537,2.806764,29.855813,39.968546,30.263876,36.256754,18.296013,27.151897,28.520747,6.215088,23.104343,22.767418,1.363635,25.880965,55.331941,65.000397,16.525934,20.529856,25.979204,23.508434,31.972594,28.543099,19.539078,49.830568,32.11088,21.658242,36.67016,43.71943,39.274425,28.679658,25.285584,41.520653,74.542346,3.793269,17.150861,32.919678,74.51934,13.58862,19.354803,39.842997,14.16061,46.97487,12.902021,22.119166,5.069263,42.298883,63.927945,18.65571,72.035199,6.039857,25.916138,22.584402,15.38988,42.751575,46.558093,103.783289,59.241928,9.422566,13.912545,83.90762,32.256126,4.177743,40.16729,49.00794,35.54065,24.70208,104.00285,32.68076,3.263238,15.456184,55.086042,15.996096,27.732617,55.835343,12.974329,129.018377,29.730922,15.900899,53.474729,37.6451,20.5249,71.77054,13.3023,20.175,31.42748,30.645528,11.6321,19.94439,91.38487,36.370361,37.404128,34.883018,45.187538,12.819065,26.30755,7.507172,50.616121,29.646613,21.766733,14.851986,20.655714,5.296992,16.657436,16.463813,40.956126,15.917304,18.817596,42.08941,16.885803,15.355037,29.976286,37.667215,14.819247,24.81419,17.82742,17.42543,37.824896,390.797377,32.301095,11.990209,52.4093536,96.90760757,184.148881,120.102229,209.204206,64.112632,22.478939,120.994742,47.575789,301.199317,364.480566,29.657692,46.294382,161.975826,72.431752,30.567808,129.055854,504.050759,43.425766,144.775676
PCSK1N,289.8124,102.87988,144.4517,664.883,742.88594,310.34697,146.19571,209.61193,195.81383,158.42999,249.0398,48.6099,10.71227,101.421651,58.192024,56.863707,56.958544,79.73266,252.33826,171.83383,131.03253,83.78352,117.13175,493.84979,157.18267,96.80191,109.52959,55.33561,351.31373,50.39083,13.85755,218.46827,91.03531,43.12422,122.81455,14.79908,36.17726,250.77912,503.20326,164.71348,90.16356,193.229957,27.640992,19.862716,24.80398,516.411289,99.798468,188.426602,27.681186,129.962466,205.77197,74.920316,242.341349,359.28793,160.000948,171.975075,181.19417,77.21197,1175.79671,124.31565,154.90739,25.2644,48.12012,172.42863,11.19418,95.40808,12.02987,52.46843,79.34008,202.83876,95.67329,344.22184,46.52588,138.0836,164.96894,25.91479,61.80946,458.91404,268.18969,181.36677,120.27483,11.046,54.99823,120.19619,165.9634,59.83812,425.13318,419.93148,174.71539,111.52105,7.963925,542.26604,86.98468,300.10815,44.88911,70.6336,109.70215,202.97206,87.07562,71.49244,150.79601,86.99163,129.07001,275.87456,80.66052,287.454,70.28267,1467.73192,152.59289,117.95089,12.32341,105.53461,141.480892,329.531826,476.84747,154.455294,77.873805,210.958654,509.432089,430.247235,920.148633,61.095586,222.155034,193.135573,157.019888,9.839614,449.932484,481.504342,378.705418,64.1144,96.24274,218.97576,98.22389,514.0885,27.94465,174.67144,196.14518,544.81609,185.54004,201.63912,44.861787,63.63538,124.45237,124.23664,185.9322,90.97863,223.81182,101.16863,476.83948,155.36528,160.26045,50.04063,154.98949,170.7571,281.77646,79.67943,136.37717,94.46456,481.50176,297.40345,80.24578,65.98495,74.238089,106.36891,97.21208,93.29406,331.39935,119.36701,126.88436,111.55975,205.70656,310.02631,130.03396,303.92006,511.673671,87.15204,272.71995,131.00542,247.74698,219.20078,239.99724,54.58245,253.32566,99.59886,276.15453,101.88411,496.50315,163.71357,438.85596,224.69051,17.93773,286.27003,229.51128,219.0296,136.05993,76.82348,267.858166,156.01575,72.98218,105.68444,211.38794,132.74098,203.66867,97.14208,267.68193,362.87159,62.42682,145.53153,53.3418,164.42656,250.84831,59.3526,489.08782,242.78042,33.2797,132.39466,243.10332,430.88161,180.3804,162.4773,258.91809,187.85928,466.30869,293.31473,238.10392,138.26087,45.1112267,61.83378536,26.65264,39.15019,30.39688,108.83897,80.36455,44.73855,43.86731,59.79496,56.01397,42.8174,61.13543,61.42163,107.89447,70.45185,46.18446,13.35341,131.25582,65.69284
PKP1,6.7196359999999995,14.66796,42.3400765,2.6680590000000004,13.8956065,3.504835,30.437275,2.5812785,3.1491805,4.946305000000001,2.8405985,20.637975,8.196494000000001,15.3019585,9.840151,5.981806000000001,7.429536000000001,3.3447224999999996,9.569246,3.8331144999999998,288.398875,8.516054,11.0439665,22.398228,207.7432635,6.956624,14.5595125,4.3146965,74.8708195,2.162674,5.0015045,9.703447,23.003324999999997,28.5004895,7.285803,126.9948,9.7767165,9.670863,98.6179515,29.942296499999998,3.8626224999999996,131.533412,47.2290695,4.9240875,207.7651195,141.665621,9.076337500000001,3.667407,4.2489265,20.6596945,9.360960500000001,6.588865,4.230956,13.680463,30.087474,3.0741925,14.7231445,7.482251499999999,8.014873,36.461461,4.654067,3.0688205,11.864794,15.9934485,5.8191175,12.8999025,24.3239755,7.0812345,20.873037,6.9306175,138.858587,4.8114195,5.400061,17.596261000000002,6.5115765,13.114727,13.006387,11.3728785,4.618931,12.3842875,32.6476715,136.9170715,3.230125,5.93518,6.309765,5.5857955,4.5086135,8.827372,29.746114000000002,6.807219,3.2868735,3.379613,3.288196,3.4463185000000003,7.2194945,8.814181,1740.360637,2.971266,8.0015835,3.9796389999999997,23.599443,16.827998,12.647019,29.6468875,6.1566835,16.877217,14.5592335,14.343886000000001,3.305415,49.1211625,8.315884,3.968579,20.171128000000003,23.6869735,3.335261,35.9800575,6.6900735000000005,13.726694,12.582135000000001,56.561795499999995,17.224979,4.9189105,9.1305915,8.5602155,6.5686350000000004,4.233433,4.0120439999999995,2.8513755,3.7095190000000002,5.2574875,4.2854665,4.2319935,22.5860645,7.8615495,8.8406275,28.9116415,24.566637,18.6832255,18.602261,3.095303,27.955676,12.7045,7.0460485,6.031546499999999,16.096574,7.889063500000001,8.749842000000001,2.189454,2.948158,3.0037165,11.52738,3.286184,2.7454385,6.7309545,13.318439,3.4386720000000004,7.019475999999999,226.679473,15.976078,7.7970950000000006,11.728452,12.4084915,35.4681565,17.701799,25.2105045,7.28462,2.8925845,9.228712,5.434897,6.379408000000001,8.5649305,9.963856499999999,6.3357415,2.6331835,2.020963,5.2951204999999995,4.946408,4.668385,5.0792585,4.798322000000001,4.934869,3.1945235,6.4284275,11.720774,3.1549415,4.057421,6.234927000000001,3.6660310000000003,6.1079055,6.0034255000000005,16.3414875,21.0789875,10.452428000000001,4.906496,31.2654275,4.705766000000001,5.687545500000001,4.492496,3.8943185,14.556574,26.4119895,4.3566,6.453511,20.356798,4.548751,16.0260755,4.030886,12.216346499999998,1.884543,5.7196185,4.434208,3.258692,3.7260090000000003,3.346839,4.286358,4.2004494999999995,5.745343500000001,7.6344475,5.012533,2.513364,21.6022415,11.175463,4.0737555,5.0879265,5.240615999999999,14.9508905,4.1890630085,66.010647925,4.4562365,11.979215,63.4479435,6.399818,2.5740605,34.708352999999995,18.5341135,25.3377645,5.5285275,11.289095,21.980106499999998,30.4173505,14.6355985,9.526912,17.1917385,6.5350275,30.900306,4.7480405
MS4A8,54.706857,10.639776,80.913281,1470.462512,106.765754,1055.808701,410.37293,442.834779,66.66605,165.909345,51.22569,770.350924,6.523064,241.17336,953.004706,12.704517,59.417433,38.062541,174.465247,56.874413,122.907076,2705.98227,68.40061,139.70522,251.86969,606.062927,1557.646166,484.957886,26.305228,154.714931,171.9887,81.594441,31.420122,20.579579,86.603466,6.727562,398.160501,1265.933256,225.843739,211.230248,67.304061,8.363843,96.057889,245.049361,80.59689,173.616435,36.21633,884.659388,762.773452,102.736938,24.354921,105.816685,157.697852,100.61848,2031.136778,761.425444,906.29344,121.116415,13989.3847,16.900302,92.723348,59.323477,1156.47259,37.133644,71.685236,168.847844,459.068035,591.01231,150.9665,999.232663,1297.736979,300.510368,59.791346,327.49256,75.403622,719.230997,11.22307,972.68886,208.656725,60.940123,2448.24739,32.58497,70.86234,99.67013,782.38638,415.66224,84.24531,99.75885,143.363141,84.270506,59.622279,547.672606,68.44395,578.15783,118.29929,849.61573,40.85183,142.23922,3460.6489,97.137411,194.236761,55.969934,68.437744,48.399466,794.527092,15.330745,50.11619,1001.113778,35.28576,191.168199,72.669925,531.438422,57.659191,860.874902,7.694619,527.672264,329.004489,79.51132,65.564459,73.330112,279.463965,266.109756,895.805489,536.129105,238.632173,39.649336,749.918061,215.438898,147.650786,10.5185,251.652444,83.185445,710.132037,195.343622,8.87937,124.366542,303.834605,141.473483,1509.006285,65.485484,894.927503,1187.53641,150.035982,7.728678,763.75914,1592.21525,1109.214416,113.611203,118.80547,1342.450875,263.120744,1076.737954,548.324906,205.43941,1172.43387,1027.146664,130.40659,72.17856,296.9926,933.92492,101.60283,79.65778,39.02088,161.42526,351.86399,190.173716,410.325342,503.00883,224.517789,51.199771,378.790897,146.14901,147.135328,71.278575,115.381413,240.90693,347.93805,74.36303,199.22728,446.37695,66.67043,417.77846,742.08532,280.77152,310.83948,483.745082,186.337852,116.036403,197.858675,835.225982,1578.770362,480.42173,1090.599196,25.050473,444.129909,80.38908,430.512057,24.014784,28.349685,7.314367,67.465661,612.403876,216.979072,1197.671729,86.17703,438.27162,153.11884,36.49859,116.30835,176.89527,239.20942,51.45028,124.90975,115.81069,128.28425,62.27809,213.94644,188.39346,100.91529,436.57493,48.42937,779.99139,144.54104,464.73136,194.70334,308.88039,136.0788132,710.7786494,100.296624,72.49488,726.79286,53.48142,52.99342,116.244742,646.046634,258.52288,1005.752582,327.044541,1180.14661,18.090463,59.848886,1390.130863,574.320675,294.636021,2423.357487,1688.125415
SCGB2A1,64.362442,67.01783,51.552906,906.815764,120.213304,185.98595,122.263875,149.77021,42.333605,70.818556,47.344741,129.567801,2.925404,2468.199656,148.298603,1.809326,21.12966,18.899378,731.406846,20.048864,41.004174,166.721597,51.141991,43.256319,126.819025,44.965561,289.556578,87.850301,6.618169,122.102474,142.25708,30.425913,24.123607,1.970789,7.211264,1807.024668,154.262424,97.162088,47.293235,26.729888,58.235888,3.59214,33.895277,117.214217,172.042961,132.990278,27.052727,508.918791,165.947943,38.40011,24.883798,5.058826,59.708358,69.87336,299.46406,77.141381,249.87387,44.035091,182.098402,14.283132,95.746991,37.4097,172.733185,442.509285,35.041552,50.33921,97.943298,135.839304,112.248837,124.154867,121.714663,444.890315,3.453217,143.449608,195.932914,651.018156,103.006666,225.544118,127.878674,86.614899,324.422061,1.459752,3.067853,538.138131,170.589442,97.622235,69.283332,1010.530571,5.869895,38.307135,10.698324,115.252942,13.136943,222.719552,7.239641,187.637556,45.473141,19.409627,1084.529222,8.902529,628.102195,172.630945,93.570467,9.866254,6475.196407,95.085472,11.93525,131.03178,112.745307,75.022327,257.154323,51.007064,133.823797,120.381458,7.502339,139.563408,161.770933,20.160992,93.774004,6.015191,76.471859,109.619577,262.722139,146.199826,2.744963,45.836494,56.842001,59.457024,118.4796,89.131743,64.247356,3.208695,69.034367,320.394717,28.768281,309.106422,90.734239,137.987888,228.918198,33.251268,2988.346267,137.801519,290.386985,401.37769,158.982786,83.710738,239.262499,60.768298,78.002082,204.349064,772.437716,116.354235,94.495199,26.001132,82.09406,141.298511,2195.288305,2.380809,104.350911,316.174108,179.140489,101.526091,166.983683,211.88651,262.600291,7.803837,457.377456,49.500815,65.319584,59.379332,91.508586,112.755808,177.774286,548.044748,220.034408,3.828224,116.13906,116.55566,82.079455,80.027811,113.588441,98.597255,184.555495,67.682982,139.868293,65.006926,119.542837,35.740438,18.267074,202.440276,24.108937,81.926137,91.674218,285.585816,19.744276,3010.181103,84.361467,15.42666,109.363365,109.468664,542.18902,732.527886,141.233914,396.988764,822.705698,71.854563,61.240222,164.963396,3.283983,45.650094,116.200953,8605.836127,2116.323406,391.95284,86.276668,1362.234045,1368.105209,219.4037,3690.241406,591.423746,721.223803,125.399516,76.234852,155.450536,4.014452,334.282374,41.39079639,79.93091976,4.708817,3.05882,96.632536,14.689342,5.134029,31.62342,73.846548,122.526443,111.586541,88.317093,166.805546,25.550958,1.650533,143.303235,135.840659,78.494941,603.17545,116.359444
CDA,97.023214,885.270526,74.646354,14.389283,177.832406,13.72587,6.122525,6.520608,2.790334,14.389481,6.196028,5.513818,724.835387,15.75552,18.85828,74.518558,13.846397,78.140796,2.680587,127.436841,248.785268,3.721563,113.54436,1202.627426,26.810611,131.119618,86.601946,111.598156,251.363692,4.384997,5.261497,182.856046,325.314621,959.641475,255.412838,34.872331,71.47824,3.115157,40.962945,267.945865,20.936534,480.506728,152.55182,96.319115,191.908505,455.285407,43.720247,35.243219,5.422957,361.088684,79.801052,5.010421,3.828123,50.841354,3.400752,40.945228,19.575053,29.628233,2.72721,6.095435,4.526818,258.445277,32.285931,50.515895,4.668063,2.991711,6.506092,28.1936,31.139239,9.235686,30.389338,15.239103,15.128392,223.066973,77.268546,5.452585,28.49546,7.560548,7.3071,2.971109,12.942133,292.410349,6.565519,6.924262,4.929826,16.617717,5.474121,130.127052,40.838635,59.986644,6.15376,3.008938,3.170068,5.125192,6.697339,9.482744,5.763354,7.083184,6.34669,5.017427,108.915647,3.391688,19.088492,195.396194,8.163993,33.448061,30.449996,43.080688,4.083675,2.748717,2.230992,9.536893,22.198143,5.671637,66.991613,34.843722,20.545646,4.945206,6.555517,91.008028,6.878959,149.8504,76.167485,31.544926,53.1274,5.483021,1.703867,2.989148,2.305645,4.148813,2.602595,5.459217,2.507369,26.709266,686.464126,308.922354,44.999843,43.213957,44.994482,69.974718,86.097406,10.153458,196.04548,285.899255,5.105014,10.082628,22.296166,2.952024,11.995138,5.397112,4.476513,2.304413,3.043885,15.071154,22.009054,12.671543,6.222679,49.957904,6.733267,3.761507,6.762699,5.69149,33.902564,4.647589,3.971592,22.054617,2.664766,37.450233,5.361326,57.943529,3.103749,3.673354,10.098225,23.075435,2.488202,13.141553,3.844184,9.489763,7.47315,59.171756,161.183454,20.405666,65.537517,119.281078,13.103311,7.245384,3.290208,6.426458,3.145634,3.800342,7.8399,2.553513,4.012989,5.951562,14.66421,3.32617,3.49999,87.60632,4.048263,8.73858,9.458444,3.645178,42.037838,12.781523,4.214963,5.246601,5.520318,2.400056,3.225741,219.894659,8.814718,2.182994,3.028836,6.197497,1.96237,3.349748,17.053149,2.574996,11.37358,6.842334,29.506718,34.15972,6.73941,2.86106,6.315079,41.038487,6.942063902,9.714965713,3.061372,5.633498,15.702654,43.946888,46.017619,11.363787,8.046574,26.114276,21.768238,5.816522,4.611124,20.864453,2.981878,45.839244,21.275886,30.999321,22.459999,8.489336
CCL20,82.63345,312.50542,19.99669,708.80651,212.23945,465.13747,2809.29829,330.30888,281.49471,345.62208,409.3428,8707.19779,689.39881,1036.74672,2143.76736,20736.45331,394.18083,365.33048,6774.53925,10903.12839,2195.2399,640.91721,1457.96316,840.01997,394.60731,3498.15239,1032.83193,2467.60112,1109.29417,341.53365,8780.56592,3065.97708,7879.53303,18086.05787,2775.7309,7210.34078,5757.4211,3530.48839,2075.40389,81.33166,1030.97646,415.05588,13292.04793,4195.78265,15.43943,10038.57959,11341.74041,1743.16399,505.01747,320.63787,3370.17508,2677.76969,2389.49966,6451.68349,334.31396,95.61167,404.6224,387.11761,267.72088,3028.18756,461.01845,240.45673,263.39889,278.26322,13595.3421,5882.96877,180.53343,381.06067,39.52086,706.12413,421.16877,231.75597,2067.04779,4087.89225,283.50038,1323.95869,696.24227,1198.67697,281.34676,1221.59827,227.63243,396.36158,424.56588,563.11991,138.20689,820.31758,160.89745,225.86617,3017.7995,247.78261,328.55307,2432.87339,175.4524,266.82354,428.84781,333.34416,2706.46676,404.10619,323.84993,3627.75429,1298.99586,23.62691,523.08351,2021.65397,1391.54467,304.38531,959.56994,362.42123,352.536,10970.3864,147.73721,162.88296,283.58965,207.62182,271.97716,2325.45048,556.32996,408.34439,2151.3274,5140.81354,677.70019,2799.85266,1703.31635,141.72426,252.45533,5252.77926,808.63665,483.88531,305.38602,13080.19342,95.50258,559.57918,332.39391,1356.28345,14851.10565,163.92781,389.03612,731.85419,389.61017,397.45447,3053.8842,447.78111,382.19539,1224.21313,145.85431,377.74416,371.42168,289.29415,420.0257,671.54777,919.75097,431.75855,469.08151,221.63596,593.5785,228.65664,305.37441,4702.51155,22.44179,597.96574,299.6809,101.50093,20.92165,25.51527,295.35748,166.8534,28.58129,498.23897,1029.65074,1046.06504,269.64003,215.57735,123.35854,294.29532,498.14606,706.40033,340.2851,672.91551,531.1763,229.85616,392.26054,97.28521,257.17496,3327.94436,1502.09897,278.71749,90.29987,894.35579,358.28492,160.48257,215.68803,153.05597,127.49264,146.77564,22.70959,314.02323,125.99141,3001.65497,35.66098,660.07237,245.97641,123.95205,1003.85994,216.80115,41.92507,73.89418,490.65147,22.27988,192.90952,466.01631,149.99473,501.70393,21.61436,388.71707,716.13495,20.05443,1293.4008,483.33351,13.5096,12.50484,95.54592,148.77568,315.96576,477.905,388.2519,140.23331,196.6531197,264.1712537,1718.14138,115.78205,53.17956,997.29988,305.16233,1329.9322,174.17759,1452.63231,331.61657,98.34391,151.96293,172.19188,737.83832,740.37184,393.66493,4265.65695,310.46439,293.74976
KRT16,208.257885,480.01826,672.75863,147.254252,79.760989,8.138838,268.228479,82.879913,60.138157,106.087234,480.217456,15.649535,335.964527,14.773411,44.345013,47.683687,33.220934,135.285001,45.324863,4.237383,717.342526,23.838598,4.044444,38.851011,38.946389,126.466696,157.581754,2.065443,65.49045,4.785113,46.78172,86.345151,2.925775,340.684796,159.835325,26.99335,63.98273,24.17519,47.282084,5.960866,14.050041,92.629859,28.428661,87.720442,39.805284,233.220353,40.656657,125.544596,1.821996,94.628323,111.330744,95.738129,130.219738,51.948363,20.662573,19.022961,5.403355,194.680097,5.173932,26.029033,19.336087,65.064839,2.075915,10.639829,330.176136,10.215513,18.876345,6.162069,41.090919,32.630414,140.271653,5.53656,10.586541,34.590725,8.679015,74.716078,9.787894,25.375279,35.620769,37.994793,2.41659,36.205904,12.729811,6.076334,52.627612,15.393246,57.889586,15.564898,51.374611,3.122096,4.187636,45.144134,3.819285,7.160254,7.85677,2.711665,2.593197,39.470438,9.089903,33.931692,49.565529,2.250988,2.282567,6.576772,7.651708,49.541447,31.985299,37.090701,22.681504,521.629795,11.701796,256.82943,2.927541,2.569592,2.12038,53.902381,4.368855,22.320034,49.861956,233.880051,33.074756,31.72345,4.740521,10.828202,9.770625,10.358632,47.457361,5.357242,6.218324,57.047062,50.490776,17.29762,2.899505,22.311932,88.911002,47.817203,120.647292,9.832209,35.8843,84.376376,25.186006,9.865354,44.436936,64.531363,9.45085,2.016647,7.664781,14.472135,12.694053,29.072541,36.678984,2.430578,2.403056,3.850154,2.453907,3.968119,2.163365,123.516412,3.108658,7.508426,4.492472,12.437455,6.105834,24.164739,3.009021,21.193719,2.189114,37.715767,9.591587,2.253249,10.014491,10.591929,72.679819,6.532223,24.780362,28.766806,25.310132,10.726771,32.952123,2.19256,33.567656,2.27375,24.083429,202.915637,4.121116,14.391292,28.111676,7.584276,16.0202,16.226457,2.983304,2.506818,2.196999,5.336527,2.698354,60.878854,2.830018,26.219738,5.080839,9.562499,63.291877,29.718437,22.746265,23.811647,15.253016,12.807502,7.325925,207.646029,4.57391,47.967252,5.809987,59.870767,2.922352,2.745639,2.867802,3.605424,35.827934,30.697311,21.763183,2.239607,11.502399,2.521506,4.492072,11.992859,4.409749,6.020741,18.21455535,2.012432202,2.982466,2.131715,2.587461,29.065559,1.93318,4.642236,2.531705,4.348838,6.89305,25.367811,25.212575,2.774272,4.896464,54.386061,2.821763,21.741987,3.878678,7.014832
SLC22A31,690.16909,209.77034,403.37803,118.15609,473.16332,363.55305,54.86519,273.20663,585.91453,581.48429,538.59869,407.60901,134.18702,139.18936,78.65116,418.37935,467.05893,384.9372,194.22213,253.15666,79.7269,106.50494,210.98334,409.54217,932.42728,35.74618,165.88451,250.71458,185.34511,866.95578,102.76329,238.07638,194.00368,93.74828,276.96907,54.74925,125.8532,131.10174,641.84663,437.10546,170.37247,182.67591,366.81176,135.04641,854.00064,223.98883,188.55429,101.48594,17.55966,97.50905,189.46024,195.39686,227.26584,362.95944,92.33755,539.39891,139.2717,457.13504,30.48212,514.5703,98.94166,15.2759,183.97608,82.86975,18.32637,311.379,207.36502,251.21826,172.17178,246.98856,543.67143,322.05035,53.48918,105.93255,942.15191,29.85962,16.21713,369.2148,176.83094,397.51053,180.0736,262.77628,88.204,1041.39223,171.43977,109.7319,499.54426,291.7483,249.17083,183.6696,51.34265,392.61909,124.43914,137.13356,268.65122,394.2538,420.88926,1069.98822,100.25533,468.1485,694.28967,1087.49852,840.53094,527.41784,203.73463,649.12396,310.33534,191.84788,141.61931,206.07031,417.04156,89.09401,230.27847,276.16988,622.70551,399.7396,106.94659,212.31485,68.14325,89.35115,273.43635,384.70585,203.72322,371.72362,683.19648,73.49992,152.49729,303.42228,173.98043,95.90585,356.86411,430.92221,412.54007,146.90977,49.92291,430.05577,231.66741,411.56962,146.79916,103.08425,538.30733,160.81585,313.07867,182.46504,257.00401,277.66521,291.13166,427.5498,350.4335,248.53404,513.72675,205.59662,294.28007,339.70887,418.3344,161.21977,524.22018,149.58681,514.88272,537.30797,469.27915,207.42692,596.19855,243.71366,726.12703,188.47008,536.73135,982.36841,552.95456,258.50666,858.2683,507.88272,687.67857,188.38726,1045.71276,784.94622,11.34338,213.95127,336.16193,25.99623,237.38069,360.38492,276.46441,86.73961,184.52551,766.55061,503.66404,178.13861,184.05307,356.36749,321.3375,478.05863,752.31847,334.87394,271.04354,880.69303,700.13801,408.25231,474.78412,1170.50675,477.90411,377.97909,318.35882,504.10398,496.15338,267.28875,692.56955,279.76612,481.23254,197.24166,489.26281,1239.3876,178.78872,286.21316,1373.25999,311.70801,248.39683,289.68679,544.93503,207.99219,282.28784,585.52107,293.74479,822.63742,314.65348,357.08111,302.1309921,191.3982877,439.39579,160.11007,263.74386,260.16313,232.98282,115.14921,278.88332,304.90555,250.17191,67.5421,211.44355,257.37894,257.59317,202.78528,302.25189,200.59719,236.26194,144.50409
CD207,32.57315,415.824835,56.47394,4.768384,784.11175,38.19194,189.963591,121.813905,27.93499,48.03386,555.45706,1625.34795,36.77635,32.22948,55.38227,39.57065,48.6722,51.66075,23.64305,51.26451,205.890981,66.19486,9.788927,233.017165,243.29077,27.248298,275.34192,166.21164,279.88976,200.246701,61.03993,357.14502,24.09161,35.63846,560.167757,6.02591,52.354488,160.47805,326.493414,9.89667,42.413415,78.35782,635.89389,49.24602,48.612192,707.55687,15.27138,105.34939,100.1125,56.65877,254.91359,384.47294,198.51711,1873.804199,61.66255,154.69581,177.199367,401.229609,28.75066,18.7791,24.80505,41.3019,75.51226,21.14884,41.642209,30.37942,25.45558,99.190242,53.086307,430.24089,90.47698,107.356933,28.41081,45.162747,56.776542,46.900798,2.94643,782.188341,777.07837,830.63155,139.319663,23.821292,130.357493,239.643896,109.167561,41.58134,75.573154,169.962131,148.44298,97.02229,63.20666,402.550701,197.11412,98.86085,280.67931,707.88744,48.03855,695.3044,120.30363,239.70915,561.46137,356.20353,2739.29892,32.59134,862.55757,1386.46558,429.97942,284.44039,466.446261,132.21667,101.6383,46.8355,115.72944,2880.88747,255.330684,159.47077,87.38977,558.75305,670.44054,50.54366,1741.43936,99.30031,497.08092,36.88831,170.06891,60.25785,295.10114,105.78127,331.0181,179.56144,114.185662,160.457413,108.87898,55.176839,4.67522,526.01277,428.25332,44.59925,63.473822,64.702858,715.22379,134.659668,120.04488,929.78737,176.937489,255.498955,887.23046,40.35529,138.673133,339.041605,362.484399,546.661793,121.026406,263.632611,82.601185,81.655233,71.31602,25.95191,26.870778,86.788593,417.435176,71.809488,49.99199,83.593472,373.221996,48.23416,32.68932,477.59229,273.42348,145.06131,283.13698,36.436258,62.51641,287.01738,615.50491,412.677407,1312.82722,58.786144,732.329432,244.435728,127.863328,274.36162,203.279627,128.186877,730.126941,303.66554,172.76748,431.16053,1305.37362,185.90656,61.52241,346.190341,594.21367,33.05357,30.85473,806.304372,1274.50097,9.312385,274.625091,91.291947,332.867254,177.280842,81.687181,912.077004,89.29986,62.45471,158.6581,17.56394,363.01429,330.06494,204.56694,498.24604,78.13666,623.19585,322.26971,267.80448,44.18423,245.0793,23.07378,46.26126,779.84477,1066.91594,57.40945,853.23447,72.36364,372.18866,44.12148354,43.92925971,51.774286,19.943529,15.508307,48.526275,36.364889,22.833917,36.398302,41.96678,41.108494,42.06612,35.303694,26.397862,26.527498,39.763256,43.730365,12.576401,168.995006,6.655875
IGLV1-44,108.19201866666668,2117.1358953333333,1004.4246626666667,2830.836516,3903.1502001666668,4259.649252166667,3537.802188,635.207278,369.9834768333333,3386.9638914999996,3567.791763333333,3092.159085333333,3888.3942195,1851.3174843333334,435.61567783333334,5306.877646666667,1475.6614078333334,4745.7536825,1119.9353761666669,4001.444439833333,4565.929062499999,3427.235373,3785.849754833333,2823.1094040000003,2381.924563666667,4126.172438833333,3721.422155166667,3972.6992736666666,951.2679843333332,3824.7942985000004,4325.355381,172.36182233333332,4501.118596,1458.8402143333333,3508.108088333334,5601.053364,6079.748361500001,516.6727081666667,286.078887,3370.321647166667,5829.711673333334,3800.325311666666,4043.7549445,4127.1330245,998.8653559999999,455.76706316666673,3730.6368013333336,3652.833452166667,5828.019677166667,4837.807322166666,6099.373458166666,436.85846016666665,2822.612748,176.8110396666667,3932.9766246666663,3279.3603015000003,963.1271286666666,3784.9290726666663,1099.1491256666666,6211.637123833333,4906.942737666667,426.91396299999997,4096.1355925,4701.047738666666,5169.056092,5421.7703655,283.41126433333335,2425.14089,3366.1355588333336,1459.433175833333,452.0367626666667,3400.1651063333334,4227.740679666666,4047.0694951666665,1931.1798660000002,2064.7730175,3167.3784835,3305.6704263333336,1618.5412138333331,367.469676,413.3827303333333,3800.771563,390.741886,2582.9983079999997,640.68822,2534.0273845,2108.3171301666666,588.5968976666667,728.04749,3514.125679166667,3933.7144351666666,376.6697503333333,117.97391366666666,3962.1755898333327,3616.607758,4239.694394333334,3690.5567243333335,2716.9162833333335,3222.239191666666,4121.05967,2816.1624346666667,1055.1910413333333,247.28449999999998,4877.841783,3414.1961395,319.395848,4820.9723845,4696.402097333333,2260.040512833333,3184.050215833333,3910.472733666666,167.66759916666666,3304.4615058333334,1520.9930293333334,3121.422416666667,984.7570818333334,4994.983333833334,2976.349335833333,4009.8895116666667,4201.503815833334,3320.1199831666668,4919.059344,3579.9315568333336,4004.3036036666667,207.26085366666666,4656.827759,4355.794930833333,5230.171974666667,220.48893283333334,6075.3567551666665,4352.657171166667,259.25640833333335,3293.682412166667,1836.9614795,4867.206060166666,3720.6294231666666,2707.1348998333333,4299.088843166667,2720.8440594999997,5473.179943666667,5110.0557975,4103.831091833334,4058.4509780000003,527.3936735,2579.7767535,187.17861266666668,484.19052733333336,322.76299116666667,3159.7190363333334,3900.5861139999997,3438.7776661666667,1573.4472776666669,1517.3764391666666,2651.4463405,4488.7218,3064.5599085,2816.041559,1166.4793958333332,3034.1160753333334,1549.5952111666668,5059.729431333333,459.03330750000003,175.82973733333333,787.2257488333333,3346.5828603333334,269.10517699999997,251.57268116666668,1510.3876375,520.0542351666667,1536.7537476666669,2986.8359305,4131.4589475,252.93983850000004,2197.570520333333,953.2124694999999,341.80391416666663,3686.8598141666666,4872.561842833334,3386.9193351666668,2322.4150535,375.3117313333333,294.0213066666667,835.8222458333333,4597.671089333333,2544.841417,1740.5378105000002,3165.0748263333335,3545.353237333333,2900.949024833333,2568.956287333333,4159.205875166666,189.8263165,469.0604461666667,1599.3766571666667,1337.4921606666665,3461.475904333333,996.9926108333334,606.6139133333334,575.3396593333333,4439.805461333333,1647.16256,1913.1150116666668,1616.8949986666667,3679.9142498333335,4209.133022666666,2573.6922535,3835.4700820000003,370.6685478333333,3110.471460166666,3354.864755666667,938.1586075,446.3706443333333,358.87333933333326,3930.817187666667,2611.9797421666667,2097.467420666667,3870.5078565000003,3635.8197940000005,3059.555997833333,628.6887316666666,351.4241543333333,3781.3870896666667,3902.7144018333333,990.4650293333334,4279.5987535,392.68358366666666,233.19436727083334,348.9813738606667,553.8561788333333,1284.3077888333335,459.16177266666665,571.8873508333332,2268.5112129999998,1108.7842893333334,2296.9504918333337,475.19853233333333,2857.1658466666668,3324.6139504999996,1839.4923931666665,756.2716811666668,393.2946235,3023.7632515,2975.6081055,1243.3808256666666,1794.6596211666665,1206.4410114999998
HPGD,229.0079025,2853.895895,10564.6110125,12156.461855,5846.441607500001,4805.8691,8768.002629999999,1757.32052,8577.192355250001,13465.8233375,1419.914869,2286.9989425,2264.54943,12360.03128,7347.75540275,321.28723775,10622.4366905,367.5741825,6254.792475,2970.4585575,217.905,440.10562500000003,1224.8638,1626.4074249999999,3697.82989925,3636.119385,1649.40939,2082.5587525,1465.4796025,1308.1874324999999,2173.228901,8035.413027500001,244.73772,56.442595000000004,3036.3931475,601.08822,467.2516525,356.966575,2528.6058775,3547.9103625,628.0155375,458.5548505,5464.6855075,864.79875025,507.971675,2922.9829959999997,1577.4894175,1906.60861875,395.99522425,519.09058125,713.36860675,1834.0717705,2166.01984475,1219.5671750000001,327.97963,2549.3963095,2340.4080249999997,9358.602465,625.11591,457.95700250000004,181.046895,1535.7547325,2118.4229325,584.81808,188.09377,282.58032249999997,3755.2615324999997,4646.89845,2822.44905,4564.5835275,3937.5974699999997,3361.8898375,311.08878,359.2864125,7527.322134999999,5916.028985,40.113123,8926.743525,2406.041455,950.1733175,3308.812625,1139.9981,5584.23055,4809.3207999999995,13260.001075,1283.42767,1988.7948000000001,3116.8125,1107.297315,757.3185525,45.92922125,785.8256625,2197.6406305,2358.8237615,2540.16280025,1510.96758875,271.54215024999996,6446.153661,420.714159,642.368125,252.72983749999997,4474.5661625,159.94245999999998,1079.5778424999999,3297.7971049999996,707.496775,1297.9613425,8119.313067499999,910.7526475,2463.4895025,2516.4728825,4630.1657425,2561.7845165,1439.03614425,176.840305,7106.4774375,1240.33842275,821.6973285,2540.4745872500002,793.351271,1365.91510375,232.74350049999998,858.330395,1242.1025037499999,990.639773,577.83086425,1427.30478625,548.48134725,1873.1978995,3596.3826575000003,683.1739875,486.379335,2220.6292949999997,5277.5314975,727.74986,4087.125065,2431.7097,888.454015,736.0526375000001,792.0640149999999,3079.269216,687.339375,1517.7161700000001,3382.0890375,839.216625,3367.574725,2016.8104825,1148.8901250000001,1200.1073000000001,1509.9709875,2037.200855,1189.346915,1984.1013125,1355.309725,1064.927675,439.1538025,3785.2200695,2244.24937975,682.855,1363.58765,465.138125,3628.35545,892.43657525,1480.31165,1176.212925,5000.9108400000005,1596.46352,2365.99321375,436.28188750000004,1788.83221,4614.76895,1341.6233,4861.371424999999,1096.4789325,2651.0434782499997,10182.505625,485.2885,1375.474025,1943.56575,4829.2394,4904.690625,3640.02528025,3369.469375,742.597025,3814.6271500000003,2168.137385,1090.1436825,2096.6970675,595.8682624999999,3216.4252675,4280.7352075,4144.62035,826.51311,1536.60244,4196.7262475,2131.5701,1168.135056,1650.2297875,874.067,366.77208,1316.579885,2962.95016,1039.668465,2450.5868075,2199.244356,713.83121875,1375.6415487499999,1458.87432,2213.8086617500003,660.59127,2056.12636275,1258.72958475,3324.33520075,2964.09455825,570.3959179999999,800.5019522499999,1036.491949,3770.0611095000004,9819.25420475,6875.7237635,4009.81419775,747.38675875,2490.53009625,3687.13934075,827.3797545,6478.473395,6074.7287509,7529.2640197,1696.5715075,4844.0967525,4226.81034,2391.11224,1905.3418125,4097.8292975,2959.3987925,3534.4121450000002,4310.8756425,2222.6912174999998,3511.826945,4700.739335,3010.9639075,525.24016,1978.0114325,5328.1904175,445.390745,2501.7041825
DNAJC12,182.76716299999998,113.131196,94.13661633333334,698.4151066666667,742.0252003333334,516.214124,597.008519,228.15342533333333,68.10522833333333,219.95053099999998,283.0718599333333,1575.3730850000002,212.56462,686.139369,1021.7640150000001,1143.1827933333334,43.51854600000001,775.8917166666666,2187.6783656666667,124.74520033333334,169.17066866666667,337.40109433333333,200.229948,206.4779106666667,375.0028719,201.2165133333333,355.65525333333335,274.453485,1699.0987443333331,958.6753016666667,288.3102769,673.7416823333333,202.07109166666666,475.91598500000003,340.08070333333336,376.617143,253.18150633333335,192.484145,1733.3894886666667,1244.8361363333331,303.7591606666667,537.2812276666666,2655.901731333333,700.4035593333333,393.618471,1227.7317733333334,1006.5200276666666,1166.4250723333334,174.99445766666668,1054.471581,267.27913266666667,650.70324,223.92190199999996,635.120016,282.78985566666665,146.501064,380.17983599999997,156.3498153333333,5500.136565333333,1916.0173783333332,662.0533996666667,420.63030299999997,186.46007233333333,3083.3220026666663,221.29519466666667,216.90676299999998,116.12952599999998,153.95662666666666,173.92609933333333,628.0576946666666,143.75089366666668,78.739933,127.66488500000001,1472.0476529999999,581.423367,455.194925,2681.222437,1649.5039213333332,116.428969,211.01742133333335,166.281938,182.71506466666665,107.194996,77.39678500000001,150.88019866666667,160.38601766666667,126.61500833333334,810.9344540000001,683.766216,130.38316033333334,974.3847999999999,164.83624133333333,89.181774,1475.8879520666667,95.77502603333335,506.4889334,4301.324220333333,598.2772618333333,192.22516896666664,206.89669333333333,139.432083,53.65058099999999,45.08607000000001,286.78864433333337,1465.685265,141.442804,798.8617800000001,1641.9607869999998,502.6120226666667,590.2807793333333,1058.560866,704.989766,158.49202133333333,139.01697266666665,316.139208,332.9951796666667,251.21595466666668,74.14465633333334,1610.8461276666667,216.13536733333333,304.339472,235.2656146666667,419.4378296666667,181.36179466666667,128.725227,696.239723,820.6398376666667,528.8892443333333,199.40680966666665,798.3250453333334,121.62883433333333,90.21342133333333,1245.625739,478.3163403333333,160.62093733333333,334.38929766666666,839.405588,337.37011533333333,211.082178,486.042675,699.9549273333333,129.67303533333333,438.37056600000005,437.01183,189.46593733333336,40.86831166666666,189.035843,121.64740466666666,448.321931,227.136738,62.68078500000001,83.19842066666666,395.88897533333335,106.69334566666669,1081.7935690000002,127.13645033333331,66.36817386666667,527.8670856,100.88214133333334,116.06313266666666,180.6261363333333,94.94031933333333,41.673922999999995,156.484689,84.367415,62.866854999999994,69.00550933333334,591.8697998666668,36.203985333333335,98.002965,68.11352033333333,110.86217066666666,220.70757366666666,72.61613633333333,99.293929,499.031565,862.2786643333334,162.77706400000002,226.53745633333332,161.93696966666667,1244.4505146666668,80.37333626666667,370.94036366666666,292.36243766666666,300.22007966666666,354.0416236666667,410.92548466666676,1193.0055526666665,785.3960236666667,195.059017,405.47325666666666,130.20821533333333,47.66743333333333,47.034062666666664,105.537394,43.96211833333333,84.18595033333334,294.55440500000003,23.31299833333333,1005.9105650000001,308.972165,223.42594900000003,1095.7644936666668,219.00069500000004,99.30876776666666,459.4638588333333,349.7560029666667,69.30951516666667,59.8024649,141.8940411,67.4677119,401.568677,39.379507399999994,291.6000075333333,91.883586,81.770246,1073.648226,167.7636681666667,205.81199913333333,42.621153099999994,34.133793233333336,103.69460173333334,168.9600886,65.58421266666666,127.11548083333334,1402.2802733,63.608183276666665,71.02180637666666,51.864155333333336,67.10638466666667,92.03656166666667,94.31084500000001,86.13127200000001,115.330203,73.97622599999998,109.86888899999998,125.31840766666666,127.439005,91.06425666666667,71.98377233333333,62.325058333333324,173.06316266666667,84.19629166666668,108.53438133333333,636.753278,92.054819
BHMT2,27.339506600000004,39.28604466666666,29.211251766666667,10.510506999999999,44.03176616666667,30.746533433333337,85.14869366666666,29.255861333333332,21.544897000000002,19.712924666666666,27.185188333333333,32.14273476666667,25.233607699999997,28.247699333333333,26.249917666666665,38.20028366666667,26.028844666666668,269.14493680000004,331.31037886666667,50.95485796666667,62.66107333333334,99.93738833333335,63.139472000000005,22.746420333333333,35.00539033333333,34.882949333333336,65.347364,78.09027433333334,44.512608,23.553006,50.319579000000004,126.75258926666667,245.82733266666665,19.18307323333333,48.08290433333334,28.265263000000004,93.77043333333334,141.0600476333333,69.40196333333334,99.26995633333333,86.88947666666667,37.67766133333333,53.465251333333335,32.570343333333334,41.545498333333335,49.83700666666667,71.493498,37.27033266666667,158.86296933333333,82.17152766666668,73.545422,22.146396999999997,52.091701,50.693478,141.57267666666667,176.64172700000003,214.46995366666667,23.929188333333332,24.379181133333333,47.47467253333334,95.36554066666667,24.622252933333332,122.10405646666668,55.975883666666675,19.005510333333334,53.13137153333333,53.112919966666674,74.768927,97.20083833333335,111.34203533333334,455.55192533333326,251.09332833333335,170.70229833333335,29.631685,218.76138466666666,25.036181,2599.1919999999996,23.339223,51.646593333333335,54.255034,97.90449933333332,85.88365066666665,67.64620733333334,42.33840033333333,50.551543,92.65174200000001,68.76493866666668,21.230557666666666,60.60154466666666,99.56117733333333,276.659703,27.17653466666667,36.118527666666665,426.06789533333335,42.55106833333334,218.71593999999996,50.658325,39.283388333333335,93.12687266666667,34.770500633333334,395.28902500000004,30.715857,17.433234666666667,1205.1133682,403.77278290000004,53.166431100000004,63.27725416666667,70.3881067,548.929044,32.6555816,576.5338013,66.5461976,58.07542733333333,217.19245433333333,350.8979596666666,147.96788866666668,86.94459866666666,104.66807166666666,29.721643,65.12926433333332,83.36043166666667,243.944795,82.19991499999999,110.79111733333333,410.5146346666667,15.306236333333333,138.433596,476.92254699999995,111.32045533333333,42.92331706666667,93.44237566666668,177.257608,259.8680656666667,133.41351699999998,25.994869000000005,402.12600530000003,405.1619033333334,44.841396366666665,171.85123466666664,63.27723966666667,47.436113999999996,107.90025700000001,160.54470366666666,22.761733666666668,51.49348033333333,23.875968333333333,94.81842233333333,211.16419900000002,75.78374766666667,88.67127066666667,35.89802633333333,32.64328366666667,63.712105333333334,50.48641733333333,109.54134800000001,150.7054413333333,179.691768,56.244656,41.797641666666664,39.153618,54.944263666666664,175.31510366666666,546.1151236666666,18.18489333333333,67.15865000000001,172.29037000000002,141.62872233333334,137.01060900000002,25.31112733333333,82.403846,73.40451833333333,42.34405433333333,334.629446,129.78470933333332,20.603315666666667,22.098253666666665,375.9593576666667,275.01299133333333,82.81221266666667,96.62026766666668,363.38716300000004,43.479701,293.63891800000005,53.12251266666667,84.91561300000001,76.201686,306.8571566666667,174.63437466666667,54.032988666666675,37.938952666666665,193.07778199999998,56.32142266666667,33.61413433333333,16.166311,83.00468133333334,101.454567,55.393439666666666,55.17643066666667,568.800033,60.49663966666666,315.9840843333333,124.67708699999999,590.9937160000001,129.80162166666665,76.352149,36.924338,21.883048666666667,41.917128999999996,44.52138,469.45921866666663,67.565619,29.554687666666666,43.35399433333333,98.93584066666666,199.39654066666665,303.29111166666667,47.33459933333333,57.40236433333333,48.342672333333326,249.81699200000003,61.468876333333334,85.15933266666667,237.68472400000005,73.22041033333333,703.5880626666667,92.69285566666667,30.513988577333333,51.788033168333335,57.50887,43.068410666666665,77.23361966666666,77.185014,69.21082799999999,68.41212966666667,93.37031833333333,42.44011633333333,90.15868933333333,152.570729,51.737047,40.80780066666667,80.95508266666667,117.78672999999999,127.23076066666665,119.21209233333333,94.84662800000001,64.370068
ITPKA,179.768689,420.914522,52.389695,13.10864,113.010063,7.287174,5.98487,63.362118,130.577279,6.020866,51.526491,100.27416,798.179428,1171.9084,331.014306,708.015229,11.31726,4.982277,438.317331,996.196978,14.816492,9.569025,46.050371,1411.374237,16.309111,294.399095,121.935684,4.889922,382.022237,5.433482,19.25567,111.408077,154.588441,18.84727,226.188626,3.318154,5.784069,15.617183,199.314797,79.956698,7.054313,451.138211,1102.501807,8.857467,21.372519,289.275929,657.187306,154.179214,14.021472,12.328766,76.783785,279.132405,115.403929,132.698694,6.049736,9.520873,6.078997,50.87644,7.327995,12.01591,7.571886,51.644351,6.135566,5.70147,8.229956,4.164009,7.046118,4.802203,6.127913,12.704576,471.482455,55.237846,236.921493,500.397684,55.484026,706.385474,71.533276,49.802055,7.079006,6.291423,9.306373,462.933703,3.14988,9.688124,154.24743,7.297182,305.701118,122.790119,262.293498,3.355256,231.399059,12.647457,527.168485,9.797238,15.062098,20.800686,156.264878,6.326095,37.45075,569.008211,30.439941,5.790142,11.769642,156.053235,31.422881,211.671357,9.070153,79.613511,177.075221,43.768471,17.115018,44.540787,11.441872,29.756524,36.560499,117.888144,3.017764,4.230197,117.206853,333.901627,5.374561,48.913477,4.84288,9.396272,194.141548,6.256833,47.038349,6.905896,193.632097,26.385332,24.72863,4.368557,152.886802,9.595793,13.947907,42.481412,52.939539,89.087502,6.898632,151.171864,15.203746,11.186672,4.693668,404.297871,18.348327,7.182994,9.397079,3.420188,190.817297,8.078866,6.853834,6.700106,36.445235,6.139617,5.187569,27.571092,4.682812,134.665959,6.097336,11.298424,5.787567,47.09415,212.120482,202.539634,8.470514,6.013155,4.820798,14.121622,18.345522,194.417452,4.425017,3.216648,149.914539,14.305671,11.070379,112.133337,22.659847,4.730256,7.222393,12.791323,340.428484,3.717868,452.610708,121.44356,244.641276,10.03655,72.584628,107.840015,7.602372,8.761984,18.10205,3.84363,7.67805,15.813282,5.955791,7.164498,5.816936,629.060212,8.23353,5.502823,272.375424,15.172132,55.041976,7.660529,5.837102,85.071997,38.208424,6.567979,21.834569,131.149752,8.387509,121.947714,13.685073,6.841235,3.041208,25.869402,10.701798,4.346201,6.68654,5.721072,9.324358,7.123094,17.338559,7.100494,70.334609,12.340199,4.424648669,23.77459043,6.725241,4.546856,5.805404,6.182203,3.892718,2.616655,8.193857,5.774737,5.303026,7.189685,10.200458,4.097815,6.120142,27.516557,34.925568,10.501326,7.216693,6.723671
KRT4,15.915330500000001,16.372298,29.4919735,54.178587,26.622219,161.5359675,294.049418,25.5796325,14.4858635,98.9751675,27.668678500000002,100.71307850000001,97.4378945,62.833700500000006,35.0206015,15.552394500000002,15.6857545,7.753852500000001,6.5525795,9.7523895,11.1381715,34.8337045,44.601907499999996,6.0950695,19.445764999999998,6.25501,52.7365025,62.620749499999995,9.062767000000001,22.735435,5.6852955000000005,18.3987895,13.804764,4.747301,10.2440055,25.473254999999998,8.0529425,27.079247000000002,73.7190195,60.510478,8.263089,7.959002,7.9286245,5.030086,17.9531405,5.021369,4.297239,44.366260999999994,7.336565,39.947565499999996,23.493360000000003,25.823542,5.2469955,36.1391325,156.1020475,69.285722,49.855816999999995,72.47595100000001,16.1798885,8.1519105,14.577624499999999,6.6638079999999995,358.85314050000005,3.858835,18.396287,48.450148,93.2384485,198.901975,4.1652925,141.8828745,63.262460999999995,82.682192,50.5069625,54.6428625,22.5607985,35.4531995,9.130593,238.7777065,60.978915,21.2776935,336.7805555,412.30597500000005,117.5392365,33.1106985,39.9677595,42.554826500000004,46.2471285,31.547594,5.794916499999999,11.318680500000001,4.3286185,56.437436500000004,56.306893,19.0988695,77.4144715,35.900259,4.856044,93.099084,19.589385,10.8872545,22.7469665,130.389041,11.047252,6.162247,12.145367,30.5732125,23.294145,6.503264499999999,9.5128775,5.8053004999999995,20.4676125,31.343784,75.04988,23.391569999999998,45.5753545,51.316306000000004,10.812229,27.252488,19.529372000000002,14.917681,179.6202345,29.921923999999997,47.860906,115.440424,38.923125,17.5797465,110.862602,28.522450000000003,19.9016865,53.006896499999996,50.109062,7.179895,212.604677,13.66841,9.758820499999999,10.752377,49.750892,15.125856500000001,84.1415805,5.071871,16.7178495,147.8808725,141.81246099999998,6.398,549.873378,90.124287,142.8770275,93.575479,11.029639999999999,44.2128525,20.77214,294.07237200000003,85.595786,42.971017499999995,56.1108785,43.6716125,13.4223385,33.1423975,126.1797165,87.9605625,25.9660695,287.254953,294.0527265,23.29067,47.031583999999995,146.4829665,161.015622,62.71338299999999,14.326725,41.2428055,68.3203915,12.578156,46.1204375,36.9139525,51.2701925,1066.8601315,15.242324499999999,29.748835,115.95069500000001,56.54562,6.592383,169.94066800000002,35.0501395,26.271998,29.738405,29.8230985,82.5848615,21.481756,31.112222499999998,36.099774000000004,44.3789895,103.5454785,60.460682,28.129216,99.61220100000001,46.027959,141.82652050000002,34.5214585,43.7579125,9.050193,10.211801,23.007384,46.800995500000006,70.19973499999999,57.759113500000005,80.1760405,9.7058875,6.6321425000000005,47.062328,36.879463,52.977757000000004,24.7869955,25.1917545,42.9610695,14.274460999999999,124.85097400000001,78.2916335,43.2983555,46.60003,9.36708,22.1524465,103.85755400000001,13.991843,158.8580535,104.60402049999999,36.415008500000006,133.381242158,273.76843011349996,70.0127535,99.926859,105.9267565,45.905668000000006,310.192161,134.9479385,151.22996899999998,72.46248050000001,189.932694,134.33123700000002,144.4647545,47.5295105,181.384203,164.6283995,87.877365,40.645219,256.430488,382.2480035
SLC34A2,13995.61358,10504.0638,12740.06543,8273.387,10332.83159,7690.72173,3686.1892,7632.819,9761.2846,12084.589,14435.2237,8499.03205,343.6392,2165.3253,1928.7705,7410.818,3040.5994,11631.01816,678.44285,6327.8034,836.1564,3352.8393,1704.4498,9310.8928,6673.1239,822.5508,3714.8148,5544.981,7733.609,16764.4772,2673.7805,7154.90007,4772.457,84.74413,4128.1969,4717.0639,1398.3961,3981.09316,12688.6972,5914.15716,4791.4927,2927.9628,12600.4111,2333.8335,7205.5468,7018.2235,1033.0702,1279.3165,875.5239,2060.1171,7982.8808,8337.8195,10604.6483,11153.3312,1386.3637,6613.2816,4909.5726,8421.9445,843.01647,1901.73424,1258.21554,175.37153,3659.12719,3267.1268,1256.1634,6496.56763,4641.1465,4085.0557,5520.749,9756.108,8037.722,7611.3034,1278.118,3611.1857,3844.022,754.367,861.7823,14086.7322,10491.808,7066.269,5901.8643,245.3189,4021.3727,11627.3082,2206.2259,3663.072,10073.4413,7229.4203,3897.941,3795.107,985.3949,15393.7598,8525.8205,1338.1629,11531.8472,6334.6491,1132.8328,15772.9527,2320.4977,8679.70001,2915.4244,7972.787,7009.37634,2856.39161,11804.14586,6440.33802,4448.15605,3204.88716,4713.9248,4421.74175,6469.03484,2254.80957,10690.4456,10744.3312,6419.0828,9722.0068,2707.4141,7566.4336,1557.0413,5327.6096,6668.5026,5466.54,8274.2569,11023.4736,12266.2065,8130.4168,4017.4981,6441.9514,13820.7517,4876.38495,8213.2333,7315.089,3009.7793,6880.8095,151.4729,3994.30371,6214.22012,8142.37057,2134.8956,1310.1644,7376.7217,2914.0224,12104.697,10096.752,7328.8504,15249.5003,5020.947,10112.615,8294.9725,9324.73,14717.7587,8966.5013,8002.013,12653.0783,13326.0808,2078.3344,11355.3587,7673.6293,8761.3634,11298.8319,5569.0741,5914.3329,10627.4692,7325.6042,12733.6287,7405.335,11151.4669,13100.2018,17912.839,3751.687,13920.793,16249.8999,12198.719,9038.471,16090.8885,14561.754,1510.8526,2157.4931,10190.0011,8676.4139,7303.8008,7396.1075,7005.6188,2765.1407,11350.0201,9783.627,9013.298,9315.603,5138.389,13441.512,6313.153,9452.1473,11866.584,8815.449,3333.103,15871.9356,12476.66,8328.3517,13248.339,9353.8772,7918.7482,11217.9743,9647.7345,10471.1838,11460.435,5764.613,14399.6286,6805.1631,15267.1359,6293.5293,11092.3586,9848.0023,11221.289,6201.8352,8153.393,15891.1391,2951.2568,9651.2176,9740.1648,14476.8391,7715.9859,7005.0369,12286.7296,9488.4964,9684.2543,11869.6374,7644.908356,5854.654344,6164.0147,4272.0964,6989.4104,3329.2065,5632.9151,5506.7538,7224.4396,6246.7208,6124.566,2048.8833,5939.8779,6145.8302,6019.1918,3989.2258,6750.2656,2749.2937,8395.652,4325.8357
SMOC1,15.709633,31.651043,190.6158365,33.530857499999996,115.3944855,56.5031695,24.271285000000002,25.8153885,613.8496805,48.0921005,102.09518550000001,38.5893305,16.2989775,65.341264,43.056792,25.549958,85.242898,25.6429615,25.988203499999997,21.862288999999997,146.148618,122.6923845,353.284032,24.144683,55.924847,32.7970195,233.804623,78.4999635,92.06598199999999,25.2788385,46.885868499999994,139.3748855,60.317491499999996,228.714089,74.3293315,40.4992285,156.8744445,103.228627,16.7905425,68.8692435,70.2974315,39.2823275,22.283118,38.1715025,164.1758375,174.0068705,26.956376,91.647565,166.69203299999998,74.6808345,185.4853545,34.10404,77.835495,34.7196055,150.2560085,52.4507855,67.1424445,32.255939,1193.3009405,60.9858045,37.582891000000004,379.0466035,81.3073605,33.4735795,43.7044965,61.0302875,46.880556999999996,64.38917649999999,117.91008400000001,60.251545,57.3173995,98.902056,74.3870205,438.242023,19.6656295,50.979708,274.53655150000003,19.658330499999998,37.98354500000001,73.725426,59.767855499999996,29.0994235,38.0712495,41.0339415,36.815467,93.7185615,39.2934145,118.940211,232.894695,99.292108,93.707743,61.4131275,38.083575,142.10682,23.078333,62.886939,36.860516,42.8926335,113.0493505,369.0981985,99.854738,21.095856,12.286071,463.003577,35.063394499999994,30.606513999999997,145.2380935,67.47123400000001,97.07480949999999,22.737574,54.717752,116.456877,18.6742925,35.855872000000005,73.91526,48.5239095,224.797269,70.3963755,225.768726,25.168264,52.5020775,44.612904,102.67077549999999,67.712477,45.280013499999995,23.438189,56.13023750000001,20.5356655,28.2998495,35.718785,142.15272,48.831792500000006,29.790605499999998,207.942252,28.3784525,36.745308,28.136245000000002,105.3012655,79.15200300000001,100.5007605,101.17299750000001,132.8747555,86.333171,49.563629,34.667086,37.629678,38.7778645,65.29691199999999,86.1130955,75.7211495,31.8270995,12.009238499999999,154.5486205,83.72313249999999,42.2501705,112.1520695,38.066522,63.4212065,81.5007545,10.8887715,61.2343395,46.404962,16.783168500000002,629.505239,55.909411000000006,12.567052499999999,47.7626485,30.774625999999998,8.593744,55.355881,35.398587500000005,44.742258,28.967961499999998,100.88436300000001,6.300238,40.7049885,100.210408,115.88174599999999,18.5798815,126.5659935,35.445037,40.889104,119.4978395,89.875047,71.6168845,36.792607,18.5225945,107.4267585,60.800001,22.777556,282.236088,35.1974655,45.3252025,50.638511,46.58593,32.643639,27.10613,40.5696785,51.6768765,44.1963805,63.1863755,66.1639035,49.636933,66.69035099999999,75.126444,55.077706,16.0776905,34.220574,49.1021985,30.3424615,38.021764499999996,35.468327,41.8166035,38.838231,90.0807575,71.973525,71.0679475,38.7998385,34.5854585,24.677923,52.649298,84.918583,43.503402,39.8212605,93.44142049999999,36.5108665,11.901341779,25.265683805000002,29.334094,62.3535615,23.1355955,74.12840800000001,49.5143265,44.3668095,52.252785,31.337818000000002,47.118434500000006,83.4635525,50.312889,44.063662,41.4080675,100.8760135,86.617043,44.272336499999994,58.649605,35.3576345
MMP28,1457.5355032,439.595508,930.1487623999999,62.26268,547.2086956,320.30672100000004,165.320522,159.255048,307.4222526,454.9785524,587.8880906,492.35163300000005,103.09444800000001,580.0928746,902.7410114,174.6350258,39.244583,372.60052099999996,40.344260199999994,445.23766720000003,237.272804,198.903186,99.1688602,3131.7368814,97.91615440000001,372.6902388,331.9092402,258.04360099999997,168.5535782,431.90872820000004,340.2239706,113.51315259999998,135.5590122,195.8569258,440.85200199999997,93.736264,131.497096,106.9805392,821.2272720000001,138.01188240000002,123.48729800000001,601.9523696,103.2897618,254.78481860000002,2504.6863034000003,198.7883574,96.1516108,249.70903119999997,116.41679719999999,106.0373538,94.5992784,44.687424,407.64916980000004,368.526831,131.7433444,251.5507082,189.2432558,194.529766,50.802386,72.37100480000001,45.1378952,63.2158596,321.4509936,50.496116,113.758566,210.2787858,474.77710779999995,254.7518344,251.65663679999997,245.65064320000002,1380.5912062000002,270.4836018,67.037339,96.95078,306.10734379999997,781.2048198,32.5133284,204.83857079999999,467.63394159999996,354.14637619999996,345.1154462,122.7011798,406.7108186,487.1642688,456.06668040000005,202.7182128,862.1231884000001,377.0374336,164.8212424,171.58309300000002,27.8853394,363.0096246,275.2392066,30.519650000000002,655.330137,181.1562966,65.165262,730.806726,180.2261384,263.0535702,321.438186,703.479962,506.00564299999996,64.1031728,195.27412220000002,375.25395,101.71034619999999,205.21052500000002,115.05614399999999,70.1585916,117.02902219999999,104.00251800000001,1567.6088015999999,274.0329642,180.7425548,594.9721558,146.5082942,258.1991506,26.9919714,38.740326800000005,172.9763062,160.7844856,291.8512396,340.1001316,868.063112,28.8313024,260.77967,61.538109,114.263671,66.8637306,450.429536,194.46177600000001,59.340792,40.164880000000004,38.732921999999995,422.76455079999994,231.39562100000003,315.2218438,109.909102,130.55496399999998,254.20882,188.18373079999998,300.7047992,292.374885,140.0272064,360.6953348,341.5703998,374.9548098,292.4019658,236.5747868,938.3889569999999,263.6310148,206.028989,431.13409220000005,202.19977939999998,165.2948408,614.9086044,47.1712988,187.1780442,817.2916246000001,262.23076039999995,390.221864,814.1319748,58.4922816,339.25030879999997,348.3308404,416.08300820000005,428.6757358,427.5784934,173.0645708,329.026368,735.7440928,827.6904406,97.009207,888.0540859999999,323.1154574,57.458647,80.2352364,548.8241558,123.8505496,882.0264792,749.6425652,284.6194746,92.4208796,366.8866798,540.5781296,415.67652200000003,152.9640428,166.7884706,335.52148300000005,47.718272,542.8375573999999,719.4148502,454.74184699999995,345.2289056,1002.2395661999999,427.6778436000001,280.679754,260.51251479999996,155.2245852,228.20108839999997,193.246441,61.08903499999999,111.40141859999999,486.4760646000001,93.4803922,446.01504880000005,529.288766,481.7375368,120.4743318,397.1698136,1245.1070638,703.8838578,389.7619498,234.4015782,860.3968828000001,58.46847,186.6740654,734.1051598,341.7919334,209.27389320000003,269.38923400000004,206.3021374,598.9734764,243.5554094,580.216856,545.0783607400001,454.03233216,485.69857119999995,484.152167,579.2729216,330.03570019999995,390.079198,464.0454616,419.87095639999995,466.3859824,442.23578180000004,319.8665204,395.8516118,512.3158682000001,408.43662359999996,284.1762898,374.5669366,198.8085272,360.14122280000004,312.1463542
FGFBP1,79.41352,787.52678,1019.28492,391.48199,385.05542,376.66862,1728.54575,179.83797,96.97132,150.44346,247.02451,303.43825,419.81295,507.75193,195.16303,255.29337,138.74818,433.01183,112.43149,225.14691,80.21,135.93384,198.78746,619.81363,232.70819,453.808357,170.078932,302.82325,146.61571,46.949196,88.93393,189.81196,158.0738,34.3594,495.99224,421.9445,139.39216,261.80376,752.03434,180.17178,170.50541,867.78142,103.47881,113.30876,99.12298,688.41783,195.91473,618.6144,87.69812,569.53857,167.13294,501.3972,506.17667,72.91331,265.25903,111.32815,102.67607,1440.0493,49.8756,383.20273,143.3115,130.06785,232.17296,33.16005,171.51492,72.15835,54.9685,122.99221,65.69273,216.57064,360.32308,207.649213,254.47896,4415.638659,116.111007,262.421766,182.01999,283.85747,59.71679,93.45792,113.31595,560.97066,118.96283,61.94902,63.53437,146.49482,172.12925,155.91388,127.56437,132.25635,145.57173,157.432424,106.33055,133.17948,284.58292,125.36075,171.32459,196.62922,103.25264,18.80958,121.60659,38.05466,24.05117,105.396,286.94821,233.81339,166.51022,430.55267,106.44979,636.84012,71.50899,242.0199,101.0245,61.81619,78.744816,330.51203,232.00757,233.63598,126.64405,146.53283,118.8428,202.53322,162.39401,123.12429,182.23836,258.72787,521.5765,152.95241,245.07558,255.54245,380.52736,73.46969,124.55614,163.52157,2616.22015,359.59984,364.54896,201.56785,211.18915,175.31057,531.61649,132.65903,67.95401,789.65387,198.53613,230.75256,101.40791,197.5927,75.97989,161.34589,184.370401,150.114809,437.518032,176.29322,119.11858,120.872642,96.94098,208.45554,104.48953,80.82287,316.08251,186.73246,196.90324,611.26058,108.91819,101.21329,51.830981,145.43996,39.85807,189.05649,109.50595,63.99707,225.68108,129.27872,104.35634,332.11399,238.25606,124.04257,102.58189,55.01547,422.95592,120.58421,184.90051,378.95557,188.78501,100.19391,194.56687,266.23184,143.31405,129.66899,595.59988,179.57407,185.91824,226.17288,71.32528,158.53142,99.12902,283.140109,52.764562,8.082957,286.363786,137.03803,214.57619,155.463205,41.7708,320.49446,194.4906,48.88461,52.93466,220.73404,145.86171,26.67552,67.56999,254.34092,91.69882,144.9769,329.1415,75.57966,52.61283,88.67269,107.74956,143.58105,56.30056,105.21413,575.65056,77.80524,83.78918305,105.2163118,282.61939,62.102076,95.666274,68.339447,120.76839,208.276869,123.75492,85.679582,125.337988,73.192811,106.166839,111.057827,164.335765,212.024238,121.98781,192.407333,1116.019646,113.262451
CHIT1,4.427476,168.138464,8.173706,156.762582,23.062771,1893.410552,174.283963,42.121682,51.268882,1872.970626,6.027614,60.615807,9.128573,714.22725,350.05492,43.90454,228.62758,81.70643,3.519357,646.752981,9.546129,167.99371,6.714034,661.395964,965.032147,9.389129,513.680861,8279.875514,1679.909241,175.895119,3.731883,1215.263559,1016.893093,62.663044,2548.04634,516.396028,66.248246,1533.272934,172.473046,621.23966,432.665641,434.64501,441.24572,1250.01951,6322.055555,1750.42186,12.86738,263.84203,58.35632,482.90622,1042.93663,591.10816,210.37115,773.961175,131.26031,2462.70081,7144.271554,649.139605,4.725491,4.042881,91.812701,4.660411,111.506182,200.495798,8.975007,165.226689,11.592943,7175.415424,73.920275,313.669293,1223.985887,7507.343057,295.026563,425.528625,218.364516,106.842628,14.264126,1160.103356,403.08897,528.564791,256.768824,239.895985,74.835726,304.911489,437.624418,543.986187,60.728655,115.42589,78.159229,664.250132,18.65873,2.952513,343.149563,18.187378,51.921352,220.207205,134.091751,249.70675,266.07692,39.852994,209.288632,15.713155,44.297928,98.07662,62.014953,9.570022,275.341513,229.721518,1903.764989,812.930402,113.740208,6.078855,669.22253,589.95744,1021.892095,43.20918,63.14325,887.13675,309.16897,431.48605,188.49356,539.81805,2987.61062,54.90569,1892.33094,26.66221,498.115,453.07243,56.58732,358.470022,983.657951,5847.604905,159.469352,91.166005,71.679875,123.937493,1618.399691,511.918252,19.783564,776.431808,814.96226,262.991696,106.139577,9.131229,9.390358,749.08124,1438.587787,191.418225,3538.675803,91.018381,112.577956,612.302195,30.705609,449.994804,114.285873,493.660844,299.548231,289.682323,82.74713,252.205843,130.015319,58.355498,280.61072,42.444311,2482.106818,242.455964,7847.209683,777.32763,302.562045,126.268455,572.697908,9883.736199,399.149512,58.317138,534.89469,7.559515,9.138248,107.215196,702.627154,458.321608,63.899377,73.00278,463.073727,3379.716698,925.005725,52.839419,264.020418,66.94582,307.683579,389.805723,431.39363,5.450022,42.736829,6.669336,29.019354,37.42354,21.55694,98.83558,41.013948,860.696814,118.088214,15.898755,43.451768,93.118296,1756.730123,4152.30763,95.093289,7.265463,34.545181,1353.699209,271.540806,8.637091,51.070487,471.83304,65.374734,217.769567,191.911019,212.741621,1165.486991,526.234625,268.960107,573.879309,7.233422,30.753554,41.317769,260.409695,43.67458173,127.4214921,495.362066,826.480428,5.281384,1097.367564,793.047902,195.00633,4.683513,47.97517,224.149135,391.164896,316.149496,269.580139,2.350206,2.217278,80.461421,61.886157,5.895817,74.324184
PCSK1,1.314274,9.767237,15.412464,1.843097,6.653327,21.851661,13.567515,24.303453,9.9449926,80.250848,31.7670149,28.269484,35.058,4.226845,7.964431,1.800616,11.682877,14.92904,10896.14734,27.842674,393.864402,34.147351,69.654832,18.134186,446.6634788,65.38584,30.650032,32.539299,79.118018,1.484719,69.9646432,44.822151,23.01162,57.14111,47.274673,10.654647,20.672633,32.834587,15.529518,22.399758,41.436669,34.929635,42.255188,141.729785,28.987922,7.267673,1.886125,18.429772,20.768259,54.65307,45.279862,12.198401,23.086052,22.533712,29.289771,25.01243,25.19311,1.251492,7902.830624,15489.92664,35.323862,63.097137,41.702445,272.458587,100.285759,39.402954,0.519791,5.672379,26.589911,19.821097,14.551905,4.994677,55.700539,69.933752,40.066428,4.478452,5.4323364,8.159699,14.285097,17.327138,4.418506,107.444354,1.018674,13.46071,5.037138,15.624733,1.17969,31.882848,37.121247,31.984972,73.654726,8.7717,11.5468278,5.2287076,5.8677841,34.7148685,32.1063442,4.3841942,9.3839524,14.730972,54.064509,1.67907,1.422294,37.142718,14.811617,1.921033,21.296193,4.349898,18.815582,8.408718,5.03208,8.436442,2.979088,4.158157,16.150106,11.051389,24.060002,10.80287,8.037109,48.193494,18.921437,20.056844,21.143308,25.476034,18.647817,24.111321,17.523605,52.38106,1.407627,50.667364,4.716523,37.01077,2.035248,21.170754,2327.449469,23.507949,31.187999,35.696915,249.569571,5.33528,19.641953,11.695592,11.911028,20.412614,137.700209,3.282785,28.346015,15.083991,10.711245,25.217534,3.766682,3.451643,23.358774,18.192458,18.657902,58.325408,22.0797442,55.7899995,18.974402,12.271559,5.116302,3.566804,19.139856,10.321008,8.979162,3.519887,15.048551,3.5341633,2.634621,7.393596,22.141278,3.542073,29.345807,34.855827,5.008194,3.597429,6.274602,13.241512,5.642781,11.263659,12.859935,4.7206546,30.288016,14.266929,21.178718,11.878737,32.492285,24.202092,30.617337,14.841253,18.70223,12.681678,14.229445,1.573674,7.895266,11.867497,10.917953,31.313267,7.727116,15.92681,13.472632,12.133437,15.10802,26.806126,10.2430672,48.6441676,3.642961,0.6323173,0.8950188,9.9261844,14.7470707,9.8432127,3.9054346,4.796071,12.9316075,21.9012996,11.5352091,12.3468467,18.5683946,1.4557142,9.9379498,3.8958006,12.405105,0.9548406,67.5715363,15.8922836,3.37967784,25.1004611,4.509131,3.598922,22.887787,29.416559,30.587029,28.939251,29.407215,10.977544,24.6688,28.089267,6.619206,16.04257,9.80155,94.049167,13.150812,28.391047,333.665686,26.198581
XAGE2,164.07683,86.44006,67.82695,75.40798,114.94996,124.92098,21.95295,132.21858,124.91148,232.53316,93.26075,126.20746,86.66383,137.29754,93.94944,130.66282,118.11853,24.43056,64.71713,64.44327,120.89471,135.63116,232.65559,123.40692,114.38635,75.16804,208.11774,196.59893,91.37102,48.4707,126.84973,122.4634,91.73624,78.23825,132.69089,109.79091,186.11151,207.56681,86.87052,786.58033,177.53395,46.22392,111.53105,266.38155,84.44316,112.21177,256.03795,117.17474,80.96514,670.94024,106.61224,54.97358,167.8839,111.55216,62.54923,142.92976,93.76778,105.72747,121.381,137.66337,101.53595,47.55404,242.92292,75.65049,121.17465,419.15289,136.43344,170.45528,189.01636,57.01439,111.18719,99.52864,127.4214,263.80587,68.14914,191.465,113.26548,48.18699,22.97294,122.94614,189.23593,60.90079,176.36854,138.02468,60.70941,132.61578,85.64502,85.67251,66.80412,65.43474,118.28381,110.45058,187.66577,131.53719,163.45708,143.22824,428.85609,58.64364,175.2339,90.55959,374.27931,105.17301,112.49385,161.23305,189.94837,69.90619,119.17771,151.13297,133.969,96.63928,366.5879,39.91762,69.63493,104.89891,119.51547,144.54366,101.53271,82.63564,75.58918,65.92292,118.53133,115.2881,75.82955,106.58293,62.09916,145.54325,118.94927,135.67589,82.53801,145.72756,57.8941,71.22902,98.00758,107.32606,119.01855,86.79393,97.86961,146.37547,88.03333,90.64515,95.31077,270.80383,19.08884,137.32566,121.85888,26.28636,66.98689,61.63816,55.35992,59.83659,130.97652,78.71987,100.23479,98.13457,113.08629,85.8752,159.33918,109.49632,105.5648,87.93159,93.4258,146.54282,124.4875,120.06314,156.53918,216.72008,56.53367,68.00428,62.21518,186.14663,114.71218,82.88936,159.90723,74.7281,80.08961,70.20804,82.43042,334.92302,87.26108,131.19789,123.1068,69.15768,79.66915,164.32641,80.81085,71.5088,63.04538,103.16596,46.92449,44.66385,225.65852,67.31462,119.40639,141.26841,129.58883,159.82746,128.55979,164.78695,634.51383,80.0382,102.79279,127.57134,472.67873,162.93676,145.03042,106.31284,95.2733,121.44037,16.26962,270.3114,86.5713,30.73854,110.56238,65.37822,171.95673,100.33671,109.83179,88.72612,117.17671,98.10523,100.82953,66.87817,127.3152,92.19386,199.41556,92.10009,228.6008201,199.0364641,233.99643,140.14947,192.13695,111.81401,246.29264,414.90072,101.10995,115.53905,242.52745,66.18039,195.316,101.80933,121.35835,238.48211,239.44611,297.02159,235.97106,171.77546
FOXQ1,788.7149,5566.5193,4694.8616,4685.5244,7347.6932,3934.3822,3763.4061,8544.0008,8559.5195,3054.909,3549.8485,1655.4757,1815.8264,16187.81801,14283.49895,3842.28026,2260.02345,2220.9851,114.8027,13022.0928,7613.7131,2616.696,3035.476,9021.277,6212.8714,4514.8232,4690.6812,6966.476,13258.579,2484.8493,10087.0541,2110.7171,449.5899,4354.9814,2514.1414,1476.4494,462.2741,4642.2564,6839.1172,5040.7175,674.4111,1823.8468,7194.86735,3835.15027,2759.661,6536.28834,6443.78818,8732.53288,786.7843,4408.09512,5953.062,6274.66539,5978.05561,5722.698,3725.82128,5527.38668,6020.62,2665.7562,401.7795,51.743,1126.1989,4781.4665,2236.8258,356.9566,9494.0734,402.6578,4473.1127,3506.508,3816.405,9345.69,9172.953,6014.1235,597.521,849.1314,9925.2487,14291.7926,851.1826,8063.039,8647.727,4807.153,2341.427,3966.531,3369.309,2283.918,12729.482,1933.685,2728.218,9810.621,1731.584,3054.513,97.45225,9904.2935,6166.0432,1820.6147,6974.3358,1767.6017,1584.1306,8777.7542,3708.6465,9645.7989,2124.1436,8834.1019,1573.5449,2574.3979,6764.2077,2617.6239,2172.1297,3889.6284,7116.2214,774.077,6648.5561,1348.3942,7859.93043,4479.53398,2291.853,10092.40054,2845.73148,3967.07037,1756.99769,5340.92329,3800.52153,8517.25721,5320.4029,7571.80204,11476.02901,2077.43115,5107.83083,3619.6305,13897.20896,5900.8149,5346.2239,5283.0292,2743.2072,4987.1688,12555.0449,7453.2299,8621.6081,9594.3655,1878.483,5141.6744,6055.13685,2968.327,7846.03,7371.055,2702.324,7490.065,7386.306,6940.151,8051.177,8369.9244,2227.1988,9149.5294,3742.9114,7038.413,3565.927,3166.6711,3175.3836,2310.8726,4607.431,3898.874,5967.647,3863.644,9024.75013,1870.607,7309.59,4678.294,8634.009,10279.1958,10401.081,8408.719,9282.835,2647.216,4313.722,2885.189,7317.53024,10076.473,1359.301,8118.384,5112.896,4410.843,10386.025,3544.1147,10652.849,1871.956,6962.562,7934.162,12408.001,10607.018,4798.917,7126.882,8914.498,5705.491,5641.746,7030.229,3759.833,2876.25,7549.25192,7904.1151,9161.2899,6365.543,3073.5416,8809.9942,2108.0731,5393.226,6281.7526,588.4727,7515.9431,13492.2878,2077.6126,6233.1565,7083.5976,13126.6421,11991.4078,8079.0376,5081.7972,2782.3443,2142.4806,9740.4695,15077.5731,9163.8885,12630.7881,3311.1289,8442.1756,3920.9484,10906.6457,4964.8928,3253.609504,1648.760773,2806.2275,3532.9558,3225.7157,2795.0808,3177.287,3011.8888,4059.4438,3296.4257,3403.5459,1743.5444,2527.8733,4002.0849,6041.8625,2140.6733,2858.5551,1576.7665,4387.5385,1707.7029
CHGB,44.011974,1083.82924,60.629834,1130.1505,1987.998153,194.735929,48.44621,74.3419,88.523826,121.54105,258.497166,42.497324,31.89308,22.83141,42.26942,3353.68277,184.00736,116.500903,2947.858285,6958.155836,137.7161,90.001505,380.190804,37.072027,1173.414603,24.417244,94.015506,42.23516,40.69544,36.981508,32.046672,2311.821907,33.456104,3.922223,46.81972,30.26009,63.69463,64.365102,1047.85552,87.296141,42.03266,5.36453,87.18067,16.28878,51.456681,230.94956,374.01377,49.50537,57.31262,61.604,89.55368,29.3172,30.79777,64.003345,152.77835,185.00327,35.479764,25.69692,29334.39153,1047.558084,56.401692,26.241898,44.740473,861.65762,72.61436,55.001673,33.742473,29.703708,106.393144,30.88191,29.93343,71.359727,64.05006,83.802252,30.539157,28.774098,37.238234,241.217237,29.13594,38.21755,75.706862,10.421108,32.309007,49.050389,56.46817,17.42603,187.164502,1380.760918,159.79366,65.15325,26.60084,35.083351,29.582853,121.787574,44.666995,86.6586,60.679187,200.210231,42.856091,35.026239,130.19038,35.42962,248.370122,27.292821,33.786222,162.601296,70.791896,1279.690814,115.29804,26.865642,42.618274,522.025093,5.11636,48.99671,170.7681,497.53466,47.29552,10.361,325.98885,1532.90241,2951.40682,149.917,36.6801,166.48063,54.26527,52.13041,47.83813,44.66319,58.32492,59.9094,35.25751,50.92566,788.68748,79.34933,32.53912,1461.126114,91.993634,38.62197,56.73092,61.65466,116.5503,81.729244,16.74249,39.74828,78.760015,17.971537,67.79088,14.98511,494.017441,33.309186,32.029976,64.346744,53.304526,33.002052,79.247262,28.529687,51.715384,3589.293777,13.52556,44.228903,2.863198,25.799714,50.68891,34.371263,72.373306,60.11168,8.750042,61.856048,45.83949,236.50849,48.9713,44.034615,47.56338,86.89573,19.57872,149.956969,78.385504,83.053208,65.34712,61.709799,597.714559,6.755891,5467.344625,111.612786,18.592508,44.03402,33.56971,11.67005,1431.0807,2252.83111,28.07337,74.682174,63.38888,37.37784,46.94592,42.578524,49.0734,132.231232,1.594728,193.625997,48.490237,35.846092,89.215727,92.139022,52.052713,97.767431,16.363421,116.4527,35.225666,51.305325,31.210683,9.863662,23.752063,2139.733727,1.956675,16.017004,91.633147,147.801535,94.234785,4.236081,164.121368,34.411583,22.969984,24.459881,50.909239,649.276311,37.85733506,53.33010896,31.303642,4.096668,32.569185,21.326932,36.081858,25.176555,31.153469,55.146932,96.134191,46.963166,79.899283,36.120417,34.483765,27.071944,30.874564,22.702033,31.209218,15.986818
GCNT3,3092.10665,5285.03169,263.33973,5779.96181,1811.69276,4068.2617,2777.4868,258.04826,107.44141,264.11705,621.48093,140.7467,463.55027,14038.51551,15234.08528,3485.39535,169.05271,2149.73705,1203.24736,158.88515,75.92934,1355.86992,3447.19255,434.76161,110.38996,17030.67501,4992.92334,4816.90877,442.81556,488.81318,7418.46118,860.34369,148.53598,932.37807,2695.049,4731.57183,194.52552,138.57923,2547.14217,339.57943,224.69956,81.57798,4480.06788,5039.32198,1355.74159,1982.25291,196.18469,20017.46823,145.36807,5961.3724,1297.56335,1285.66191,848.60915,225.03945,3893.73373,482.15759,1576.73183,345.40664,16925.194,1412.10866,115.37811,16021.61379,98.24387,5120.6782,123.34638,213.07485,30.75971,850.30981,348.97948,472.0258,1208.93124,1274.17789,96.29993,418.47745,421.02887,11868.9434,2058.68291,1603.94422,1872.0174,188.80061,809.56567,58.68122,57.45916,1670.00967,1785.90372,101.70539,878.076,3372.5077,314.97443,148.72516,747.001,357.30005,269.91023,3189.69718,21.4019,1981.36945,922.11839,692.82211,714.19733,724.9708,3271.36413,295.98597,80.40934,1238.82342,403.06004,1177.73863,305.84511,7989.9245,791.48373,3128.68761,563.57335,1029.59415,323.59937,84.15618,2337.70721,7281.50603,1985.66784,928.72528,686.24051,1123.60912,2736.13244,2141.44219,412.13034,2216.81944,945.35319,1347.9002,1653.08687,3934.73802,1798.81885,1996.77144,1247.89994,592.12226,3715.8426,3594.33455,2249.46772,4329.65202,2330.04999,3850.05115,511.91218,855.39179,4233.78782,147.54165,3199.33743,347.46439,1600.32784,331.84338,371.93353,3458.8352,3007.78748,1357.6911,2360.5546,129.09022,5037.26615,2970.80461,1637.71489,482.16491,161.27652,3526.8611,2204.06313,267.19873,794.66039,347.31374,2828.81855,3429.66102,1642.42484,493.81456,273.2099,551.73954,2810.23954,218.07166,499.97061,170.06208,289.5376,296.03889,1604.03353,4968.42862,1702.45175,819.60266,161.7805,344.55975,4645.22447,122.08982,3228.48652,2603.52689,1182.16838,1378.87281,947.28707,4353.7609,1953.96205,1432.98845,2370.26497,1808.59407,335.90417,214.06121,120.09403,1471.15144,423.46908,253.37793,5018.14164,750.93191,2090.63059,311.08171,4717.22606,526.15581,1075.4563,748.321,1210.13317,3184.78789,67.20409,689.9609,307.9884,1088.02391,212.07792,765.82661,968.19373,239.55217,1092.06709,429.30467,695.709,797.63484,748.92073,3230.89443,1921.68563,211.56873,1494.65144,2254.9431,47.38050341,37.29085963,52.61865,72.73583,43.53382,19.5023,47.19657,24.25625,66.10656,75.82909,48.08809,33.07479,40.15399,63.23528,26.48821,235.0297,45.09773,54.42205,199.08003,59.4648
S100A9,5300.4024,3491.7941,13696.8585,19695.1992,1479.9335,1610.9094,5375.087,384.2811,304.76493,632.308,8725.243,255.0665,240.1673,89.89696,118.77099,251.89929,342.79436,206.465,404.4256,1978.3203,1350.9337,245.8015,20841.825,356.5228,411.28707,618.38344,243.48099,1168.3079,429.0028,410.97883,418.60626,2971.0453,1050.8195,4367.659,5808.3019,12754.1076,456.5467,274.4035,164.2912,440.3618,412.1683,390.83209,306.38087,2246.33542,2488.2938,2465.47827,1543.80959,647.77297,262.47195,4629.81019,4365.41266,4446.40018,2872.64419,792.9414,234.69916,319.92587,448.0028,2503.4402,124.8892,668.9851,1430.3062,1791.7251,520.9212,466.5578,2698.773,607.4339,487.6909,745.8898,385.129,365.1217,475.9755,429.6591,189.629,1609.52463,645.59587,68.76233,12289.46671,2093.8445,499.999,648.0425,412.2044,947.5486,654.9022,920.4027,81.4187,462.8865,240.4308,663.7976,1211.5164,485.1253,657.7898,201.37188,134.36234,504.57602,346.98227,518.62409,255.09754,989.33242,161.42774,211.1483,869.9438,765.6188,703.7712,6675.3877,250.2654,1125.5882,300.855,545.8355,191.4041,1359.5649,229.1132,5420.8574,236.23363,570.73731,203.80956,1288.81926,295.93042,313.60206,9058.23202,8544.66693,407.72365,927.99689,519.64504,470.76158,385.90238,1871.06054,1519.69022,504.13619,234.32382,2005.6186,221.8613,727.2153,184.1934,4442.5302,6879.661,3420.4617,2367.1233,858.454,502.5369,2578.7637,539.63343,180.2935,132.0191,1366.7163,138.4324,228.5656,831.1758,296.9012,540.2536,1032.17761,477.50344,194.70352,513.86164,322.7573,271.2372,207.08445,208.39145,2014.51437,106.8926,246.2786,452.4475,322.043,416.91679,1959.5652,289.4998,470.8517,115.59783,568.0129,565.5512,154.4083,240.5987,330.0646,155.1723,357.9678,625.26648,154.9902,1794.3227,1094.1912,240.6746,130.638,270.5469,295.67297,428.2433,2693.093,206.3365,432.5962,161.068,609.5133,129.3805,249.7196,3059.4689,223.0193,147.0236,162.5737,308.7452,281.5162,499.24368,231.6344,171.93231,419.29984,211.24775,274.66024,4565.77813,2593.03942,137.91363,1279.44242,541.36793,143.34842,185.77764,987.69076,479.46872,2483.21367,62.60454,159.04899,1144.09988,96.61285,444.22712,491.44143,263.80638,161.29188,416.5107,378.47541,159.69476,348.84861,379.28938,520.26482,480.5283534,1308.22491,236.99853,698.01701,685.44292,1526.28255,805.2153,1030.59904,1455.61549,1321.37491,592.63172,298.93503,456.96319,641.99391,1002.20514,798.06299,795.3015,771.32144,284.79943,485.617
CST6,71.896456,194.00875100000002,93.4003615,208.71353,125.51927800000001,248.64262449999998,824.1330765,76.5547475,75.244458,88.663295,132.412475,70.25040750000001,532.2066575,168.538756,69.05506650000001,202.359286,37.171722,1014.8221629999999,88.74835850000001,39.9673455,253.516999,111.033669,75.06110600000001,515.8709055,43.955988000000005,420.0355175,214.072374,89.9847445,244.592899,83.67379,96.8375285,322.357083,77.541564,49.0086035,694.8982945,66.2731915,83.1876185,660.5744715,364.1561105,261.176778,139.549283,450.22681,596.192217,172.484484,79.5354475,1246.5428705000002,234.54054050000002,117.57213899999999,54.437096,602.4652289999999,633.648446,400.16950299999996,1357.158076,332.1987865,90.280681,117.836529,247.4430835,179.48211849999998,38.648729,39.0229915,61.9506965,41.4202205,137.8138315,47.865154,120.1460735,159.2029655,201.857116,113.98576,45.499401500000005,126.398985,639.8884055,70.28638,54.200289,101.3380185,59.8093645,182.0159425,48.4787685,190.962008,76.6809575,189.47273349999998,135.5013365,1103.0600120000001,261.790079,42.992322,80.40182999999999,93.833954,831.1550510000001,205.3904165,624.1957965,23.3753095,176.93533250000002,190.1186795,172.726555,133.398896,123.8583445,72.641821,35.6827125,89.279635,108.4867405,146.4991835,85.0437885,48.36845649999999,66.427565,85.004112,906.468356,529.2375485,185.42579800000001,281.589452,128.8841705,298.85534149999995,145.062014,490.01595,113.1482835,93.6514645,198.5503105,53.6938365,39.8287775,154.5694095,154.56408399999998,312.635295,192.1868045,208.377159,65.9828485,72.7497915,106.6401305,117.0019585,498.401208,64.352103,395.62847050000005,155.69251999999997,72.29986000000001,79.4782125,150.029109,171.94436349999998,206.284987,290.9267585,298.021796,168.067665,72.060687,132.441226,107.683925,74.8060955,56.7984185,742.0566625,67.668524,240.6017545,39.0367005,202.4433205,168.4457435,65.2494425,36.143200500000006,136.224901,193.85410349999998,124.8072855,51.055014,70.23792250000001,177.345686,3364.416098,154.70376199999998,107.43785100000001,166.738615,201.1833915,332.04336149999995,43.8550005,77.5134845,215.66998850000002,66.65507600000001,441.612505,35.9804565,144.876383,121.17498,63.40585,73.88908850000001,95.25612199999999,76.014741,102.3223625,168.4446435,51.650122499999995,129.1217275,167.814239,665.2198655,234.9083055,473.6299325,160.5360025,167.353792,119.81802400000001,352.842482,377.0119265,122.578221,97.7658745,203.12303,87.0037405,63.029802,169.09432249999998,159.067428,72.36945899999999,139.737403,182.37473,68.292719,43.63839350000001,238.10836450000002,105.0994075,406.850223,56.2569025,53.5768585,501.02348,73.5708405,4.510535,76.232004,188.315407,61.513152,124.2910715,157.959063,262.862304,65.279224,387.058873,174.6418045,103.402366,55.9770535,84.361174,65.2690655,102.235744,95.3767445,144.45374099999998,329.35787750000003,197.7227225,108.8447595845,243.19851896999998,161.57199200000002,230.1812265,156.58271200000001,159.9611905,144.98866099999998,149.87621099999998,111.2579125,152.65150549999998,234.41004249999997,127.634624,177.685692,189.27328899999998,132.7531175,84.6493935,101.63965250000001,113.88202150000001,184.76659600000002,193.00096299999998
CXCL5,51.573067333333334,962.2539234666666,381.32670966666666,18.478864533333333,46.64992566666666,269.6334053333333,229.8074854666667,43.57276646666667,62.9245932,151.27405033333335,19.165176266666666,194.8177906666667,43.259037666666664,92.45296206666667,1998.280248,190.8677501,29.450159600000003,747.1288890000001,592.979378,157.45032066666667,143.58866883333334,953.9291616666666,21.316398333333336,191.81022099999998,33.0824979,5720.025636666666,1441.9544043333333,871.6534406666668,2160.1370526666665,143.404793,4803.351362333333,536.6844193333333,3038.4493076666663,1322.866648,267.0167677,1104.9459870333333,228.33557443333333,35.54021133333333,67.1869421,49.78147799999999,79.07127903333334,42.1324198,370.76743353333336,2974.513110266667,219.12043966666667,302.3879773666667,40.5716971,5257.3753321,34.895956266666666,4818.0935948999995,107.74073666666668,113.74518926666667,173.7159385,157.44696533333334,81.26038240000001,15.995292233333332,48.404886,48.92621739999999,43.394347333333336,657.5393783333333,252.36195666666666,40.848401333333335,986.9525783333333,722.6859845666667,3453.3191237000005,334.8585376666667,105.54104966666665,1227.027367,40.312595,66.434995,145.41402,201.893813,34.21863033333333,70.22323300000001,158.22662766666667,3279.155805,2081.2406343999996,95.18093933333334,662.0778056666667,1367.0807816666666,194.43223366666666,177.75966099999997,229.184677,442.94173866666665,39.66399233333333,294.863135,32.76406866666667,35.389208,506.6496583333333,181.393402,820.3895941333334,105.56232733333336,58.3388713,24.819892366666664,57.799271466666674,139.6135157,193.28989320000002,77.3469382,64.00554676666667,31.557528333333334,192.596375,14.197859333333334,2180.5664229999998,441.7033253333334,13.822386,29.372796333333337,105.69060333333334,45.160729,48.4484065,2723.0782913333333,16.665126666666666,23.624008333333332,63.445286733333326,33.98041093333333,124.18512033333333,38.25704123333333,115.44547376666667,89.99157896666667,510.85264706666663,1972.2687885666664,39.10263153333333,197.6984613333333,40.56013986666667,151.9681894,178.28278013333332,1249.3023637333333,391.8629837666667,23.68454373333333,64.49871156666667,512.4479513333334,209.08473683333332,100.74280980000002,23.963115833333333,98.1207342,5375.3437309,489.626665,343.0530753333333,658.760867,223.66283556666667,451.1932411333334,390.1255270333333,36.10034266666667,319.74157433333335,155.230545,26.873257666666664,98.88093766666668,23.945764666666665,204.1121913333333,245.6704103333333,73.11544400000001,186.092314,72.61455099999999,106.24917,119.69657333333333,23.834393333333335,50.586184,56.6771838,444.9495160666667,11.859951666666667,249.608026,27.107124,523.8529493333334,87.50465553333333,22.112646333333334,56.35026633333334,107.84387766666667,32.21351266666667,89.24260726666667,1563.140139,25.314459,147.62835900000002,58.35951833333334,179.56983933333333,16.231566,425.05489043333336,9.254329,172.90820900000003,148.33419433333333,132.86135066666665,45.69506633333333,21.016270666666667,107.60617456666667,96.35233000000001,1211.976484,34.57939966666667,36.433326666666666,1108.341752,388.60215566666665,20.049635666666667,36.56632466666667,129.98097133333334,253.25587366666664,160.38075533333333,110.96762866666667,45.583607,2475.7547016666667,33.62071503333333,133.602273,18.623260333333334,103.03632499999999,102.54678333333334,271.52386633333333,343.91574199999997,38.18537333333333,172.39226256666666,17.473773066666666,254.60150496666665,59.01372039999999,136.1748791,254.5334712,301.50562403333333,24.352615,58.161891533333325,48.15426466666667,99.83365893333333,31.493022799999995,248.9618118,59.50766263333333,62.333358733333334,10.2980478,33.53132043333333,80.11511983333332,21.378605366666665,107.55828003333333,26.984634099999997,84.11591943333333,135.85342208666665,404.9205355766667,396.91549166666664,112.956932,142.10849066666665,435.25609166666663,357.72019700000004,532.2921616666666,1537.279382,396.67638700000003,395.20236900000003,285.1248786666667,121.08594466666666,480.4753293333333,339.44550833333335,705.9273509999999,67.50340733333333,3235.7857923333336,1085.1659303333333,681.9779076666667
APOH,49.816081499999996,78.795,31.845145,32.706407999999996,291.46092999999996,112.695787,32.4910105,15.776000499999999,33.5057795,214.0862,39.157056,355.457162,226.519343,13.877938499999999,31.573404,296.9788755,12.9179225,817.381554,11.841995,42.7783875,9.269195,65.2770175,37.157039499999996,1363.6006184999999,57.733731999999996,34.509341,22.5926045,123.1848135,67.704593,500.66562,48.2040405,166.9652705,92.0627185,24.634263,183.270375,27.518221,35.5241535,93.84355550000001,534.0233285,758.646742,72.46240949999999,166.9283705,800.9303475,48.7194175,31.767639499999998,108.4650065,35.849742,28.306689,32.095697,435.6474055,49.48588650000001,238.288665,147.803011,179.63372750000002,135.617599,200.61523499999998,7189.4011645,23.474971,20.54383,47.859084499999994,53.2312345,23.8030185,84.7363775,19.2071545,22.160291,90.935581,263.12543650000003,27.8660775,413.266144,134.35269,631.0477334999999,1040.3575830000002,42.911587000000004,50.432922,576.5758655,20.499260500000002,13.7323935,899.2517775,1176.1894875,147.475868,381.8801055,18.175537,182.090181,913.8934135,687.35782,204.80806850000002,405.553454,780.8446865,34.1321645,63.338899500000004,125.9791685,96.61757499999999,2144.807767,38.227914,36.965975,441.144992,69.00645250000001,1135.4166750000002,45.539949,582.0451845,792.2422085,1355.810482,23.2276145,874.1498889999999,646.980351,325.64039799999995,100.954867,2414.28685,282.37050200000004,27.443154500000002,2889.6684044999997,158.10612500000002,253.53809700000002,1044.6841765,286.1830505,72.200443,116.332768,55.029294500000006,35.4950055,15.191013,1711.803806,503.27356599999996,431.98624600000005,554.996378,6113.135071,31.4290125,211.8003225,3016.3769545,1327.087908,40.475221000000005,57.374598,480.73775,205.786736,507.234622,29.673606,820.039719,213.095437,238.22733150000002,200.624292,131.4699865,113.5407885,152.57308650000002,1688.1556925,1016.2142755,554.670267,334.4726335,874.659536,64.229452,3224.820446,179.5120235,984.571423,3797.2157535,161.328784,191.74812599999998,1020.231307,124.17325249999999,1070.2460239999998,33.954617999999996,2075.224794,952.9820225,544.256899,81.0699015,2495.5964945,103.4193975,473.979597,350.02813000000003,1074.195946,994.756859,2921.0231675,410.021164,1980.677349,534.1388475,3115.2146119999998,711.7495835,811.658611,5797.802811500001,197.6216915,54.371157000000004,155.7738445,4598.433927,1275.3799545,169.74385800000002,2212.518373,61.985982,663.4625665,1749.081123,2497.2402655,1094.002351,2883.883112,4193.6648015,111.5896865,333.5288635,237.86858199999998,179.3950455,290.611744,576.9942835,1388.1807270000002,282.22400450000004,2017.32557,477.325157,173.371972,397.43237200000004,997.9528525000001,1659.2399959999998,826.1748484999999,211.02687450000002,340.0557055,5615.115911,2913.6739685000002,768.7944635,2621.189573,377.6171635,866.032022,318.325064,41.006065500000005,171.3212235,152.643347,1062.2754285,2276.060028,77.316279,4947.4130865,88.105932,1208.5677285000002,136.60493449999998,511.256711,9378.40186,118.310093974,245.468523494,418.26672199999996,232.6960655,181.3465455,239.9313315,80.4730855,165.5988325,141.1427485,367.5022315,165.86731550000002,113.163338,143.4431975,85.29486349999999,235.013279,89.042209,249.0158835,49.8574365,52.2851325,116.11005700000001
TMEM100,266.63521,192.20992,320.25839,776.10212,473.46918,4919.69187,253.83705,2299.53966,665.29511,3758.315,291.82645,620.24194,97.79731,1642.60233,1838.81902,16436.80668,132.34986,372.79147,863.23945,11551.17974,261.15929,1963.8555,2440.6454,239.3302,1328.07752,638.74728,1496.79697,2436.3712,613.6564,884.2199,1013.01005,248.60636,599.31787,127.1523,209.03129,135.69045,1958.84607,3092.89573,551.68533,1607.75756,906.92604,19.177,1582.95052,1810.73384,209.5247,525.16876,145.69874,1110.78814,2525.24838,707.019,1395.07804,477.80453,151.25046,3623.9343,2261.06302,566.07569,1126.7329,536.80075,253.46192,225.71389,249.63358,32.94221,7402.96565,357.58871,69.19165,1156.12832,15310.03197,12801.2709,1650.6689,536.4759,2931.9466,449.08707,673.2787,418.02465,298.03493,1073.15649,64.7811,4941.2942,4642.6676,365.2759,8230.3396,304.6649,9062.7859,693.2617,4829.4803,3938.3754,1601.4415,626.7374,3726.8468,1159.0703,62.93148,1580.46581,260.8324,629.22853,4873.49733,665.04022,83.97401,1925.83662,1553.74803,654.28845,182.81936,394.15013,67.01631,1081.22239,469.58108,107.56251,421.56844,577.72605,200.18781,870.23667,156.34999,93.50531,559.84002,677.51368,76.20718,205.3971,696.71011,834.21611,474.81585,1081.75127,137.37773,249.03881,922.20664,419.26012,993.97718,144.41834,5199.4479,147.42243,1261.40083,1231.7789,227.97497,300.69077,798.84316,3471.48238,95.89791,245.64468,4930.34745,473.03907,1555.18654,654.50724,978.56137,988.956,849.6183,256.6378,1093.9339,865.1298,839.1904,639.6068,6925.7863,864.73013,767.13266,669.17649,5099.83103,1105.9185,570.1526,1271.47024,1119.02288,180.98332,114.5234,1858.549,427.1883,7442.8865,4261.21371,4034.0862,3810.4404,9038.0037,951.41196,503.45802,331.7311,3161.1097,1085.5494,958.4447,2524.9794,1038.6187,612.46026,560.9468,149.3569,261.3684,1775.9761,2644.2933,260.9905,16012.39512,626.4556,1043.2729,785.6878,2901.738,554.2872,1089.7433,914.2481,1021.6226,1635.6028,14474.2618,1436.778,2145.3047,19165.4158,385.8356,820.6115,5330.98252,2185.1449,974.56187,219.91428,287.99441,866.39167,987.35266,495.65081,218.28901,2360.82138,62.89885,357.3882,417.66068,1190.72775,990.86408,1103.3699,2923.14063,1763.90101,196.80704,606.48547,677.13485,450.1811,659.14043,818.01808,1322.63926,789.68871,10473.79424,470.96809,750.50222,16728.13329,16004.60755,17329.14415,20385.56702,15586.35654,4118.27859,4760.85379,9881.65108,9810.63631,13271.74499,8151.02754,8237.65567,13293.25841,14147.35045,10478.76669,1172.48674,2883.15184,6144.38429,1281.52563,6768.91655
PROM1,37.43425,683.46743,858.71972,14798.56509,200.97023,3932.76305,3180.50312,307.83909,307.04367,959.97643,716.90308,1669.01395,47.79336,3624.86318,16508.15474,30.75437,52.09482,4417.9088,117.31216,55.62052,450.05547,14959.61808,89.42637,231.19557,219.61372,7700.55936,4212.755053,5296.78499,22.74148,566.561671,13843.23852,53.07742,46.18184,37.86618,77.74919,1901.71708,760.21335,2888.47861,492.33236,1282.6445,135.76878,60.2579,331.13551,8531.32657,17.55709,1292.90069,3481.50522,8883.39425,2126.9317,11570.30061,733.32088,165.16552,189.12102,193.59175,9014.59042,645.02366,1637.2248,4420.85561,17030.26922,2295.77928,2817.07471,30.25215,1502.33291,1255.81242,64.61418,641.25626,158.91759,1227.93112,257.71633,1593.82831,2582.24345,366.350049,61.19759,601.419371,146.356657,13794.58155,38.75252,2942.94214,455.6187,140.15304,4938.90639,34.47413,45.23571,1782.16248,5989.03572,386.10432,278.70525,847.10988,163.16952,204.30039,17.47334,1240.159893,91.83415,532.23437,70.73034,1252.35701,87.78968,431.19393,9658.29469,1488.0483,14.13436,43.9568,4.93182,2268.32312,1568.83346,56.48904,318.37087,5148.88835,130.83653,1328.27915,370.89115,192.44309,322.55358,2005.5032,32.427106,606.38962,690.61658,85.45675,3752.41122,3375.69082,674.52052,443.94887,177.13898,953.5123,160.31118,1828.79426,966.02862,1638.48621,379.03686,12960.07179,251.69985,870.80618,1652.78577,3058.85635,49.85871,3805.05196,3503.3157,425.44171,7057.32156,150.21606,364.4023,1938.43666,777.022,109.85026,2124.8103,2529.48521,1693.63025,467.04219,108.28502,3883.160683,271.437935,2724.596442,789.234161,220.35458,1617.4753,1439.304644,789.35472,68.39591,589.13402,749.48306,290.74779,139.08685,45.77041,70.57336,52.88727,402.25338,362.123802,349.00228,351.05082,279.95223,670.59557,1215.08491,2468.39603,134.02411,99.49392,93.28456,1745.01208,815.19976,316.20282,914.62161,1212.04123,227.75843,2329.1838,1635.67911,867.84572,881.06284,1662.46048,154.17672,2068.72064,940.22083,7192.19709,1156.67577,1256.53039,534.39109,972.24791,260.94771,690.74281,60.72859,1103.564258,332.088,846.049156,1683.39424,7096.216538,7878.237883,807.97999,1885.91081,252.838,40.99661,167.09276,768.72697,2327.91204,53.71067,184.82044,152.31453,65.64552,1256.13975,617.4302,2209.63573,161.49523,79.11592,70.75083,905.60213,1015.20627,455.5617,101.2146,1704.68009,51.15225691,823.0283305,105.126958,30.326315,357.244753,93.858517,40.872425,62.881656,250.132368,409.542814,763.229197,99.200675,1670.190189,13.153781,6.776654,1914.803351,183.769923,177.482425,2641.03056,2961.606909
APOD,113.54944,279.7413,278.16031,1007.1907,1204.12643,192.17951,243.0342,491.3869,131.2829,125.71652,236.20404,194.09214,114.77254,290.3732,721.5121,289.6385,360.6181,1047.08161,100.95699,3473.49282,1503.5587,745.0755,163.8952,192.7944,288.7113,248.7467,1609.9518,468.1825,417.22118,276.2226,287.15235,2944.62196,343.3521,150.21116,856.7321,746.5182,599.0935,866.27975,261.1586,742.502,516.1368,153.9645,410.9134,346.8573,421.2655,2980.6078,295.4148,621.7095,1206.97,503.9926,698.4923,2651.1602,7669.1808,290.1924,6135.898,9434.9005,7454.254,2848.274,426.44631,123.50078,304.2144,12.26344,604.76098,171.7325,151.7703,321.51613,788.55944,264.3787,950.0385,475.41897,673.74041,2694.5415,873.54606,275.7407,425.8252,144.523,81.73473,497.8831,2135.73727,270.22745,1773.1127,187.487,1202.5963,136.0786,98.9484,1518.70535,2552.5679,2766.3467,785.52673,930.81795,1566.1567,8204.6435,1754.75226,368.66971,9542.58489,909.37151,411.86419,308.41028,1151.41427,195.87296,829.6946,369.5415,81.33117,146.90323,1054.86252,1680.59571,938.24831,379.88819,1202.9607,692.38897,4583.1676,429.76185,175.4722,2806.1998,571.4105,490.6416,325.8866,1564.6451,345.4639,119.2672,251.6783,1755.0153,2998.056,702.7581,105.8946,1951.4836,186.4924,223.8368,1024.6579,1566.56613,432.2026,3832.3427,5097.1308,1012.9881,803.4316,1420.47591,634.90694,1638.55343,611.6129,709.6774,2887.0524,1713.6544,1014.18599,258.37213,1871.5219,576.5901,3607.06071,532.23594,1393.6818,541.8088,406.838,1090.5047,666.601,5793.8001,947.5258,1202.0751,5178.41301,5363.11559,465.1156,380.7677,256.3012,742.8776,2026.087,274.0947,1626.624,1700.98702,1167.1147,4102.48135,189.78634,243.01719,1213.73872,902.1383,123.36165,239.74086,118.7443,831.7981,273.1599,318.0819,1540.1033,885.7574,3929.6244,632.59778,5093.4698,1023.7242,627.0614,1306.22122,400.13462,929.22074,215.169,7927.58782,404.24289,199.8207,2163.94294,90.86332,339.23236,271.0579,3510.8008,452.1161,110.9154,397.8061,768.718,1684.8496,3080.3506,459.6681,251.02375,366.92418,1394.24973,320.26363,3243.23932,493.9371,473.76887,192.66061,4155.16873,220.85038,3740.21776,5335.67452,179.24317,226.67675,301.37338,6377.5147,8495.42481,7123.38588,758.73557,2209.52992,224.23268,3120.0344,304.1353598,972.928259,582.2282,428.0503,743.5226,966.2032,822.4845,418.3218,706.687,402.1736,1044.3056,4881.0336,236.5637,401.9899,586.3243,628.6869,908.6183,951.652,1143.1287,402.7372
HABP2,398.66487,1881.6319,187.28847,2874.09777,82.07853,263.83188,417.64998,73.51568,172.36427,377.44454,412.87146,369.33899,53.58818,144.53909,119.15437,79.60728,3040.88843,130.67591,74.02541,73.88813,138.49993,271.54641,247.96825,174.59327,128.80923,137.57039,186.96703,287.20168,722.11311,746.49003,680.32718,787.87047,224.44178,45.81549,250.80569,51.15564,99.33816,166.95214,150.99985,167.62547,320.72742,80.08891,615.99336,328.93638,76.47641,588.91372,54.79289,364.39175,202.94949,213.89582,1369.76571,894.35366,338.53266,608.4367,168.91625,1915.46654,157.07737,1590.62896,396.74784,485.95,108.60367,63.92516,74.56476,63.50131,95.48814,136.24635,53.48126,58.95833,372.46083,1994.41766,260.9638,189.18301,109.4675,91.66046,309.22578,2428.99073,43.79855,3763.25797,1429.12095,299.5988,416.5889,29.41839,162.18946,558.04974,622.50233,107.90646,344.1031,3276.84683,46.26406,209.05875,721.79994,1132.43756,389.70789,1087.17358,50.34395,368.18752,699.46022,1937.97634,160.90593,2638.45611,2071.28013,361.05612,217.62091,712.28365,740.34994,257.19237,349.89376,4925.02972,234.92998,105.87614,186.49456,222.22227,1125.05482,218.39801,3132.40478,9259.96657,184.07699,370.40568,2054.04388,91.48011,1943.51361,2301.55209,1468.97128,528.81172,4453.23744,111.76181,177.6838,714.73149,498.85268,2937.46925,657.94909,242.03088,375.98253,398.82658,42.75948,2196.12146,796.12086,396.15392,226.03188,136.03702,5579.27449,175.47747,1832.82084,167.47484,276.41235,385.38397,846.63982,253.27941,846.1442,374.93714,3397.42207,130.93854,127.50109,1084.38511,553.9018,94.96465,141.5086,57.50678,2630.234,235.34974,100.21332,145.24005,139.35677,675.78338,1556.28111,221.04097,411.30491,920.73265,1436.22863,457.56092,502.00627,697.31316,592.0634,699.87524,311.36107,984.74426,476.80214,1074.92329,203.11779,368.10449,4625.6407,230.23334,1681.06422,348.00303,411.29182,433.34276,793.87922,623.61352,969.53166,366.71909,154.24649,567.20964,299.56769,588.08439,122.52649,3864.29468,607.73916,379.66284,933.01861,1677.71617,225.40323,72.3356,489.03139,394.36294,1052.14368,260.34332,940.95723,4895.87688,906.95321,445.00218,1479.21586,637.77391,431.69319,273.98619,105.35103,188.94729,154.73357,1168.10213,678.10255,737.85021,520.07276,1029.46178,348.44595,177.55014,199.16147,1041.68287,42.79815676,40.95874082,76.99021,53.64916,36.68002,175.53475,45.13846,41.80527,68.3472,108.74677,81.57519,54.80795,62.94245,29.40033,35.0008,86.15387,49.71447,50.19703,154.97336,67.8446
RETN,119.06459,800.46696,296.65622,25.30174,99.74964,254.33659,17.40174,73.24903,14.645767,78.664244,4.895041,97.67484,24.18418,20.15986,25.47276,23.05307,50.23703,85.43186,78.89168,744.50698,16.59966,98.458337,65.648739,106.109986,22.072838,22.39466,13.77888,103.948063,93.539546,322.38375,20.402889,48.24025,53.74374,44.46141,80.78408,24.5432,146.82425,24.6095,52.95766,25.99701,19.61661,22.78648,52.94462,107.04491,57.960426,24.01362,37.15259,44.46466,28.51804,118.9113,42.26946,13.69856,25.162,167.046073,89.50355,70.37453,139.364103,39.58028,26.00968,34.3412,18.89197,61.31021,229.57942,16.0783,52.2208,140.17648,378.45837,108.106881,77.12246,139.699069,57.425785,11.28599,6.895459,54.03343,59.52074,28.86488,90.800071,70.735344,352.485666,332.05061,251.675095,78.070266,283.011247,93.392816,36.20151,73.012272,22.569541,158.725222,15.692469,270.348068,45.443,66.32155,23.945816,17.285454,272.720742,96.121208,51.80124,120.019388,71.876157,17.6165,54.30733,87.03467,151.61264,29.96983,35.38163,81.3391,9.70568,47.00387,85.36812,124.89952,39.43673,16.09849,46.90715,39.64545,68.05678,26.14961,49.72908,32.91527,37.37999,71.05461,8.35402,139.8942,45.60692,42.64631,94.05321,13.09622,35.23286,82.05754,109.58065,16.71426,181.48994,138.9227,50.60916,72.44192,30.49955,233.21952,210.19038,70.44542,60.3959,81.14867,136.65416,48.857183,22.741412,57.194793,72.388493,65.569546,147.318385,154.593753,106.736989,54.91329,86.33055,184.56062,88.89244,273.037855,106.922859,81.6756,236.386773,35.640512,24.475883,167.24128,18.141046,113.711059,238.05441,94.014667,95.234837,303.870687,101.48379,130.132805,90.355083,50.241176,80.744369,152.794405,97.873467,70.454078,85.55547,47.459841,188.911756,65.237813,75.936455,174.007065,94.170873,275.497736,201.910186,128.588111,9.935559,165.270229,85.976357,147.16591,36.702415,23.176054,15.341969,111.973068,170.747762,169.74808,79.875029,131.927465,460.43047,100.29895,107.4489,128.92105,70.17745,58.12425,98.58754,156.70565,55.926912,54.734719,210.071324,66.416114,104.062279,104.1081,222.62785,112.842674,55.929324,35.367031,160.435585,117.06916,23.032484,64.216319,65.733585,32.976775,93.50533,193.866445,28.517826,344.910139,31.9104,262.509138,152.6589223,136.1940295,76.48555,158.19813,360.49481,150.75939,148.94046,346.28235,594.80701,310.64844,133.04843,238.89241,74.41883,114.24056,528.63734,105.93941,210.40874,131.13507,195.24515,398.82354
SLC26A9,3551.22056,1411.027282,751.21087,192.453651,135.22784,383.26418,71.465791,182.19559,91.2623,341.0152,154.5556,535.69735,165.73414,377.44223,534.96156,1253.23061,294.60966,102.68722,45.75448,298.24096,59.873913,194.41658,1981.81581,419.94401,226.7301,80.89718,154.58813,1167.928,700.471,1009.06694,477.3707,329.55497,172.81246,42.70816,216.462473,206.834428,76.921191,717.00335,878.342821,95.57486,159.773137,84.03895,114.86048,205.70005,1252.80658,331.57086,190.68484,270.6947,16.13282,134.86823,364.54518,655.25062,169.10712,122.32797,128.29255,301.19301,280.18959,110.501748,3817.44637,791.8263,67.38238,663.0864,145.78247,5.376025,307.153323,157.2376,480.39768,507.9153,449.87221,571.6901,2466.8834,462.91693,173.9496,172.00564,1300.71434,857.01661,56.9443,421.20482,305.8256,142.4513,568.70003,31.27296,439.41214,1713.49342,395.52999,251.5694,662.82951,262.89655,153.5213,468.0347,85.1625,624.15176,507.4974,71.1055,611.7196,4733.2926,641.7374,3371.0687,147.7292,834.56438,524.592913,612.285685,129.85881,135.58102,97.06261,270.96379,178.11765,72.94298,278.476115,114.43178,170.11088,35.55634,341.00967,1062.03029,114.22485,1856.29012,176.98777,699.06097,106.1523,71.74745,337.35194,245.0592,520.84423,3301.728,1633.1235,450.64951,74.54597,362.94855,164.12839,519.0146,71.007129,5677.201784,1109.700324,142.003798,48.732165,881.805,255.51685,142.91856,154.721035,595.388148,1199.96269,244.55445,122.6468,683.3944,160.71896,1192.49481,771.5202,805.0445,38.2896,4291.23782,6494.54797,2195.5666,465.21467,1791.68025,168.18774,227.6594,176.4096,880.69,883.51488,274.22062,816.62424,471.6304,121.97366,95.45636,450.40455,425.9837,285.04056,1218.2595,285.6385,627.9665,698.622,1561.98391,2233.8323,145.3409,467.86332,556.40198,46.03382,275.15266,759.70245,484.79735,235.02922,559.2026,1290.02097,94.13327,276.88351,279.2721,556.5827,252.7938,194.9578,286.7469,462.7316,511.73352,1342.1827,1272.603,202.8835,579.12146,1487.168,709.50351,1997.21959,7109.30145,453.94481,161.93907,592.67104,1933.60415,1427.5562,104.0635,1967.8634,2387.1136,2701.498,263.9367,810.3224,10311.9239,114.5935,1613.1193,1557.5363,315.6961,192.3962,118.4302,1690.9301,363.1539,1802.3516,348.1322,1144.6771,799.7471,95.9938,2920.9927,399.2413323,1151.210819,1396.16844,195.0171,331.42787,441.05275,621.73812,659.75127,482.18666,454.17898,386.90243,163.87201,473.83892,411.13534,527.60247,628.35961,474.73406,613.24964,514.28865,397.1304
TUBB2B,37.21781,123.29708,39.18873,336.62428,71.90033,178.80238,28.19239,32.87254,51.67842,58.58407,78.32535,75.8776,104.6814,42.7075,68.77949,3488.88198,26.21706,59.43419,2086.9776,94.26441,88.86307,104.74055,54.29209,86.60939,46.84277,58.19209,101.73105,185.6117,2921.44855,52.60181,71.30362,495.93479,278.5085,234.60721,50.91346,42.35722,77.64345,492.68628,91.61746,63.56735,122.42345,56.21731,176.47388,53.75185,24.78947,969.12852,1530.40405,43.72413,84.37222,116.82246,104.76037,17.13704,2291.82161,1263.77572,367.31177,324.98047,148.95001,57.62962,4532.41609,5176.31836,833.33958,40.45371,56.76059,5758.4206,38.36171,171.33011,47.62196,23.32559,149.98508,197.50401,50.55921,236.76269,134.39664,60.93667,3310.01822,12.87317,16.80673,53.65321,51.82002,76.99968,115.27515,48.39338,52.53266,90.97976,89.82442,61.99663,49.54876,461.99815,2267.56846,114.19907,5910.69823,72.18914,158.09,229.21117,60.79917,198.59277,251.14236,52.42355,128.73846,73.76117,49.4993,17.08706,71.38262,326.66,42.01345,61.52992,372.69381,250.95344,167.19025,56.82106,34.57954,550.09416,20.67521,73.50834,1670.75186,212.85088,109.22623,53.53325,207.67187,2424.24286,343.34337,64.06407,53.69273,133.76077,109.23651,24.6268,30.92085,52.38073,94.30354,1908.20622,48.81334,96.06957,453.88636,7821.17067,42.20922,242.17418,325.01048,281.84017,1201.53916,248.39502,140.87155,45.89557,368.68991,735.53091,646.60299,41.62628,51.50627,176.08256,55.18715,77.78611,275.63055,67.19171,196.83028,38.91355,102.68596,98.82875,72.77266,2356.49351,152.34251,417.55273,57.24764,76.33452,45.99108,1142.5774,113.59109,53.32187,77.22107,109.62792,58.44216,102.30891,83.22598,31.96039,86.43518,2123.38995,25.98641,20.3823,173.77319,118.39876,178.78029,824.38231,24.69054,75.58516,108.22127,1891.79818,117.71256,70.67792,426.05554,50.18446,1171.72674,53.10286,54.35298,104.2201,45.61438,50.67066,82.50931,56.81113,56.9728,63.76139,81.54987,139.89099,3086.68946,906.12865,208.11766,74.66993,105.32115,57.48232,26.83202,49.71303,178.10283,229.53907,65.7472,68.55367,32.73747,146.50915,88.88428,40.3175,188.0413,660.04247,70.4247,29.81228,72.54716,159.66582,337.99404,31.06594,294.52651,81.74961,37.18424721,55.89077124,51.83957,56.78359,59.40792,83.53481,64.57287,60.05804,187.14814,156.46635,45.53376,84.49029,66.8726,29.92943,72.72462,115.17173,28.36724,55.06994,216.47693,65.46014
TMPRSS4,1161.563892,2927.22091,3347.841992,8977.385,3671.445035,1003.561882,2635.14309,236.1132,469.53512,1365.65425,3290.97803,1445.917069,831.067919,7350.5153,3075.1622,861.7659,302.4522,362.039589,980.66289,91.360984,84.36493,629.33182,1425.05762,550.69306,196.658029,1488.563167,1573.740082,310.78677,838.0868,448.35723,1690.930267,1812.528215,196.820928,30.838273,632.52709,366.8343,164.19093,265.564209,506.45977,522.911368,30.01704,172.4368,384.476,1149.6722,1304.22461,2012.4192,1110.2433,3175.803,100.5076,180.5728,1366.7232,1306.8005,949.4622,651.19881,227.8455,887.6726,138.27999,1694.28756,60.129725,220.291833,376.426392,997.305755,108.426754,342.4457,136.32847,8.495985,8.713043,143.8777,105.5859,230.86712,1515.0798,163.965438,45.381,172.789646,191.201703,3262.102704,145.21023,360.0849,650.47221,298.02359,265.336,50.79792,37.66368,123.00016,280.43962,20.63473,733.31412,1119.08495,1359.65529,39.31521,231.7063,178.647866,128.704342,61.049285,86.045799,149.603568,320.67555,184.681688,415.351156,649.959215,729.12765,99.9737,122.87342,250.546497,860.330667,502.383274,267.903457,480.012681,71.43075,5858.864402,39.879115,446.531124,430.2431,237.1659,430.35939,1316.5775,163.6827,81.1945,543.1452,373.1568,395.1966,682.5539,131.8139,601.133,197.581,926.919,427.4062,273.605,551.7549,329.700218,309.01222,87.29783,373.08274,1766.59212,84.70823,1538.261579,1904.153046,195.31709,606.31383,837.0086,1345.5111,25.23856,219.38695,1951.57045,388.66666,482.88912,20.62676,382.99235,607.55796,68.476532,1091.780366,220.667388,435.644614,620.82038,75.24107,123.780424,315.482947,2383.751554,343.34746,21.56248,150.94078,68.16638,179.1833,583.04179,218.19156,97.30572,6.931891,921.519503,253.83582,223.47136,253.82584,83.44343,88.22248,88.90525,352.3626,1297.70692,158.56466,526.85635,462.60495,168.23384,2889.00982,3.542736,198.28629,207.90377,192.94794,815.11158,540.13766,1476.2392,31.62876,288.07676,247.79986,422.49784,46.64197,258.27193,73.64241,226.0802,328.8278,174.498761,74.581559,884.230531,690.304926,440.537493,1986.226534,574.236367,456.763207,1216.605966,91.25215,7.234115,116.84476,247.283563,349.922581,223.927092,14.356692,339.622063,101.869059,155.807884,554.679975,634.811986,135.818326,188.402641,735.780747,294.120329,228.414317,136.969038,272.372002,239.201554,5.65467089,39.57703623,5.860172,3.456666,3.889366,8.730093,2.705707,4.753691,2.893276,12.144699,7.559544,4.512536,22.623386,7.387119,5.583258,44.991243,10.516845,3.395546,132.147633,12.524871
LINC00942,20.607231,24.8921685,4.2502265,17.4505445,18.642323,16.367936,14.028863999999999,9.712218,14.552473,7.610534,20.9082625,3.909184,16.04464,19.0947045,9.232581499999998,13.569345,16.7654995,16.055141,90.55713449999999,5.8245365,25.6623135,12.9329735,2340.8066285,11.5665715,26.614594999999998,11.7691385,16.522404,20.821500999999998,5.2988895,14.0560235,11.670209,5.704301500000001,11.440147,1320.2014250000002,8.0816195,20.549143,20.326808,18.327392000000003,10.5573635,12.941602000000001,14.564523000000001,11.9817235,15.993451,12.567235,18.6452895,8.7322755,16.232443,11.674747,13.8908995,17.7318125,19.4371855,13.276714,23.391541,13.362995,8.113789,10.176006,19.04002,14.120295,5.6308495,20.5614395,22.987593999999998,37.6370255,13.1413035,23.1388135,167.4638115,20.423823,19.81787,19.820789,25.644647499999998,16.4672125,6.388289,52.928505,18.68638,17.1513725,17.450654,13.604119999999998,4185.8935995,5.4368705,16.0754135,18.325746000000002,11.6175155,18.5048105,11.5352635,10.382085499999999,10.955608,22.0977815,14.005662000000001,12.054436500000001,30.2426865,13.503885499999999,12.421142000000001,9.4257025,12.7484345,5.048337,18.161791,10.282218,27.4277515,3.5795285,12.735400499999999,25.3185745,3.272056,11.2760905,20.244370500000002,469.85687900000005,12.68253,19.641363,15.222024000000001,25.6658255,10.693555,28.049630999999998,26.429688,14.1154985,25.789192999999997,21.5947275,21.221493000000002,14.416972999999999,14.017595,13.5631835,10.7833895,12.5560765,2.7537545000000003,10.124385,10.916538000000001,8.747892,11.4235285,6.5659279999999995,6.803972,16.176343,10.655736,14.945498,15.336663999999999,11.8102925,17.407915499999998,3.9901774999999997,7.238678,19.442663500000002,14.9049695,14.120332999999999,12.419002,11.465466,21.2721335,21.5614375,2.9900775,24.238583,19.225153499999998,15.797182999999999,24.5015075,21.4136765,16.0635635,6.2211205,15.3290865,13.264287,17.9055805,19.9958095,18.6257875,10.507064000000002,21.9670715,23.559928499999998,12.251734500000001,14.7926255,21.2545395,11.3508025,11.308037500000001,13.2687125,3.9352475,19.20534,22.18593,18.029154000000002,3.533607,16.9707015,18.245601,9.5682005,32.786426,21.438778000000003,10.4052155,10.9889635,20.415256,13.140946,5.434468,13.121383,4.803755,8.646732,31.8183775,12.708108,21.7064935,7.203749999999999,14.185235500000001,22.213458,18.363336,10.2086975,5.533902,13.378379,2.9429784999999997,36.4362625,28.227869,20.677638,13.8172325,21.738227,9.862071,6.697018,18.9006355,21.9446385,15.5588765,16.218491,22.02062,16.5389235,10.246486999999998,18.233991500000002,12.395495,15.5989995,9.071498499999999,13.811487999999999,20.3660805,26.21388,11.5712355,18.6260495,26.169854,15.58745,9.2458655,10.225802000000002,25.5356405,14.911424,19.9268995,12.80691,49.3277365,9.232153,16.3192376925,16.84966914,17.4842265,28.416017500000002,15.2917795,11.7451105,7.863036,15.1452635,6.9436029999999995,19.982999000000003,12.4117915,21.766499500000002,16.799031,15.3153805,12.523259000000001,18.8123325,9.70766,33.234157,23.8127115,15.401296499999999
COL10A1,950.3533949999999,4143.9037,6555.792815000001,1218.31235,4648.597265,716.86253,10627.76115,1505.87525,3081.3899,2197.58985,6199.44365,1369.60723,9265.977855000001,1080.235225,371.303215,2651.93162,2273.10677,4260.94257,5587.692064999999,858.541575,1745.7044500000002,1742.553075,1853.97623,2644.55625,442.0704,5093.155675,6819.757009999999,211.19645,9155.126349999999,255.44009499999999,3234.9329,9963.364735,1977.849345,6354.32884,7203.782999999999,2196.7252,461.3872,2151.5031950000002,1991.2626,1792.6245,3837.77125,2211.48279,3354.775835,3140.77242,3114.5429599999998,5820.51942,10408.222170000001,2026.9797,1204.50862,2475.17904,4577.0903849999995,9432.011025,11892.541915,2513.18938,2383.66696,3706.578585,7204.703695,2133.5939,1208.509075,2446.5693499999998,7415.8268100000005,624.494645,207.414635,5007.953149999999,990.47335,840.24981,49.8143,95.889985,1950.4211699999998,4315.4701000000005,3221.67115,500.75498500000003,1154.9419,636.975115,4951.54304,843.004115,556.8657000000001,2123.621465,2062.18585,8745.90515,868.38583,5070.8568,192.788425,3087.2342550000003,2577.12828,1245.9747,1887.97286,5310.970934999999,11379.686249999999,5402.6132,50.667315,1041.537945,5105.72905,3005.2002,1254.56225,1427.5717,2784.4286,2723.1786,773.2617500000001,5524.355065,7026.80015,3015.0084500000003,400.72017,3422.26246,4726.289409999999,8753.318295000001,6402.48672,4689.30143,9667.292300000001,5541.09919,3033.0908900000004,12909.15502,5161.135765,5174.43326,4356.70775,3102.640885,513.4151850000001,5729.660265,7160.291765,5064.07064,10230.924145,8546.971055,1808.78278,1836.6127099999999,1047.729275,2156.83727,4265.148995,1492.630295,1420.566235,4153.82532,13220.5803,8511.533599999999,2505.9929,2030.9742,3112.642,8338.370715000001,3637.769125,4762.074985,6013.36565,5435.7228,3857.6254950000002,1227.277575,6358.8487,11685.95135,2253.85548,2190.24831,4010.6898499999998,2737.2764,7451.227375,3140.4114,1722.2866,3441.4461899999997,3619.0846,2070.723305,2049.47141,1825.75261,2689.2902,4972.36535,5341.098165,715.29884,4752.164675,2122.10973,989.549405,589.261575,518.071675,376.08455000000004,2063.255425,3270.92835,1200.7858,3120.75415,1942.3511,4317.33939,1658.40675,4443.5963,438.8053,1042.6712200000002,6753.54587,2256.12495,5462.210065,6488.32812,5798.89741,362.27434999999997,4294.1237599999995,6240.160865,6313.243895,2536.5414,4296.74145,4640.522849999999,12170.395349999999,6500.206,5439.011,1316.60729,1768.8422,1195.2922,1183.9285,1033.88134,2219.73194,362.611545,841.2116799999999,4889.855465000001,5958.876095,7881.3893450000005,1014.2456649999999,2166.80386,4537.1664,5290.79315,1436.26195,807.5309,1706.88865,6613.46205,3932.1131,2444.13605,2844.09935,3872.02185,1056.13355,3325.34855,2415.79425,4512.0262999999995,3084.2047000000002,3445.01335,6765.503000000001,1909.8732,3238.8831499999997,1025.00765,3272.9596,7747.9712,38.58307697,71.39573539,51.366915,40.06937,38.62296,1446.09041,188.87383499999999,91.23696,95.94843499999999,201.74595499999998,87.820865,150.4924,69.847205,40.068915000000004,56.50937,590.825425,67.380425,202.053745,158.130305,142.88245
ORM1,140.06492,50.060651,40.148003,279.576931,27.319857,63.375753,32.223814,31.891569,126.508839,181.273185,5.350626,40.063147,43.789119,84.267936,81.370582,23.309813,225.564408,79.24899,16.537489,34.927158,153.593054,42.00131,104.71759,54.1561,124.081651,112.33881,99.06803,91.632345,3.755572,66.27259,63.945426,39.181966,96.516335,25.395398,44.493013,1397.129192,85.585236,120.416337,39.291875,67.291959,211.066645,151.922659,53.16908,570.242755,47.66519,61.087545,63.900729,65.913405,43.06122,274.23429,133.021724,45.681238,2.699568,59.95685,32.414444,283.844354,225.41091,25.420575,41.424816,55.682878,29.199812,25.096054,40.648244,5.389365,119.334382,218.835664,116.688878,60.07356,33.58814,54.654538,41.495761,102.12254,49.859182,23.49554,75.02721,60.33091,80.987968,107.55122,1114.305181,87.540716,61.14983,23.36263,47.75368,219.67886,39.06897,97.006908,53.19338,106.96991,6.723593,34.033766,26.079192,103.63227,37.450607,6.083994,78.219211,85.12276,152.37083,257.027617,15.544936,256.671809,53.419453,528.311175,77.11574,172.531457,22.527448,59.644007,26.771014,24.366858,28.70957,4.624337,207.073061,7.941013,37.951711,58.638397,79.58818,227.857112,92.497,297.531467,22.207217,40.196041,164.717627,66.571337,130.389829,182.138478,151.235502,131.240445,27.995782,162.110714,82.437749,31.255264,67.407552,83.753176,76.614138,38.83691,91.666704,147.811021,35.553634,54.124414,46.260445,44.728395,68.971885,40.42354,135.400818,50.7036,112.00223,120.5661,56.855367,125.268555,94.61232,158.63234,498.41463,105.84801,101.18925,130.08297,68.93248,41.12794,403.644176,6.697934,112.45975,102.7516,93.3565,86.7481,37.183825,51.98365,153.16436,140.884192,61.00312,287.291642,55.151421,60.367355,248.558047,484.35087,496.31724,204.5451,434.616848,351.80281,40.44745,44.97349,51.50734,68.38563,41.46215,181.964393,60.04231,27.98854,38.41725,42.31944,133.995146,27.015154,97.592141,687.304952,24.469726,48.30563,77.38531,60.042671,8.714913,3137.06251,812.449645,116.86122,68.74157,125.36566,49.25924,62.68563,127.36174,354.93753,350.60549,50.308042,79.277626,274.318396,317.784936,136.956116,200.058875,134.267711,78.195189,87.413744,78.053492,190.4083,56.918605,79.059062,65.187698,222.768687,75.895438,138.252993,117.025946,84.086836,7.878103,51.366819,67.43044307,39.22923933,45.27869,52.52129,58.87254,96.37831,133.93465,56.26556,88.14247,81.3456,81.39908,50.89538,53.67387,68.28724,122.06532,57.58511,69.83652,54.93491,90.91349,57.38822
KRT5,13.479452,79.74064,313.732577,3.89732,38.120623,77.793179,1306.798148,10.562061,34.624433,40.006939,31.911221,244.286133,4.999848,8.491313,4.114362,33.623987,42.332591,72.973011,5.985242,77.138533,3781.004951,964.800076,39.326147,23.767105,40.397047,11.422972,683.766416,75.127525,39.024698,13.204023,98.555936,156.592579,11.673712,1422.76363,93.419456,56.767145,136.27111,398.810933,65.687192,406.614444,513.699065,15.144168,55.008537,109.070704,33.713659,94.311515,6.502804,174.382085,403.370864,708.152659,305.344329,38.607843,91.024147,24.600454,2042.406035,45.143997,138.652864,280.897242,73.405835,10.637927,41.885988,8.67656,617.186058,81.79607,48.225114,70.036594,64.76674,97.647493,134.989574,307.266426,240.615621,227.959392,27.602193,405.691122,27.779646,7.688179,43.48856,53.264405,47.781852,9.758619,1007.736472,25.364506,54.345942,20.182122,105.969245,144.725418,12.122844,27.347051,91.158243,59.507927,18.491546,95.088637,25.616786,24.628508,83.545848,246.532203,41.673624,23.407873,320.032562,8.044219,48.202282,3.600797,22.223036,32.396689,166.068963,29.833656,49.881792,93.789203,50.92767,115.829457,28.015248,61.057238,9.737008,184.869319,68.873214,30.198417,93.328544,64.284594,401.742629,78.284278,49.049793,105.613262,86.521132,196.356792,28.87618,33.526931,40.292625,63.389395,6.979533,705.488897,58.125701,67.922411,52.073162,388.911078,113.268703,67.227459,127.745234,32.221696,1327.982448,24.410069,46.880549,1311.641224,7.080496,5.839174,146.332649,46.319476,339.668323,31.783236,34.765666,179.749998,39.861576,209.102876,89.586685,76.855967,55.34429,273.911165,22.964306,9.491575,50.731192,100.099544,20.399387,52.872452,4.683754,44.93286,44.357611,76.942175,86.843223,68.666341,38.680614,40.206699,63.589008,8.578777,10.935207,22.620129,26.964431,8.18592,70.569853,46.045408,121.210208,66.093218,42.725198,40.422338,211.972557,265.634459,79.460184,185.059572,28.091056,26.80021,24.607466,134.453259,23.421635,68.945693,57.697977,9.393419,82.8016,30.77,111.175897,40.767223,10.320257,40.337202,7.931099,9.34419,79.054353,437.805147,34.239147,135.828039,59.165177,39.636636,7.894392,47.1371,56.298198,4.823141,31.484822,51.019086,46.978214,5.41482,11.913272,136.455591,3.407436,42.226881,9.00683,185.299492,55.865591,152.789899,80.691152,43.870467,47.45991373,120.0887274,44.849233,9.96753,52.741948,37.917275,57.23843,66.5407,35.485722,34.619614,120.533757,81.343375,92.618791,20.273317,13.056855,582.087098,168.122696,47.527453,706.849217,171.994953
VSTM2L,70.92993,236.28271,277.78355,1000.84385,970.95672,441.97525,1651.66096,60.2983,661.78621,124.39801,349.46848,120.61438,559.44669,70.62452,1264.39416,374.31754,17.70455,550.18091,585.54608,704.31714,61.37367,369.11245,17.01519,78.17861,226.88373,21.77996,305.08012,90.55295,268.86281,136.2069,116.16928,432.47162,23.66583,12.96109,574.18203,41.36712,76.34387,456.31656,684.96824,714.83204,96.0976,219.45692,1004.39552,254.33895,108.05538,1019.2743,434.36239,45.52754,91.68727,425.96913,263.69813,70.10936,288.33727,688.52525,213.46892,63.20154,131.94533,538.80006,13.27613,388.1648,66.28773,21.31911,163.30674,927.95712,16.45925,87.23457,45.80301,62.03653,83.06914,172.95482,2087.81728,127.85804,143.67105,365.14939,111.91604,55.00951,163.11339,660.13093,72.28544,137.76023,397.01402,330.48953,26.13419,98.27084,734.42219,101.67037,543.64858,71.95007,582.21818,14.30029,206.69799,124.17033,465.59797,179.96746,25.02292,126.19591,59.66311,242.39098,367.18384,405.52846,81.20533,7.26652,175.2747,145.45062,890.85967,965.76223,434.57979,281.76612,480.11712,236.76794,43.21409,976.73656,120.58511,576.95955,44.55104,400.23997,30.03522,74.93367,103.76146,15.01669,181.14589,161.84397,124.35111,103.18788,81.03967,69.11387,703.80323,92.89781,459.0621,148.03762,56.82551,88.51583,208.20794,567.89661,42.53791,353.55085,757.71672,210.59139,125.29666,365.14897,135.4059,143.8203,131.30733,1038.34419,92.63078,138.46016,207.6169,222.21905,248.11873,108.01551,29.57388,362.47897,255.85717,71.74955,247.44976,168.8068,137.37649,913.54315,81.05496,236.09654,399.64314,62.07876,139.92512,111.68353,74.1864,83.20007,117.14583,150.06468,73.82537,202.31981,123.68745,55.05481,101.25299,748.91937,74.22984,645.7191,196.62432,106.31937,96.9376,185.46631,404.97392,87.86854,667.29889,214.11675,476.90762,144.63709,528.75667,805.53091,230.63489,152.95106,803.39853,100.1604,138.03624,378.33963,211.94118,177.18312,194.51589,265.96832,80.20247,124.21477,415.9932,517.98288,374.88444,140.33459,72.82322,474.93704,158.8492,17.72601,37.50334,1487.50726,242.51708,173.22946,279.41478,180.82043,214.71779,69.80166,320.18919,252.0175,83.91583,85.15627,132.15779,134.59675,226.96481,125.15461,666.63337,110.69149,69.56942578,75.00272334,12.49892,48.17407,80.39235,62.49348,71.12226,73.56641,87.67755,104.75113,72.28111,81.64549,84.65609,72.77714,46.69013,192.89152,53.04195,33.78523,397.3353,191.34949
LRRN4,867.6433145,260.0045215,205.30569100000002,157.275225,94.26069749999999,264.728115,66.52835049999999,168.460041,142.5808935,190.0137415,134.44329499999998,231.9264685,1168.559434,97.47245649999999,119.4685115,657.747725,80.3593625,119.13712949999999,6.5420465,44.0753055,143.40112499999998,35.66238,138.67326500000001,1733.5660149999999,426.3109565,28.794761,85.7348555,158.72996799999999,351.6105395,304.6497525,65.1444075,111.47404750000001,209.6244415,28.635986,544.8416055,57.789131999999995,31.001933,124.000753,2702.8914459999996,359.5033565,104.4548275,292.8754195,898.0898925,167.4799995,287.053965,95.2775235,69.2167775,42.3163395,53.635549499999996,305.29130050000003,146.5986535,621.189039,73.469307,114.627895,85.504865,632.129816,160.79519,208.89572800000002,54.280899,361.7926275,70.3264805,5.5498015,132.2529695,117.57191,10.4946575,246.278876,279.81345650000003,203.85225,42.71734,71.1440875,284.0945355,187.134901,118.0453435,1066.022016,640.544665,43.6656445,8.031905,406.831365,90.2575655,204.588539,297.405765,2360.72681,273.61789,58.467275,85.05302,195.02725600000002,229.74223,224.90588499999998,52.949381,112.7025695,10.136438,319.5771835,287.6547925,206.02552400000002,320.6534295,295.8130655,39.331926,357.43156150000004,42.5874655,312.7968685,423.5232045,185.052437,150.75544200000002,307.36774149999997,539.671482,490.253221,194.01019200000002,659.0405774999999,244.96623800000003,99.49666049999999,116.28177550000001,176.1544405,513.116135,447.53132000000005,503.77896599999997,702.073738,36.638251,458.943876,105.2589265,333.0974395,808.53271,1814.599405,167.97040349999997,637.0690569999999,102.074702,80.7355135,261.302779,1361.1382305,797.4823415000001,94.997611,478.545456,523.8808154999999,353.8177965,460.40936350000004,11.6481135,838.0757504999999,593.12114,369.353349,216.079586,101.21565749999999,221.44773400000003,98.76907,188.8506735,267.96747849999997,199.036505,261.09816,19.3401965,475.37141299999996,144.852165,108.55293549999999,410.81751399999996,607.8637914999999,606.2640260000001,482.22250499999996,227.911285,129.106243,76.489445,424.81805399999996,765.497205,349.942145,419.670035,212.44217,1808.700865,55.82885999999999,228.30118,448.524891,65.64649399999999,2006.1686445,171.4544065,204.14558749999998,321.921298,98.24967,163.22066949999999,579.6999125,1647.7023195000002,1593.57715,150.20589999999999,139.720595,168.84105499999998,561.272385,325.85006,185.817067,2085.66859,208.43012,95.266445,1123.136859,690.74083,1255.632306,437.26474099999996,348.2550555,982.710086,267.08252,453.89138249999996,164.8381425,677.958762,293.678315,2496.7298545000003,475.627229,260.17498,501.055807,136.9471325,279.613408,256.54249500000003,249.411744,165.786935,296.44801800000005,437.529243,33.96156,49.5344915,664.665728,186.731602,95.88848250000001,59.1421145,200.27243950000002,283.7496875,765.103193,171.53667000000002,152.388079,261.207944,168.55584349999998,357.700954,244.320854,214.4340015,492.035432,975.044926,185.444597,222.98332455000002,253.22436770000002,313.33986500000003,276.345039,272.5920515,138.098239,309.183634,155.32403349999998,187.342836,424.40015600000004,230.9844865,153.35842150000002,212.25431600000002,221.39556,248.59283749999997,25.2787975,241.234839,67.603162,290.162051,243.7640735
SFTA2,8256.4324,3454.6846,1538.6491,4339.5344,2943.9277,2847.0461,2969.634,3943.5908,1903.2663,7522.8145,826.5735,2988.1634,6309.022,1035.2021,4382.942,3549.0907,2790.5786,2843.0519,815.4587,118.6,241.9726,527.2148,1703.8395,2704.5267,8821.6258,281.3944,820.42,2088.3224,1270.4446,2855.6683,597.1945,860.0983,1099.1118,1144.3079,2184.2415,677.975,514.788,1172.0513,6456.661,2491.9362,1098.3098,2220.5752,2943.5834,998.7369,4025.2466,3459.3314,705.945,747.1427,188.198,2202.7416,1675.7866,2359.0472,4532.9625,3286.5523,417.4462,4567.4134,3856.7478,4541.5222,178.473,4910.3373,277.0038,1486.4478,1270.457,1865.8073,1080.5022,1820.2863,2352.4034,1338.2545,1550.1224,1784.006,5060.8615,4557.0716,695.3266,1707.7882,3430.9195,2734.5033,103.9219,4852.7275,4884.0032,2373.3866,2074.4046,780.173,1851.1494,4428.404,2358.6076,1199.8039,1950.9598,6006.0736,764.1289,598.2066,1352.1466,3145.0088,3378.3636,2054.6158,2843.8676,2220.5076,7373.9585,7003.1118,255.3117,2103.2648,6826.5716,7605.5283,3341.4648,3188.4625,2650.7029,5513.1647,2105.0558,4074.0703,2319.3611,429.9718,7373.1243,3094.904,5298.6435,2793.9396,6151.5071,3929.9072,1089.4214,2871.6203,1114.4406,272.4066,3960.7561,6352.6676,2599.841,9976.1303,6014.6908,789.6577,2352.1149,1876.2586,5711.493,1496.3414,2309.8533,2866.6782,3724.2442,1900.7596,2118.1356,3934.3512,2760.5595,3007.118,835.9662,1054.8581,5399.5953,836.3266,3105.2722,5313.6997,2783.442,4951.8956,2806.9364,4269.1072,3085.7595,2904.7418,5248.8999,5936.9125,2729.6128,4424.3794,3093.6362,1005.632,4441.9504,885.1792,6654.6292,3113.6891,4570.9388,2198.7927,6575.0644,6080.8618,5914.2222,4371.508,5192.6956,8825.6012,11359.4391,1127.1838,5543.3498,5573.6234,4471.7033,6166.4511,11696.489,6563.6799,1684.361,1744.3633,2587.5379,3192.7795,7235.6992,3429.813,4981.6804,1563.7676,3896.6477,7385.3553,6241.5723,3850.2413,5103.5212,10025.4411,6635.1916,4307.4079,6541.8814,3477.324,2007.496,7903.3262,6772.1605,2416.1294,8775.5242,5900.9916,4311.8612,2858.9293,2571.9094,5318.0075,7365.8194,2101.2352,5681.1104,6169.823,5162.5362,2771.1128,2338.4431,6410.5877,3437.0653,2684.1104,4142.3305,6090.576,2879.0125,2093.5093,4646.4457,4377.8074,4656.1653,4036.9917,7536.3159,3718.3102,4168.0531,5940.5846,3909.513101,4055.251428,3240.5201,2536.2353,3187.8821,1426.4614,2107.7379,2600.6759,3087.7364,3108.3934,2683.5869,991.188,2352.1378,2835.6541,2857.2551,1333.8979,3462.1879,1792.9497,2532.3647,1592.2155
ALOX15B,358.8876445,65.84188,300.5603765,64.615975,209.7058245,126.7056015,153.418935,84.08222500000001,89.961505,164.124187,211.06273000000002,121.6725855,43.303053,40.606159000000005,61.4677085,332.033723,202.9929135,45.518119,31.1189755,358.649761,55.536204999999995,37.7012695,67.96690100000001,620.9927749999999,323.664185,92.38180299999999,61.478204,195.044663,200.9950365,490.02124000000003,56.556465,285.552922,102.55883349999999,326.7569285,159.16805,85.67006,93.93446,132.868764,317.94266500000003,77.75706500000001,110.49589,80.402295,341.7419455,105.569065,245.9385525,184.0950745,121.271311,69.1780135,56.821299,67.77354249999999,97.10629300000001,319.758896,78.37926,157.37187799999998,53.361017000000004,557.2676985,198.65947699999998,98.771935,44.307790499999996,62.631422,34.037643,38.6303845,142.7983635,45.82938,59.059129999999996,149.6877735,84.15389149999999,183.03865050000002,55.327188,263.421001,454.4518385,1276.963472,93.7148855,51.289644499999994,848.9319025,21.0535,39.794399999999996,180.7373125,307.38545350000004,612.2687980000001,110.520371,30.593590499999998,93.633886,294.6594525,267.9554015,216.18030449999998,51.340809,150.688984,44.7126845,244.9928655,144.9015695,173.5571625,45.55887,51.303785,219.49003,848.365285,89.46212,731.7059650000001,36.68195,323.1452035,248.366685,88.2598,13.708767499999999,208.0688995,107.785649,317.51845599999996,80.24847,37.086642499999996,397.95256,97.20404199999999,655.9696994999999,180.52272299999998,98.1023155,159.9498285,317.159879,91.1742405,54.360785,89.3856155,22.11273,28.2287355,227.7115415,109.366148,187.56594950000002,4613.082762,862.543039,110.608128,77.2119915,207.099341,373.32421550000004,92.95133899999999,219.70001,173.29223,370.72879,241.689195,61.050165,357.6686045,110.3394165,329.16236449999997,237.6482,104.722065,98.2643715,253.00415550000002,209.02766300000002,1286.9933775,960.1454094999999,259.109417,196.9561125,468.57271099999997,172.737922,308.3917715,540.2699375,69.620399,167.83345300000002,1450.869376,115.68008950000001,73.7471505,66.67744,337.44386499999996,781.233599,350.6861185,86.4290805,168.080002,244.517601,43.2384315,652.661513,146.77484950000002,299.1450385,125.14959,240.2714205,217.6494955,369.72245699999996,257.0858645,166.3787645,201.18278650000002,737.3196995,510.77239099999997,243.042144,45.584866000000005,147.746112,412.460071,87.052604,126.87941000000001,360.409765,68.636297,508.46132900000003,147.87695300000001,641.742729,234.63685800000002,1090.3472775,428.04794549999997,408.91657499999997,514.3650715,847.6319585,894.015309,174.8569195,792.51231,163.4582315,492.1114005,699.860899,622.380549,529.498423,62.2718975,391.1150165,180.612441,807.52874,382.990775,514.80276,307.23742,196.830965,236.45628,1286.3374199999998,161.17582499999997,231.752655,214.08916,212.346135,729.64943,102.77733,54.659245,224.61246,83.222465,887.002395,203.126035,2640.43354,571.293665,725.648555,926.0775699999999,196.54004045000002,240.59281845,428.722441,193.1324055,208.2016315,307.83142599999996,117.5803735,202.486511,316.43085199999996,216.173353,287.987077,109.4085115,284.824757,168.1823185,203.93761650000002,181.05491600000002,283.70031900000004,98.3332255,121.86536100000001,144.2506415
C7,548.0690665000001,806.981355,858.4542720000001,1929.7405649999998,5294.9953775,2416.6705140000004,236.21049,3016.40454,2265.96561,1818.587455,1487.568895,4323.938373,15.3110095,1959.0904605,1912.4847625,21.541594,439.0290915,887.2810955,146.000874,393.36568500000004,1017.00904,5293.44362,2940.6824450000004,1087.58697,1191.9785450000002,927.059385,4268.88922,6620.484465,1388.368225,3644.2995050000004,2031.0286800000001,2040.7479349999999,4690.8865995,29.011867000000002,985.603175,790.6436,8145.0188849999995,3782.2302235,740.556085,2476.9007775,7694.8986350000005,90.6086305,739.0785025,2555.191913,2548.37599,1820.8409335,127.20614,3761.6650555,7559.103135,2002.8521835,2983.0570455,1514.5907989999998,510.0579215,1413.25314,6633.55127,3672.2725145000004,4828.993200000001,1244.261665,708.9910759999999,85.396631,132.3324375,41.14888,6762.686591000001,1281.85706,276.79544500000003,8553.2201805,7670.92889,4730.226675000001,11602.787910000001,6751.283539999999,2907.01359,5193.705569999999,8349.04254,2543.9446350000003,4448.927885,713.710415,111.52444,3303.93174,3849.0971950000003,3403.70652,7057.454005,111.843805,5627.51898,8421.287065,3820.924325,6626.893335,4224.55661,4036.8629250000004,578.397215,7037.36326,25.641921500000002,1351.57163,1875.1444099999999,2226.7846200000004,4744.595630000001,7343.791905,384.143035,4351.64636,8341.25723,3011.3430945,4189.45,1093.82656,71.0647615,3349.3798005,1680.104183,239.37318249999998,3536.072566,2486.365537,253.546095,279.4926145,1805.0352655,88.0631285,2589.747604,4671.5829995,416.16968999999995,2243.9671240000002,9628.98741,4259.158919,227.9987515,247.1098235,947.0240709999999,888.5456310000001,9027.06161,7918.262835,2903.859647,620.564682,3416.985659,512.005346,2560.2697545,2859.370604,2379.72072,3799.997095,1803.73963,1849.1199350000002,221.251215,1938.9945565,2083.0008165,2071.901538,4125.313015,4022.8730649999998,2920.7900405,6624.8939,3137.90584,103.576075,3968.072055,2953.6987,5431.7705750000005,3665.2866599999998,4626.48218,6037.54329,3232.6943699999997,2110.82515,6856.14485,4650.200379999999,3976.7223999999997,9525.903385000001,2143.086715,700.230115,844.626405,4315.8683,2513.412665,5037.47526,1396.8298105,883.394325,5056.036105,5408.77574,4248.098,5002.57718,900.2637900000001,5182.68249,3027.1837299999997,6878.822925,2457.89136,3144.4950949999998,1318.0345790000001,548.49397,223.319165,2502.6119400000002,5801.64847,8444.100855,2175.85358,4475.851484999999,6142.135985,3160.80807,2007.790235,3556.101885,3159.9503799999998,2566.2306,667.48767,1400.799535,2497.9555649999998,3375.9705950000002,2030.102565,2229.09364,4324.2058,3813.7713799999997,3954.898514,1985.0314950000002,924.267065,2362.31975,2843.7655250000003,1495.42786,738.453985,6292.111870000001,4526.705075,4172.86372,3737.4267,5331.466614999999,4457.473035,1222.385745,4694.624235,13211.004710000001,3201.11391,2053.51458,5274.048535,945.6178749999999,5143.68478,3640.54723,7203.256535,2092.8037999999997,2943.049495,6646.20831,7250.35242,4595.472165,3903.30015,5925.43023,5060.59457149,4359.687638699999,5090.434174999999,5777.612819999999,5544.51257,8027.47212,5803.237255,6761.962455,7213.02512,5833.142835,6457.853355,10032.223895000001,6100.657244999999,6252.462299999999,6676.95017,7978.92498,9187.52512,8998.833365,4093.5124849999997,4823.12898
AQP1,14059.88974,1769.95455,1782.8436299999998,1213.03815,1707.463035,2649.60817,590.31755,1814.9416,8209.51543,2514.35155,601.55227,2393.048965,533.835925,1307.773785,1689.803075,12891.847665,503.214985,1112.3723599999998,456.97712,13757.618160000002,603.61,2784.7035499999997,2070.7422500000002,3849.2539500000003,2037.923065,975.82385,3261.0206,4650.8465,11480.2005,1652.3888,2635.89571,556.44624,1462.6983599999999,258.211715,2114.39515,664.5703,2188.1353,1446.903765,14394.36695,3505.4055700000004,3000.8214000000003,1823.21104,956.23536,3079.38793,649.10435,1731.0704449999998,588.75036,1678.453925,1631.23925,868.50675,1219.7090199999998,1755.422895,897.348435,6862.707,3751.213365,954.1525300000001,1534.06625,1438.1007,385.05463999999995,409.519765,363.487765,261.435615,4237.713255,487.11805000000004,409.29325,4218.935425,6568.499055,3840.42965,4172.037499999999,3396.82665,2422.1656000000003,1269.7922,1033.6186,1139.0271500000001,997.48185,857.57385,271.31527,2434.9158,2054.8978500000003,4359.75025,7087.6395,210.20935,5758.2825,3329.75425,1731.92335,3006.6965,3038.3537,1610.1969,439.40979999999996,2838.43595,108.299985,1682.6675,4815.164495,385.78828999999996,3168.40571,2086.361885,457.66513499999996,8212.979345,2534.5818400000003,13086.98431,1039.637,913.05665,204.518505,1265.775975,1573.743705,5286.452265000001,1195.747025,660.00009,4033.93725,508.10841,262.04581,423.97095,4366.191775,4277.495260000001,1245.06815,1110.591375,2363.9087200000004,3177.49995,301.968445,521.589575,1787.665045,6919.595864999999,2151.355915,1159.235855,792.6770300000001,307.61542,2053.424185,1022.47508,926.267975,563.96929,880.89545,4177.97995,811.3218,1274.00235,304.61115,8237.073285,6455.9239099999995,8640.039645,1948.92985,938.76195,986.875355,2444.0326,1110.2558999999999,10690.59985,1204.8354000000002,3210.86365,3455.0899,6541.92685,4896.038350000001,2545.1923,1490.3287,4728.8556,9727.863350000001,1254.9304499999998,1583.59985,4317.045,881.25862,676.303545,367.49755,1467.33535,6664.8093499999995,3990.67495,4198.93914,1054.9474500000001,2466.0424,4912.84945,869.4438,2362.6914500000003,6290.3135999999995,2379.8723499999996,2019.8206500000001,5825.50155,3503.0429999999997,1342.48915,6082.12436,4335.29825,442.64054999999996,423.15774999999996,3109.6911,3422.98535,2559.63035,4266.6887750000005,1023.7262,577.0269,2618.125,6546.115599999999,3831.17485,7483.1316,5341.01245,1912.12045,697.4012,4371.14905,1120.9699,5858.56865,5933.7333,13001.8551,7847.793465000001,7682.9216,3386.59655,1401.08835,474.97625,1583.9092999999998,2508.5081,2352.2096500000002,762.28153,678.4084150000001,3138.4809400000004,1383.475045,3784.444585,4239.67671,4212.3157949999995,5423.97729,745.7684399999999,5253.378470000001,1328.4515,681.3963600000001,786.589255,2902.2223750000003,675.2512849999999,803.156435,1111.381875,3518.846015,934.19949,9976.126525,1538.691135,3038.089695,5432.741887,6578.213039,3158.6574,5403.80535,5328.3752,4303.99175,4770.7412,5003.263199999999,5267.8171,5044.7702,4356.33315,4589.62695,4468.4344,6303.284750000001,5460.341,4683.17425,2807.0299499999996,4149.724700000001,3690.2437,3924.0332
EIF1AY,4.79481585,21.6070205,1057.1488485,17.808037,11.51576095,12.872294250000001,13.0454465,556.813481,18.6556005,15.874495,21.9227318,27.06684895,309.85836815,20.22795765,20.42290915,341.92415245,869.140995,469.08510445,1326.6247885500002,442.2134548,501.723306,1060.303613,21.488485,406.155392,1242.2744535000002,445.13304834999997,1.6288975,1179.1151625,8.5431855,3.07862815,6.4545684,555.6307752499999,1339.5564606,1289.3086859999999,720.6119585,823.3772799999999,10.552377,16.84946635,4.004738,295.2988095,878.105632,820.5629602500001,1455.2078595,1393.1597765000001,1017.18359675,8.24249665,460.9386673,471.38400605,12.300954749999999,1006.0496572,17.846308450000002,925.164629,9.56637865,10.091508300000001,921.2123564,1009.7265988500001,1.7531717000000002,17.3313835,1252.687881,19.01062235,1165.1862999999998,1599.2980054999998,863.8786790500001,419.19901949999996,685.665486,958.5917786,6.778936949999999,11.54026185,8.85888735,13.49479,553.8383525,1098.9816845,1017.1175210000001,9.0886251,8.9595825,433.4521218,282.9559978,6.4811318,1181.142985,792.2868895,8.8703747,434.40432705,1089.3511273,17.1652697,16.139739300000002,963.6569059999999,424.00977274999997,16.43891105,799.171051,1037.107432,1304.7717542,3.92186345,1067.726432,10.0891371,927.451573,9.33704635,870.3094129,10.30448945,5.2721534000000005,7.3006244,714.32834,160.2076925,3.4628942,1163.338526,544.03354305,924.7645564,12.36269715,412.8885663,545.481567,7.29315685,17.395362650000003,689.01084305,14.0070321,1004.18344215,4.07357145,7.3943762,1.07233145,15.088381850000001,745.47873465,17.77785405,6.22806385,1293.879277,9.6525955,9.846688050000001,12.11948835,2166.770808,17.01631225,16.66550355,16.352929449999998,12.756318749999998,693.2716875,13.161189499999999,10.200423,12.318325999999999,641.8663124999999,357.80429355,9.51201765,17.61379575,1103.4563535,951.992898,2291.829254,5.2487842,1300.8660915,4.3003225,1238.3844410000002,1071.474134,16.513381499999998,5.7584205,1416.8803229999999,976.4353348,1204.3341875,10.6668521,803.4696653999999,2.05850315,4.1202676,10.784860349999999,983.5431120000001,134.02225855,7.966412399999999,1.9110192,5.2658570000000005,30.017537400000002,21.965176,17.759224,14.332092150000001,19.185493,955.87392905,1021.0403846500001,12.134048,873.806493,20.245372500000002,759.06848295,842.801175,1.5499225,1418.1428645,12.84543985,16.1074643,10.6063884,885.1979175,862.7015576,20.8797587,579.0658039,6.86573265,1035.479984,1.4060055,10.176541,3.2769559999999998,15.510743,3.4019645,10.1644325,330.63865599999997,24.003299499999997,4.7804165,2.1423025,10.309947,7.313856100000001,10.3632195,588.4699094,17.200205450000002,22.6412181,9.71341405,8.1193137,2.1013079,8.52161385,993.9191255000001,763.12137395,17.3159077,10.569606199999999,2.68938195,809.62736395,8.4740971,4.7695343,967.7192575,2.80343465,1214.1713755,434.230611,2.1898134000000002,734.64849985,826.4727432499999,3.62288445,24.697359900000002,12.607384549999999,241.95516485000002,14.144818,434.84056395000005,381.01067895,1013.8605990000001,1255.7654375,16.92405025,4.73628975,9.270643999999999,21.28076205,778.4390338000001,985.32201125,2.37942285,16.0460889,980.06858865,1043.3545815,5.1947826,924.26053475,14.368105450000002,839.9787622,907.9322845500001,958.2798418499999,891.98663195,21.22654065
LGI3,8.360245,7.551603,3.928246,10.539623,6.772781,21.648516,4.73929,6.295794,7.574388,7.808143,4.216838,6.812535,9.527605,10.57199,10.290584,7.925478,6.763597,8.5255,5.413527,8.031555,10.185008,9.782718,33.683986,4.308205,9.1586,5.568746,11.924915,106.812846,9.225368,12.437529,6.622249,3.805291,21.359974,8.587536,5.482655,5.315857,10.277791,10.897373,5.87072,16.712972,14.760791,4.342577,4.959552,11.893944,8.97994,9.719785,5.742638,5.248404,4.460972,5.848394,6.543611,6.197114,4.77496,4.08355,13.478888,69.17523,4.796669,4.688391,6.90869,10.2893,8.861941,5.541656,18.252196,3.890026,9.270431,39.30907,117.658185,16.918944,7.452617,5.853659,10.71051,199.045207,5.324223,7.711691,7.165447,3.949786,4.978059,6.883197,299.511757,5.528514,9.006506,6.16436,55.458678,12.659792,6.377698,17.910013,8.048386,38.083577,9.702786,5.586455,8.620034,5.379319,9.821204,7.864068,8.469566,6.687927,6.508947,8.354031,15.090254,151.61061,5.535919,8.823607,3.935578,8.849345,3.446451,12.484117,6.563478,7.894595,8.229325,6.393912,6.90089,4.418097,5.607969,10.190421,9.200121,6.864208,20.545111,11.625068,5.388657,10.554086,6.957422,6.278399,9.477983,17.221116,21.465358,4.892462,9.143503,38.824978,9.727194,4.433511,13.972847,24.420693,6.6416,5.461828,10.06579,7.459813,6.214873,4.010147,9.558965,13.130783,9.8302,6.852068,36.050599,7.685544,8.483874,4.108289,9.414737,35.938739,18.644469,6.060749,10.124235,4.768698,11.64612,7.494029,4.813894,7.456999,8.262457,10.335272,9.168672,5.115268,14.692433,63.979088,12.484577,6.499657,20.691785,75.391485,5.178583,8.859096,3.961853,10.81025,827.497436,29.630314,19.072044,8.872573,624.98263,301.844874,12.493873,8.948981,7.473139,13.009354,6.077264,18.917029,5.854469,6.137202,4.233653,81.572459,4.266449,12.65293,9.63854,22.670421,10.420609,50.21277,4.606509,22.52342,20.573035,151.424492,3.976379,88.057051,13.375514,8.565948,11.033029,5.114503,14.19795,6.440262,248.554984,7.411776,7.282554,11.432512,3.560827,5.55448,45.414702,15.166611,9.821375,13.471578,6.207606,10.342701,4.452868,10.591984,5.890519,9.771265,31.526655,4.242236,28.000736,16.571591,11.124747,9.365028,211.6291905,133.2928715,285.130889,125.369776,286.576761,106.665426,9.760746,115.194134,291.654776,97.916196,161.913083,51.544446,109.034477,146.087698,110.35714,72.60288,220.70218,16.662338,61.126643,123.516699
IGKC,78.2845508,935.2478076250001,374.1125007375,352.356795375,1185.5338430375,1837.6344284125,1274.492060625,293.42621325,144.463211875,1322.266866,1516.702498,673.4820051875,1385.3419999125,554.09522525,286.94831062500003,2066.0499855,454.29922812499996,2650.4759057125,593.3544562125,2222.63775195,2998.327308625,764.1555326250001,799.8991595,1075.38871925,449.34703775,1372.507678875,2712.727987125,2699.29946375,451.645707375,2188.421706125,2440.8021171249998,239.89301943750002,2909.513717225,613.0405226,1462.7234079999998,3916.967631125,8801.825964624999,462.61377205,239.62883225000002,1769.84917485,3804.673355,1737.105113,2358.194943875,3090.035969375,542.11485725,283.748827,3459.373534625,1645.573912375,3816.373854125,2663.345347,3735.3226635,268.6933075,617.32731025,153.845930125,1469.842135,718.6199005,637.8663555,1478.17273725,593.3855893,4716.4374516875005,3975.8712742625,276.06366007500003,1771.0145404500001,2806.398321625,2897.260408125,2155.5036664125,178.264078025,834.4530110000001,1123.56646275,442.087426125,380.977114875,864.8711692500001,4651.12726425,2783.26747875,827.6195761250001,332.6041555,2721.1345712499997,1730.821174,446.354129875,230.05403800000002,592.69450175,3428.30047775,237.031651625,607.179176875,320.351908375,1262.885147125,563.7904367499999,366.62411287500004,351.189466625,871.600897,2394.9901616250004,288.725217,73.73003375,2217.369497125,1512.38880575,2822.167930375,3567.6822425,1156.916725125,1374.9597261249999,2102.4744349125,658.644023875,555.107567,182.05311646250001,2166.8176207875003,1440.9126962374999,185.10959533749997,5587.8901942125,2231.35149435,786.2188042500001,1378.030117225,1623.5502852125,205.7425308875,1444.41270125,664.3328085,2511.346581875,1397.454554125,4180.630847625,1029.767969875,1792.0309953750002,1539.711966625,948.022244125,2206.9482807500003,1438.521566875,1441.6164244999998,182.75173999999998,3065.961144125,1535.2539482500001,1833.9712534999999,201.598419125,3551.6526270625,1934.600786125,252.000753875,832.727722125,667.4932831250001,3653.52349975,1130.9251382500001,1044.1463018875,5362.5896910500005,497.2901945,3017.0025445,2545.685576625,2528.5811935,1574.266174375,312.15785275,816.81060275,209.19267337499997,344.848949125,137.419126125,1538.4876550000001,1343.8197251249999,1666.8849586250003,400.92483849999996,501.164282375,746.690509875,2852.367190875,810.9067215,846.8181631250001,294.791895125,1350.443603375,377.7212295,2329.70951225,345.705533,120.56550025,345.4344365,1011.08123225,173.242413,234.608351,424.420691375,295.1027145,374.54665375,758.4835627499999,2365.1565563749996,228.86858225,653.8588030000001,249.6886155,192.40983675,2652.024984875,3352.8470338750003,1505.5389169999999,656.63395825,277.146040125,146.58155200000002,330.715791125,2330.126675875,461.650353875,779.2277976249999,890.5676661250001,1784.959733875,1348.329920625,812.033307125,1068.19173025,169.693368875,292.607307,459.59666862500006,504.28706187499995,830.51460725,426.88177525000003,347.01068375,278.56838375,1689.32184675,503.52379112499995,530.7056715,430.6892265,1053.29133075,1307.07155025,639.830343,1515.39115675,275.136228875,915.47187725,2660.220840625,426.032807875,751.16019325,234.601878875,1251.1986805000001,578.192468875,681.8313258750001,2850.208912,858.455372875,695.296923625,335.77276324999997,197.76735975,1166.4609478749999,1527.440954,454.593128375,3543.7443734999997,259.82478175,179.991475961875,223.70632616025,336.217370625,512.8267107500001,203.22741062499998,336.414362375,559.8043710000001,330.008929875,651.7104175,194.627655,838.50446325,1188.62586625,536.893329875,293.38929525,260.24868575,981.5614469999999,1275.9672518749999,634.423140125,593.278586,391.37033675
SLC7A2,27.162656,51.592692666666665,72.906271,563.7991893333333,73.889849,162.50668933333336,85.85946766666666,184.44586,208.36784866666667,120.639385,475.5171266666667,860.639935,76.15403633333334,89.24427099999998,91.80162733333333,235.73552833333335,265.15261733333335,577.6348416666667,2276.098544,109.239242,267.3114303333333,965.9180289999999,2538.8416683333335,261.7854976666667,2068.638211666667,127.165911,523.253364,247.417477,335.240625,104.425253,250.987929,109.73685433333333,245.97635066666666,4310.183670333333,266.060033,41.708811,634.258866,671.0616193333334,150.49972233333335,652.2143016666668,684.815496,50.997758,1230.6147526666666,271.210405,93.58887600000001,102.296335,286.51376999999997,222.40996799999996,569.1177476666667,198.64281433333335,190.77739433333332,399.31477033333323,90.97360166666665,121.10760966666665,1623.4208926666668,1059.2950913333334,1008.6049136666667,69.18919633333333,517.6772940000001,2485.303467,210.08665666666664,6110.362546333334,899.4817696666668,566.137529,5410.725953666667,610.2328926666667,484.35632133333337,291.44976233333335,1538.1583406666668,905.1476696666667,568.5189340000001,1291.976362,426.50257100000005,470.1106803333333,1518.4930006666666,14.718648333333332,2101.603951666667,506.5249973333334,1601.0868426666666,263.32181199999997,1349.7891076666667,174.163902,491.826488,1304.1685763333332,1260.7144386666666,1029.8478073333333,228.808582,143.170285,154.19009066666666,582.937632,1134.600823,990.71194,383.2250669999999,935.039825,138.3921256666667,667.107618,873.6398536666667,470.9140540000001,1166.8623903333335,533.9038916666667,131.7887486666667,24.807975666666668,169.74501933333332,1672.0126913333331,281.8090756666667,60.07631566666666,178.64844533333334,251.07615833333332,116.89852499999999,60.74283333333333,49.71384066666667,97.198878,200.52889600000003,2276.2197403333334,92.94117566666667,305.0745693333333,1005.4595393333333,252.31254533333333,691.6794443333332,152.05348,256.27408833333334,93.11182266666667,519.6895296666668,1636.9227823333333,1381.3017486666668,296.29919033333334,189.38456033333333,505.844804,693.5544903333333,1262.8324116666668,139.291681,280.2182543333334,159.92837133333333,447.9267083333334,103.97704433333332,57.407758333333334,139.50991966666666,101.949148,798.511124,221.36886533333333,488.7256803333334,946.2959453333333,465.41533766666663,266.9777486666667,511.6273576666667,305.330737,511.13473933333336,157.12108266666667,376.3470726666667,1041.7838636666668,2037.7779843333335,947.2503953333334,529.5957336666667,123.05845199999999,797.5955260000001,1086.4348156666667,1431.0924433333337,78.31363466666667,516.9899536666667,735.2579226666667,248.06509099999997,335.120959,110.27741066666665,156.641741,436.4109656666667,404.361115,165.704581,326.12646766666666,479.15881700000006,392.991639,282.67404,610.802556,1011.4506356666667,83.00049399999999,495.747505,1571.0347573333331,184.8321083333333,71.522487,508.3983203333333,1097.4058826666667,84.54819833333333,387.76892799999996,608.0885049999999,194.9993616666667,255.59741066666666,308.348316,587.6854366666666,161.02204733333335,573.9212416666667,596.0088163333334,127.77852899999999,502.1751113333334,219.8569233333333,131.95367633333333,187.00627999999998,925.256339,444.2709273333334,475.76186633333333,331.13130233333334,363.6364106666667,93.503945,36.285654,119.41404233333333,580.643972,233.53041566666664,368.6188896666667,284.1701293333333,6113.154711333334,303.84919733333334,139.99663633333333,685.4653943333333,2327.6412433333335,542.725174,1117.1603846666667,463.8442916666666,77.84168633333333,173.36641333333333,854.9067500000001,349.8620096666666,109.51687366666665,305.899966,360.16341933333337,342.42998333333327,382.6628286666667,94.64456666666666,1414.2571580000001,497.86246402,501.463802668,802.519131,294.4828376666667,585.730726,1113.3071843333335,555.42027,818.5108656666666,434.1109216666667,800.8446956666667,351.2409826666667,695.6224579999999,558.075213,383.95958966666666,983.3241393333333,1734.4651213333334,718.639177,660.245532,743.0110530000001,572.9431356666668
S100A2,635.00025,5369.44398,15868.43047,1393.47134,1026.30254,318.43305,9355.96083,679.31879,497.1256,135.1841,3072.9811,1748.93415,12867.57489,184.8315,120.7682,1069.873,114.3011,284.78747,302.38241,1778.42555,15750.85712,1458.90752,144.51821,800.54629,202.1512,290.21855,1289.32609,191.2694,3213.5169,98.51397,264.9041,1122.84403,201.85275,20730.66343,5369.65367,145.49526,196.40197,1005.89898,599.00019,286.0569,1772.68502,1657.1375,223.0868,2680.9772,1026.9106,17903.3675,803.5975,540.5274,342.7881,318.4362,798.1439,408.2298,7221.0689,1165.76835,1197.866,564.8804,231.94674,4774.52994,229.28586,204.99817,154.98015,289.1833,630.71143,269.75257,79.18521,217.58967,79.87707,100.44237,256.48342,660.923,14629.1873,354.1969,1212.8137,14180.90215,246.03936,197.63061,115.8733,395.3333,350.8869,206.3619,776.25899,16307.14248,90.05254,235.77899,556.32031,193.8682,966.0368,493.20519,19816.3115,236.9033,801.3261,301.66677,208.891,709.0104,127.0768,207.7184,231.9275,500.8065,451.3927,316.60578,335.66751,122.93766,341.54642,118.91887,538.168,1098.63244,505.38474,399.52137,402.27486,2708.53569,135.14665,8819.04301,270.3078,313.4302,156.76311,1536.7493,231.8191,223.2447,5719.2222,2059.1744,236.9383,309.6753,198.1942,415.3406,198.294,230.5527,260.3137,154.2072,125.8803,2151.48409,292.75326,137.82954,301.66946,1018.60119,130.45088,548.81589,401.46815,443.57316,2279.80837,1573.74683,352.1656,462.53092,168.9383,3698.127,126.2851,99.76876,284.9997,209.9741,120.99307,219.74805,277.71024,299.78045,241.74905,98.4183,126.20438,261.56348,118.4468,18103.6358,357.50379,223.9992,450.72736,111.91173,496.4076,3256.93467,217.12598,131.2587,138.5412,164.4505,117.533,411.0611,268.3232,151.11983,101.8539,1009.8349,147.0381,406.07089,1372.77499,580.9139,246.98545,82.34994,256.14681,141.4967,646.63223,334.23556,276.58885,471.9392,402.8721,262.2851,154.8188,663.3943,218.1555,173.35317,160.4698,264.2583,140.718,185.9214,198.4306,245.08341,179.46882,181.33771,1934.88376,853.62013,271.90177,528.67651,205.6715,336.6045,331.2113,213.5509,103.5377,438.6841,126.3533,329.7143,224.0823,324.9705,133.1877,169.6269,653.6536,659.0927,237.6584,118.0918,288.7553,222.7469,176.1586,251.5703,265.4373,167.9392,133.0174791,142.6901424,78.13597,161.49791,81.99292,103.32907,52.79788,96.01194,83.91585,65.41018,180.24058,64.22979,108.9441,66.756,70.12388,527.96704,141.76012,74.72726,4455.86475,143.36618
GJB2,439.49419,7790.39828,5682.91965,302.24483,1037.39789,1181.09875,3591.66041,87.30034,202.40019,462.18166,750.04972,341.47171,12238.13483,375.87135,397.45482,2764.23129,1587.09234,1176.67693,2663.07933,1205.16761,8690.89888,609.49188,1527.43792,2376.4591,99.87335,4391.61994,2972.71117,191.03309,4385.2166,61.94478,1085.9689,5244.45945,1015.96399,2009.30628,1524.53725,1162.51408,690.93818,524.30927,705.40574,168.66358,2039.37118,1227.92201,472.09428,1698.06466,1667.12111,2431.41979,6819.40651,348.26204,111.07236,382.0552,6700.31857,3330.15626,6504.98587,1388.91242,368.81429,153.5463,106.67415,2366.4583,90.46552,963.97656,4802.94256,1727.66239,82.71066,796.96144,2758.10804,932.11498,15.06123,40.63665,82.51496,197.27172,374.12859,63.54867,295.37775,495.64732,172.57074,730.65319,603.14431,602.17825,432.71921,2418.17988,104.49938,1057.36026,26.43375,604.694,176.42562,149.569,167.48666,274.38952,6284.61149,662.18157,40.68738,819.09092,262.02738,513.71269,554.98294,222.94819,682.86106,347.13789,195.66354,2339.71351,1635.27608,719.56843,546.57402,529.89713,229.82696,1970.79963,716.14559,130.7347,1511.40778,1530.01329,88.0794,7665.49971,414.09242,117.7049,1317.13678,726.88409,144.77197,252.39763,3718.1432,5386.63337,857.79461,1735.01693,242.52671,54.69351,127.82485,516.05922,141.52229,228.69637,33.30195,628.39765,2975.93238,63.23181,215.59975,545.85863,6714.1152,840.96911,1134.45978,1052.29565,1404.2043,5198.63046,454.29724,103.25914,469.74609,6241.55127,236.45802,60.91879,384.78931,197.10973,1198.70922,249.0094,287.29559,99.58181,351.84103,76.64156,195.69842,91.29605,122.67257,5337.92048,470.15701,58.94426,151.8292,127.55445,77.20084,446.26958,99.6393,140.70518,101.05166,148.26125,1807.71887,77.84286,110.69681,78.43312,94.29265,393.23922,546.04686,81.78075,1591.75408,437.40209,256.93105,82.185,28.50299,31.31765,176.46804,2083.48818,746.19418,46.26095,191.9281,47.40997,2435.33394,309.96805,259.80782,44.61112,40.44033,404.03714,27.16954,100.06662,140.24964,95.83391,356.78746,170.35649,262.83456,1192.07838,625.16326,87.30245,187.49366,841.47303,236.01176,748.84303,121.13327,964.56444,53.53093,162.06594,237.59612,122.46562,123.33168,304.79235,307.91049,411.59625,298.23397,262.97989,55.12882,420.59856,50.02495,156.96073,415.72185,186.37938,89.22533798,36.55694374,24.85509,17.25191,17.90609,108.12857,33.92544,14.7009,45.82963,54.81454,28.30038,70.781,26.82197,33.51098,19.01697,89.93009,25.11981,22.67806,93.82122,28.21654
NR0B2,12.518801,12.078671,7.644143,8.96226,7.508773,13.284325,7.458141,8.966349,7.931144,11.453228,17.713932,59.381877,3.966622,940.702795,393.732735,14.755462,6.907354,15.991887,6.473751,8.487761,8.503099,10.221319,34.869228,37.10183,171.402955,339.566448,126.776324,123.69159,9.055462,285.295145,54.21699,5.616906,32.036097,8.046422,7.942107,7.747078,14.127708,8.536153,9.529164,5.291272,34.45889,8.958857,7.73286,9.895672,10.769752,8.010873,51.491552,318.437703,20.773587,14.530155,18.988364,11.708626,17.632963,4.429904,17.211051,140.483993,101.823753,8.258481,600.805099,162.638473,9.239195,17.545423,16.000097,7.243281,12.026232,55.361116,57.500275,23.704265,17.978125,99.009602,13.02264,249.007976,17.483919,5.397003,31.377988,634.262379,9.799938,9.536471,385.335345,114.136472,27.15947,6.772871,49.493255,38.140002,223.506127,57.462486,9.375996,418.751988,12.496764,43.487121,3.415884,152.364475,12.210593,6.852972,30.737042,37.779967,40.452231,21.468394,13.205307,246.476842,33.984929,36.689105,6.846324,8.614717,6.334377,16.328575,5.155147,6.6235,11.27353,5.812737,7.503691,8.256897,46.473812,56.889211,88.882698,236.895715,6.634025,84.277523,4.626265,28.79562,159.675608,318.351229,93.938038,268.660662,59.660597,8.903637,5.107069,108.277192,9.453228,82.208876,132.839887,42.333278,8.636118,21.015034,7.180981,176.695194,9.884333,31.835669,19.695672,8.044055,495.095386,12.749986,126.923539,7.376384,215.726485,12.321134,6.48795,271.214866,620.306413,17.954278,227.085513,34.414589,31.398778,188.407889,30.989208,68.014224,25.271502,4.479579,233.050968,131.254577,50.914745,113.003955,43.451905,6.588703,393.363718,20.822293,20.091421,55.508075,60.96983,10.168211,14.041137,155.532231,181.013212,16.92049,287.50843,6.736589,5.298232,48.429426,115.806109,9.99053,33.580798,165.383554,58.086929,9.677821,45.604819,115.957183,8.435186,26.304471,100.63674,181.316703,29.975304,120.523288,52.015709,11.213001,6.766341,196.931327,16.034069,14.853928,269.953276,127.385097,11.261083,11.454638,43.859519,39.783609,203.81246,6.445641,160.209327,299.5819,85.81585,34.439299,224.594736,345.712557,16.975473,325.71848,11.178207,13.676446,65.67087,101.589126,8.358087,45.836242,78.493635,82.279928,28.318879,68.170344,5.90121,93.599331,85.69842364,9.78738341,61.561496,70.74671,109.478958,132.05234,90.251924,83.989246,62.617151,58.058445,83.199686,15.648586,11.470039,72.072769,138.40124,61.012758,55.130135,55.281951,28.491874,27.579891
GJB3,69.46390333333333,304.0462626666667,354.527076,90.79463833333334,316.31517766666667,178.77640066666666,213.576824,57.454476,151.49689333333333,35.87464433333333,385.7595626666667,121.51809366666667,598.2533723333333,557.4447283333333,644.7819313333333,110.018284,37.10404333333333,173.85809733333335,153.16729933333332,21.187973666666668,729.42949,148.02483433333333,188.79466533333334,125.05644433333335,32.775028,674.1869399999999,432.92208,131.79483033333335,313.26387866666664,79.49113733333333,299.11208766666664,153.44067166666667,229.51034533333333,996.7690563333332,199.22003600000002,276.82116,114.419331,128.61898566666665,40.14219833333333,99.84584233333334,140.68615466666668,265.30271266666665,112.72508466666666,276.41880833333335,234.9573376666667,387.6603583333333,292.7961696666667,270.1136896666667,85.08437133333334,485.3744056666667,252.21106433333333,53.74430666666667,173.498914,137.36896466666667,89.396314,96.219996,42.864949333333335,203.14181233333332,23.20749566666667,96.55220200000001,74.63331166666667,270.5262993333333,61.56282933333333,54.32781966666667,578.092718,75.03126400000001,50.40438333333333,84.22533533333333,50.268740666666666,73.908819,72.444751,79.389072,93.21365766666666,229.8657893333333,38.109054,367.7918293333333,43.295432000000005,79.94747233333332,34.73382,55.505265666666666,94.17422866666668,362.6511746666667,48.56126533333333,66.95983366666667,182.12457099999997,65.53737866666667,32.93773366666667,37.35147933333334,317.70038500000004,38.515926,108.07835899999999,65.16807366666667,35.496485666666665,81.094622,137.18011166666668,71.17881366666667,98.778567,29.816575666666665,100.39165933333334,72.89536666666667,86.28251999999999,43.17817233333333,38.717599,157.701064,63.173148,29.60213033333333,40.63606733333333,91.87549433333334,49.53002266666666,230.57956133333332,24.267759333333334,88.75025733333332,51.54080666666667,36.79217,33.45812333333333,315.122048,85.92113333333334,44.93586933333333,117.82299766666665,789.1324753333333,23.22172,91.33264533333333,55.940165666666665,47.301523333333336,43.223915999999996,169.17730233333333,88.68573366666668,52.06780366666666,35.490073333333335,114.749187,63.98382433333334,43.68748766666667,51.51918166666667,61.00504900000001,832.2177333333333,28.040020666666667,97.61771966666667,83.04135533333334,108.06771733333335,146.669265,69.28800433333333,126.84290233333336,34.324417333333336,60.112490666666666,53.73518366666667,53.33682366666667,61.69809966666667,37.787306666666666,58.57862033333333,52.622817999999995,35.244136,45.488307666666664,28.47739,56.04064433333334,76.119244,46.47932933333334,48.45316966666667,483.50653566666665,80.67475633333333,51.27364233333333,64.14380266666667,48.783140333333336,55.62046,66.382741,55.455367,44.11166733333332,18.860297666666664,35.40673433333333,48.425616999999995,82.655819,54.15811733333334,44.34657933333333,53.670409666666664,24.960424,62.718903000000005,53.02273533333334,74.61386666666667,98.144595,71.019856,49.011516,35.40164000000001,47.69968633333334,33.26603266666667,244.057183,42.42070833333333,76.54857366666667,38.803337,44.99410833333334,76.38904866666667,36.537411666666664,72.87534266666667,37.072372666666666,36.64781766666667,47.298958,39.556484000000005,70.03007366666667,59.35076966666666,79.19842033333333,49.418721000000005,67.57103933333333,29.426879,72.26042366666667,110.55983099999999,48.42133033333334,58.549835,43.827688333333334,37.49947533333333,47.804792666666664,33.779362666666664,136.29372466666666,32.27534333333333,39.040410333333334,41.888510333333336,39.51930933333333,59.322009666666666,76.463415,88.77972133333333,44.26455166666667,41.43749333333333,30.415146000000004,43.187773,78.17830500000001,27.99346733333333,60.27369033333334,66.953877,37.136928000000005,60.01600825,45.86077170299999,74.18798733333334,72.837881,41.56936733333333,55.633656333333334,36.169335,58.72638966666667,40.780718,41.39028533333333,59.362032666666664,68.53581866666667,79.908992,69.422994,37.919863,87.14162433333333,55.587154,46.24531033333333,133.12631833333333,46.782840666666665
PTGS2,344.38376,1549.507795,5336.254924999999,10145.062385,1186.970055,850.715825,2267.984135,2433.56009,573.61995,1011.36487,9468.1966,4638.93752,642.8654300000001,696.1400095,231.40409300000002,5903.521387,49.084067999999995,3980.99229,10946.076260000002,1139.152055,2753.2713949999998,1015.12408,3749.7219,585.596225,1890.506305,1594.0491710000001,1645.0929845,1573.774755,5807.98492,371.4341015,1922.588735,3461.341,899.056475,1765.590685,2771.797495,812.200455,697.80991,1819.70518,724.259545,3562.75352,4070.6651500000003,461.712057,6888.310331,4095.216762,753.9372999999999,2690.6062045,4020.593425,710.4426105,388.41607999999997,5799.952096,2457.12937,4466.4577255,1169.944115,2286.277255,4151.320473,1753.465799,4713.88149,816.71057,177.63791,3269.77645,1392.53647,1927.7505099999998,1404.13869,12763.957709999999,3874.4800999999998,2524.16899,5596.58669,770.1619450000001,2278.2865450000004,4164.915335,2123.510405,580.3713795,822.37605,689.7096955,703.1170555,368.694976,921.802465,4954.047745,1139.3043499999999,1500.3691549999999,3318.5193600000002,1205.7791300000001,7849.9637999999995,7001.790959999999,3308.445415,5871.08853,5963.306595,620.39356,1502.282085,1799.6269599999998,1465.829671,1826.426651,1140.35415,937.4477,3557.919825,1140.809275,615.07683,9320.47213,2413.4254300000002,119.396435,1119.76243,346.585495,916.0017349999999,473.32598,3935.22388,1965.6026299999999,2632.44063,148.215935,388.027395,7533.921864999999,852.216965,2462.460545,1905.8733439999999,2152.271813,95.19010850000001,5513.0133885000005,2172.717867,4892.9639315,1423.2451165,3897.0752110000003,619.2056114999999,370.6498075,4459.96348,1841.9996959999999,377.4737415,1147.6671755,2414.7864720000002,1004.88969,661.7413875,2091.42745,451.60244,262.77092999999996,5345.809929999999,2822.041665,528.50346,6404.837835,1977.913465,1483.2848999999999,2809.95188,1973.324605,1330.0902855,5725.517330000001,1020.24443,4480.082,2045.351805,7026.66144,3584.1749,9314.03768,637.9841399999999,1364.0713095,1981.502987,11000.0010185,7256.644468500001,2976.38017,680.0716,2935.932403,687.718625,9210.54412,181.166995,5772.38811,4008.94826,1430.6722750000001,2087.545798,1117.1479199999999,181.507685,2950.67425,809.057358,2933.7838650000003,604.180315,2421.51352,857.374285,2966.512385,4426.11717,507.996395,1414.679872,551.34231,441.230445,2013.30323,2416.680165,3815.4060400000003,740.89763,2100.929365,474.519125,854.8138650000001,1579.9381500000002,417.38003000000003,735.548935,474.62064499999997,1503.1530349999998,1547.274995,1738.141415,478.98974,2461.03314,5129.060605,1107.98232,4116.45273,7761.104111000001,866.2221470000001,364.790367,2011.838933,1843.5922055,1734.7773565,11195.547636,490.0916105,467.872295,1714.802905,1877.23648,5564.897065,2516.3172999999997,961.0176250000001,2031.75999,2155.842665,638.2122200000001,705.608735,1865.00837,2360.20749,1733.21093,2935.43753,1254.00577,386.77063,621.7495700000001,3363.751745,1352.37548,4484.486175,1824.005165,4561.237935,2758.7125243,2199.7882727,2011.510052,1566.4424935,1307.3567925000002,6253.792649999999,2665.579869,4446.111299,4281.7835350000005,6395.7710555,810.3546954999999,2325.984638,803.3123625,1808.0307329999998,3262.5249885000003,5505.64025,5321.258735,7891.4101995,1752.100225,703.0053935000001
CXCL17,2903.64863,1571.05102,2865.47097,10189.46485,2897.80672,2190.43229,7326.0691,2971.44378,2874.1124,4438.5911,2647.9855,2777.55746,873.4111,1442.1337,1545.237,324.325,5870.3444,2420.12109,322.28526,174.16856,385.76604,2445.7242,650.1592,728.7141,9644.2002,216.5624,1581.8054,1500.5378,438.9721,3849.4457,1101.5443,1689.19632,909.71614,49.05178,2352.74993,6101.87827,1178.76289,1232.95418,2309.85513,1701.47472,875.30275,909.0288,563.2043,2033.714,4716.0172,3429.9065,884.2605,2262.1021,598.7115,2266.3972,2811.2101,2999.0859,6196.1362,1641.4693,4170.472,6163.2715,2157.8351,8259.07318,850.18022,1303.52266,1355.43146,17.44764,1209.90933,166.56368,184.07877,1259.08833,766.34163,972.5961,1098.8401,1425.5956,2082.7556,2460.7802,372.2166,1323.1324,3621.8119,3478.8131,2592.1819,7309.1856,3565.2143,2363.4385,2040.0068,1542.978,665.9772,2228.6702,2094.2795,723.1481,2235.9563,8012.6898,1250.9275,413.56,3113.4186,1735.9565,104.0799,1310.6584,2498.38,1819.1613,5762.4187,3856.6717,1006.2083,1274.28262,3100.1686,5799.16658,525.60873,1508.18719,2123.80372,2929.96155,4595.93351,6356.48893,1803.89026,2118.40048,3459.77357,8479.74416,5164.5367,1852.6421,1189.5934,5025.0914,1278.0521,1928.2887,3470.4436,300.6249,6487.6727,7510.569,1661.7279,8542.7257,5688.8648,4352.9932,1095.0564,9566.7718,882.7322,3101.2176,2415.94419,2460.70953,1861.89606,4255.10902,49.21411,3578.5032,1187.81176,1213.51803,2625.45881,758.95372,7195.861,1644.363,7395.7724,1424.1608,7324.821,3683.738,1630.1753,679.3629,2119.4711,2767.2417,3725.4542,2418.6763,2197.3718,1867.679,5509.2769,828.5742,6406.0396,2024.4299,7284.8895,2140.1445,1675.4,911.3851,1214.3008,2335.7497,6137.2518,983.0456,1477.296,3608.1923,3173.0789,666.9996,4372.2456,4829.6515,3044.794,5858.8343,10247.6327,6958.5608,5481.7142,2707.2635,4971.7458,1372.7615,2355.8537,736.6449,2925.498,1426.5998,905.0719,3388.0094,1527.8445,1589.2242,2988.4976,8782.0716,7247.2067,1572.3916,1328.3564,593.7119,506.1387,12585.9454,3618.2462,732.9886,1997.5385,7710.9307,959.199,2434.3262,3654.5507,4230.8455,2724.2061,801.2561,4359.7482,1596.1429,2300.2986,1885.0621,1928.2153,2798.5594,450.0998,5131.51,1823.3225,1683.5757,1411.4089,4747.0721,2096.024,1394.9602,1797.6329,3613.5717,6476.4538,2811.8766,829.9233,1434.3621,1333.164561,811.3180472,1308.6089,871.3049,1018.3383,629.0433,1176.855,1100.587,1439.394,1287.1958,1582.3413,374.8366,1074.5614,962.724,1535.5793,756.2079,1823.8995,637.0495,1944.3014,839.8471
ATP13A4,708.595017,487.77722566666665,120.60717433333332,306.9843026666666,175.53443233333334,201.63348733333336,231.23678366666664,165.789701,238.0750196666667,407.74536366666666,214.9191303333333,200.33038066666666,19.618229,247.7746843333333,225.56668900000003,103.97412066666668,129.64826266666668,160.63017,32.70733233333333,15.660539,60.765864,185.39601433333334,196.643433,143.15886466666666,156.093949,30.151425333333332,159.659311,209.10986133333336,63.826629,375.205803,139.55564999999999,160.141561,120.49839866666667,13.389044666666665,127.85685266666667,161.22213866666667,57.67548966666667,352.892897,395.53427933333336,391.93370166666665,158.136176,152.48760433333334,90.824866,106.25737933333335,17.202258,252.5374863333333,49.35668233333333,273.883718,75.230974,214.17873633333332,261.5637893333333,345.907565,85.15893366666667,475.57492599999995,165.026433,703.5174823333333,376.7287143333333,164.17063299999998,67.56170900000001,46.220471,122.49010466666668,35.76734166666667,266.553128,81.46954999999998,31.293925333333334,203.9726893333333,394.47142433333346,229.684612,335.46877033333334,387.2267446666667,478.1413566666667,635.6134536666667,66.48706,76.610253,1799.7016013333332,209.10811766666666,29.91639633333334,742.790825,516.691185,118.88071833333333,349.611091,51.89351366666666,366.38665599999996,1033.299824,263.01820733333335,191.93011533333333,1105.354932,622.2610766666667,120.97342299999998,60.72931833333333,346.86000233333334,870.5296316666667,1303.9313446666667,213.46531066666668,364.8236546666667,200.76185266666664,46.644545,771.0083776666669,156.870411,191.46749033333333,227.65603033333335,918.7989509999999,63.96885600000001,159.94444033333335,428.7647973333333,911.83907,738.8445230000001,393.06405433333333,638.4229193333334,72.39498866666668,1956.2355936666665,310.04439866666667,2517.2611803333334,632.033853,361.58823966666665,498.574073,136.69206933333334,194.07884333333337,169.94113833333333,57.967376,345.779113,575.4174903333333,302.820038,1450.1213553333334,903.3938303333334,411.23454466666664,159.13825166666666,207.5039416666667,1613.7633263333335,542.7498906666667,1968.2990169999996,806.5931233333334,338.77743133333337,375.17874033333334,33.273518333333335,909.3374163333333,237.877942,444.96071133333334,397.7095643333334,94.18311166666666,516.8515363333335,231.08378266666668,1044.1782196666668,946.6862316666667,995.9480856666665,1390.8987893333333,343.09464733333334,1367.8331933333332,744.435992,492.2460496666667,713.4246539999999,1635.1364876666664,421.93649800000003,474.771042,328.6502476666667,329.12278566666663,1264.8820456666665,75.35002466666667,799.8146846666667,1554.1802643333333,615.349989,920.5643306666667,2385.6927086666665,316.62902533333335,732.1602006666667,773.6374800000002,958.639978,1160.6338926666665,33.096155333333336,331.32652033333335,1514.745059,793.1996563333333,1001.8686336666666,1198.5644443333333,1010.0055366666667,790.2915423333334,713.8223286666666,972.9210106666666,930.1737773333333,829.2646789999999,637.7924199999999,717.671567,698.5516966666668,65.44512733333333,742.4669236666667,619.1580963333333,906.9196923333334,262.0149843333333,219.89726399999998,877.8952336666667,217.35780599999998,670.3347673333334,2044.892696333333,1670.2636909999999,492.1507280000001,766.2019919999999,1467.3352176666665,741.6332663333334,1016.1169783333333,1349.3751023333332,1043.5116743333333,889.1561736666666,921.2554623333334,1280.1704733333333,2309.0869100000004,286.88683599999996,596.2212410000001,964.4785616666668,1113.6579846666666,619.3554543333333,632.4162316666667,859.5077149999998,1737.4113356666664,837.8356873333333,379.54537000000005,3431.2702346666665,326.405233,561.215436,326.42119933333333,1437.4335600000002,1263.7259656666668,427.31246533333325,2438.6081666666664,775.436421,1060.6824196666666,369.68007033333333,603.2485070666665,455.76640314666673,473.560947,354.579209,458.13239833333336,252.495642,365.6465346666667,250.80467799999997,395.93747766666667,615.2026653333334,314.0902833333333,213.16354666666663,368.20397,372.6070293333333,352.18075866666663,224.73437633333333,249.04806599999998,211.26803966666668,413.662495,307.63805666666667
MAGEA12,6.619671,8.094466,2.468008,29.151017,5.277512,9.584106,2.39445,25.564943,1.985583,5.373016,31.421677,2.956763,8.222446,30.183771,61.642624,20.949984,20.524276,38.051137,93.34496,1.840526,581.903307,32.748124,15.259446,16.608629,7.299715,42.605946,12.449501,4.214185,12.21096,14.077089,24.963636,25.86431,6.611053,311.305972,37.325695,205.549095,17.382247,38.440249,35.766009,5.224562,93.934422,15.775797,20.692292,4.573518,6.900443,3.541777,1505.784503,19.950261,4.714885,94.096648,35.319857,42.23567,22.610682,20.773832,35.395337,4.065403,11.839726,19.041777,10.032977,1723.508814,8.644676,259.040582,12.417312,32.247666,17.597714,28.279952,18.405078,42.499033,3.539318,14.387421,4.292105,4.721788,8.347843,86.764717,14.494934,2.907098,14.979999,5.993401,4.34702,3.004429,4.677001,20.291043,9.45522,10.362967,19.277424,4.444535,42.768192,15.318438,5.440651,22.553016,31.262233,1.541438,13.042386,36.312096,25.186956,4.69086,1.790915,26.984266,33.886226,19.514849,5.195297,23.95547,33.038265,6.039328,32.31083,8.874581,18.405176,1.34394,5.486593,29.886177,4658.368611,40.893182,25.831533,10.107502,3.575906,18.353521,23.905246,17.454649,12.684607,6.695466,16.228942,14.550327,5.517865,6.265495,9.638566,2852.117311,28.444417,19.986573,30.314458,38.505213,26.723533,1.257351,9.911983,5278.465083,51.009741,0.841281,17.034141,55.54285,3.113453,34.198191,6.941474,5.388857,19.911798,7.540093,13.708602,23.885953,12.06955,16.06925,15.249229,4.154111,1.771284,13.001692,5.000795,27.337021,3.643761,16.369493,6.106663,2.877966,15.963586,16.505925,3.798955,2.026572,2.798812,2.757838,5.790612,28.611068,9.505641,5.784298,16.808511,20.961167,21.979239,8.482799,14.340972,4.31894,9.448087,1035.632272,36.503993,24.336276,3.311802,33.031957,15.545897,3.563978,14.087758,5.68691,18.459303,17.308667,15.305784,21.816303,30.607522,34.164698,5160.174758,5.371377,2.0029,3.650344,23.784896,8.931708,6.241214,14.80219,5.315592,6.94263,19.029713,24.673371,4849.701256,7.913325,29.912126,19.056948,20.636358,2.781147,3.740798,30.98141,17.786547,10.11696,2.117272,26.941345,4.117023,2.714801,57.616465,1.923646,14.826807,1.777303,2.78764,7.404042,3.63458,8.998159,4.356768,13.506645,2.523786058,15.22967642,6.273968,5.111173,17.596816,3.303447,25.077444,4.397627,34.232525,4.456039,3.695487,16.040497,8.654147,1.848039,14.417215,6.804689,12.626705,20.415029,25.463136,17.229754
LRRK2,8977.6716,762.8023,2619.70301,1032.9604,2510.46698,2999.92952,210.0317,5955.3694,567.7225,2913.8932,1421.8544,7393.52912,122.65373,910.92233,2239.1762,137.64101,257.22615,756.83319,93.48509,345.28722,524.9791,2386.6036,3425.8581,1855.765,590.1343,628.5925,1847.5648,5953.7374,270.169,12798.3129,2471.8402,802.13663,2763.40334,136.1496,535.5771,779.4368,1357.6646,1156.56248,650.0798,1203.76133,2281.2133,199.51053,647.85715,2174.71506,4555.2958,572.07743,257.31369,1146.02541,649.96997,1466.03742,340.33762,766.81308,321.11104,2851.6187,1167.93746,1996.37277,588.1095,611.4948,298.1161,405.86105,327.17936,214.82549,2708.52894,156.3527,684.0763,7479.6365,3576.57149,5397.0986,2185.6455,2867.2512,1327.2409,6567.3905,1002.2275,598.2813,1043.4241,399.4565,363.7207,3148.5328,2442.6026,7775.5515,1987.3713,279.9404,3025.4489,15025.2035,1607.8061,2474.3073,882.7912,4251.0654,175.3242,1353.3435,183.75784,2065.1649,8075.6482,178.7292,3005.1944,963.4126,481.2655,13487.3702,786.6718,1110.95487,439.1356,6508.3107,554.85106,1833.01453,423.06474,1206.43589,1007.38319,399.14834,733.9602,187.56617,1563.60077,132.4691,932.93169,2800.72177,2141.3395,2340.99832,2222.4283,1630.66764,98.16728,169.70186,579.49607,577.43716,4045.33504,916.43805,13018.22821,917.55105,1007.72837,1250.49063,7503.69861,445.29865,2566.0537,5289.3593,741.8764,534.6674,668.5556,798.63501,1121.74742,1025.26711,1640.6421,1230.4834,1334.74429,933.5686,3589.6721,130.2282,2263.1191,7677.5523,1399.6366,3977.5001,5322.6465,2013.1028,8466.5251,1630.3535,1560.9872,2807.9455,3584.0005,1316.2121,1601.3747,157.2977,4268.6972,1568.7296,502.4573,5228.3144,3585.34919,727.2507,2513.9061,2531.3966,1722.9461,6883.3006,3496.1755,2416.378,8125.897,2527.772,11025.5775,547.6297,14710.64932,4156.7466,263.3456,296.5338,3220.2982,1996.0642,5606.6511,4896.1022,2998.4796,334.1686,3610.3998,11843.7188,1117.6002,6377.3805,479.8643,5948.7455,266.6665,1899.5911,1254.8222,6341.4008,1486.4602,7922.505,2419.73143,4889.2988,4044.9155,1362.3776,869.8,558.2671,1733.9335,2418.2784,5999.1955,442.6339,11829.1369,4066.1466,4780.8828,492.752,2014.5886,12084.4956,3088.6222,2449.9975,3949.6258,1273.046,565.8706,451.6694,2546.3213,3625.7657,8433.7545,2578.3457,1033.3404,1930.4587,1370.4278,1660.1607,3245.011926,6737.604251,9616.1037,5600.2263,5287.7546,5974.0152,4472.1738,5813.8973,5880.506,4929.3004,5449.8182,1444.922,4878.3745,3986.6862,4758.498,3347.6329,6736.73,5555.966,2713.7014,3144.9779
UCN3,123.686231,26.33449,23.329011,35.7841,55.825694,42.946795,51.96507,58.25013,58.516518,65.07364,69.081402,68.155583,38.688306,6.459485,46.422878,4.387094,10.521897,11.508189,27.850327,54.243611,27.67801,60.23719,63.28705,69.21725,54.51224,81.07544,45.01411,103.27989,77.63133,57.90239,36.707039,71.956406,39.098008,65.313664,41.80278,47.67487,79.04781,65.598937,53.71884,11.693173,43.65567,58.828227,9.515545,35.829589,35.35004,48.42592,40.304934,26.650741,70.882323,43.616451,53.155609,30.966231,23.236855,44.66307,74.955177,36.643115,47.71946,50.09953,33.732655,120.714007,81.653808,52.853668,29.090892,12.84206,39.23976,25.744008,44.189839,53.09929,10.42099,63.42438,48.26394,96.66955,71.60686,39.08751,78.80108,50.60136,55.94426,86.20025,62.99468,40.56043,80.91345,72.17391,98.22581,45.20511,36.95316,33.51312,90.41149,41.5481,17.63559,42.88788,23.35559,23.51772,29.413459,62.542162,118.694321,103.744483,28.128845,56.397911,90.681336,61.224861,53.57695,72.32685,33.247142,88.27311,47.612315,29.58944,42.628463,21.884886,46.71154,45.921275,55.029839,6.536254,51.193636,74.167902,55.55628,107.882507,50.664804,28.317755,48.036287,40.395169,33.421659,40.505357,48.344525,86.961265,63.012812,69.510836,43.498141,34.897444,17.634717,75.788348,45.74999,49.38147,51.17101,23.8543,19.59136,41.186856,48.856891,92.760309,53.48653,20.35329,18.280561,31.40298,66.23202,77.45206,68.73244,20.55605,78.90755,36.6283,96.27037,38.8174,69.85217,62.69102,58.88427,68.07851,37.5381,84.73626,64.463789,9.177637,62.07968,83.88892,15.25299,51.55727,38.579418,54.86443,69.10287,51.61413,72.91703,53.189787,65.60228,76.94499,40.08964,77.36071,86.24369,85.1465,72.411772,56.69776,52.68507,21.45243,52.40339,54.61649,39.72923,58.146367,46.61816,56.46053,79.45635,56.30645,76.18471,45.37028,55.26889,56.09073,92.50838,40.67811,46.64713,58.46673,26.41224,91.92805,45.947407,41.59587,67.17249,38.05399,4.43113,11.20664,28.49255,77.24305,82.672149,40.640548,60.677606,37.636962,64.628357,64.880133,50.944518,48.921078,67.664772,62.858861,57.237274,26.344001,8.601673,54.098401,63.055197,34.487006,97.145475,36.147288,70.375471,58.281103,61.951634,82.829201,43.17165041,11.28382677,72.34159,12.42454,58.1837,43.94886,49.2173,39.87845,52.44579,63.17525,62.83894,52.14534,48.87528,51.70547,53.24837,65.3681,52.7932,74.262,31.5668,57.69332
AGTR2,33.16997933333334,44.017175666666674,28.45794533333333,71.80944099999999,17.621805333333334,43.45227766666667,14.391159,36.82820866666667,145.342919,63.303516333333334,13.876904333333334,35.63225833333333,9.45863,107.52432733333335,204.16856833333335,24.93598266666667,21.935235666666667,45.468474333333326,22.00656066666667,29.821225666666663,51.45464333333333,42.919622,29.466148,65.85320666666667,252.78539766666665,17.200451666666666,309.62255733333336,38.69808033333334,13.831181666666668,15.795571,60.99126833333333,6.7661256666666665,414.91318466666667,20.232778333333332,22.448041,45.427991,75.439725,31.161481666666663,15.703527333333334,462.6022356666667,150.54565666666667,17.750791333333336,19.812099,60.569442333333335,26.209553,65.565391,24.082680333333332,43.68379566666667,47.12731433333334,89.41693366666665,16.956203,22.244658,13.221029999999999,34.01931666666667,87.69473433333333,18.397835333333333,18.248737333333334,36.498768,40.01683,32.494996666666665,5.289713666666667,32.722247333333335,40.85929766666666,25.21045966666667,14.831976666666668,105.46338166666665,246.66433399999997,313.12679099999997,125.41898566666664,20.192794333333335,48.74926166666666,26.322453333333332,26.227248,25.711910666666665,30.04012833333333,37.661507666666665,14.030190333333332,30.953299666666666,80.758715,71.37405066666666,86.91109466666667,19.858688,118.92929099999999,42.400119,24.964490333333334,80.82497933333333,120.14407833333333,238.72967133333336,24.014543,12.531181666666667,21.289408333333338,47.57536966666667,14.440391333333332,29.630938,109.466902,20.915679333333333,26.307189333333337,37.50341066666667,31.963928999999997,5.419038333333333,18.385888666666666,17.211623333333335,18.845057,241.76709866666667,33.55379333333334,39.43505366666667,29.266417,25.106885333333334,20.324664666666667,27.367643333333337,24.968798666666668,13.753481,42.96842733333333,24.55033966666667,23.050071333333335,12.131138666666667,102.31980700000001,29.564727,14.078459,18.930831666666666,22.969839000000004,14.512592,26.29491833333334,47.036721,22.263107,27.506598666666665,39.531848333333336,18.942352666666668,72.704657,21.34332066666667,27.527671333333334,16.602481333333333,41.366463333333336,36.19619866666667,15.338499,15.732610333333334,71.88031233333334,18.347117333333333,472.3412296666667,53.80257733333334,28.91639166666667,29.721637,32.86087933333334,27.501987,21.723373,40.250366,23.28264333333333,40.768941,20.118802,38.46766566666667,40.90464733333334,11.831395,59.639007666666664,25.32313533333333,29.996401333333335,54.781997999999994,21.522051333333334,8.667311666666667,13.421215333333334,59.57750566666667,34.66704666666667,47.541353333333326,208.21669233333333,30.722616000000002,78.08553066666666,290.15035900000004,29.136976333333333,21.794033333333335,26.158353333333334,74.59651366666667,11.399517333333334,183.94131733333333,18.934100333333333,53.790142333333336,24.83583966666667,47.698960666666665,9.251856666666667,23.644420999999998,21.139355333333334,342.247668,18.834584666666668,45.67518133333334,47.810137999999995,22.856879333333335,38.94101633333333,67.27615666666667,18.949417333333333,32.571145666666666,39.42623533333333,21.779022333333334,26.166987000000002,39.601582666666665,11.490463333333333,159.86068666666665,29.614440000000002,26.191890333333333,96.12558566666667,261.697277,51.73309866666667,31.949316999999997,19.773590666666667,16.993325333333335,93.69232366666665,21.499834333333336,35.71056866666667,30.49022666666667,113.52393333333333,24.387788,17.754093,17.913368000000002,88.95576899999999,21.45201333333333,19.393316666666667,67.763285,50.25548466666667,19.912445666666667,18.196938333333335,14.450176666666666,17.417417,25.137859000000002,39.653659,21.102583,17.897522666666667,84.09514533333333,21.119373,56.871649999999995,39.156679376666666,156.81503501133332,229.302334,247.56369333333336,92.99281033333334,1160.5222266666667,655.2762236666667,32.095724,353.54826199999997,423.5291386666667,75.27954666666666,24.110144000000002,52.603462666666665,1026.4228596666665,183.67901266666664,26.489713,521.8083499999999,14.587519333333333,35.064834,147.03402633333334
SFRP2,1803.51677,3240.33495,4644.9739150000005,192.807955,4665.518674999999,304.48183,8883.89387,4942.19002,1002.2661985000001,942.7130885,1246.2627670000002,1193.69329,14337.825795,105.00073,42.5987295,6168.6024795,1855.6336305,10256.673335,8399.084415,1027.28515,11170.284930000002,2403.4859389999997,8234.775577,6505.699942499999,103.670577,10760.456919,5756.7434225,4947.8167835,8410.720988,72.167699,6388.7831854999995,10032.77357,13058.46973,3020.01194,9163.672419999999,4922.806365,13550.027184999999,5537.812495,656.7686,4495.821175,21275.699005,5690.0595365,6718.1345715,11410.208280500001,4387.937168500001,3064.6937545,9297.432914,2686.718508,4487.456425,5355.4461135,3115.8669365,4897.307875,11467.849345,1054.7341395,7313.917184999999,875.0256575,810.3033915000001,315.455125,1073.5436100000002,6181.0132,9076.617325,733.103105,7377.348669999999,6064.241645,4772.384835,12544.952915000002,1853.06794,448.014419,2992.0941105,1733.5302239999999,2980.4027455,1756.7577585000001,7292.068327,5911.9449795,7054.7370734999995,102.818081,2585.6677040000004,273.593932,2114.091769,5771.653931,4987.895469499999,9469.771384,1948.703542,1619.4409655,366.372835,7016.6532625,3386.9743335000003,807.316886,9260.71972,7208.7573755,791.2047285,410.440735,1091.70647,7189.1605525,494.12165500000003,3891.9738615,3231.1714645,375.58774900000003,3492.606065,1943.6842,13540.18816,3799.433745,1969.1820699999998,10436.51218,2908.2802,2710.35224,4243.14675,2779.948565,8730.801575,7404.573935,1420.2698249999999,11151.192425000001,850.6199565000001,1827.8309565,7209.397072,1929.0642699999999,1960.912404,751.334709,6767.886006,7569.5615455,7020.1224655,10764.0608865,497.9707555,1576.0913765,105.5591415,5091.9752405,2871.719248,3224.9449480000003,302.002274,3979.81367,10680.071485,770.51392,843.1549749999999,1091.798825,7230.47443,7457.921105,955.690005,2600.261785,11749.862825,7979.27995,1741.4373295,875.4598074999999,4836.717578,5938.3834785,367.5317665,266.68519100000003,762.083204,1787.7284245,5555.202923999999,989.457665,1287.9927105,179.13605900000002,5913.219054499999,422.3759225,1544.7104005,4193.200944499999,548.940032,4948.6120785,3122.8556245,108.66024300000001,1931.7926775,1797.6871745,65.7879995,1664.015148,57.2537155,682.729185,639.5215425,527.158907,893.7719925,1258.4394539999998,815.5642685,5122.208337,535.7488794999999,1190.1809765,43.594212999999996,26.6435955,9163.9416735,1336.7767865,2401.4060495,4861.0213845,418.921828,936.427705,1901.9778065,5815.2130795,1840.8986795,452.87117950000004,1966.298819,713.038357,3525.416108,847.672875,2485.3756255,387.44726049999997,167.1152155,67.763981,269.2465465,190.24725450000003,198.28111950000002,273.818394,4.3882735,680.783235,1673.2662814999999,4679.154815999999,2140.8015945,3712.8150465,2017.137462,6171.1940885,249.623022,29.501511,103.483585,5006.7789235,1040.1261964999999,515.6382395,522.4876995,318.4267435,3819.763252,3266.567841,3581.3234255,548.696059,3842.6671770000003,28.4410935,194.7794985,1650.648766,1161.886906,178.13570650000003,2034.5564454999999,4656.957316499999,1788.53028365,861.4903145999999,244.5522795,1092.1130954999999,3470.89385,1593.7542625,1584.9120615000002,3266.4779105000002,4772.629565,1552.7876575,2020.557106,7441.921201,2251.482745,1375.15984,2261.6723924999997,10296.1943795,2422.7763815,1459.077109,4054.735917,169.6582785
CXCL9,887.78627,1954.039,190.33201,669.4618,358.42622,5667.32795,3920.7923,1793.5085,2153.0262,6739.2442,414.7552,8005.95424,13823.40704,325.8376,2758.0119,13449.5198,4796.4832,7695.46186,79.07077,15516.0352,4703.3904,13416.9583,5401.0884,7959.8409,3939.5058,5185.7116,8990.5429,1480.2022,667.4125,3404.6492,8274.4331,3020.3353,6786.60362,1321.97785,6391.4928,12822.079,3122.2873,5246.03769,4313.5172,1358.30675,5489.3194,7772.0565,1877.4248,7796.0534,1108.1456,3881.592,9848.0929,1643.4211,12257.9969,9732.0382,16909.0007,3872.5749,963.6059,4836.667,4001.8543,1549.6202,3977.2566,3480.1382,3169.79861,5875.73181,14675.43331,13082.43128,2039.84006,7775.8427,21223.3851,1832.33156,815.34653,1514.0009,568.364,2691.157,10526.8347,3552.1632,12036.2774,22265.5804,2199.522,4017.0492,19155.037,2804.1912,661.9781,1488.8743,2164.5222,16706.2779,880.5619,2135.0087,1781.2497,2892.0475,3800.3768,1451.9003,1969.5963,3203.3528,15692.402,851.4222,817.3557,9589.3368,5690.402,11781.4006,3728.5564,1637.9445,855.5726,1930.17546,1087.7831,3358.2271,383.27093,10485.48353,22145.96164,1983.99388,15255.78322,15798.74845,2110.6567,4885.64346,2615.25316,1425.60602,8774.025,5028.391,17823.8239,1319.3141,4194.6827,5054.3779,3622.366,2071.294,2382.9644,9421.4009,3595.9635,1731.4531,762.8678,24028.6827,5207.4812,19123.2863,1083.3293,6085.89554,822.7234,3831.5184,16808.8534,924.8218,18357.8768,642.66527,3336.73722,18138.48782,2609.7759,20764.2067,3475.2146,2703.9907,1092.7454,229.3864,4827.1861,2473.0241,1236.8639,1130.0369,2603.637,2122.3999,1544.2912,1845.6887,1064.5528,665.2038,9281.6193,2429.1418,871.2744,482.9243,12528.8043,2376.8059,14865.7621,1968.8779,799.7965,9872.186,8562.3361,9650.2817,967.7878,1087.4983,799.9849,7807.1869,2191.8723,5452.7667,947.8731,4681.2266,424.4321,4810.4899,3945.7312,10625.2499,6473.7686,1405.9813,3746.6034,1037.5831,557.8754,7200.1393,9432.0715,13513.5225,5148.2173,852.2853,2964.8882,1559.4056,5663.094,1941.8391,1184.6125,5062.4728,4067.5584,430.0972,1677.9193,10382.2351,2370.185,592.2262,1472.9292,4103.2536,1457.1921,1228.6134,1558.5914,11221.9128,8605.034,327.5791,1636.6596,8518.7637,2236.5933,3923.0067,304.0163,5864.9821,5441.1275,1159.6219,11702.0841,4171.1427,3954.937,903.1801,3072.0604,1351.3196,1896.9107,1680.0114,15740.1607,742.0604,701.0818569,1088.049361,2649.8928,3662.2384,1380.504,1394.0581,7146.3762,1472.669,1383.7563,995.2746,7491.9371,517.731,3159.1898,2733.1884,589.4301,1823.7959,2758.3085,4312.3419,323.7983,2158.5091
TNNC1,129.823068,35.214345,2.022772,188.833906,21.918293,264.703956,7.620877,122.426195,18.398914,79.562573,3.28696,468.564261,4.805389,209.781093,133.839987,2.39032,5.870364,231.590655,1.883197,3.109256,1.784862,37.143935,11.867071,111.847226,167.895785,5.73231,73.133488,125.645623,85.968276,344.147251,5.14674,2.567573,2.383014,2.288922,2.190508,9.371324,3.063368,153.970547,173.180892,345.31284,89.924825,1.676758,4.900127,14.114237,4.271256,8.672354,42.49357,25.604927,7.356233,54.960205,9.711984,166.877338,2.214602,45.119618,60.410337,13.798489,125.311607,42.373667,2.679195,3.080442,2.65927,2.664955,324.247088,7.885714,2.261399,192.291833,686.481812,292.785256,7.33937,105.861407,146.274304,4.085151,3.216502,7.883458,4.695555,9.535873,2.403429,120.930554,327.547255,309.63114,447.968504,2.266657,975.078066,115.322859,75.986333,309.821899,114.231199,211.118082,3.785664,36.738562,1.487993,298.671744,17.383976,41.443244,293.330987,42.902946,45.636451,239.760755,7.455121,69.236549,159.574612,42.258054,30.283411,6.354543,164.038753,73.68225,43.947291,2.404207,23.384334,2.204892,26.505275,4.146515,405.813486,108.248304,78.378142,7.013196,27.504117,210.691489,1.726289,1.624564,29.771247,160.103149,82.494769,119.882281,84.860038,319.061475,186.576458,5.284674,81.473569,4.684991,13.400995,89.936884,28.168286,6.816236,2.171421,3.707408,131.645738,6.570009,142.776034,46.838395,45.330477,88.3465,203.398419,79.337018,71.031369,350.819135,45.103843,287.101269,35.768978,37.685694,308.18663,240.767098,185.756093,229.567158,206.175491,8.121781,136.621793,5.667841,193.035656,567.896582,52.921642,314.026315,579.459079,4.136671,112.821841,437.590697,145.735875,240.895159,308.326556,107.313498,95.302337,87.155962,61.385796,7.726154,216.273628,126.336877,2.726733,3.019245,123.626131,9.168606,39.220071,368.925109,88.647941,9.374865,212.173092,180.367214,157.277774,228.755802,114.282013,36.709475,72.645264,237.489137,217.311719,204.892107,302.598206,281.542488,403.744922,223.717848,102.922647,12.825256,29.79527,76.569015,15.568338,13.358993,22.823295,5.579369,242.856892,5.408805,252.335622,6.796231,152.33682,123.601311,31.720452,123.578098,163.616216,291.27231,48.163465,3.573234,5.236195,81.64311,46.182965,132.383944,3.393452,484.626166,12.621017,86.934609,827.1208312,835.1550408,537.374088,669.29811,1002.414352,242.426151,489.808732,744.39637,465.93769,499.539741,1020.330638,340.508194,365.028963,1008.04012,547.674612,232.891237,336.827169,235.544591,304.408019,395.745744
SFTA1P,1347.746314,131.09199,262.651821,227.18164,198.937586,632.195427,214.91653,256.28742,508.17554,720.63941,75.75952,503.670415,117.955309,284.902786,357.276254,124.287191,18.686022,83.177459,5.39044,212.354891,96.90822,170.22607,125.9062,1020.14777,1112.53355,6.142354,265.291852,619.9123,129.51925,2737.057357,185.63913,273.250579,89.118714,87.779334,218.56793,122.37735,246.51427,233.671703,1289.81077,315.497189,195.99526,98.870153,8.549853,153.49739,152.45409,267.131,52.557998,161.631117,311.054733,119.042252,148.200415,561.458288,152.824558,424.7749,86.524252,203.960708,639.60705,930.58038,169.99971,11.352451,5.474608,3.790607,514.483663,10.14518,145.9525,270.700968,753.076492,464.14501,502.19273,660.45572,430.08379,546.215868,77.77135,126.836212,551.868333,71.464583,11.04233,857.96756,2530.48972,565.47278,1093.29809,161.7185,1034.44012,1346.99564,256.87737,582.78838,280.02529,1602.32836,43.79204,182.64801,26.523046,2130.410639,1017.37625,160.36797,1430.20016,570.52353,34.40196,758.89113,195.36332,764.172059,100.24962,414.0176,174.224155,114.11041,461.654459,375.121653,134.15008,262.358722,16.32365,231.93937,678.858832,123.418714,244.169173,213.000305,46.014794,1293.442493,381.190451,363.489955,77.968564,81.519949,309.089094,875.075673,801.672748,1003.655058,1301.049065,109.525072,177.038881,574.12238,507.743659,70.169199,588.99067,1798.53286,108.36412,552.18553,124.85172,259.876078,438.339343,145.676173,159.11065,129.12505,1264.535299,1048.59486,1650.57922,832.97009,242.39306,1252.15314,1090.42859,818.14848,432.62972,748.23368,915.642011,1098.205847,402.491779,658.04511,571.46387,712.82844,884.95406,354.90722,90.10332,956.58591,233.74444,927.01979,558.052067,81.56797,1028.91098,832.17362,838.190851,644.30521,843.8304,686.2964,901.16617,923.69576,1287.94469,242.24889,6437.46913,1257.79487,65.16397,326.59298,882.3576,383.54444,605.24603,956.04828,688.82137,107.70584,847.4214,582.13396,176.97676,576.99133,298.28091,1053.48851,174.13082,761.09986,1800.30411,477.24834,710.16752,1749.57538,1283.607111,812.954166,707.843348,1382.594281,158.837575,661.019447,141.142316,453.08751,968.67695,39.2317,918.1566,1939.67103,875.96815,460.5612,1386.39845,803.82102,157.62784,552.02306,945.63127,214.10386,116.33546,554.36405,286.35374,560.89067,947.12667,348.84189,613.82638,979.72298,115.94651,447.809,627.6714808,465.0467207,1341.795778,756.385767,780.613494,786.278154,820.677442,838.222252,594.88532,938.453911,910.047677,608.000332,688.767014,1107.040039,619.823774,223.306618,851.867203,749.366587,974.285843,895.184547
CLIC6,2338.131325,4063.7004699999998,3459.77434,8819.583144999999,3167.4331150000003,7479.350829999999,3573.06398,7217.2679,3904.61609,2840.98985,1659.9328,1217.989825,220.66066,2137.78448,1508.6994499999998,2354.19116,10063.218255,5526.062715,3304.286565,394.195445,963.3329799999999,4204.303075,685.521535,2989.73232,6422.475295,428.35272,2495.4564,1803.84205,5867.611199999999,4677.195945,2327.31454,2860.5331,868.98983,657.86279,709.948805,1934.9503399999999,1255.1263350000002,3426.480235,3527.02146,6760.133785,1235.9049850000001,1833.96371,9299.58562,2038.897475,4099.474495,3896.511,1385.74022,4158.98115,2259.846435,5789.99554,3838.845435,9647.197575,8987.838705,3658.7642849999997,3589.31334,9916.88361,3841.19696,2568.01846,1286.43114,2684.86712,4139.6638,63.3101,3233.4983850000003,3431.528045,454.29591,1882.5955250000002,1033.268035,1232.095095,882.2461500000001,3779.16155,2068.1025999999997,2523.31221,990.0169,1173.73744,3728.5427,256.20179,258.176095,2738.635515,1656.6242,3354.79155,3778.784855,541.5142599999999,879.03367,6361.185695,4152.078245,1517.08735,4615.32979,1457.771895,4271.87535,2169.4729500000003,573.022865,6916.48185,1227.184825,1945.97212,3058.190905,4828.662815000001,3300.49867,6684.23013,3708.97462,2756.848005,4203.930385000001,3466.9169549999997,50.81314,3069.317655,7780.456045,7062.641715000001,7209.216885,3845.60924,4857.3195049999995,5597.33411,6139.341829999999,2910.842495,11065.278015,5794.00388,2425.909695,4346.43055,1247.103515,8438.42748,5908.971135,2283.53459,7279.786115,3749.3838699999997,3302.134145,9731.31616,1162.447205,2852.120645,5353.550535,4544.20324,3053.106765,4794.82859,6338.60469,2074.78928,2377.3471999999997,8889.666650000001,256.22477000000003,1342.02783,4260.10568,1131.5647800000002,5580.206755,1655.819255,7308.47378,3635.793455,8570.4302,2615.2658500000002,11702.64485,1827.769245,4601.4541,4001.0269,2098.708345,4274.9353200000005,4217.908095,3265.15911,5628.4601250000005,2772.065945,4928.8544600000005,3156.1099950000003,7413.400635,3644.482465,2594.87164,10708.110405000001,2569.374835,2105.3905799999998,1695.9400249999999,5219.359395,3439.529225,3294.9587,7403.069015,2384.646285,1718.99685,2058.72915,1056.77205,4195.000395,2341.6363,8670.1078,2054.315,1230.0554,4325.56512,5918.52502,1478.513575,5645.298540000001,3397.5926750000003,4591.053395,1791.0607300000001,1961.422145,4701.21356,2417.8481,3814.842,2832.94015,5570.78225,2927.5382,4763.5373,2524.096,8126.4099,4607.34115,640.77915,3079.65181,10142.478885,2014.81565,7320.89181,4953.40882,4072.2591350000002,7568.35089,8955.959425000001,8554.42759,11356.21417,1902.0338149999998,3486.9046049999997,1282.8031099999998,3845.716015,3640.65911,8013.53501,206.036115,2621.15711,2379.01768,8801.007049999998,8977.20124,4849.91995,8068.86015,5468.36407,2645.41476,1804.952225,5591.89847,10060.05719,8542.257465,261.775015,653.97009,772.0653462,888.99874651,873.40445,309.47072999999995,1100.8821799999998,1482.169625,1056.078105,640.9539249999999,1484.0779599999998,2320.06142,1616.723195,764.027895,2062.547205,364.10322,357.116725,2731.98355,1357.557535,610.6065,4157.375325,2193.81213
KDM5D,7.799241,28.09655,1015.808702,23.22461,8.740868,17.144448,23.13977,1017.48369,23.804706,50.372177,8.857961,28.145101,694.827398,39.670923,55.972002,715.095147,1217.718787,919.158774,1101.430146,501.426228,1043.82908,1706.100173,17.570522,549.402745,1440.954415,841.887686,28.683721,1297.663309,25.019065,39.224907,30.900874,1082.855004,1425.48484,1429.028872,1301.429,1364.38553,28.85758,12.640964,27.10993,521.12585,1754.2056,861.506072,966.698141,1319.56494,1255.960039,27.565675,692.742775,975.022,47.889029,1278.014279,30.375343,1108.720889,38.458115,35.620231,1433.021219,1527.613728,5.142395,31.06862,1048.874651,4.423596,1465.88298,2044.518891,1802.808163,678.7735,1020.98458,1956.470963,7.342759,18.067192,6.814313,41.278137,1131.890445,906.173926,2214.169769,5.177617,35.279821,485.413421,528.797392,12.297253,981.674662,1120.234732,23.653335,1097.837081,1078.034827,4.391707,14.402214,1227.001795,799.533286,36.903711,906.504272,1631.957698,450.795786,30.923003,1565.075917,27.393293,1645.551769,50.889253,1316.55361,35.980394,8.249193,22.048601,1258.13194,1195.13168,26.456091,1614.621133,768.115181,1435.226326,33.984234,1079.011525,1447.07426,39.18344,41.327209,577.240698,32.831541,1997.662685,12.139477,3.127017,38.403706,27.623594,564.906776,15.324217,13.817534,1189.863247,27.960655,48.243157,55.767765,2166.820531,18.663329,31.26461,22.080922,26.719407,1838.14863,16.09463,50.98625,31.78124,1113.92906,876.616718,15.891757,54.024165,1405.24322,1702.69222,3324.275513,2.738643,1423.452464,30.341871,1708.594582,1409.148109,8.677537,32.021516,1174.784587,1915.250263,1227.832426,9.359483,1324.501171,34.027885,38.770908,11.198395,636.233161,727.949709,48.694441,5.335377,24.427308,5.585476,52.32946,32.637568,25.363331,52.647708,2366.944264,1190.827213,18.0146,1741.394211,28.199912,1205.528931,1483.245564,30.576256,1242.726288,30.189856,27.03039,18.221318,1496.683904,1518.730471,42.736514,1007.398247,37.880977,1461.907313,29.625082,36.184849,16.386493,20.669951,4.809845,52.190809,805.804392,25.720265,31.365495,17.695259,13.459561,22.653196,52.715483,1797.33029,2.800294,10.674486,3.918053,22.336335,27.512436,44.531718,2069.120298,1339.731409,10.729233,26.003635,6.683372,1570.344229,24.230109,28.449971,2097.673442,32.093946,1956.319721,1071.93452,30.668443,1513.95754,1523.536216,9.404767,36.676605,37.011918,694.973155,3.109607,1063.348771,1087.273101,1519.038705,1301.575592,32.080099,4.43167,9.873311,28.733002,1319.608974,942.794424,5.035793,34.543099,968.39483,1416.561703,17.258207,1161.444376,7.409513,1191.352886,1216.547038,1094.659516,1286.901435,8.322039
ANXA10,36.27856,23.074311,15.812028,20.486723,15.664898,62.538853,5.771316,18.967474,44.269979,223.204337,8.569438,20.572228,5.568074,30443.79473,14138.8679,47.13623,6.688783,77.859804,5.097377,11.865845,16.748967,1735.281971,645.755628,65.895693,28.702257,15788.91366,10736.36114,5259.35807,5.479881,4.873186,5118.062052,180.377062,43.486775,468.083971,5.68108,114.668181,4.584831,11.966772,5.104144,20.278513,94.801602,3.948243,5.44273,5826.448315,2.630675,9.396898,21.954448,5915.478542,7.420622,91.910524,14.1924,11.099665,15.62544,29.422081,29.684869,14.861116,8.371541,29.245652,346.214093,4.717729,5.852081,1041.866075,10.483641,5.316719,158.456099,11.756828,4.999633,1893.590609,7.189652,11.745644,25.4238,68.604688,11.711377,69.161331,8.671628,22258.23723,315.969437,41.61145,9096.885392,5.851645,34.791047,24.477703,14.26242,6.027454,9646.431972,14.465167,4.95204,137.853265,5.432305,25.486966,36.939393,95.166503,6.351938,261.191754,6.044631,30.851919,66.914396,5.063485,1715.568652,38.646971,41.741896,51.884168,14.550362,5.058864,4.213913,4.881737,3.181769,135.927818,27.319676,40.600401,30.989954,45.788752,23.110472,19.109673,85.233681,6113.744048,54.871918,54.860038,5.07159,36.484013,44.957164,96.804152,33.77478,54.57109,13.19561,25.21372,51.142814,113.360628,3.675324,383.713089,48.319516,4.183634,17.929743,70.046582,17.685399,41.757071,30.907896,15.388929,8.456155,54.305198,209.530789,38.424296,57.671216,39.373587,153.465192,5.771399,5.009362,8.322148,49.082022,6.929079,24.078466,4.275102,3.52335,139.207535,143.513829,31.26082,9.379917,9.25829,4.199863,51.072537,12.547954,10.330319,4.862268,37.89697,75.414913,14.142424,12.092868,13.771218,12.200755,4.919063,23.618692,5.631518,22.661474,122.449003,4.602849,13.698513,52.648539,19.237998,11.047978,48.283474,44.257888,26.081206,5.518192,166.433886,30.995312,8.689536,18.79311,5.941085,39.149691,60.944436,3.987641,83.865871,54.362086,4.040014,10.042504,88.716694,36.570386,5.578037,25.63472,140.694719,62.021294,43.423513,31.480158,40.061839,5.261418,9.777845,38.7389,2609.711138,4.748464,1.470802,10.084332,8.581404,44.847602,13.832206,8.850423,6.943564,30.797161,125.524915,13.309436,6.097168,14.425897,44.29336,50.524493,33.917548,7.011965,39.358843,32.92684253,4.661209312,10.091761,21.23486,4.626127,2.326292,5.790036,6.669878,4.504262,5.626041,15.174353,19.295166,8.466298,4.195788,36.693591,226.382646,51.731674,48.964363,303.370294,3.451118
XIST,9293.373069125,1849.384477625,13.031653425,5093.543863125,7494.256413875,4014.476745375,4547.346969375,18.504292812499997,5494.736132375,5188.6441075,6740.067696375,5989.9746795,26.5987538,3418.83848275,5269.730892375001,26.802619175,22.1962304875,25.460766,23.43973565,16.775633975,17.8153764625,38.0511155,5170.19041075,17.818664625,20.1531391,17.213041937499998,4759.117947625,20.037870712500002,4389.29530475,5047.54460525,7044.698250750001,17.9112238375,22.605698162499998,26.239944350000002,23.553050725000002,20.7348478,6476.6906405,7614.676421125,5994.653336875001,16.8683101,26.242367537499998,24.931246825000002,20.1237468375,14.392362325,28.368067,6369.974067,14.717510725,25.5942239,5602.69140075,23.6255129625,7542.788875375,18.1657340375,5620.001652,5273.820288875,70.89597545000001,22.0971496125,4842.8664775,5247.358596625,25.0512761625,6552.7560505,24.9541239625,22.18200855,20.241418575,17.076230175,15.773568512499999,22.110889800000002,4984.88140975,6054.2662855,6942.8277025,5554.629679375,22.2540169125,19.119147849999997,15.2328210625,4607.53897175,3263.195666125,16.9481424,12.447289049999998,3277.1765732500003,16.8566865625,17.2453192625,3853.444025875,19.047567,18.249915375,7531.892650250001,7920.089923125,16.778003125,25.864909875,1961.1450264999999,12.7501556,19.9056702875,16.169034525,7111.0476417499995,22.753599875,5442.000156,16.46184495,5207.3293002499995,20.266815975,4729.106063125,5669.554627125,5100.0813101250005,19.251338275000002,13.247526275,1446.5707863124999,24.3285545375,26.5577692125,15.619549374999998,4335.641346875,18.0232667625,15.498074274999999,4612.749414125,7564.56615875,23.853027124999997,5176.52560175,20.7822206125,4256.747982125,8922.018395375,6434.374198875,5912.987141625,18.7664988875,2047.797744625,4892.457112125,19.74196165,3420.668979,3712.4089598749997,7239.226385875,22.1014909625,3964.299384625,9483.969291,5732.302744625,7541.401374375,29.644619725000002,7126.741337875001,5616.32909925,3480.6772874999997,23.9405988,17.524178,5169.557895999999,4035.158128875,30.1620095,22.8855147375,25.1665979625,6091.26577225,17.7647375375,4173.63359575,4971.295865,27.4928885,5860.447952625,3333.463643,16.475085875,15.48451235,27.227016375,6417.15861375,14.327368737499999,4962.6155265,5040.306390125,5996.47878975,23.782027924999998,11.2451341375,1801.7674955,5508.967426,8314.402792375,6635.11181875,6370.757971125,8479.448289,8346.926018625,5479.087979,20.9415974875,21.532377075,5432.49246075,30.767500899999998,6890.423891,20.316313375,28.2463031375,5328.102172875,14.436828125,7181.48234975,3956.816827,7957.0316685,18.946555375,18.031368,5011.20993125,13.9409331625,5587.027279125,18.309730875,4778.4117023750005,5560.457873,3830.9318023749997,4924.67459275,5627.517429125,4138.427081125,24.464138475,7291.730238875,9295.051922999999,5946.31442125,6961.342534375,7663.049806374999,9333.008863000001,25.8304715625,8139.80491125,9435.989727375001,7311.634646875,6731.9905905,4534.94959175,4796.87591275,26.6430230625,24.8375746125,3424.35901325,6943.977120125,6647.935477749999,22.4984247625,4456.58804225,7032.68516175,28.239844225,6074.67191375,15.6159081875,22.873170075,5386.243544625,16.533388837500002,25.39730635,5018.050089625,10150.33427275,6528.10082375,16.8453191625,4898.00693025,26.613217275,17.28337155,18.314971385875,23.9500393355,8069.56318075,5742.429345875,5436.052076625,5623.937462375,15.6006841875,24.4422309875,5254.116209625,5013.641219875,22.96519475,33.0011652625,6018.654039,10.547220987500001,4652.820764625,29.0245836,16.1527893375,34.9611455375,23.1742283,5923.264603125
SYT13,57.975632499999996,85.7683435,25.246678499999998,55.6737555,7.5612390000000005,351.21346550000004,43.42043,16.854596,121.64462,51.94056,39.7748815,50.3276275,33.8341655,2287.4063975,2307.349678,349.9210195,105.9325325,30.575069,5539.3339655,33.7877845,380.9490635,516.9864365,1936.7657255000001,35.7856315,161.354039,1960.8662610000001,2114.3350035,1302.6066045,238.803186,41.4336145,2646.9888765,76.9864355,42.4371385,158.21040649999998,21.788028999999998,437.333164,54.487550999999996,72.1842485,39.982549500000005,326.8178455,53.572131,15.1835285,212.415612,1289.5745889999998,50.2688775,326.420838,37.488076,164.79511349999999,91.9547545,115.460657,238.87484650000002,44.5567535,63.0376095,50.9934265,127.477058,108.227986,29.1905835,244.8549425,13465.222606,1964.8376165,46.722319999999996,921.0561895,51.54854,69.713241,952.2096965000001,21.561611,119.1577235,227.085691,72.051898,49.63568,37.33762,58.3088015,52.314386999999996,55.05081800000001,69.999724,888.0550735,1076.7893159999999,25.214072,15.647609,140.0147395,77.922767,32.0947595,54.918013,38.253389999999996,591.5958975,30.114368,60.7004065,165.7791455,67.546167,38.216231500000006,27.399693999999997,46.128551,42.725986500000005,28.1345125,32.159377,41.3477805,47.028511,68.8854315,391.05601,36.584801,50.429610499999995,38.397365,33.7088235,229.32775550000002,52.950976,63.5813325,17.736853,138.8024045,58.46415450000001,42.014818500000004,44.822038500000005,26.3299375,12.415739,192.94117450000002,36.2506015,461.966171,63.540525,52.710972999999996,400.6605325,26.157514,293.0302225,132.433569,45.2905995,323.0853995,89.52016,118.67862,37.1031935,41.318618,108.1662005,33.68475,79.93804800000001,21.9164645,64.11927399999999,528.270515,45.839645,62.6564895,81.272367,61.5604825,178.11114049999998,213.995408,58.918822500000005,58.429646000000005,41.419111,115.538547,64.8521455,35.0063975,52.75882,39.1716,48.66191499999999,88.5593695,50.4613665,35.5433675,67.02374900000001,41.574783,20.1714615,53.7973315,38.1237235,57.85136,89.49144799999999,80.32270199999999,30.293873500000004,67.362781,34.881624,237.865196,24.5849355,39.586455,47.4089315,34.595076,36.826454,116.865802,59.450208,28.6661405,58.4762015,198.1649285,6.1084885,32.2252035,275.738264,233.0346505,62.079424,287.9550395,35.328182999999996,62.3979385,123.97054449999999,97.153035,62.702885499999994,56.640597,44.519985500000004,22.8585065,47.774778,59.856009,46.0531415,90.942746,63.767574999999994,90.2076295,81.720569,57.175349499999996,58.116517,69.678118,47.820593,69.3560695,579.8279245,99.8952865,424.64934050000005,55.526138,93.509481,86.7579675,38.827708,42.783258000000004,26.423238,70.5167015,55.81140500000001,8.859143,40.462898,25.335208,59.821706,816.6904435,52.3535655,49.3875255,104.3150925,75.5090685,53.182165999999995,35.751659000000004,87.4936485,72.800403,31.575395,71.3830385,71.99306580550001,89.215731695,63.670621,70.364771,43.3384435,42.639647,39.7403365,58.1237,71.95369099999999,84.713926,88.8489565,52.8020475,53.67782,56.001917999999996,28.3683935,112.12439699999999,28.9464075,52.1385215,102.848832,80.299334
SCTR,1055.5877486666666,63.699976666666664,26.227416333333334,550.9613963333333,38.57801033333333,69.78371266666667,10.299942666666666,74.02965266666666,98.84756766666668,139.97225733333335,116.21403233333335,93.15283466666666,30.486017333333333,98.20129166666668,83.16951866666666,26.624118666666664,462.4807503333334,75.25280633333334,18.765303333333332,28.053409666666667,46.57322,97.95788566666666,86.38393566666667,27.516234999999998,98.510529,27.799983,90.67634166666666,108.097218,74.67292966666668,598.6198966666667,181.82280966666667,56.959004666666665,81.035083,40.21238866666667,21.976907999999998,55.16400933333333,56.44559366666667,123.99222533333334,43.99408199999999,119.359764,103.94725800000002,15.093931333333336,30.53643533333333,90.18524366666668,123.18676333333333,33.03596366666667,29.334994000000005,137.40927833333333,33.220053666666665,150.04852300000002,96.99551933333333,41.58093533333333,24.264261333333334,75.11466133333333,104.27469733333334,43.20582233333334,116.05305433333335,40.966300999999994,47.69529800000001,22.89097266666667,39.51522966666666,29.028970666666666,70.25786566666666,18.36806233333333,37.911321666666666,141.33127133333332,65.04937033333334,110.14932766666665,146.21124966666665,323.6277793333333,223.71365133333336,57.40895066666667,46.464803666666675,34.60774333333333,168.05885966666665,55.22957466666666,26.496384666666668,152.83291066666666,120.687478,805.9011946666668,87.27907366666666,17.790903999999998,43.320028,406.4424206666667,171.48599733333333,87.83398866666666,137.57146233333336,428.748753,16.545951,117.17745633333334,16.940280666666666,437.4518693333334,468.60269866666664,59.031077,59.53837166666667,192.68970000000002,61.821865,512.5607163333333,38.09292466666667,773.567043,231.69065233333333,585.7227433333334,330.580256,181.66055533333335,41.82374466666667,52.60692433333333,68.90143833333333,85.68741566666667,83.55948099999999,24.69985133333333,68.16141833333334,28.376210333333333,250.40324133333334,158.11410733333335,102.437346,359.05161833333335,82.81255533333332,127.62302333333334,54.386310333333334,14.868519,145.59680833333334,664.6835796666667,115.18924366666666,71.22966733333334,309.547483,40.169464,18.885697,158.17489433333333,43.97045,128.96980433333334,278.5804503333333,236.73962800000004,156.31643966666667,34.560858,23.88441933333333,147.40702733333333,61.957165333333336,455.7838286666667,79.67156966666667,40.644027666666666,211.860268,44.98367366666667,787.2596456666666,29.789977000000004,251.21716333333333,299.91611133333333,300.76712833333335,238.40276166666663,213.808029,497.6306889999999,186.18494466666667,41.83732366666667,68.18256000000001,177.85791933333334,284.602496,69.82276733333333,281.2569343333333,16.696713,202.550462,205.96534566666665,146.75229600000003,147.10050466666667,55.28126566666666,135.73029733333334,540.7419973333334,120.51099333333333,280.33382166666667,514.973632,706.711718,153.06441900000002,201.5826046666667,349.0960166666667,545.603913,164.99354566666668,171.9961966666667,49.01982866666666,37.72412466666666,111.99101866666666,121.08627533333333,115.806428,97.84238066666666,281.5556936666666,242.01951233333332,53.74510633333333,112.731856,262.04608,433.0437100000001,93.36741333333333,332.88656,61.07574766666667,46.657334,96.09396900000002,240.447797,226.30368733333333,164.85553266666665,423.13771999999994,279.91860733333334,231.812331,790.1656936666667,479.97193466666675,106.99943066666668,119.90585799999998,232.0103306666667,401.3098136666667,213.7694296666667,45.045477000000005,290.43935100000004,51.484822,141.340917,156.30283,249.11191566666665,333.913576,129.91283533333333,152.61393033333334,187.19758933333333,101.02263666666666,97.876493,167.28761233333333,266.600628,263.07421800000003,178.88730033333334,301.52184033333333,266.7849053333333,74.74331466666666,137.59398566666667,213.6800253333333,99.16048405,83.36008421,140.78630733333333,99.92006666666667,97.380757,114.172598,52.66064733333334,53.63012033333333,86.18767766666667,95.60249766666668,82.64804633333334,40.243816,88.63243766666666,72.81364833333333,68.99670866666668,38.43283133333333,104.57168,68.60636433333333,54.462256333333336,99.49232066666667
RHOV,111.72516,334.52279,188.37193,330.01012,325.20676,132.05141,400.21732,148.34667,148.58271,58.41674,221.53754,123.91513,115.42274,142.50414,70.78325,105.42398,21.60585,62.47741,42.33389,35.17862,69.68611,178.656913,345.371028,165.163619,38.07009,13.193563,116.670315,69.96839,45.06176,7.538899,12.96878,89.7658,46.6853,280.7718,321.3306,208.63775,76.04623,75.78768,146.35397,128.48243,20.20505,66.61671,139.71194,47.99933,22.276531,387.19847,209.65095,157.42586,123.27892,78.93509,297.41104,140.51501,215.186,143.730623,67.86707,69.10069,89.505018,184.29204,173.9297,116.71919,39.06701,938.81072,15.85634,161.55126,233.31979,16.1166,20.92737,54.456829,64.094672,95.97262,156.90737,38.481912,59.26993,156.809921,118.030397,136.26322,670.30686,169.515491,13.24866,17.15988,72.335396,111.213059,27.605622,14.505593,30.8353,55.23708,56.36136,30.658059,94.42995,13.50136,80.76936,61.667121,65.90482,121.06264,37.87717,124.09654,97.42986,81.59652,176.22807,94.40741,173.90956,119.85421,71.00099,375.95801,104.85202,143.27095,62.07721,112.71337,68.73695,284.15007,14.8143,114.0321,14.42103,53.83425,106.581505,104.96116,85.61276,10.45788,134.84774,136.11384,41.0354,74.36659,80.54102,80.93608,13.52089,101.4095,62.22911,124.32183,27.77048,147.19402,49.02439,15.39114,63.43012,58.33599,386.5901,52.74347,87.20532,93.74603,79.07871,50.64102,13.52224,111.315085,15.76043,134.09583,48.34393,25.725019,117.90368,38.59675,55.847439,92.634152,57.248112,126.005243,37.068362,55.295463,48.225812,117.685963,44.06923,136.97867,28.082648,75.274646,9.476544,66.884438,86.03988,181.021631,12.990251,18.09121,75.404257,99.47929,50.71938,85.66052,66.70849,15.741874,19.63635,69.39895,39.26625,70.172351,130.960321,98.278641,16.123913,88.504167,54.234132,31.06216,58.445436,103.075792,64.16311,15.00812,13.69114,85.34112,16.44671,73.66523,104.45988,37.501304,50.33305,41.32804,58.27725,48.470088,19.01161,112.877933,85.978974,114.580861,11.53517,26.535225,41.425115,81.537874,15.21785,126.04099,14.13348,59.04747,25.22076,94.1055,10.702,14.60199,49.59693,104.45082,70.40728,41.48249,11.71347,102.28962,50.47691,10.16344,33.50783,18.94863,83.82077,71.80659,13.30034,67.41422,31.08051258,28.93884496,29.739678,32.665717,44.917598,15.867815,11.225573,25.766662,6.684025,11.676945,35.071996,11.806269,15.173408,9.957445,8.322404,99.850958,65.011348,18.967456,133.481849,84.043194
NPTX1,147.63012,247.48139,151.08933,85.41839,312.76893,498.17744,26.2298,225.16908,382.58319,101.46035,210.92122,96.243,196.24515,73.896,163.90333,263.0982,10003.6547,495.83305,2069.97512,2215.30675,220.72306,83.01985,346.97431,566.25167,248.63077,210.76829,91.579,75.49623,4999.4396,102.10733,189.32787,329.8643,103.53985,1704.88316,158.31413,189.76385,76.87836,111.77135,2926.85818,72.49216,54.47286,77.25279,131.30068,89.34034,584.32424,288.87935,641.78591,70.23333,219.55584,63.56892,63.49434,1325.25035,3407.07031,93.96231,144.35181,5933.69613,75.35389,169.1056,96.01497,407.01215,39.30917,23.65933,140.3243,81.71033,44.92714,31.92062,58.37978,76.40995,420.85472,337.37094,289.11242,73.13216,117.51925,49.79076,720.41157,139.15626,128.30382,175.62362,66.62095,120.83037,75.44469,509.8506,66.64616,300.68305,173.6025,186.98988,60.59256,472.14432,247.07631,96.90622,161.29835,325.66777,326.71556,30.40408,733.43088,490.69776,120.12698,607.20269,120.75956,82.65962,569.92847,303.94868,150.31399,237.40929,564.3272,73.23301,315.14597,147.32465,72.57674,53.93724,85.26875,96.2242,85.68025,112.67315,71.13142,2922.89222,76.35014,87.13476,53.106,134.47155,67.25695,132.17166,196.49512,130.85552,77.38149,41.99629,82.56153,187.37959,282.07216,80.43866,147.72359,199.15641,97.85641,624.47251,195.54278,83.03397,62.99214,51.4042,199.50472,167.73472,735.99369,193.52305,325.54562,84.13215,174.33181,1033.97303,264.62716,189.4994,261.04551,370.99221,6868.19188,1111.75532,134.97411,429.73878,284.81634,131.49033,85.08493,1808.79666,28.31812,479.7651,485.52313,115.8235,130.11657,89.23408,195.50388,108.66854,1241.02002,591.99345,388.91655,166.15808,351.90507,169.98041,293.37127,367.32121,48.40559,105.04016,30.88134,308.49434,120.15844,116.68624,687.60994,41.13529,160.54247,169.53835,35.64082,273.99307,374.90994,58.56858,59.95761,317.22027,110.27265,49.89586,162.51645,125.76768,94.17178,128.78303,171.54843,283.84125,210.27495,3840.33296,163.88856,2040.6381,194.38954,51.36719,358.23413,107.9387,60.69109,44.44304,142.21027,60.54124,171.79812,169.34084,74.78615,284.62481,61.14602,1452.11997,123.72167,118.24124,118.25782,615.86386,644.78484,146.46694,144.97838,158.42519,61.57212,43.37859,43.01683697,73.74292466,52.47253,72.44299,81.28903,184.60973,108.78218,125.96463,136.8912,249.03667,60.16605,91.49557,152.07399,86.46506,121.21585,64.94481,345.06094,73.23662,70.75856,169.9651
MUC6,14.9841601,18.612703,15.45645075,24.756790000000002,24.4077021,16.2144074,33.8232055,18.7314685,6.5866091,33.4985949,34.66203245,30.8923482,28.68999905,46.5354354,114.54965415,34.56520515,45.32425205,14.2659253,88.3576213,18.8837391,22.108359,58.1170639,23.0032703,3.2350134,74.3552792,19.0678971,6.860768650000001,187.4422278,28.619125450000002,8.957727499999999,90.1442266,23.1296015,33.00567805,19.72683145,19.017427,10.8832475,34.3344885,29.77398735,28.511775,6.0010281999999995,28.919670500000002,19.1244957,28.0411385,49.3299969,9.2125667,30.77691155,5.094954400000001,117.07404050000001,13.460709849999999,30.86130675,18.4859147,33.58558605,28.068072649999998,17.77212365,5.29445385,16.1710333,37.12299605,66.462433,37.823645150000004,37.5147292,47.5143269,42.5501835,30.217931450000002,18.434742,23.862914999999997,7.25356145,34.3237223,41.88045275,13.58613575,29.8692787,52.66500655,32.4235611,14.0899867,3.7603782,12.534595000000001,68.10386755,28.413955700000002,54.68698725,80.3324096,14.8048733,17.241348549999998,9.081191650000001,30.7129293,31.404819800000002,48.02382525,4.3964284,44.551129,45.1098372,8.56747845,9.0606815,10.4323017,27.7339982,17.620953150000002,25.670888249999997,31.08151755,24.739535999999998,24.5358923,19.727263599999997,116.05530155,28.503629,21.6113495,36.7757245,26.05823795,6.81762465,6.59463845,8.80336875,24.4694087,11.339622850000001,11.6750185,7.44291465,5.635746699999999,8.433777,7.9657843,16.98157515,5.0046348,18.72403015,45.44597025,54.740578,173.977405,35.21586155,9.469711499999999,28.65436055,9.44742095,33.36020035,32.35760335,7.0945301,7.1013026,18.95243705,10.3423443,6.519147800000001,50.3285165,25.474476,36.3771165,30.1671085,29.415499500000003,25.814948649999998,18.19748065,10.1951626,23.4609775,8.5105675,20.9001071,34.42376735,15.4461662,27.91821165,61.0044997,24.02238405,10.98925425,24.032141900000003,35.97348145,25.550584049999998,39.23507695,23.4992199,13.91527155,40.7422026,37.76702815,13.057376699999999,24.9378168,7.82584665,32.4854364,28.094598650000002,36.35997925,11.9583045,40.0037092,23.917793449999998,12.9828926,31.550471499999997,31.590423050000002,34.00516945,34.749750899999995,34.238212399999995,27.8274833,10.9360421,22.60536695,27.34930235,44.057720350000004,22.707964399999998,9.937781750000001,7.1865670999999995,38.7547567,35.01534215,9.5510667,48.224535949999996,20.03807935,12.50120665,20.31978965,13.111466400000001,24.68854625,33.776572300000005,25.043569299999998,28.50842005,13.5506159,28.40850395,21.402551499999998,28.529315750000002,9.1547986,28.33518545,33.09071845,19.368554500000002,17.78688965,5.932164350000001,20.44527725,23.473596049999998,30.2024107,39.474715350000004,34.497938500000004,23.53782295,14.2226692,30.34234465,10.8625527,16.803435399999998,25.6236543,56.1667713,27.2727011,10.88479645,45.0213598,27.4640919,4.7112053,29.300421550000003,27.5576158,15.6096749,40.0839632,36.4469846,46.8255844,30.802448650000002,27.11032435,22.64487885,21.22609582,7.4817752965,8.7673008,23.033318350000002,7.666907800000001,32.43449015,19.69523145,8.3347006,18.66292395,13.0811853,17.874879149999998,16.10240145,25.5098718,22.86691855,6.7052917999999995,27.121581250000002,22.8483228,28.0149158,45.45973035,39.4281772
HOXC10,69.99509,30.245677,26.99438,29.166904,21.51713,47.30553,29.3336,23.194997,46.8104,32.74167,54.35812,50.67863,21.6387,36.755968,52.658366,77.715753,216.243189,224.41459,448.68108,17.44747,55.688838,118.531543,63.264535,27.115786,89.97712,45.92715,96.50236,221.77849,58.3174,36.49915,69.62807,62.9778,15.43771,76.174,8.292804,519.790658,54.801809,78.18535,6.428043,202.63915,54.668359,56.06538,55.056317,141.648247,218.21819,28.317882,283.258161,190.506097,52.170515,27.257982,97.194965,41.519649,51.993955,28.569823,23.620581,258.957676,41.474837,14.865019,48.67498,823.30015,54.39553,48.71929,46.73721,408.264153,57.7372,54.64802,58.43038,21.960814,51.78945,40.35027,29.83925,580.3351,61.79241,65.78957,276.84844,79.00579,35.69744,47.226857,44.36269,41.64621,31.392283,40.460626,35.896576,9.412844,98.778868,31.8965,6.60773,12.882419,50.88794,33.01712,47.703076,11.47841,67.72186,114.9791,70.93111,81.96215,316.14617,42.08086,34.71908,42.70687,435.27339,39.609689,54.71926,31.83001,40.12728,48.76863,61.62458,36.24568,248.731027,19.41896,167.91451,43.95969,51.046888,118.758663,331.99857,47.183328,63.56281,2.27722,182.611755,46.749473,196.872167,149.062611,61.834936,438.816089,22.669081,5.092754,39.249894,33.190816,116.172398,48.48805,98.813148,42.945443,274.286969,160.684716,61.806134,124.94546,154.54075,56.36472,188.235417,49.26396,169.126546,29.628733,86.39826,22.41367,498.578743,30.860134,37.08103,94.17134,19.459046,37.46158,6.31429,17.01839,204.49573,63.542409,44.153166,55.99772,420.20869,22.81921,764.898026,54.794139,27.773471,50.579864,9.594857,435.693688,29.392123,51.17685,41.52748,81.90287,25.38951,63.42322,45.00383,32.437274,22.36191,119.16313,32.592654,32.791868,54.621059,459.560788,115.074002,125.604399,46.146964,37.69337,191.930551,42.265419,47.055042,30.16167,55.79371,29.96276,52.68318,101.50429,275.07001,40.211801,54.61945,24.35831,61.87225,36.63322,220.192757,71.37145,96.15764,11.46651,75.86515,89.62654,160.10929,70.12187,127.02984,34.32138,28.84191,51.76958,18.988,22.55576,56.07431,56.28112,191.78383,44.72951,248.22485,202.19145,105.97437,185.04169,63.48318,40.65528,89.8366,196.81454,21.56995,45.11922,108.1413,36.32465,18.32044611,38.78444791,42.37732,55.88533,38.69373,38.36918,38.66061,29.86485,34.24356,34.38497,20.32504,44.52724,31.92917,30.88984,21.24189,46.39234,45.62707,53.94085,46.42068,50.6845
PIP,56.187171,1456.14767,975.323918,11643.00693,2570.332143,659.099245,14041.16703,587.60825,79.487649,159.769857,210.99011,489.937068,17.270312,117.965367,58.698892,28.121856,42.48522,95.888996,30.268893,217.114813,117.27683,897.949754,296.42323,179.789823,86.635361,58.110943,1291.517835,333.35505,42.5371,62.460457,153.882735,1726.46623,135.788727,7.643871,1342.62185,9503.18648,322.82962,451.816515,204.11568,661.167513,87.79352,6.538852,123.312415,1108.64749,213.688706,1533.897105,53.646103,1000.543763,275.409718,220.099627,685.213374,61.127486,4379.135888,1421.612682,29519.49598,85.507752,39.341893,809.08988,222.57053,39.949188,3840.57441,30.873837,803.354122,68.67394,12.83341,139.419689,35.835336,562.141238,114.944204,126.860555,1022.582629,139.188508,12.289035,266.7714,65.477933,84.821154,36.882287,1689.80913,235.970862,39.707137,463.053758,42.306393,5.951152,4.660611,62.026666,81.470954,101.326347,46.810742,134.444343,61.995204,43.946469,98.094255,32.28417,53.90574,35.835706,195.385874,51.730716,76.033444,6488.355717,66.46099,55.4876,48.92562,39.937407,166.200867,1185.278641,377.000728,134.192315,766.420337,465.87139,168.439895,65.655243,708.882369,65.346674,209.04142,29.259458,308.460034,161.618577,53.313279,124.757167,224.771034,44.303599,94.350985,175.356105,1413.167262,91.607944,166.209057,355.356876,176.063537,62.974114,148.047111,49.88453,44.27263,375.65738,2774.92839,18.08115,198.249759,485.860752,435.838131,3112.68975,186.39079,340.136008,201.547078,33.8899,12.049255,761.19867,154.344184,173.845762,56.999443,39.789829,497.280113,72.936455,202.126847,143.182706,108.277713,289.005052,260.609003,2.543624,138.468002,90.922745,150.948951,34.553556,19.074453,55.452752,47.976283,78.497557,68.883087,62.920378,162.310294,128.385495,5.478594,169.107349,59.576431,35.243324,719.490307,65.130393,34.817864,589.21038,104.706331,66.994253,194.381581,426.755601,112.990786,916.51771,1109.543413,70.792972,371.610113,43.682737,177.871275,14.451215,38.09531,373.587059,90.739086,153.027986,24.358363,14.20028,117.696317,88.098458,44.878877,3.326497,38.887084,254.44523,237.996727,1665.408945,870.048206,52.434178,2902.30598,281.298247,32.14667,40.492013,86.508322,57.684502,55.081748,10.168227,87.528156,54.222564,66.738609,212.197081,314.604238,166.901147,43.461648,70.433002,159.119439,166.61442,42.185967,116.687783,159.31736,64.98763206,130.4451545,48.84303,53.624726,79.03849,46.33968,36.963461,43.782238,112.778294,39.496861,738.673221,46.701489,458.404281,38.808704,9.844027,875.849482,55.385551,53.536486,2325.853709,695.788392
LY6D,288.103646,108.979354,9.942812,164.402561,177.436384,153.023517,2470.383184,33.425551,239.123175,24.276469,215.209345,21.549368,1987.276263,58.776947,434.850791,3.324522,9.702818,9.958684,25.616498,95.959144,46.691948,291.57526,69.149263,240.365156,20.745167,56.79044,88.392043,51.569618,96.216114,101.795166,125.061241,42.49512,60.450355,19.182222,163.106053,73.760629,64.879632,55.291937,50.082859,364.628414,12.015708,1022.282489,8.774305,747.399539,223.376693,403.011813,1363.363328,708.617681,117.656934,267.939536,92.2887,40.896334,232.702373,161.746487,107.367088,148.332925,9.070298,177.612394,28.266258,17.178442,44.45849,6.631724,47.272429,39.986884,8.631683,28.985961,3.792177,5.710725,58.998773,28.365633,40.224793,8.387443,101.171022,170.749129,42.214221,455.183573,9.108799,594.055747,9.584297,28.608541,106.631226,70.319351,17.487392,47.52314,20.639006,44.965612,6.559724,66.169184,401.219279,40.909165,32.583055,73.534142,65.89965,13.532699,12.308005,25.665033,107.359053,13.448926,14.965884,732.157943,117.729333,32.0687,106.86841,28.159521,33.798964,322.950232,36.035074,34.173707,29.216728,159.822359,5.628531,37.24953,21.736003,13.283198,22.088037,212.110671,14.391427,6.721723,215.285357,5.878866,49.679555,12.261637,38.231079,19.968824,34.068094,171.630324,54.095751,43.808334,31.623769,50.571087,18.670586,9.344218,4.626103,16.436453,564.107191,47.579272,42.432081,199.831188,279.370662,320.616289,11.28499,7.292785,16.812124,868.759383,38.887957,79.182154,45.066315,45.687242,6.823885,50.76051,9.707695,50.766683,64.007986,49.558328,56.068048,25.375437,56.910981,1333.327743,10.943488,22.706178,66.37141,6.74571,212.326292,54.279261,10.539948,32.468338,46.30839,11.162426,27.676084,71.204219,55.139564,10.369033,12.217597,82.714652,8.499966,10.85976,24.779727,59.053888,91.960275,11.859237,140.367703,33.356359,132.592461,55.891217,40.953356,5.242069,18.318069,12.691008,3.761726,27.754741,54.282824,24.098391,9.01048,25.772262,43.084063,255.432188,62.001358,56.458138,11.838525,90.471611,60.394865,190.076589,29.081717,57.618141,67.798184,111.798285,21.733714,31.980149,5.66695,145.772136,18.799093,47.148584,41.32742,8.27648,169.667874,15.632901,162.664402,82.249665,51.156121,50.982246,16.31022,12.046789,16.446121,62.787319,68.521593,4.09887,23.45583942,48.2760685,10.28424,5.549708,37.859615,11.527986,19.206829,14.30142,5.591551,10.413989,27.604398,7.317056,34.992154,7.793343,9.939661,59.644144,8.813689,4.718187,6.325228,10.392339
INMT,65.5005,334.2291,664.04502,398.7136,420.68994,2475.9694,379.2364,1262.3716,346.2256,841.2533,606.6786,929.2005,80.91173,727.43565,828.69099,165.70394,309.75428,295.74419,117.06701,123.16984,164.4173,986.6294,1242.1997,297.6369,844.416,305.8335,695.5181,1071.3843,397.6981,958.118,801.4343,414.99386,770.27218,136.29005,409.9458,351.419,2632.5307,1844.75774,317.9384,1179.59962,551.5179,32.635,193.67029,954.09815,383.976,841.48143,345.14427,689.76975,3018.66473,378.51641,590.48985,357.51421,252.45944,490.5369,2011.45434,1401.95297,2409.7918,511.5612,213.39395,419.96255,262.00389,53.65729,4049.97643,350.3271,139.9297,1472.1451,5836.38087,3198.3931,4329.9751,3273.2479,1151.3965,2181.0571,2428.1071,638.1123,561.5864,646.3991,138.6251,1354.1947,1542.6619,884.3394,2950.5644,156.7929,5702.3413,1934.5903,1880.2744,2794.8397,981.7001,1699.7098,220.2922,2680.6997,60.60243,1329.3324,896.0047,232.4264,1572.0172,1327.9821,315.6792,1709.0996,4138.9956,1023.87966,878.4567,218.503,72.88159,539.27292,332.52597,432.51442,727.89498,488.32124,331.59,203.68428,572.74968,214.08829,729.06681,1436.47102,215.5508,244.74149,3633.11335,2872.53634,267.17428,148.09357,304.47027,500.93201,4245.71223,1819.81684,601.10726,173.27624,2063.69796,336.02887,728.97234,525.78596,345.9676,1452.7712,374.8833,562.6482,111.2346,467.79572,1343.05169,441.09243,716.1331,1638.4423,1157.95949,4318.2277,1125.7574,189.507,1309.0195,1503.1902,5579.0065,3097.4467,459.6795,4187.1218,1044.7568,1291.2777,1788.6668,2142.4791,426.8179,3693.6817,1456.8377,149.1105,348.8324,2234.3095,1074.3031,5287.766,1250.64765,270.525,2439.4693,3250.5817,1786.7685,1560.0485,227.8718,1864.0564,1473.6169,3492.2694,1142.0264,898.4429,714.38167,261.1708,203.7893,315.3341,1123.9051,2427.9823,623.3355,3921.7493,1087.1889,862.0175,544.628,724.0053,802.6621,823.9752,718.7546,735.1392,905.1088,3066.445,1090.1799,1236.8813,4421.688,1730.3872,2299.02605,2097.6575,867.071,2197.8704,745.3135,540.4794,482.9339,2203.6607,2402.2119,451.1535,1348.6387,2626.4509,2739.1256,614.72,1681.6128,475.9265,2586.7843,963.1805,755.0412,598.9374,696.675,718.4212,2116.6015,2587.5279,2098.3037,2229.7566,2023.4848,3088.9695,553.1244,1026.2061,5271.271118,4930.513697,4309.5209,6160.8555,3995.0574,4423.1883,2571.7611,4748.3554,3301.2737,4699.5718,3874.4989,3355.3975,4276.6915,4254.7481,3333.509,4143.7005,3887.3618,4279.8641,1016.7729,5192.975
SLC6A14,10313.73107,759.4591,1124.52611,4014.136,5172.296,4558.06891,3957.8171,2621.3425,146.75957,3596.7125,67.663311,7938.03111,178.41746,6655.14844,8842.82606,20206.58874,120.18151,5497.39901,3813.67034,255.45009,1376.0672,3751.76022,3158.56156,11220.82122,5212.973657,4324.8088,2428.8511,5596.1637,7821.0861,2748.3705,5380.165236,1473.522,1219.14843,41.42719,15800.0479,1673.6184,1575.4088,2524.59357,14085.4649,3605.01807,2337.1584,880.3734,3900.86696,3565.06708,88.73366,4351.16695,1386.46778,4156.71725,783.14554,2404.93156,7602.1946,15422.96845,14400.74155,3032.75241,1865.3735,19.91278,699.55818,1485.0233,415.0471,2540.83006,1818.45493,1675.12794,981.84471,1656.7884,13748.7258,5766.95589,1963.19297,2074.16557,2686.3317,2088.327,4882.4645,573.9081,306.5599,4185.5296,2280.7651,3038.3853,2480.500617,2236.53437,4848.7484,3109.1865,1914.30919,14.59191,1359.66739,4859.62162,1971.86268,4274.1887,4868.08372,2825.1994,543.7138,1201.8139,66.80773,1335.5366,5045.905528,1287.338469,883.872203,1478.278024,516.840038,7597.452128,1158.862855,4184.78899,134.9556,860.0872,15317.55221,4089.83486,1393.2835,3258.26204,6932.37149,1305.00792,3692.7004,4276.09415,357.58123,2279.07497,2460.36698,3421.59502,3098.2577,1582.36867,2104.53676,2804.15572,2067.12185,1922.34352,1565.0893,3160.85661,1933.82543,3202.02821,5487.30464,1254.57653,2902.87304,1344.53316,2956.78591,4755.46336,115.2156,1254.3424,1073.27,1523.9553,362.3417,966.96711,3793.64909,6222.88224,2023.2545,2411.5727,1838.78451,428.09264,959.8186,415.7229,247.4898,1828.3369,2491.3014,1805.5354,3369.24388,3532.127,6456.3875,771.6065,3525.5733,683.06051,3913.35913,1039.2572,36.875226,3638.949745,81.74191,847.28345,3097.77639,1850.25596,794.40598,814.28438,2425.8634,1975.0574,461.4683,9014.431119,5755.3714,2053.5466,2293.4525,1030.42644,5250.9748,699.2475,2611.82279,2487.08032,1881.20137,302.56805,4054.77058,594.79882,5030.47978,872.030942,4180.95857,1412.71925,6706.1003,4946.8758,1931.0572,1822.3951,8066.9045,7116.9941,163.462,2014.43572,1967.7834,2366.4619,563.4102,8618.99703,33.1673,3698.5924,2101.439,2279.2344,1555.121,113.2945,8058.0693,1627.8473,78.544274,4069.74799,9551.125163,2629.378617,411.67957,1561.967701,1106.698029,11234.30214,1.811912,1557.601641,2495.009275,2258.688377,1369.619006,623.122278,219.432277,55.589531,798.354063,157.477783,1071.825256,3452.954127,5620.754908,3315.584328,3672.898269,1826.455583,2858.3617,1778.7065,2121.2695,2377.0901,2649.6534,3253.3737,2514.4531,5784.7435,993.137,611.5195,1359.7984,1941.4324,3018.3076,1763.6175,4081.7458,7080.4553,904.9154,971.6789
GJB1,316.583948,254.08814,161.529839,1468.1337,44.430988,77.195089,308.94823,391.09881,11.709043,1034.86002,7.995753,25.798189,21.166591,425.567367,679.785375,12.554576,432.190753,142.301595,38.725207,16.940168,55.84054,106.274385,640.976295,6.787996,75.015427,240.84693,552.80552,213.69067,96.71666,271.12358,268.978219,7.034417,120.997472,59.072516,112.73007,312.81267,98.4939,71.500015,146.33425,125.266915,123.81161,9.120211,727.866052,269.311683,365.563747,99.391872,169.48663,550.583828,89.426988,84.469996,61.70967,25.229995,11.873309,72.832344,153.630948,604.880309,555.39229,136.02727,577.262487,45.953632,73.966564,96.806265,76.177458,44.13076,157.9887,105.404541,117.944707,96.754234,248.116456,296.97484,369.65006,317.54795,56.49577,69.66391,401.37666,967.01829,38.869894,174.03227,555.6377,289.62872,167.445209,9.459333,83.653168,363.319753,268.846756,31.46172,79.614273,826.2352,44.94181,128.66356,38.401768,138.52651,357.182297,427.411918,206.987405,507.24253,346.854572,200.73198,82.888841,1313.368879,911.89501,744.21067,531.504118,323.168936,74.001949,83.769864,203.040539,1023.970431,315.73128,19.005708,58.238222,40.772434,297.875058,136.031211,1077.32688,488.897546,178.308839,100.561202,173.569647,6.911652,921.821506,453.861494,313.890633,904.378818,1026.914602,90.054973,143.953629,621.530506,323.943557,196.446476,150.82812,126.33443,1016.47382,63.0223,124.55967,786.44701,99.233344,437.464005,206.55664,75.18627,980.255648,75.616397,389.3914,13.71525,273.680479,788.128703,87.841,821.78168,581.474543,263.38821,868.86537,56.16639,209.71704,350.148788,291.713427,118.71,772.433982,33.589825,230.769265,141.205245,66.289256,161.513035,87.478778,137.78271,371.876246,171.17311,271.25159,1168.456623,1143.00103,40.66253,350.71137,522.900862,552.29769,314.94565,856.837105,82.759676,295.795512,145.69777,152.170566,568.561401,498.554589,285.73523,681.440963,63.034503,149.382767,453.76975,124.38269,147.03081,1193.60896,790.89757,177.91031,360.377677,252.51977,296.54875,107.82643,611.959484,239.33674,88.0467,1030.41545,307.2805,182.29613,442.75612,357.72891,533.94891,834.442003,76.97733,402.148824,1011.187512,328.643648,109.754266,375.080963,706.53417,240.332566,784.741147,86.470589,636.307798,255.528717,471.922094,709.891106,732.755998,250.078777,430.456027,1236.819263,71.39813,84.219892,762.563372,80.52797789,41.69587697,128.67915,80.76082,105.08948,90.82319,35.78741,90.77832,62.51908,159.67435,90.03399,66.48479,53.36674,71.22534,116.94572,43.27399,123.83153,89.8177,22.28785,38.53598
CD1A,56.24992,1670.78409,229.4315,81.62382,2862.31374,109.59352,566.08528,208.6119,127.6733,313.49262,1314.31279,3622.02413,129.00652,131.07359,90.41068,127.41037,150.39069,464.06955,54.03756,509.19426,1782.2551,163.91771,72.46288,940.74691,597.60911,69.21709,858.01098,599.89371,1051.89549,344.24526,236.67171,1395.83064,113.97857,47.85777,1850.5604,84.21238,155.29605,367.38807,907.99442,91.09277,147.98496,136.78323,1475.59325,268.73475,153.86717,1413.49089,17.52059,129.60074,146.2704,173.40433,1448.56439,1043.81026,419.36099,4236.64974,66.97025,319.82332,407.22525,1375.73851,46.76891,111.07259,1655.88341,46.10578,195.97743,86.04539,70.87026,150.88093,34.16022,318.09031,132.64496,797.3129,482.72805,203.70968,111.77498,223.22648,98.77689,50.95304,24.16935,1312.10804,1859.89168,1998.97375,226.43615,75.00595,505.10118,392.10388,205.96484,63.49243,133.07479,323.5776,621.81851,344.33776,430.66221,863.23668,452.90514,335.67215,860.73889,1862.85122,77.59579,2853.42206,156.39665,466.69871,1349.30639,1242.38145,4200.1376,283.61964,1805.56162,2275.48547,2136.0334,783.12235,697.31181,1052.34365,181.15739,258.66901,215.80473,8004.95922,875.95293,400.01562,232.84675,1119.19685,1643.25478,165.65838,4810.29231,596.05473,1007.28767,224.22692,335.36045,427.46096,1110.91085,283.79097,482.65691,414.67559,288.57942,337.985,514.66233,158.26926,262.27035,1610.29474,1261.13161,1528.77576,124.16539,219.11086,1661.53181,150.84061,225.44862,1650.85236,367.74778,633.87599,1519.62986,96.88729,368.75819,1632.36018,902.6445,1671.92732,263.08401,649.6131,221.76346,198.62783,127.12463,310.57409,79.29081,194.98443,961.09324,286.37793,240.6879,395.17896,917.88131,194.55279,89.48872,1664.04331,323.72723,898.30946,692.36986,171.96065,226.17754,671.44286,1175.55729,962.96564,2440.66993,216.08282,2157.95156,576.85047,214.64055,609.95422,359.08657,682.52594,2650.95774,1508.78624,553.99089,1091.17519,2978.83794,578.94409,237.39028,1120.05567,1802.83174,75.29934,178.15399,2056.32101,3231.1059,251.43286,750.08063,198.29893,785.02982,453.04671,561.03622,3186.06846,340.04295,197.73591,1300.45425,87.59063,1483.76644,1607.97561,340.0713,1539.90611,126.01043,1979.01535,898.13517,565.42833,296.32916,441.13037,158.59689,95.8735,2315.13059,2486.12939,93.73668,2564.11761,308.67237,517.972,85.54539273,128.6879701,95.11553,110.84312,110.97413,71.09503,199.04766,69.63003,92.63582,110.55678,122.99749,72.25344,130.2619,66.66018,76.97378,107.20095,134.3469,94.55305,147.39601,104.78067
ABCA3,2375.18187,291.88512,139.47767,1214.18983,383.54146,1638.72238,201.98401,1424.14868,538.3576,1834.6224,361.2371,1518.91868,278.74551,1390.84074,1300.55032,2143.24239,1811.30647,700.21834,139.65149,518.57617,260.31695,817.3666,1251.8228,1112.96,4707.3275,166.342,850.5392,1750.1961,669.3573,4598.1796,578.5327,571.70683,1142.29024,54.9176,945.65958,593.72071,439.90313,492.85096,4870.13382,331.30614,1225.03929,267.41089,1899.00294,882.60428,150.8851,475.82741,95.62571,448.69771,224.75936,493.53672,355.65012,540.21942,574.45445,659.8382,477.10951,1162.80021,1391.3482,611.59109,448.96249,2646.97574,134.34094,13.76825,1301.37798,187.83642,141.63351,2689.81215,2139.48324,2169.3711,1373.5742,1087.2126,708.5951,2024.2992,340.2898,256.4896,1498.3651,287.9742,110.6498,1460.0693,372.6013,3309.4114,973.216,219.1892,994.8576,1469.5079,564.0331,1781.5354,452.3438,840.6864,138.4556,503.1654,320.66196,721.196,801.4179,253.0098,855.1646,2370.5335,3966.9019,2975.0741,226.7108,1838.53555,767.29284,2063.13691,2177.1515,1089.386,389.84089,445.81736,1182.80376,726.84735,494.85976,50.18738,451.80141,330.55516,1775.94546,647.83765,2078.7968,2052.75211,1091.80528,1212.79072,210.59411,19.16905,313.26119,2038.67611,232.36883,821.64988,1974.92507,189.69134,641.37132,1441.91905,3658.05046,448.80343,2740.84117,2083.89365,324.99046,601.56993,12.03578,187.86016,632.11274,552.91655,1082.52278,553.58282,673.25908,287.6866,1807.3867,239.634,1329.4944,772.0001,370.0063,991.1866,1317.8949,1791.4518,3781.1438,525.7948,1398.2007,2991.683,2530.2209,434.0737,918.8495,224.3462,996.1305,598.1579,364.3347,1966.271,469.70587,490.1677,4777.0229,1069.7323,830.4746,3259.2027,7007.3708,688.3122,1496.4181,2186.3432,1838.8996,2207.4968,2572.24227,1761.7795,161.8858,202.7495,769.4074,1037.3317,563.9262,1132.8647,814.1847,200.8215,508.1864,1207.5836,860.632,721.9304,1720.579,773.9403,463.2989,1384.1142,625.1048,884.2721,372.9664,2355.3129,404.89349,1913.7938,2272.3447,2168.4541,475.7635,610.7167,2327.3721,581.7802,762.4149,209.4351,2742.9715,198.715,542.8105,369.2403,1666.6558,851.6703,563.9533,767.1408,1297.5012,913.632,433.8847,374.0668,293.1588,217.3111,418.1097,1021.7077,2797.5783,2140.9798,509.7881,685.8837,3018.236535,3161.748378,3795.45,2575.6242,2372.7782,2284.8727,2409.4278,2612.2617,3264.1969,2042.4178,3006.9659,741.756,2082.7118,2230.6334,3547.1626,970.1275,4256.7476,1802.8301,1983.6012,1783.8472
HHIPL2,101.89103,8.243187,84.66911,80.192559,56.04018,101.50241,425.520011,25.389035,2364.55391,44.08943,43.07167,57.25906,27.37052,28.43189,51.48456,98.12552,64.1601,37.25554,120.2662,834.71993,38.678882,41.68359,1040.94627,59.34381,54.99252,38.58739,27.844859,100.89048,45.22692,30.041073,59.73228,334.63072,88.47276,180.36798,997.230402,928.806191,56.675759,55.9885,27.416113,44.33325,53.391805,640.70723,381.92875,46.56924,64.22388,240.91564,185.97944,131.29804,80.40245,21.04638,198.70292,402.09998,51.00362,86.60929,43.7697,38.23644,53.93422,841.217309,97.86029,174.09134,90.7344,1953.88557,54.86951,331.085826,77.099796,65.5266,42.14016,44.42751,62.41841,37.95461,50.99881,263.957361,49.38041,137.331989,40.702641,46.723171,249.35755,2055.62013,57.66226,71.46706,59.62756,208.81897,56.80728,68.99287,56.66534,56.91117,54.17914,42.76047,41.04681,53.89225,32.95499,52.761892,33.72103,23.59688,112.76289,64.32775,88.18952,53.59654,17.952,32.43585,51.668016,62.950495,44.40097,267.55869,55.72675,231.1789,46.83626,86.17802,76.538767,28.74589,95.10905,859.00708,147.89344,26.09186,12.700995,438.61965,65.0056,47.62474,53.65903,814.80288,65.24409,47.87738,34.53778,32.09338,37.80819,219.19976,50.63951,72.00714,151.73357,48.83782,43.449806,30.869533,78.152738,31.129005,123.869615,49.87672,35.78179,62.52565,30.01535,87.820466,51.92962,64.70521,47.57033,1012.05511,54.21755,46.02209,67.49966,27.2558,48.5127,46.880425,33.90471,72.449666,53.628149,62.48075,61.24966,45.432228,62.30133,47.08225,31.77787,34.56165,88.64557,54.78528,91.21055,167.13819,41.11486,65.88465,73.317204,62.95637,82.77746,135.79185,57.88363,26.67136,60.3077,134.99183,28.87674,358.9096,354.39768,46.69391,56.39157,71.5373,65.23692,50.77021,52.65651,63.33265,52.61628,58.05651,31.19643,74.84064,45.9726,71.06707,100.02122,47.49215,32.92827,76.96131,53.79239,100.47204,36.54633,85.024442,23.987063,61.1527,74.921969,194.341655,145.50858,285.952053,64.50253,115.30891,60.12505,32.86602,42.71063,180.14901,55.95235,33.36295,95.38897,416.83605,49.70512,47.47942,64.51828,37.97151,65.32823,39.40351,51.88839,32.95713,51.47973,72.65096,77.69867,67.2808,38.81142353,32.81838264,28.481362,31.899028,31.715957,67.664238,37.790881,40.486612,28.497495,52.628654,55.885026,32.910423,49.470607,52.387873,6.446347,31.593459,72.672377,63.989598,36.645572,32.509732
SLC16A9,70.97807,902.932711,1029.11362,88.099877,230.17552,939.53384,2310.687439,236.035932,302.18609,307.18919,182.43472,437.47684,1779.43694,357.76135,956.22038,2227.33607,32.14427,1727.42467,189.00831,685.76838,39.534264,417.261381,8.654088,729.559522,114.63974,396.85488,365.02801,128.47799,704.42241,67.87786,90.0714,741.49839,32.99354,33.01885,612.073308,58.314629,469.586943,558.10655,1440.087701,1220.04927,105.763978,935.25951,1080.41663,77.85787,660.095037,1649.79838,2002.80861,161.1263,510.06901,2344.35999,217.70568,1050.51684,933.99083,474.714145,413.80651,155.31027,154.053346,174.098664,116.49771,633.12742,317.95175,12.80678,223.29105,75.726213,32.191376,114.42725,183.25902,136.413671,573.527785,620.84301,190.03781,280.86427,648.30732,136.13495,353.09581,139.48336,148.98133,1392.553628,521.36933,40.00578,577.664898,665.925259,441.733223,1205.976757,310.250663,562.90589,1328.682832,342.687435,742.28443,508.49735,157.87176,153.50613,87.03029,51.15983,134.41776,232.43533,44.63501,773.93666,667.27252,2228.85746,124.431735,90.311059,138.80896,33.85354,642.76116,492.89823,296.22195,97.77035,528.211418,595.29825,93.42747,1254.2471,143.82672,192.48925,57.54666,4057.37928,572.45623,198.66531,194.77016,116.28959,173.75704,54.34213,629.76974,313.5127,2474.20237,27.1267,1485.62196,43.34618,147.76058,439.68683,162.399203,120.918238,110.965098,109.285633,5.546504,347.58184,1441.60466,347.51021,563.738003,349.093374,123.89087,693.294822,322.50085,880.5596,233.077865,156.123804,530.28846,355.15671,55.944878,409.66377,367.11526,146.46695,477.67184,214.329494,102.376666,866.37708,110.92166,966.88795,158.198759,183.097185,284.231074,137.379191,61.45892,572.55286,201.664086,236.14638,583.39724,88.47927,380.05933,186.5613,257.5987,195.657996,1108.57864,145.63942,67.63932,584.159027,154.18141,94.467193,276.159628,449.803476,110.147317,168.25299,196.324795,192.885207,291.28936,128.30435,379.25352,236.08655,341.79442,322.85989,179.48723,94.326869,74.63129,427.58534,227.71337,1094.252689,268.68528,186.06619,31.24743,383.30269,222.27945,156.97118,331.89649,424.23965,84.90452,378.11314,120.9107,635.29111,154.7011,81.06744,206.78999,58.26543,272.19222,328.74736,80.65323,205.36425,302.59708,127.74316,255.44747,295.07482,233.85266,403.73126,170.43234,384.83411,637.75355,249.50813,118.2166881,107.013061,166.2955,220.05871,346.24364,282.84108,93.82803,163.66661,275.94106,177.2049,205.68412,460.61202,173.36925,92.84227,571.41409,357.5818,393.96915,210.36249,408.88777,186.64335
SNCG,47.183548,25.823689,32.7085725,35.7947895,21.2288425,34.5065065,57.401692499999996,24.1524255,38.2019955,47.4273035,50.7881405,49.2586365,28.910452,64.05266499999999,38.80089100000001,48.1046815,42.048172,52.6475175,53.435284,73.7288925,63.11245649999999,60.58469,14.6662525,64.605377,41.071435,36.8828525,40.4204815,39.442661,32.5966595,30.792479,57.462115,30.694185,45.097661,14.085664999999999,30.015417,43.406605,65.267811,53.89090350000001,16.0400525,28.1176395,60.6405515,65.4069055,84.00130999999999,35.378369,51.280705,23.9418845,32.6634315,39.9320895,66.095231,36.048687,46.3580675,25.7019995,32.595919,45.910341,44.823088999999996,15.786829,32.473131,57.051846,47.039863499999996,65.2905135,45.104115,25.402581500000004,48.706115499999996,60.950409,17.411341999999998,35.8595145,27.7562575,33.286442,41.277131499999996,62.600213000000004,23.0322185,64.7650225,61.1566395,38.224599,34.9501805,48.8374395,51.2433215,37.478604999999995,31.203781,61.7527375,42.688657,58.1891315,28.027172500000002,45.567333000000005,17.841835,25.498472,35.224861,20.9464225,28.958133,43.3938,20.307858,60.18303,40.780615,33.929120499999996,44.076666,28.890345,22.065619,55.6116825,10.775052,27.1520525,35.0721105,55.3978405,23.381486,51.3663465,31.439011,57.119707500000004,46.553118,56.201715500000006,45.8729845,44.464363500000005,35.5797145,30.6849115,33.8852715,47.1290205,47.40068,33.3770535,62.48122049999999,13.267962,26.1523155,24.9757505,36.7505385,39.489556,24.117440000000002,45.088554,28.640326,17.2791995,34.815536,23.310538,49.657932,23.6379875,35.863355,30.750433,37.697615,64.4680855,68.680491,33.0356755,32.5444035,61.8772825,26.6164745,53.5430765,59.240838,61.971518,22.24936,20.3467025,40.156206,30.640206499999998,55.767857,11.022954499999999,32.521675,30.4639995,23.6999335,47.3589875,45.269407,11.721728500000001,52.39706700000001,14.555843,37.3162755,31.060263,36.422360999999995,67.11174199999999,25.611944,47.361979,33.4576685,48.248510499999995,41.7244685,57.160396000000006,85.806785,32.5924865,36.0718025,34.116708,9.576048,15.195490500000002,69.5638095,31.84084,23.4416005,21.384677500000002,26.162563499999997,26.231591,61.618669000000004,28.7769535,36.1004255,28.9093175,29.942632,14.122803,54.706374499999995,15.2685135,42.3319335,40.627528,27.225831,49.903318999999996,62.338671000000005,21.3275525,21.345318000000002,63.030306,35.4005605,42.0870455,13.436933499999999,19.1446515,28.115251999999998,64.809815,49.319599,25.436639500000002,69.42360550000001,38.4846935,41.2345045,30.777175999999997,86.9198715,44.14266000000001,21.339107,17.3351855,43.407498000000004,16.7764445,41.444252500000005,18.348838999999998,22.3863305,24.2872835,27.3093005,55.99641200000001,64.31830649999999,38.818723000000006,43.468334999999996,55.6339685,26.4530745,31.3267825,60.535322,54.581831,18.80817925,41.1870905,60.799073,28.7590715,34.042415,10.920831,34.667587,30.072286499999997,35.9502575,15.0495465,14.9764135,29.026473,35.948276,17.8749705,31.115607,12.395966,8.9235915,25.070667,56.525382,25.681311
CYP4F11,22.777909,1.696076,2.405774,99.088743,1.877408,22.964277,2.962299,8.065884,31.464532,29.492921,5.513041,3.425321,1.181927,2.025525,25.123644,3.092113,24.335096,4.058085,4.321628,1.450147,3.367361,8.488172,131.559017,14.59852,7.807426,42.1735659,7.4842878,2.916946,2.367386,3.1937709,8.191015,1.538627,2.025313,38.57091,2.839397,2.191535,4.734521,2.123297,4.039037,10.830351,2.463314,1.702297,1.543242,1.828346,6.210676,2.319556,1.788981,44.542951,1.386985,3.179656,5.750954,2.008687,2.800853,13.901419,8.087817,21.344602,2.419472,8.022937,2.603696,1.852601,1.989358,182.084473,1.652761,3.167554,4.452312,3.22818,1.588538,3.888589,4.137274,2.245731,3.423332,2.5011999,3.379969,1.7928581,1.2809901,7.8026997,79.681492,35.72168,5.530667,16.596799,1.666161,2.122141,1.606753,2.98743,2.31304,2.427801,42.104082,4.427012,9.160029,1.25298,1.791171,1.7138614,6.645997,1.594278,15.153741,1.905966,2.971077,16.522312,14.834244,1.656592,24.001513,3.276518,3.263299,2.436533,2.320086,24.143879,6.801057,7.963071,1.768253,1.749826,4.699335,3.624655,9.441503,2.156498,3.0496699,40.786639,3.193523,1.714588,16.006878,13.978856,5.986896,34.191857,6.745205,3.548143,5.467857,10.70884,5.494818,2.930027,3.970784,1.360131,4.565128,2.008654,37.277535,1.98844,3.400624,8.073023,1.715137,2.051772,2.932384,2.668384,4.75001,7.455067,2.096595,3.910153,1.848012,1.841964,1.936773,33.410552,7.979641,22.6258102,2.7583622,2.2822729,4.531455,13.161869,2.808332,1.0109107,3.616086,1.88002,2.993535,5.829316,5.78548,2.031365,24.413091,16.528171,8.616163,2.446333,2.9889317,1.261142,12.002156,16.531994,1.996167,4.788688,22.780868,2.296115,10.897063,37.713175,1.457428,1.932661,2.469428,3.091633,2.079278,7.833707,15.369148,3.03661,3.237724,2.146996,1.700139,46.898492,1.652274,1.612662,1.960544,3.19857,21.182029,4.967377,6.043004,35.275061,2.696468,2.1163436,8.5031706,60.0646365,1.9584611,1.3011448,4.1133893,18.5938521,1.269246,1.27298,7.950527,4.7774,4.240536,2.633081,3.33942,3.072496,2.000621,3.812985,3.423873,1.661082,2.732713,2.191219,39.635461,18.477156,7.643197,3.9012,6.889195,3.300528,2.769321,3.672914,11.30013113,3.541487947,2.1619488,3.1825035,2.7044425,1.6491667,2.0998886,1.6042545,1.6236917,1.8328504,10.8556141,2.7729023,2.9864367,1.9245537,0.8351577,4.6689901,16.8463849,5.5559689,6.7922065,8.5975819
SLC6A4,7.513074666666667,14.985795666666666,16.371088,31.87974133333334,25.26015666666667,441.3206666666667,16.45192966666667,125.56071633333333,36.625858799999996,582.6207098,19.023519933333333,25.471300666666668,15.210381333333332,12.999957733333334,93.39015293333334,10.447015200000001,2.8615438666666666,11.84733,17.157622333333332,5.202379,16.404982666666665,54.41882026666667,233.02962219999998,30.11591436666667,55.94237586666666,7.8657923,12.5211023,36.73104686666667,8.796894466666666,73.44939923333334,10.420933866666667,13.242069,20.308383666666668,25.153678333333335,5.433918000000001,15.178525666666667,18.005429333333336,46.15459666666666,50.44777,46.642587,29.29576666666667,3.6838867,7.574380499999999,14.995912166666665,20.984117933333334,37.290221833333334,14.3801183,14.117532333333335,88.48594846666667,56.00796593333333,9.406620900000002,35.05540896666667,5.345400933333334,66.4686411,35.25412773333333,10.3903983,47.7319579,16.067162,10.948913333333332,15.119788333333332,9.134863666666666,10.478025666666667,715.5217063333333,16.876345,6.567159333333334,34.469246,3555.528895,849.4516547,80.49451716666667,26.915575399999998,142.53462466666667,20.5061323,20.0124699,11.962977166666667,4.1639029333333335,32.351667633333335,5.111237966666667,50.852041566666664,652.5726716666667,11.2782458,596.1222264666667,10.035826066666667,2296.7156806333332,93.67893696666665,95.38789776666665,293.31976686666667,65.13436736666667,15.642521966666665,12.7278763,65.95803116666667,4.3977515333333335,110.62668936666667,15.922340466666668,11.412496533333332,1155.9092403333334,3.986280333333333,8.478798633333334,216.26311026666667,58.47996116666667,15.121007999999998,8.375044666666666,18.245491333333334,15.743890333333333,26.781617999999998,8.219256333333334,5.143818333333333,12.401669666666669,15.895122,17.357982,20.425558666666664,11.463003666666665,9.447442,3.6715132999999995,14.324188866666669,13.160085266666668,12.400716666666668,22.342755033333333,107.26396460000001,6.998348333333333,16.699494400000003,6.865297366666667,11.952120766666667,13.426771666666667,17.25801183333333,65.53044383333334,15.751096966666665,427.95403906666667,28.4306126,34.873307966666665,11.17492,18.767083666666668,18.619513,19.140431666666668,62.523461999999995,7.8501743333333325,10.720404666666667,410.99510366666664,11.801082,203.93011233333334,22.23738366666667,106.82417266666666,12.077103166666667,47.25467316666667,14.948769466666668,57.912664400000004,149.07581076666668,39.43373153333334,77.99989903333334,18.485998733333332,12.5991436,49.2064657,46.08997646666666,1147.0197829333333,103.19576610000001,4.922565766666667,18.4897548,209.0856922,2.7629831,13.950598166666666,443.8842915,28.326237266666666,618.0157932000001,558.5947009333333,20.964887966666666,668.2936979333333,811.9681267333334,14.737261866666666,23.703839433333332,18.144475333333332,377.2430205333333,181.27092373333335,43.007095033333336,481.67871829999996,51.4833612,28.112112800000002,63.51794850000001,10.6019081,10.103461666666666,118.24336056666668,159.53528536666667,4.792598766666667,4218.171657333333,16.883544133333334,16.1747739,14.926082933333333,334.1336082,7.574882766666666,15.615246366666668,12.300252700000001,118.09391483333333,308.98388363333333,4440.913322666667,199.34925666666666,538.6723477666666,6757.312684,34.90787133333333,123.76476606666667,310.7665715,304.2882082,20.901236533333332,10.271314933333334,10.901997133333333,92.2569494,32.136157000000004,20.540095066666666,21.187060633333335,75.29449849999999,8.910247,19.536223733333333,7.5639017,23.712215633333333,37.5177957,14.641977366666667,228.83291513333333,253.91548419999995,12.613647566666666,10.748047133333335,52.512373200000006,12.8311686,8.748678733333334,7.941173466666666,26.483364500000004,7.5774879,1702.6782177666666,12.307209,28.4472703,4281.812905,1009.3743784666667,3177.181630333333,5711.843503,5755.283667333333,268.59818643333335,244.9190551,2639.163177733333,1157.4388931666665,6055.814252333334,964.3199335999999,671.4206166666667,909.4409977666668,2433.3221727333334,1508.0646302333334,23.469317,157.9485202333333,977.6990407333333,15.0873702,745.9843566666667
CACNG4,51.319219333333336,84.26183866666666,46.32689333333334,134.32517333333334,120.083475,138.06976566666665,154.47165633333336,47.455526666666664,60.80568733333334,64.028234,125.17069266666668,53.97678066666666,172.68072866666668,133.87916966666668,211.414626,146.65377933333335,133.54490233333334,327.4705656666667,44.96676399999999,207.050754,111.982506,53.82374133333334,61.983805999999994,127.60932400000002,106.30127733333335,50.98758466666667,143.07901166666667,66.84020500000001,66.66935133333334,46.87258933333334,48.863983999999995,139.94822100000002,124.84894466666667,106.16909366666668,111.34057800000001,227.63622466666666,228.88607533333334,151.683344,131.12631433333334,51.55587033333333,116.00007166666667,183.93385166666667,187.61315466666667,144.65423066666668,55.873593,274.03693533333336,59.555102999999995,150.87600033333334,52.01536166666667,281.24153666666666,134.197166,137.29054166666666,127.58524466666665,54.90220233333333,96.57432566666667,61.892090333333336,57.555337333333334,48.649101333333334,65.709638,64.359274,220.43644166666664,117.75934733333334,78.77202100000001,79.18202066666667,91.98118800000002,46.631867,126.600055,42.648813999999994,49.70602133333333,32.062976,161.39649233333333,52.906861,111.04855633333334,95.309191,62.674213,73.74516666666666,36.61877566666667,71.74685766666666,43.29250266666667,93.77835333333333,78.794855,100.32880566666667,106.02369233333333,40.445225,71.18639933333333,55.703890666666666,251.90845166666668,123.17934466666667,51.682392,42.75740533333334,194.887198,66.110397,45.688895333333335,70.07790666666666,48.233271333333334,49.18066866666666,98.78570366666666,55.62545500000001,64.19073300000001,201.48705733333335,76.58088866666667,53.36275066666667,54.198708,160.173329,142.07344066666667,87.378088,130.84891733333333,144.76419233333334,109.16013566666668,70.77357266666667,34.008403,133.596375,50.840039999999995,74.17834799999999,98.64108633333332,53.06050199999999,136.75691833333335,56.287509666666665,153.16197366666668,188.46997199999998,55.53843966666667,178.12972533333334,49.51701333333333,67.05208333333333,61.47665666666666,147.438259,195.6378676666667,40.896383,52.92992366666667,127.748763,178.363472,80.896982,109.61114400000001,58.24210133333333,111.61538133333333,134.775809,129.87235033333334,115.03086,110.51086533333334,139.92151533333333,97.81778866666667,53.681004333333334,72.01217333333334,77.297545,89.72497766666667,67.633541,42.67676600000001,76.073686,81.03831666666666,38.877789,48.95346733333333,124.13030333333334,93.48127233333332,86.082198,103.07903433333335,39.276302333333334,42.938524666666666,136.12973066666666,105.51899333333334,48.24560066666667,96.04640933333333,110.82740700000001,54.998725666666665,161.13958266666666,148.62200433333334,69.56428100000001,45.490535333333334,121.359539,35.152575,54.680235333333336,106.00114233333333,70.17102233333333,56.086819666666656,66.12023433333333,60.160325,189.7271916666667,58.604712,66.55910766666666,40.88087266666667,119.18637066666668,46.98471733333333,114.02177033333334,138.63046266666666,137.41190433333335,171.18677866666667,50.28739433333334,133.20277833333333,130.960246,51.484633666666674,110.50086299999998,68.30877533333333,110.14215366666666,82.66347666666667,55.243759000000004,166.15775433333332,89.17049766666666,58.541517666666664,144.88887866666667,69.68868466666667,58.709416999999995,114.79433999999999,47.462970000000006,57.53585366666666,48.996916,64.90264466666667,52.839581,43.39990766666667,25.046446333333336,35.030717333333335,138.53659133333335,40.994999,40.440311666666666,51.489377,49.132445,80.85882533333334,84.81076733333333,91.62487433333332,61.26277133333334,51.71401433333333,34.319093,75.943065,127.36150100000002,154.04832166666668,54.603463,116.73033266666665,61.380083333333324,58.22982561,51.469261710000005,172.31829466666667,76.59805966666667,54.41363933333333,51.048396,50.065946999999994,55.61765133333333,43.57025733333334,45.65453866666667,65.809217,110.99654966666667,56.123777999999994,124.635927,56.806845666666675,62.13302666666667,48.259432000000004,156.14545633333333,61.76957733333333,53.66537033333333
MUC3A,15.369021,44.75828,26.508194,35.03911,43.334317,73.183535,78.83668,57.1777,77.51258,49.73315,80.70681,7.682962,47.050498,51.80935,81.87345,76.15548,52.44583,70.242182,94.310085,68.457253,89.27406,94.57952,103.46477,59.84299,68.12216,89.56025,55.1374,82.73627,33.69752,50.79331,88.91693,57.841896,80.925468,52.607921,100.56566,46.10285,104.91013,114.123793,60.40622,69.475099,87.82069,75.53682,80.44712,86.49255,74.24868,83.43043,64.78035,115.39346,54.46001,63.79052,48.3147,78.53931,72.7743,56.06922,81.47711,81.13428,33.96338,53.58411,58.366797,132.203269,80.410976,65.541942,70.834297,66.44806,48.11739,109.845597,15.188255,67.32748,72.84055,46.38918,86.99527,34.25552,83.33385,72.19708,41.74254,90.29112,47.27844,94.15084,61.23057,80.51684,63.05682,94.43626,41.64922,119.79171,56.12816,63.07015,81.84937,62.33531,103.44172,53.99134,50.59514,72.50668,70.0044,97.01225,106.321,86.18274,113.58226,55.56596,109.36812,93.556803,46.77509,24.4522,27.851983,82.197162,24.083826,59.422619,48.266669,64.289792,33.09466,51.875412,45.487361,65.458282,20.0344,73.66173,71.78323,69.66823,85.04609,49.84761,39.34462,22.65922,53.20544,66.70549,58.96263,57.09501,29.82952,44.4458,74.80686,67.81885,57.53642,93.075233,91.74675,82.28507,31.2627,37.37538,71.04768,38.291844,33.30868,56.849037,62.62868,72.91551,73.37438,29.96536,65.68976,110.85707,62.39812,47.66171,94.54136,32.75629,64.35298,47.57074,85.06712,89.38374,66.8575,84.18936,77.7858,60.39984,80.30181,85.69321,80.81538,35.05689,57.94914,75.52085,59.94614,126.65265,79.453,75.39311,60.99717,81.89563,60.361,76.9175,56.33566,59.51547,165.43209,78.38163,51.61953,48.67199,58.42109,110.17236,45.84697,62.96905,83.70007,21.72353,62.07127,93.17549,90.53997,63.81589,79.41665,71.82074,79.77222,83.48895,73.42628,28.49523,61.82859,81.61083,74.81489,70.05039,84.52295,16.76715,17.61004,77.59771,44.41067,108.87854,101.77399,58.07549,67.55257,59.34267,89.22832,31.58039,64.88641,87.55392,63.26569,49.8716,101.95422,77.86021,33.06952,63.65807,62.13576,63.61482,106.66793,86.60641,105.07207,65.78462,82.69634,91.12607,93.82775,68.94388,29.68697945,23.35694217,115.22046,72.28385,46.66054,73.76343,59.12651,64.07126,66.52113,48.57,55.59646,52.55945,33.2286,66.22047,79.18764,45.07844,23.33125,88.97113,86.69587,36.70854
KLK14,12.258899,9.43672,12.009276,8.290018,5.346029,9.46387,47.798697,10.780635,7.588707,10.107342,5.04342,4.933442,18.745662,4.296425,5.122843,13.278563,4.922174,37.671015,62.192625,9.385225,12.340619,10.916856,7.461769,4.523052,6.789563,4.714222,6.308038,11.920432,26.332776,5.935422,11.221761,9.898352,7.73063,6.107971,3.518974,5.010641,45.648362,71.726972,10.374316,6.166807,28.105646,15.455368,7.105513,11.971713,13.106579,24.808959,38.300042,11.023966,5.997029,7.274258,10.997971,19.104254,44.095984,6.871516,12.428328,3.673171,3.900441,4.334282,8.373904,12.9345,40.454284,8.19466,7.217733,38.835277,6.482119,63.583667,5.116842,5.833991,4.261687,7.031188,8.660828,12.899641,28.868918,12.870253,9.569812,4.169755,7.718458,14.984046,7.27004,24.11515,12.410571,20.125507,9.168608,11.756021,3.701706,5.585564,8.685045,8.120886,13.8325,6.739533,39.74985,8.112642,8.483746,11.517548,7.203833,11.752722,10.980305,9.776323,8.429112,9.440196,12.108482,31.788492,4.338133,9.900933,6.614681,9.178532,10.253779,9.647237,31.350213,15.189646,9.813708,5.455804,6.87601,10.443004,17.990468,9.20538,10.766265,4.110841,23.239761,15.665098,4.23158,35.13778,11.060076,7.969383,6.193052,8.151574,12.195419,3.778397,12.698397,12.571696,43.270672,17.622367,13.479533,11.108603,4.11379,8.574824,6.259141,4.110301,11.845836,7.528323,10.345375,7.552351,7.185604,31.91143,11.890715,13.102226,10.684809,5.257926,6.372023,12.667999,10.042995,7.531042,25.439741,9.432947,4.992862,29.581218,6.826243,6.934926,10.801551,10.09055,12.849728,12.79143,7.084551,6.305886,12.282645,8.084985,4.601195,7.004115,3.391803,28.690809,9.242812,41.684741,6.314452,84.401353,8.534246,4.469911,6.912066,9.749818,4.472769,3.41931,10.873241,4.306575,8.179829,42.888713,12.984074,6.285523,5.2236,5.713999,13.159882,8.636125,9.415698,28.885377,7.537473,9.696291,8.442521,10.605897,4.8396,4.35012,7.789854,5.083558,33.158579,24.256329,12.507082,30.482221,7.907204,11.568813,15.565173,10.188965,8.25491,10.169194,7.217409,11.822566,5.577221,3.912374,6.337569,5.654609,3.928049,5.76684,8.56771,9.049178,11.414836,6.258204,11.494971,9.69694,5.779392,7.025092,5.251108211,5.156332768,6.755203,7.53784,7.170651,10.650054,6.49143,6.94318,7.504272,11.760189,6.907145,4.442106,7.713966,2.784599,10.092869,8.896478,9.585024,5.056226,7.889308,9.965192
AGT,139.51378,255.56328,125.44119,5756.06404,276.2276,90.18414,180.57209,304.80771,233.4983,207.73879,175.4341,328.93401,237.09809,272.06809,433.53472,561.98671,226.90102,95.7237,230.76135,1493.66,400.46753,341.95998,1073.61354,180.97157,187.74271,516.87354,359.99285,102.60848,405.27528,83.53991,237.92596,281.57624,199.67472,148.52118,435.06472,268.1566,531.24248,424.35991,256.4187,2873.64651,195.52575,333.7309,8721.10859,131.0131,376.49965,303.86581,158.1904,371.99354,403.04025,610.9492,328.81797,450.09476,224.12667,324.59713,226.93136,65.65008,579.09037,242.80225,455.79347,264.28459,505.65164,226.8293,384.52091,582.79599,103.14877,298.09883,119.28167,154.71734,304.36936,397.29266,1248.64549,223.66217,159.58941,383.87339,914.31243,247.15751,93.34792,295.462,83.17355,173.41405,219.12322,57.48496,203.86934,325.87083,183.51521,517.61375,486.72169,1099.9153,1011.84362,531.99089,828.15558,161.979,168.01117,261.55237,94.26318,1012.01306,264.64245,461.52454,247.06169,295.48651,511.00567,84.71089,118.531,2956.29769,247.38451,282.93424,278.23283,505.6377,863.69403,425.49944,122.45196,295.81823,275.42377,180.17324,469.52422,579.59002,411.08332,124.85151,1541.73625,2966.16953,218.17397,200.6866,180.0352,447.1772,440.35925,137.72618,227.30622,589.6874,153.77405,656.47413,375.76803,291.45668,234.61159,102.44643,1278.42128,593.92253,395.36285,245.94513,1215.76748,405.14424,189.93561,474.36821,140.44066,653.11637,151.66903,297.87568,169.35099,600.01295,362.01832,181.76039,969.3514,289.5359,215.03282,199.71053,94.57019,249.17529,127.19163,416.40088,188.51632,278.80415,175.72258,209.10838,196.98472,1081.95115,84.68039,212.00815,176.1637,474.76939,86.62394,363.43189,324.3919,394.97312,310.00163,667.72095,96.89928,298.73938,449.78949,100.83384,152.09516,362.91541,468.96526,116.8357,1113.93815,646.3104,264.11128,127.74941,1401.70883,2622.45684,1196.99908,290.72422,733.27955,249.17327,35.93079,309.34987,111.34885,422.72312,252.39916,125.79607,126.96949,172.74687,333.05991,387.98182,2591.80095,660.0364,254.31188,817.67056,288.33324,84.20594,46.26387,2222.87526,250.84543,621.05583,661.74388,94.34176,181.25903,302.46526,414.74907,295.12498,342.20234,144.17895,287.9737,374.2138,334.2303,216.42102,447.59943,622.73363,120.6225284,99.18844774,369.89234,110.64439,249.79591,442.68254,188.08386,136.48897,191.94044,353.39099,167.3823,199.51772,162.50423,242.31722,206.19713,477.18416,298.1964,238.17297,159.54428,240.14134
NMU,410.829407,186.52826,170.73374,116.19985,126.223868,230.742819,835.39695,64.42627,150.89623,68.54106,66.09239,3030.819416,925.802076,942.66805,2797.3818,436.06917,98.53484,465.550092,1330.620257,1883.513126,120.61943,134.40436,120.24125,1374.55337,171.51352,562.81494,488.76883,248.68066,572.0763,2857.76061,86.63941,336.170391,118.285563,623.438081,1625.18493,340.00577,31.8316,250.837474,917.18918,6080.053541,107.12682,169.48735,1388.82616,286.01322,55.24192,1245.55112,665.19287,1762.5362,77.94085,510.67772,127.54343,202.27215,209.95837,668.58374,53.06739,61.45058,31.19374,42.60323,35.566564,154.760069,78.909475,71.77206,71.861582,989.59649,86.22862,69.812241,7.359101,84.80184,41.14708,50.12255,278.06987,91.15967,63.58225,283.18003,10.20154,2853.12049,202.33156,93.95666,48.63145,44.13654,57.87768,1067.74368,32.43268,100.23103,177.95461,28.51437,1075.28409,108.52778,2368.27934,151.53548,3318.10408,235.14612,65.01734,363.19645,49.45149,89.80061,120.99445,56.26372,108.82754,561.347645,80.71306,152.42806,158.791431,265.84058,987.110499,272.145263,62.021451,78.638019,69.42839,2079.961626,109.228286,43.959367,164.35857,295.45555,41.86998,33.98765,182.58952,154.10634,251.46117,398.85515,77.12416,137.62618,79.71697,88.72217,104.01027,140.8712,295.11837,51.96431,119.28024,93.688122,41.18621,165.39642,94.84863,106.44041,289.65008,36.136931,245.335134,143.560949,115.75414,114.89232,119.97351,89.88509,95.23672,677.92692,102.09813,516.03683,42.40185,114.98598,47.41878,32.51252,71.63591,63.9036,41.96963,55.95238,51.10353,25.0922,105.22883,3320.70566,126.49693,186.48698,74.92605,40.20812,131.70402,252.43548,36.736,79.2154,172.88975,245.7762,122.96448,319.46341,81.92235,71.9288,109.58791,94.98043,331.55231,826.55133,177.01668,69.02432,126.53978,280.10943,39.08907,82.5323,351.50285,122.86886,487.4564,111.1058,131.58965,891.89842,54.76179,39.59222,153.71632,32.72897,259.981,121.20588,67.10032,183.76352,49.65217,343.96327,48.58327,35.10915,142.17158,146.49306,1685.3501,43.98834,76.91536,186.42562,279.29931,18.22223,137.62489,372.55729,42.92919,178.43867,47.37685,64.04881,118.8426,90.9254,121.93988,32.09806,32.87473,44.49959,175.81974,79.26855,72.14506,35.00358,1086.98622,3690.26185,22.96878129,52.82257967,55.28018,37.08219,16.96618,33.18617,73.40905,19.99319,24.55632,110.2557,40.11454,29.25822,25.87263,22.525,26.02434,54.97064,22.54951,28.73881,39.09097,29.52394
C9orf24,43.033605,13.5349,82.862947,30.853252,69.244205,1424.978428,25.4939,653.475225,147.991797,171.116381,105.415098,1387.999136,27.849396,332.828177,203.771809,9.774447,50.842071,2.864924,23.869225,140.487209,274.929714,4604.00726,138.986019,266.832595,330.630926,30.18898,2996.607601,235.615897,49.763094,213.869566,187.494273,36.027105,30.720299,7.31186,3.332104,75.354049,629.797845,2176.507605,322.222612,147.083403,30.290012,34.075649,123.158402,252.042371,35.964871,367.130884,36.921914,802.924898,1869.692097,94.469746,32.837542,180.736272,223.020793,114.075799,3467.735888,157.072299,641.558021,246.401202,393.833916,43.336977,23.108355,15.597685,2195.785198,44.749396,14.226432,483.768427,773.273518,769.942263,285.948648,1037.482166,2348.88552,491.802696,5.116215,826.742581,19.063042,206.45166,20.594915,1482.985157,396.429753,49.125131,5619.442616,6.460838,61.582476,56.681329,418.412833,863.714367,57.070905,80.833309,48.408548,69.319857,35.698745,874.154294,42.022573,36.156987,111.974539,1223.982809,70.764628,94.357144,5161.640489,147.959807,23.291306,173.046306,58.210877,2.398106,1271.795041,12.795747,62.809517,693.465458,14.284633,283.900418,5.125895,12.112112,64.79748,1444.141308,33.757467,39.072528,153.811749,89.510998,85.20582,13.001833,11.555633,457.383267,1594.424324,1083.400371,94.986743,32.989591,678.414056,82.079529,257.548975,17.703168,39.606652,10.180946,400.936453,78.517116,7.256335,32.00908,542.153786,186.29203,2991.702418,33.418971,374.267209,2499.185507,146.150825,22.763404,1103.55384,429.121011,1649.770043,199.436078,6.154698,1979.826072,249.482321,1574.375176,850.380561,215.966918,257.607434,1956.036794,161.928728,161.128653,463.742825,1803.119638,101.181512,45.837789,302.967448,129.636692,280.516426,300.992741,694.760828,637.942414,386.762761,48.089393,694.377046,73.82081,76.749378,198.023497,57.480836,67.587932,33.12019,28.14046,181.979958,568.074683,87.469152,597.738463,1269.372069,371.185874,540.261186,694.902796,184.851376,28.525196,38.036206,505.3679,98.547482,502.470061,1716.078735,1.238469,221.993699,38.655663,539.45643,9.160084,11.558042,39.843438,22.112503,133.363233,57.767245,1968.605463,5.464222,686.020029,216.147144,56.163405,81.912526,417.904548,297.386625,2.796346,48.462528,34.79549,102.388694,98.42253,68.120141,106.304837,4.996996,49.521408,191.73189,1129.5343,121.201942,1039.012467,17.742594,302.150187,262.9655595,1071.348073,111.644727,25.199165,1225.228235,72.615915,40.335244,213.191086,839.093101,438.536692,1660.223507,387.282336,1872.108774,54.139731,20.828227,2279.417764,973.063738,393.223554,5257.027492,2447.1373
HORMAD1,53.265711,34.43053,24.180835,602.67268,15.939292,47.898706,20.31435,16.00708,18.856977,39.37436,19.010491,23.439645,38.452203,22.89346,12.03986,25.84205,827.21092,27.551417,1.065815,543.292882,777.95271,32.101096,34.597299,3.322556,1064.684908,18.27758,19.30515,70.48698,8.535433,32.60822,34.287807,29.403935,30.488123,17.842645,285.52288,50.17846,30.53231,54.078233,37.40572,32.628812,40.69147,35.59787,716.95346,31.33699,29.047967,135.73144,20.22836,30.26257,23.68436,489.40632,22.26896,980.04968,1277.98224,929.028765,145.30986,354.91708,1247.968523,23.55921,9.19865,345.078555,738.97881,1096.03864,59.367815,1369.48029,1584.69308,47.085967,30.60345,54.158954,299.67723,40.885918,31.305259,29.68563,348.047155,2942.19323,2273.44838,48.85457,13.499999,28.735055,436.181114,17.825397,40.280279,118.327187,8.839567,743.122796,24.011596,26.301276,873.020235,27.464915,1963.828667,36.450602,30.93194,941.10794,1072.251003,2146.713878,84.181012,17.472087,11.641923,31.545534,31.134081,19.849224,100.52092,3444.28865,8.050954,970.409767,46.647566,14.813755,31.596117,27.738401,274.50645,499.063104,1569.247523,463.748746,1231.07439,22.83062,218.95057,18.3377,232.85966,1289.17682,10.30038,1229.04269,392.17746,107.43574,85.77714,23.37082,332.52537,35.74667,434.60642,345.15882,40.83693,526.746311,718.4327,157.609,631.16731,34.65351,489.57793,366.876246,673.077649,30.85294,469.43243,27.63293,27.44715,140.831053,30.613557,610.460712,2802.411479,1412.319073,244.626396,44.624832,9.837749,23.96354,33.57508,548.11478,137.6306,74.73713,967.304711,35.8646,2527.889863,22.389116,8.341531,40.956462,33.688089,143.552448,74.22171,1129.41821,34.306935,206.867412,1375.03282,8.345503,29.181046,43.560835,36.178285,31.278727,39.869985,17.222566,11.84915,9.549279,572.618714,585.075692,1011.665903,36.154903,29.907758,21.927306,445.335054,79.22656,40.339883,20.45124,395.542345,935.723527,748.178092,45.611821,499.274633,37.973655,35.335272,1566.714188,145.415505,12.794378,13.094,454.2431,3167.60277,24.45723,387.84174,28.64818,21.59043,40.97978,1152.225821,998.958732,53.867872,14.26029,24.796059,615.093646,32.902852,8.570863,44.950389,36.623451,27.319988,2172.756546,1387.793929,2219.89648,32.86195,17.063433,79.800807,66.551085,15.737944,169.129848,1353.300593,61.688096,22.08562668,31.27211508,42.63063,20.75354,20.52522,53.80697,36.58002,30.70271,31.6701,18.63098,34.02596,28.79207,51.12237,23.87129,22.1292,23.4464,31.83648,27.68328,375.79184,30.2136
RASD1,95.5331,551.4753,4780.8577,6417.0714,2143.5732,1064.2174,3312.6378,1909.1297,3599.9947,1069.1237,19583.6237,1880.4428,475.3521,598.2853,1461.7208,2378.102,8727.2936,1631.2855,6140.3266,1540.7333,1437.6801,893.7781,4852.3624,654.4468,3720.5444,712.2637,1040.7987,2935.6954,3101.7588,1357.5797,968.1397,1316.5319,466.1834,848.4335,1464.9498,1135.7475,801.6703,2690.7678,631.0265,1705.2416,2892.8333,849.753,522.2397,1363.0628,1207.8797,1253.7529,1992.478,1828.1184,1573.9878,504.3255,557.7127,535.8223,633.3942,1249.8125,4345.5704,2289.7832,3884.6694,5416.8829,12423.5872,1090.6531,672.6706,1685.9353,754.1244,2482.8374,16349.7627,1880.753,4830.2959,1089.7381,1176.2503,8986.5859,1197.9026,1649.5247,1316.0172,806.188,1323.3051,988.3219,1238.1375,2067.4761,1196.4959,2031.5453,780.9873,2169.2165,1687.7489,1172.1597,998.3317,2439.4999,2463.8209,1445.4452,1428.7868,7613.8009,4135.5579,3751.5975,1583.4064,493.329,6324.3371,3869.2135,2885.7992,1339.5719,2633.0146,612.1102,391.1646,681.8658,109.5817,12150.1306,952.7682,2059.0485,1499.0796,972.5828,582.5036,823.7674,720.0146,3373.7819,1579.7721,3013.6483,700.8676,2763.912,1622.5919,2919.5166,2150.7901,1743.5964,845.9296,532.5737,2592.3226,901.417,893.9829,2211.9781,4987.2975,946.5524,2551.5229,1073.4491,1381.4498,2129.027,2058.4344,805.322,4127.4092,759.7562,876.7961,2083.1933,438.8529,924.6641,969.4726,4044.0078,1426.1048,1240.5201,1247.9995,11199.0663,3489.4861,1570.5801,874.7352,3056.0864,1046.9516,1690.4465,2085.5818,8762.4356,1741.5102,2798.7801,4081.606,304.4307,2035.586,1722.8413,1724.9471,847.7903,766.6399,1723.4237,1970.6895,1451.0262,4031.9888,2888.991,130.1071,5862.7447,1178.7075,1653.579,2131.2939,1497.0979,1742.169,2744.4282,604.1155,1791.9039,2972.4458,3329.7582,1468.2387,1892.8276,2282.4759,1177.0918,2850.5317,779.199,1031.8865,2097.5154,1725.7393,991.8508,3535.1556,2445.2,1701.7312,2844.0741,780.0387,3766.8966,1986.9157,3626.2729,702.2575,4017.3458,1667.411,924.9335,744.2983,1007.0698,2743.0594,1389.6401,3293.7354,1958.6051,879.5579,993.7497,3110.0689,996.0425,8349.2751,2993.5621,2637.6005,2176.8097,1222.1553,4061.6979,6303.7252,6305.382,14389.5346,3545.4796,3612.5489,3360.8194,1211.603,1596.5898,3281.659885,1352.041415,1954.5165,1933.745,2965.5724,8529.527,2983.0918,2600.6428,4992.6685,1611.0277,5419.3324,3484.1976,5562.0586,7466.1188,5830.633,8547.7697,2725.4919,2206.3347,7314.1241,774.7803
CLIC5,155.732877,272.0586928,89.6722986,671.7569,154.46296339999998,2389.8419918000004,70.88739760000001,865.9138478000001,428.61710919999996,1001.9985258,46.0884894,1075.10301,75.13824120000001,1058.8265926,1052.9889836,435.4973134,71.161101,649.8707498000001,46.2119084,85.8039024,81.29822759999999,520.03653034,524.7297072599999,372.08969944,1817.270333,394.80834560000005,865.1419493999999,1090.8046548,458.259515,1071.5000002,636.4821386,100.1023796,181.7021514,106.1457042,80.66289379999999,1700.2720244,181.225258,569.634416,1086.1573854,2166.1703978,441.44090080000007,62.8403188,113.22676999999999,634.5033716,60.00654584,297.8437312,67.42880199999999,731.8796158,236.7365676,1076.1683120000002,272.2844,606.7466494,48.6765582,339.64874516000003,459.81276979999996,233.43282240000002,824.31415184,439.7619002,1313.6973440000002,108.2261874,124.5989132,108.22716659999999,1923.2843518000002,73.3286844,225.9941198,833.3157668,2683.0788868000004,2217.6589427999997,172.13333708,511.080734,1135.0627416,274.3724862,243.8676066,233.54530359999998,563.6902454,321.36063,139.1944588,377.67950355999994,1217.6905328,445.08319259999996,2083.8563163000003,107.95936114000001,2989.05884668,1223.50800314,628.4783846600001,1385.4730616,2684.7996686799997,235.96006211999998,166.6783766,478.6097356,151.7674116,1301.0527562,1219.309541,213.04235979999999,1366.1389218,876.3296199999999,147.434603,1033.9909844,266.8852374,212.5209836,163.1637686,337.565396,216.14896720000002,578.4664146,773.9134904,152.98673979999998,435.8181286,205.0795182,294.2890568,341.0392976,303.5402492,39.267618000000006,1220.2479378,1409.668712,1244.4343188,492.5965572,210.03388420000002,2437.0167936,67.019025,94.2421194,739.9465996,1575.3248250000001,611.2045174,700.2785272000001,888.50605,178.1038596,1466.8851174000001,430.28330619999997,597.3522148,360.5637284,666.9819478,230.2015072,487.7022118,230.39646120000003,290.252313,77.9344818,877.3745246000001,418.24422859999993,589.120001,606.0822966000001,340.11999219999996,604.6407984199999,1316.2439788,71.9930864,1892.14233112,3325.19843882,403.6918996,1551.4854802000002,141.55774237999998,441.45308079999995,793.266261,1414.5413604,1385.7733220000002,974.18149934,2120.6597748,188.90419,1739.0941082000002,109.8876446,3004.81718178,5447.82116074,1843.9254126,3388.7815377599995,2060.2352330000003,304.59025618,743.6639602600001,2682.4943622,2509.8261266,1337.4071325999998,235.42345800000004,831.2654818000001,1513.1584355999998,788.7688199400001,1383.6769368,534.0373388,577.5670728,451.62251824000003,123.31336805999999,783.8562315,811.36628392,631.4512525000001,122.07516686000001,3682.5706524,578.53348494,180.89507454000002,1697.2290896400002,982.0715354,1655.9229063999999,204.6900024,398.6078552,643.5308824,569.3954844,2203.28548744,4082.2761092,2608.0077367999997,3129.662931,1826.90418814,1281.64471,1637.8005078,835.3896752,383.9901522,657.125633,306.4646964,608.1718708000001,221.62699940000002,461.2785382,322.396637,2161.005515,87.94887179999999,2181.6988622,649.1867526,2199.3186714,224.8900212,482.90385399999997,1789.828543,1256.2295488,2249.5128508000003,502.1920168,279.6532212,286.2751014,1262.7917002,247.6317,301.946192,417.737177,1838.8143209999998,2814.7624814,1624.1406464,4152.381650826,3629.7133511700004,4638.346913799999,3863.6135812,3516.7977582,1635.5272332,3245.0389353999994,3986.0935307999994,3569.531086,3706.4593914000006,3711.579067,2548.8326832,3368.0159512,4510.6039768,2951.9495348,1236.0419216,2248.1021754000003,2574.5887365999997,1908.8521779999999,2703.5360170000004
LPL,403.655175,4520.77015,1041.504475,581.3149,1170.4542000000001,2584.27498,1503.66395,1958.09135,843.23815,2414.7057,891.90555,1683.94908,414.833665,890.22445,1243.315,274.4075,1385.4540000000002,681.375045,2581.902435,1898.016135,857.0998999999999,833.7016,2080.52875,764.9258,10707.4731,1806.57565,927.6857,5687.80285,5710.186299999999,4064.89255,718.1428000000001,2101.85692,1631.12283,236.68071,1055.6404499999999,549.2397,2067.9627,1746.40524,1974.5039000000002,1969.11339,1386.3007,1459.0584,1234.4266499999999,1126.1608,3997.18545,2103.5992,277.91845,1741.2461,1603.56075,1043.6592,716.5260499999999,1402.54295,1066.9660999999999,2017.7150000000001,1067.4675499999998,1578.262,1803.32805,1341.66865,650.286575,2827.256365,335.90258,113.65236999999999,3898.9481699999997,303.8532,211.6524,3060.293025,7399.064399999999,5827.8858,2320.5744,2547.45985,1964.2314000000001,3147.94395,1232.083,500.41625,3118.2439999999997,540.7604,166.6851,1153.098,3257.8511,6444.96255,4036.55725,239.68970000000002,6485.0046999999995,3981.0395,793.98195,4793.64605,1372.2323000000001,1446.91055,1419.56375,4446.1254,212.16899999999998,1938.1362,1469.642,439.46215,2625.92065,2059.4248,796.0513000000001,2874.99845,1246.99495,931.35726,2525.9434,535.70065,1082.585595,1557.9235250000002,898.80033,403.17229499999996,676.4608049999999,821.89651,1271.24485,1964.373795,1310.686025,300.959815,504.77785,1968.57085,1332.0398500000001,648.08685,3151.6128,2407.07145,1113.64005,1280.6587,829.2089,1891.337,2641.1648999999998,1356.0561,3019.6667,503.86055,1897.3568,734.9458999999999,1930.5565499999998,386.17729499999996,1704.80555,2671.2402,909.88735,1158.74725,195.62554999999998,4984.233295,5246.00215,673.912155,1837.6907,1809.7858999999999,956.4401499999999,4656.9588,2099.47585,597.7080000000001,1655.9207,2159.81235,2651.9315,4417.18715,2921.1214,1665.8184,3258.67265,3699.42775,3052.87205,3345.3063,1274.9514,3395.44845,6577.74205,790.1707000000001,419.3235,2646.5664500000003,1333.5106,6418.987349999999,2963.22605,1592.6181000000001,4580.1086,4582.53855,2367.7318999999998,3004.4937,912.4738,1326.2831999999999,2492.3508,4197.527599999999,3069.5492000000004,2357.9239,7033.27,3627.4081,1333.57375,446.13925,1351.868,3472.1745499999997,1268.43505,3385.82485,3464.0514,7270.398499999999,1639.6612,1674.0974,2154.6982000000003,1932.3923,1302.3524499999999,2376.9218499999997,1649.3524499999999,4176.30135,1536.2382,2050.09685,4358.01105,3258.6714,2829.2977499999997,4434.9773000000005,959.4104,1741.0417499999999,1177.1075,722.65775,947.30205,2523.05655,1918.9303,2038.16775,3030.7846,1759.6913,1515.369,925.3108500000001,5107.3951,515.0096,1162.8593,1307.0304999999998,1286.3223,1786.0337,1817.4799500000001,1263.77335,571.9719,1576.18655,2356.08755,2682.5349,1809.3682999999999,4772.623299999999,725.225,1196.6553,5945.2571960000005,5461.7668415,8658.991750000001,7756.3552,7787.40575,6137.2931499999995,4588.6916,7756.5671999999995,6460.4854,6849.6337,4256.9438,3122.678,6471.39175,6194.915650000001,7348.9626,4739.07605,6628.188,6930.15285,1713.3177,9533.1355
NDNF,21071.21983,4782.6654,6830.862,12319.6253,5791.41491,4450.30149,4150.8856,5369.1624,4604.3931,5042.964,6320.4733,9645.60934,388.92104,4231.28,2470.333,2595.444,3250.895,1915.20157,540.94272,559.57892,475.1925,2188.2813,2871.1078,10202.8517,3224.1021,718.8061,3713.7171,4624.153,3981.976,7442.0527,3179.9574,2122.26701,1344.99419,326.14076,3256.7849,2059.4693,1834.8621,3215.76767,3677.0593,6418.0714,3429.5935,2291.639,4492.751,3759.151,283.7367,3863.984,1472.26,2039.965,1764.275,1571.291,2185.264,5357.751,4816.602,5705.473,2638.124,3122.3,4946.4817,8525.4961,475.73014,1869.36999,550.09839,88.99477,6674.15674,2044.3727,412.2576,3715.33773,7090.88934,4493.8126,3255.9384,4676.275,4229.99,4448.6463,1613.067,1510.8368,5621.3937,2229.6432,327.6162,4271.3073,3643.05,7207.917,5380.0985,275.3401,6996.4142,6043.8936,4429.3882,4062.769,6063.6058,5295.06,1648.469,2479.763,2215.7,4043.9549,9095.8484,2160.5433,3882.2828,2789.3346,1089.4091,8699.1809,3094.8057,7824.57706,1860.654,8531.6311,9888.8745,2728.24019,8298.9654,2488.37538,4942.96893,6458.38631,2859.4652,706.19909,5415.7722,5170.25521,8560.824,8760.178,9319.321,5862.105,2221.019,8125.668,1194.815,1114.583,8791.008,12546.435,3358.088,9488.699,10458.355,6326.53,5497.43,2225.002,13930.115,4058.34526,4189.0332,8612.3259,1714.4966,1479.475,383.8547,1969.81778,3115.19549,5940.42435,1374.159,2122.9756,3022.067,3113.6162,6479.5,8782.412,5943.6762,11996.327,4809.179,4115.725,633.9369,4355.2943,5522.1127,2494.7374,4021.6185,10462.8875,9229.0595,3528.5122,2477.0794,2687.9763,6858.9902,3534.2441,6411.468,8008.1131,4495.674,5416.9246,3288.8711,8115.846,2429.1688,13864.8188,2138.073,4502.765,10879.572,4876.8017,3577.635,2758.604,7852.707,7371.3704,2111.728,905.1406,4208.3372,8279.2686,5994.9481,7077.4093,4933.3129,1952.366,4561.0515,11171.677,6386.688,3959.032,5762.397,6345.321,1585.195,5458.9742,9241.497,6557.559,6181.367,11511.4129,11985.086,5401.41,3185.4176,7407.7747,2824.5892,2300.6636,3413.3819,8502.4341,3515.4621,761.5624,8675.2439,5035.4888,7718.8011,2752.7551,5572.3668,8612.1511,1382.226,8619.309,8785.5939,8728.5344,3601.0527,3851.1307,4395.1725,5306.5661,5458.7568,4685.3159,5335.1824,5295.6658,4781.2666,3291.652,7888.113217,5577.770032,6367.1226,5675.9001,5411.4933,4882.6541,6536.4916,5866.9143,7387.5915,5501.9739,6213.5418,5883.33,6344.3187,8174.3711,8660.744,4678.5674,5093.8192,4433.9808,6414.1803,6566.3092
NLRP2,514.84007515,593.9324265,547.7626689,25.583648999999998,411.48486235,750.3844375,1285.9681785,25.838162,683.92980585,416.68238615,76.26205105,875.6879829500001,90.23636164999999,658.8031596000001,973.5044289,1172.95301605,605.7004656,1515.1093654000001,740.9208882,177.13673075,199.620362,195.558559,592.8764245,57.867973500000005,97.2282273,17.705163499999998,571.4004198,225.49053345000002,183.18188575,716.3124126,393.1612204,73.3883198,150.7292702,50.61228985,221.80130499999999,171.9899185,73.0937785,554.1850048,31.737631999999998,236.90122685,136.088192,27.3193562,37.0642613,59.03907835,445.124344,595.3453057,57.0619076,2421.278876,116.57321114999999,184.70732925,85.9913615,54.18793255,71.2214116,92.8504805,208.55530605,68.66650910000001,323.576286,98.0571595,52.527917300000006,94.255055,332.86911185,59.18467115,137.1925959,27.379707500000002,846.2919139999999,295.52690695,151.13824605,351.36955950000004,25.567297,118.8103941,410.0350356,488.40523820000004,207.0751145,759.74283625,350.05132514999997,35.63102855,61.959481450000006,746.2129045,52.87905815,173.36998005,375.865198,80.64918700000001,129.2276185,273.692563,175.534496,87.71450145,58.309528,614.0268335,46.9423407,259.15819645,36.194530750000006,375.42614735,609.52511685,81.67692465,69.65827850000001,51.1044639,31.00983825,160.9981145,32.11317075,70.25868685,921.0001534999999,1433.4313510000002,29.46324325,952.5160705000001,28.61068835,64.1091905,353.2561819,166.0313935,89.1352955,136.76070675,67.58637935,5.6849866,11.81727395,162.25319819999999,100.4757467,723.9809017,265.6477362,42.09540095,6.5227616,428.65689545,769.5860243999999,63.6908196,104.2968748,26.70154555,535.4070643499999,1709.5077887,73.51522665,89.7246276,40.776160749999995,155.9469967,63.3510525,295.6754355,147.43088799999998,87.11648149999999,85.11113,38.443067649999996,130.5147803,68.7030484,198.0643055,397.68856600000004,490.8150831,81.615778,681.6850587,489.01806485,867.2034765,18.325643,221.73406235,442.9043429,34.146077,31.03571015,97.30800740000001,262.4578626,51.2697862,19.647309999999997,162.170076,107.56297144999999,32.461143,649.4490273,681.556809,544.790604,320.34704450000004,174.566938,614.5948483,372.75174999999996,74.589226,137.87610304999998,392.3087924,391.5488281,39.56092475,118.2219087,151.81168509999998,102.0631765,59.64675895,112.06313835,733.0490485500001,132.082619,389.636913,757.2945659999999,62.212187,387.1172735,135.2994975,129.10402405000002,90.9487815,184.49351149999998,82.7569755,138.44935385000002,170.3464443,92.97566855,148.78279369999998,57.45524805,48.93278135,103.8629105,120.6877731,173.89588354999998,181.55514115,79.2093365,483.14345545,99.3725467,107.57702060000001,57.1970671,622.8263089000001,20.8425902,707.0522116,301.4417478,63.260122,92.17521065,139.96707450000002,407.19039799999996,117.4482366,665.90751285,319.88186845,74.17943460000001,29.909054349999998,489.8332599,65.92297385,290.38636894999996,122.35083785,337.73123325,71.565538,48.04654605,143.70696845,149.93747515,161.57409295000002,452.2253287,123.4081614,121.31518845000001,152.97920896099998,60.605946894999995,139.84853835,64.7256603,250.7673554,111.68617959999999,54.345469449999996,78.27288495,157.83128725,212.48164979999999,93.14451305,94.8643306,87.6356967,140.12057305,169.49502475,95.50156415000001,204.7957089,188.91472645000002,156.35996585,133.2972215
CRYM,209.06925,246.7113,1116.24922,8811.547,526.80926,1476.99475,2742.142,226.8745,819.4935,3458.2427,263.6128,3716.98245,86.42687,269.8717,424.0818,173.1038,2615.5901,2758.00274,990.13441,358.80618,145.8046,717.2071,532.134,279.9301,3526.6324,245.3479,301.8253,851.1063,500.7558,5088.5536,531.5069,1534.05914,188.67101,93.52782,1793.2966,908.0414,382.5195,824.77079,1516.572,1590.22423,259.9887,298.7966,1014.7044,594.0316,174.9873,996.3069,429.508,1053.192,267.6066,561.0993,431.4035,1136.788,4131.9353,341.343,701.1569,4721.7137,4396.3616,1421.8126,3029.35889,643.194,337.26641,226.14464,908.67508,447.0085,147.389,390.35162,247.86577,284.1865,1625.1743,2396.986,511.9173,1309.8305,155.6899,274.1969,2024.25,282.3963,167.8535,3555.8422,4216.147,3260.5019,1057.9932,162.5253,277.6229,2456.4744,780.9853,288.5355,282.3612,3965.1005,469.6969,1839.6943,404.4923,5689.9796,3065.9118,1643.3293,4489.9832,6758.1385,1178.0463,1474.2598,670.3348,1415.84085,1476.3653,648.9297,212.12544,346.34579,4126.10595,368.45857,825.16779,1158.49229,508.2593,1654.01196,1606.22399,5850.84177,1288.544,5215.4291,431.9402,757.7072,520.3421,1081.9473,974.8773,286.8545,533.1038,379.8349,608.5851,7589.526,2358.71,417.6508,1799.5432,1198.7613,2218.0471,3230.05005,2220.655,602.592,2710.8135,3279.2341,147.4386,686.88659,1870.89562,875.48444,768.7521,387.3522,815.4876,1006.1826,6185.5684,264.8666,9202.99,4541.1615,3136.837,2057.2409,2515.5672,2517.0717,4280.4332,467.1033,1156.7938,1583.9822,4531.9313,469.319,5880.3273,461.6499,634.1202,1173.1168,2361.3257,447.5713,327.7054,505.2266,4085.8911,927.3208,2762.8247,1780.874,1883.2905,419.1552,2990.258,4313.145,7523.8284,973.2249,4120.9365,3756.0184,337.5645,2243.9919,931.8639,2139.0635,384.5996,2027.1524,2282.5163,259.3169,710.0014,510.3436,1026.7101,1652.1321,5524.6387,4608.3839,5774.1788,1493.7711,2732.1548,1718.2373,2410.2883,4189.5781,3222.9801,1189.5464,1917.3784,1170.1122,1449.3046,4436.8515,1880.6914,3729.2064,7059.575,476.3081,2047.5124,2160.689,829.7162,586.3887,4122.1982,286.422,391.7216,257.5739,966.3369,5662.7283,1531.7266,3702.1426,357.357,6652.5112,879.1935,8131.5013,10714.6496,4511.9829,990.5867,361.2719,277.8010585,422.5954564,458.4381,279.2613,363.231,321.1278,262.1378,432.3164,469.2938,747.0056,838.3468,298.0818,392.2361,374.5787,368.0412,509.3794,312.2886,324.4657,605.4133,485.4457
GLB1L3,9031.983225,2803.9209299999998,1834.513994,2127.498295,2366.5016475,176.306231,830.001565,580.63761,1692.086569,2687.6575199999997,1772.9381975,143.751574,26.091043,13.72295,45.237317499999996,102.10429450000001,622.5691330000001,603.8290900000001,18.396746,129.8042725,19.068555,67.554623,26.48003,415.57985699999995,32.701408,26.166059,41.232588,36.41975,54.3292,24.628486000000002,60.1331575,472.8777695,37.4562705,19.121699500000002,276.863825,50.99525,34.434035,59.9574935,2361.74349,214.593879,21.277265,14.9143875,29.176508,54.010358,72.094605,161.2898555,70.461108,31.4193705,43.7349205,25.090445499999998,14.791062,18.491913,60.425531,1132.4148345,67.1461305,463.725142,46.604912999999996,3952.98929,25.034273,34.9654065,36.722953000000004,20.681057,42.786927500000004,29.048475,35.295585,46.62333,22.245205499999997,32.9794165,363.10071400000004,412.49943,144.077365,543.893819,27.050365,36.5594555,309.26227,37.820543,17.9677895,1530.005991,24.62861,1747.7621150000002,445.66025,50.598347000000004,29.786928,297.2375515,48.5488335,19.926825,1995.3445795,367.074144,72.18023,146.74535,25.808272000000002,36.138027,3413.1109939999997,58.480722,385.8378445,157.5051825,22.524509000000002,1355.0669205000002,111.93969349999999,107.040696,347.541,1467.731675,1318.162313,41.811844,219.462096,1103.8058045,453.1321295,3039.6105535,1500.239265,244.2849125,68.5637245,231.80154000000002,2121.9191254999996,64.603647,199.93125650000002,1262.1589705000001,26.545879,36.3169355,31.026134,56.372579,841.337923,1637.6080279999999,372.7267395,538.37179,1205.4586035,31.716031,805.245255,387.3438025,2537.210675,26.2770055,53.55433,400.94844,213.47583,528.10837,21.246760000000002,2704.5669865,528.3385325,587.428196,38.33013,66.909655,428.7907005,84.0156725,284.30365,850.837155,62.446914500000005,259.8121595,294.119285,91.524165,365.5673105,44.33190999999999,81.570425,307.61287100000004,669.6033110000001,105.1358885,1280.6701395,71.532415,42.4296845,413.4339425,652.025422,359.00028599999996,358.9922935,73.9837435,1629.4112095,353.147352,478.4107285,78.11101,147.172148,869.1907245,4589.280915,146.345545,484.46247,51.239315000000005,980.91451,84.46697,26.871616500000002,1488.9333155,164.754719,67.426276,736.9237314999999,634.0265015,1867.0087975000001,35.041779500000004,4373.606434,59.941148,242.399,2177.77763,284.5916,4858.901315,1322.0697200000002,370.371615,805.847445,588.1948414999999,172.10252,361.11731499999996,459.855965,1493.2466180000001,639.0885189999999,312.114608,53.364924,546.635462,1382.8473715,364.387595,522.584074,307.54159949999996,360.01760950000005,860.4817245,572.0155975,29.639119,398.27759050000003,92.5591035,569.3553295,29.256882,156.633286,828.0150729999999,40.9588425,43.343915,143.880976,952.4034765,781.0127185,27.039329000000002,382.134768,274.0309335,220.787852,539.9586009999999,587.2749605,94.70710650000001,43.501716720000005,19.582751074999997,46.974382000000006,42.992344,11.648697499999999,19.619422999999998,34.267767,11.3844725,20.029571,127.10725550000001,35.427644,24.2926035,43.377911000000005,28.183184,19.669283999999998,33.484753,38.074591,42.275572,27.314881999999997,40.851348
CCL19,133.22596,130.36946,27.090243,309.33334,131.057193,736.015117,58.23165,526.70499,206.31647,1122.26798,21.43824,2020.033955,108.330532,117.82979,98.84888,495.15604,214.93587,611.099159,28.281369,759.585192,1313.93364,2619.2309,1042.098,867.311,1238.59848,451.27306,1636.07755,511.07383,536.84464,997.22993,1056.29752,534.746235,893.516969,5.598856,1080.23248,429.47629,1772.05214,1707.245892,852.94481,159.040235,2337.79475,175.78794,411.22564,1416.73078,291.9648,877.4653,87.10532,607.53126,3062.58399,821.26108,1283.08573,196.12806,245.44375,938.9487,1821.14261,2085.96428,1065.5487,242.68727,128.146119,220.689619,186.228043,41.197738,544.134943,561.91182,659.86438,2485.709265,88.127065,362.1657,919.3575,515.30137,910.28248,3283.87918,2284.23675,2084.71825,929.31983,109.76169,293.26885,764.086,330.94367,753.30639,344.8775,143.9082,82.9375,722.7023,619.4836,356.5722,1458.4029,1309.2544,101.57536,1586.0334,228.28316,435.46098,522.48907,1336.46887,1365.06448,2991.5326,330.94261,545.61213,528.41926,622.320128,609.85886,508.21306,94.986067,738.347562,895.882241,289.346626,2217.637796,2201.636147,77.76427,625.470988,318.771921,89.211166,1062.92391,1212.87609,407.00986,780.38615,1739.04329,1135.19438,48.64179,489.56016,546.83947,469.45578,1641.69647,613.15917,418.62666,658.12125,788.62931,776.84365,271.73779,3682.234535,529.15116,1767.34179,2314.30139,425.23203,786.89051,390.454787,884.508628,3324.35273,2053.63074,1542.37994,1981.66714,603.5378,707.68428,36.94322,973.6593,172.3206,504.8992,239.7777,1689.0057,475.24793,693.49139,871.94923,759.6444,422.5268,3085.8749,770.47039,187.64278,210.28095,870.8198,306.2239,2878.9319,662.6617,177.1783,759.5159,1752.4183,812.80654,177.9947,706.88238,214.00853,2665.96253,763.98733,794.0142,110.54997,843.90732,404.17986,182.5137,620.4237,2536.3257,2618.0547,584.2467,182.8763,237.61503,613.729,1283.7938,1380.663,1788.74065,983.45638,511.73021,672.97733,640.428,654.88891,410.7707,416.42639,853.11743,513.38456,332.4896,782.77335,980.39267,729.55538,332.85478,975.83608,450.24425,214.40927,528.84292,532.95185,991.66136,1122.33693,53.22667,1208.56334,848.13422,570.96563,668.52386,86.79425,667.25529,1824.3412,203.3288,3265.63872,952.16607,1018.46189,121.72041,628.57705,1169.40931,983.34782,450.57725,3042.55637,1154.70575,176.7427255,173.8321039,296.3095,275.49067,122.25208,160.55621,1050.72379,108.6384,99.83222,145.56062,406.22293,339.07357,88.59442,250.64916,67.51802,218.83751,332.67957,400.91709,631.00207,169.26072
PLEKHS1,52.1482295,47.533002499999995,310.8792515,696.5251325,85.806647,165.52836250000001,508.75381749999997,70.09015000000001,173.320434,95.13901999999999,317.784006,275.4394435,17.3907595,58.295317000000004,555.1288725,17.278178,128.282058,26.344613,15.3682935,23.942902500000002,20.047685,1181.090804,53.237483999999995,43.063656,55.232415,93.0002255,186.6728395,156.6423915,19.29857,38.2762465,109.806657,38.331495499999996,15.047456,2.4846055,49.816178,292.339381,75.115381,446.221544,168.9235425,70.7473295,54.0251815,29.6470715,34.757259000000005,191.983965,24.615322,39.4664015,6.9566765,461.04726,163.191157,287.952096,29.137770500000002,27.1708505,45.461408500000005,102.3326975,286.1325045,136.8797825,88.44462850000001,141.254234,64.251378,310.17346249999997,525.0598445,6.807625,131.2416515,766.3082945,8.8997375,67.5312895,38.1025555,126.4709135,54.890235000000004,393.190424,244.670387,100.2724255,36.930621,64.2053415,132.1839565,274.7968355,272.4647195,138.809042,42.183253,30.1271165,468.08956600000005,18.9320995,24.4955815,31.909201,112.5989755,59.0832675,69.63986249999999,28.741400499999997,76.3323775,23.2222335,226.766002,72.6498705,36.1902725,169.84431750000002,64.8127855,100.2257565,53.717242,43.020712,931.4970795,45.229152,70.717431,48.62075299999999,39.192059,204.5028125,280.855161,196.255581,290.0029715,370.0997155,62.587593,173.1976205,134.470961,318.40657250000004,71.310197,146.836667,154.6570905,169.2037545,207.01944600000002,14.464841,316.4416235,18.6670145,352.158171,83.957176,68.076211,92.06876700000001,43.5922125,41.066378,191.14653049999998,356.91334300000005,114.6963595,259.5158705,49.756261,42.835972,877.1009240000001,155.789007,16.938812,232.40422,184.439185,60.83779,933.730059,94.3276655,120.41026550000001,321.134277,27.0706185,20.997129,351.2997975,143.829622,181.29299150000003,22.2685175,25.74722,321.86440000000005,31.316623,357.635219,155.989561,54.7301155,286.5256535,221.9467995,18.4967195,56.0803565,119.233993,143.203877,56.431598,43.4717475,275.288131,643.4887524999999,63.525121,39.3268075,112.815807,90.91650849999999,55.049891,96.272271,127.840163,30.144818,38.7716825,108.208763,15.0024435,183.2702165,463.11729499999996,277.717163,51.3095795,87.770397,90.737256,52.777453,164.8887065,113.338478,111.992976,133.389175,71.759712,181.358779,64.103444,242.749505,209.54100449999999,75.2130075,189.8452545,85.21672849999999,127.4144005,7.426194499999999,63.026275,49.1674585,76.7141085,95.324015,105.85885,86.43529050000001,145.413657,544.9228635000001,86.079891,215.0728505,42.3556045,7.826917,13.5582835,125.5030715,71.6339265,22.601611499999997,219.17073449999998,86.794425,27.539548999999997,183.03363050000002,148.46934199999998,279.6894185,81.354501,19.426572,87.92801850000001,126.10360949999999,183.758487,77.3216795,565.239643,118.7026635,17.284977465,112.78797359,33.5362095,19.497915,41.907734000000005,26.1991365,21.24958,33.678202999999996,64.646188,37.3860195,87.1494805,16.892476,172.42769149999998,20.461909499999997,9.4910405,279.92539,49.1247065,41.960994,323.11251300000004,287.1308315
LGSN,2.781519,13.820458,10.879931,18.268605,2.052814,62.752418,68.031844,31.419834,11.198502,86.6786255,12.5438584,13.280372,41.460779,26.0037286,7.6843993,613.2613353,1192.462376,2309.36609,1051.496216,204.96594,485.540196,72.704994,991.567717,545.820498,3917.866535,9.518979,75.588109,48.0839283,968.4316099,316.158503,21.7811959,177.97578,273.835803,370.634807,31.436744,1018.835353,38.880782,54.914439,487.764638,1154.009921,36.357433,268.9520635,2330.263839,25.3757861,69.911498,413.3742021,445.1420072,576.1470218,8.1100669,1132.815587,890.5647634,1336.938717,987.8697164,32.469495,28.1625954,273.243779,1735.164267,3.070263,20.691162,1426.854343,887.652013,5713.56699,83.880464,6726.170619,2280.897778,90.985547,37.74706,15.737881,18.835357,34.6488115,65.9759327,293.140938,49.7540819,1211.298033,1261.297875,24.779894,2340.544603,16.298876,0.6841487,19.0874571,30.65785,142.740234,22.596487,20.611647,36.555908,17.0148379,1944.225287,325.170957,260.741098,37.3785675,744.5785072,112.560579,612.3794525,1543.840139,2.0190701,255.7646043,3577.283695,5.7017445,495.735118,20.131425,265.398026,1405.785038,21.529856,5769.66045,500.358012,235.575548,63.268756,858.110689,777.948348,240.863954,1826.614054,25.730722,477.9566091,397.7076062,768.758683,962.1409111,371.1337689,83.4570835,95.0608598,17.8528435,12.0046482,954.2784084,66.1555756,430.0189005,9.0044212,638.2809213,192.342253,630.8258731,857.9942265,421.769184,169.065373,77.7936,519.95457,908.4802,11.158722,749.366374,682.435079,65.733895,925.558729,96.384837,340.378104,94.227133,1077.596522,789.2158208,2212.378286,2430.677836,27.5078662,1125.621401,236.080706,37.773162,17.359853,1101.345759,44.356964,2130.532651,254.631006,39.635787,1577.68057,378.3471082,652.024961,49.194837,25.018117,467.173788,734.1540731,3198.289,3.998067,482.528939,1253.304534,93.076049,28.8373395,453.8334266,23.5368395,8.373892,3.6680056,2297.844679,0.4737125,81.114213,800.127242,127.88595,2234.52628,48.985124,508.086032,49.3295309,380.119146,382.528541,421.169014,2290.54251,197.0724101,1365.668274,726.0782592,6.1325486,1251.213218,371.542348,216.1199858,366.8787002,787.0173497,7.157976,1330.149163,359.178992,3204.799425,2.000581,962.756111,1453.35514,1501.954806,3308.734515,1510.497399,183.0328356,17.4104382,32.9612572,5.0991519,1281.271703,267.5283761,291.8775269,15.1897576,0.9818015,799.9488129,2165.533764,537.7683082,2012.31814,590.4145838,131.4626289,35.710608,401.5226424,510.0867598,94.4670459,241.259585,405.8176817,25.99391038,90.93010865,24.500752,8.717472,79.140408,18.825279,13.921478,2.978334,80.538686,25.215697,94.266544,48.98884,110.675135,12.613759,7.109554,52.147714,64.127775,50.237145,430.48637,44.413076
TRIM29,266.1848903333333,70.44613033333333,330.3042736666667,165.11420533333333,68.80153933333334,161.476487,1290.4319659999999,67.88080533333333,23.612244,63.62144533333333,40.93402066666666,191.631981,50.192248666666664,693.7851059999999,1851.5401766666666,15.198036,31.966780333333332,172.61767266666666,43.462997666666666,43.215235,321.18753499999997,564.2007933333333,395.3646763333333,45.57336133333334,84.65944733333333,1023.174098,1513.737394,135.86587066666667,312.507355,49.13351699999999,422.479887,75.10992466666667,13.363480666666666,1218.8692636666667,638.5831156666667,557.073725,131.15533200000002,172.46258033333334,114.23438166666666,124.80531166666667,71.57953966666666,22.521161333333335,33.25972133333334,627.937687,39.939022666666666,1660.9925059999998,44.308422666666665,728.3460903333333,169.97097166666666,903.8852109999999,223.72782500000002,409.106253,146.45821466666666,75.65220033333334,599.5187633333334,100.33938033333334,83.23364666666666,91.99555,61.25926533333333,43.330031999999996,22.570454,3408.5113226666667,419.337548,31.748823333333334,268.261514,100.442568,99.56802766666665,109.65977399999998,64.67740933333333,172.89830966666668,237.30225499999997,81.339021,40.530404,445.89652666666666,21.784496,839.2006003333332,32.15706566666667,126.107014,52.71372133333333,63.484082666666666,523.9222396666668,34.414709333333334,44.24843966666666,52.46056033333334,209.870723,99.19079266666667,141.04802933333332,181.76413333333335,285.4856783333333,51.31317966666666,26.333912333333334,140.679383,20.767763,41.99489766666667,358.13883333333337,186.014979,39.981692,66.36134666666668,580.3036486666666,142.52724833333335,98.48842,48.71400866666667,132.30035999999998,66.76229266666667,119.487407,120.14971133333334,35.576498666666666,90.77667733333334,23.980209333333335,333.77386466666667,9.093570666666666,57.88806533333334,307.052236,106.75081633333333,21.017825666666667,337.10978,46.61770766666667,43.846007333333326,128.22678533333334,19.146964,71.765084,254.067958,145.52221733333334,137.459498,43.041527,500.5822223333333,89.532854,38.90339066666667,26.393185333333335,199.937759,67.540973,39.344934333333335,85.10276933333334,68.96455933333333,864.2010056666667,97.208371,65.28762066666667,169.27869466666667,635.7952776666667,593.316854,291.1114963333333,403.4576603333333,81.53077866666668,122.08757933333334,114.35053366666665,105.88736633333333,185.38595566666666,112.33117366666666,34.60561066666667,148.302461,120.85866166666666,325.10581766666667,153.06438233333333,119.606275,55.73599333333333,216.706667,196.08082066666668,960.5344253333333,55.424013,246.47175833333336,87.36874533333332,46.07864433333334,115.88904600000001,86.89277666666668,56.225367,65.57604966666666,133.10505666666666,101.54945833333333,50.955748666666665,79.89424033333334,60.559947333333334,33.70960933333333,32.19419933333334,52.66315966666667,58.55167566666666,30.208441333333337,233.29712966666668,90.07183099999999,98.276813,48.67261333333334,111.19301633333333,85.19195266666667,163.53051166666668,183.46797,197.25390066666668,79.04264166666667,162.42698766666666,120.98736099999998,87.78610633333334,83.27720866666667,40.99877633333333,103.78783933333334,138.17936799999998,69.82332466666666,49.131279666666664,47.569367,101.63987200000001,90.87262233333333,32.33416866666666,34.25568933333333,72.03205333333334,153.01933266666666,123.65772866666667,272.12911966666667,33.01635066666666,68.741156,81.20962933333334,38.92805766666667,59.36316299999999,215.333254,75.52932433333334,53.58486366666667,60.427247666666666,252.42639066666666,193.57567066666664,138.00789666666668,136.5691206666667,63.33419466666666,21.823086333333336,28.496178333333333,55.57562566666667,238.28979733333335,38.644705,143.39186733333335,92.93046266666666,168.03346,62.27577594866667,99.71181462,49.497448999999996,103.79612466666667,129.37775,53.279007666666665,44.24059466666666,36.32820433333333,96.26258366666667,84.11565,190.61922266666667,53.643148333333336,149.70633633333333,57.801066,37.87088066666667,255.031025,169.49309366666668,52.18703300000001,867.2906906666667,213.66166633333333
FOXA2,389.9187816666667,153.83596333333335,587.4190426666668,1083.5531833333334,544.3957503333334,261.149851,282.88300333333336,400.89577333333335,702.00788,505.7090786666666,690.8578233333334,572.4533766666667,87.51575033333334,665.4787876666667,546.2982886666667,131.59691766666666,68.08918466666667,42.745545666666665,697.355989,358.2580643333333,127.13232999999998,220.92982166666664,250.5918693333333,159.64741366666667,1383.7416566666668,179.20907,257.73151666666666,379.0005653333333,210.719781,771.6493333333333,201.71085666666667,363.65986066666665,74.72098466666667,21.653429333333335,348.2827466666667,53.171303333333334,65.98990333333333,487.45825766666667,489.0851166666667,1145.4928983333334,129.56439666666668,159.39213,462.1200496666667,110.17220766666667,287.97016833333333,430.71186966666664,122.73038166666667,333.27974,52.328336,296.7419786666666,255.58363699999998,334.504514,687.0503586666667,531.3300146666667,177.71667966666666,1053.1398769999998,246.89609566666664,268.87378333333334,1062.901754,17.663230666666667,177.5484763333333,20.585373999999998,334.310695,151.65474,83.46926333333333,249.63037099999997,399.6315686666667,196.60462566666664,272.7152293333333,687.908266,292.55078166666664,573.6669566666666,70.74816166666666,89.15525333333333,146.29421333333332,583.8008266666667,249.06522999999996,644.71784,1675.3867063333334,443.8750303333333,328.53682299999997,42.76357033333334,401.0456326666667,623.9115566666667,737.953504,197.62630933333332,296.18749866666667,588.1460073333334,365.6131316666667,156.233646,7.816893,1544.4218133333334,946.68414,307.58749,783.93818,280.31905333333333,722.4265299999998,739.4581666666667,261.75709,1084.6396303333333,417.69275,480.7149166666666,731.403884,293.119704,595.464836,359.11404500000003,247.01163433333332,573.7678633333334,216.7306166666667,104.89620066666667,622.4694173333334,383.781197,693.991183,606.3869833333333,510.2180266666667,839.2466096666667,146.93310733333334,689.7151196666667,416.581375,134.35904266666665,991.8303616666666,570.102567,354.36780433333337,490.862679,659.645511,147.51577866666668,387.43539499999997,1032.5633716666666,885.125744,120.12186266666667,402.67091,379.1429666666666,440.8408533333333,167.60761333333332,9.603340000000001,392.7210866666667,290.5366896666667,193.045358,272.91347666666667,201.06465333333335,472.32632033333334,225.91299466666666,858.1759263333333,230.92625733333333,182.724705,704.2850480000001,484.7543573333333,521.767439,661.5443373333334,599.9426866666666,680.4535433333334,1205.2892466666667,270.66565,1007.2426670000001,630.0665796666667,101.28982333333333,896.2789333333334,581.7807366666667,1181.928763,752.5475953333333,468.77350900000005,443.3946886666667,724.5833899999999,498.916545,1058.6206166666668,389.66417499999994,896.3123433333334,665.03179,724.3875803333334,364.00703500000003,1293.2875913333335,598.1154666666667,977.1986866666667,386.660237,1005.4648153333334,1212.168785,419.32529833333336,388.79429166666665,493.8318603333333,415.5559183333333,282.483791,681.3984233333333,511.83784599999996,117.19113499999999,505.7541356666666,416.30370666666664,605.108296,546.9682883333334,876.0595586666667,1074.9563516666667,451.566809,608.568688,962.3854676666666,652.8656273333334,348.2582826666667,581.6026009999999,1106.1585313333333,669.8613399999999,1247.0763366666667,654.2223433333334,115.75842333333333,561.1480166666666,307.9861466666667,447.10690000000005,1266.99828,144.14535333333333,503.72277333333335,1093.0158233333334,889.49014,520.97407,788.4853166666667,182.05450333333332,707.4425166666666,657.4185233333333,815.22259,782.3161200000001,199.45582,1013.5317800000001,236.76133000000002,978.6559533333333,752.5086733333333,754.7523833333333,461.6125266666666,547.85306,309.31979333333334,657.6487466666666,759.37766939,462.28601081333335,858.8147533333334,411.78109,458.8658066666667,144.37207333333333,337.79390333333333,315.42325999999997,269.18924666666663,481.10679666666664,384.76242333333334,170.98448,348.3866233333333,359.9571766666666,296.25507999999996,185.0172266666667,323.5970566666667,291.2863466666667,502.79226,287.79242666666664
SPDEF,395.686048,692.1181859999999,505.164134,552.815422,327.867842,304.64025000000004,649.375838,300.623958,575.56155,524.294766,227.795818,136.52399599999998,280.078608,340.574636,626.625444,398.13595599999996,499.04423800000006,86.375864,659.4437399999999,286.81960399999997,197.32224200000002,213.90412999999998,354.24967200000003,166.344222,423.39708200000007,86.8915356,140.02608500000002,234.12375400000002,174.874434,88.3510814,228.456016,122.30673200000001,103.47172800000001,98.402558,306.833518,491.21798,102.015996,158.48414,409.033402,162.29317799999998,114.57939999999999,158.973312,492.086392,250.69389,117.028504,304.49468,226.28250200000002,235.75094799999997,116.053104,134.040222,218.73617999999996,134.72873199999998,260.864968,335.766584,304.22834,182.15947799999998,150.247704,536.910922,90.14511,719.611758,234.420278,308.93957,105.46240600000002,730.7583940000001,328.186544,108.073876,74.411966,103.37236399999999,143.285748,172.938452,146.196786,136.782744,120.72275399999998,278.2793992,216.5983204,447.33729779999993,135.120834,371.355392,161.015606,191.869442,130.047184,96.827282,100.92229999999999,138.298846,402.964092,76.027342,159.361216,147.870548,134.325876,98.037466,95.683056,194.6427748,197.611014,351.04414,338.66039,114.98233599999999,380.728096,217.001028,156.9539,199.353578,197.55630000000002,368.625246,277.275236,601.144296,125.67393,201.063994,182.900968,481.904934,283.133044,215.859368,419.15429400000005,623.9529560000001,221.651032,183.73189200000002,285.28618560000007,285.179258,116.23846599999999,110.73948,555.970252,304.794044,282.403798,264.914088,109.975884,119.679978,122.76638600000001,134.24790000000002,336.871916,249.03106400000001,324.452936,229.08947200000003,105.87638,148.463446,183.04540400000002,442.432644,64.149214,316.92033200000003,278.340002,282.231048,230.00433000000004,141.172324,286.604784,135.649786,171.076998,231.045786,130.17718,209.240902,149.663466,134.602916,213.122532,186.7860846,121.6416056,190.44410499999998,165.1734494,189.711732,159.759898,88.0946936,204.165204,127.683428,168.12794,84.390554,197.10057,108.93728200000001,253.206256,555.329878,190.22425,124.56073999999998,224.475708,168.175818,400.27623,163.818966,176.65371599999997,126.90491,130.08373,348.621772,105.140148,249.32214600000003,500.059842,261.175864,272.252152,262.878858,269.486764,100.09718000000001,175.948206,170.897704,224.55623,179.98587200000003,134.38872,174.158318,380.394344,311.26329599999997,303.761366,207.03402999999997,134.534908,274.374936,164.72750200000002,258.611934,227.981198,211.81275879999998,463.83059519999995,276.09625880000004,222.84172279999999,237.058043,246.2849604,285.34829019999995,193.446904,260.234224,246.25930799999998,278.364408,96.213906,257.927996,193.02585,103.62372,300.77798199999995,239.183158,93.027452,164.15453,210.532598,332.985224,226.74739799999998,187.877158,305.208668,207.442938,371.799578,172.997934,194.525672,149.71297399999997,59.96275911400001,67.922749072,77.9594956,70.2801692,54.815744599999995,47.5177078,69.7004048,76.943067,78.6395288,113.6547014,63.794796399999996,64.6087544,82.16021459999999,75.17011319999999,89.4708986,99.4010992,79.8850578,75.2314708,141.60993779999998,87.14389779999999
MUC4,562.4273333333333,2182.9366646666667,1605.9334056666667,463.01874935,1139.3495378333334,1077.4029976666668,227.45796555,449.29248708333336,59.927188,327.83358516666664,294.93925333333334,180.72879783333335,28.86214716666667,162.76440183333335,602.5175958333333,1649.4069135,195.19242416666668,527.8852056666666,283.2847346666667,43.438038,104.35967641666667,1609.3739776666669,835.9505625,655.4441048333333,817.7460276666667,459.8101795,328.13829883333335,78.8759765,325.11380083333336,84.821149,1372.473784,295.62640000000005,811.7628553333334,403.7785138333333,1590.8336636666666,138.62480765,132.94873923333333,406.49951949999996,1098.962782,233.29855350000003,74.70383191666666,36.87023933333334,37.595495,793.8516646666667,94.42363933333333,366.9401575,61.33797766666667,3359.364948666667,320.62172400000003,660.9009966666666,445.3002933333333,70.66381766666667,70.06781466666666,613.4717931666667,295.08130316666666,1394.1268331666668,86.48132449999999,1020.2200928333333,174.25616266666668,1604.5135235,872.1601575,2587.036971,456.2816706666667,328.72403348333336,3110.4077085000004,363.7729325,41.59709433333333,177.7934315,42.4201115,769.1000553333333,746.6910728333334,66.321362,246.43085133333332,1001.4574795,477.77998733333334,100.05652850000001,1041.4989763333333,76.81034566666666,46.03391616666667,24.010366333333334,418.82316433333335,178.6708645,29.085751666666667,26.791916333333333,88.81529933333333,88.6304705,74.76773816666667,30.312294166666664,781.4497905,41.19402916666667,17.751852500000002,103.767516,1492.9706445000002,33.521764,922.7341821666668,207.43691983333335,96.03956116666666,200.26022333333333,649.3754218333333,38.15673266666666,391.50424130000005,32.63503153333333,30.64948583333333,1559.0660411666668,384.7146711666667,32.80408166666667,148.381568,90.04599800000001,45.52651889999999,497.96625083333333,54.40847933333333,27.62548,35.4708745,170.01432283333335,26.643301500000003,1015.5701143333332,188.2231518333333,22.977279499999998,188.54416116666667,830.5889043333333,21.374402,55.7519485,134.26953883333334,60.00756883333333,60.38341816666667,38.01962016666666,411.9235448333334,52.43441016666666,93.06286949999999,152.94893833333333,56.32973821666667,89.92149931666667,92.58934981666665,27.02271681666667,21.696675933333335,57.92425233333333,67.96740416666667,72.79974233333333,686.1217536500002,109.33838196666666,82.45052666666668,401.9894033333333,20.467333,24.605338666666665,73.63995016666667,62.679111999999996,140.66684133333334,116.76688533333333,26.379484333333334,171.139557,29.469950166666667,361.95094,87.57614483333333,409.54693449999996,202.575681,155.1705458333333,30.3098885,354.3364265,113.06742283333334,87.20099333333333,37.925095,47.09686250000001,228.7624033333333,459.2323978333333,204.203066,62.65572266666666,94.70381299999998,50.49537516666666,35.666998166666666,30.204400500000002,95.58894116666666,19.155000666666666,48.04005,34.33915566666667,94.98146466666667,44.309429333333334,18.389090166666666,64.37996083333333,171.39566383333337,56.115648,53.88001283333333,41.07792766666667,143.85385166666666,90.57373083333333,81.16373349999999,78.85802616666666,41.509487,267.15169466666663,22.46182183333333,58.232434500000004,39.924300499999994,68.7111205,97.50099333333333,28.922609333333337,35.01310766666666,174.66541733333335,47.25874866666667,1026.3117775,31.345632833333337,288.1603331666667,38.24303283333334,242.28748783333333,539.2012276666666,265.30874900000003,31.234500166666663,106.01365716666668,223.82149933333335,25.3674245,19.37539466666667,70.59998066666667,226.05810166666666,28.42459666666667,36.62326433333333,36.121019499999996,1158.2232496666668,110.97293866666666,51.059754166666664,283.64292283333333,37.796782,30.381910166666668,77.7785885,166.688003,48.051743666666674,735.8927654999999,28.35115716666667,54.85429533333333,62.236669936666665,79.71207897733332,86.37930216666666,22.496905166666664,58.79506866666667,45.87136833333333,60.4119385,34.138802166666665,63.89819983333333,48.05806166666667,115.946009,35.45113216666667,98.23595533333332,27.794789833333336,22.66398583333333,229.37928916666667,91.7935485,68.85533500000001,1054.847064,307.4796376666667
IGKV1OR2-108,8.667468,1793.04972,333.918378,252.51621,1062.527556,3529.065278,1656.61381,341.14657,69.96649,1930.62219,1365.833008,288.653045,1313.34338,350.68057,185.41784,2137.26683,300.43423,5409.257312,406.489398,2525.116888,4272.90383,705.6631,418.88877,1267.52838,419.55852,1460.54681,6208.73009,3316.62122,438.11921,3452.87946,3272.168632,177.994372,6253.965175,462.505136,1924.81246,5982.26796,27183.41871,242.173411,109.73779,1845.374968,11049.33589,2428.42988,2705.65274,8239.85577,382.42142,199.31911,10800.92054,2187.27564,6308.55026,3363.37747,11635.78022,223.80309,384.09462,67.49252,1324.11837,699.95664,601.69184,1849.89905,449.080683,14807.99063,10760.39621,189.25752,1818.222719,5950.24814,4756.42998,2379.796268,132.820641,359.76299,1188.24239,213.16411,346.70233,849.31261,5509.23863,2986.25281,713.8964,256.20166,6069.51595,3607.91086,414.83308,108.68651,368.99014,6832.90415,170.73039,378.2781,217.90143,1532.87201,402.33152,233.59276,253.33806,811.8759,2988.511,159.02258,5.623779,3119.694709,1249.34198,2293.3698,9225.462162,1289.798389,1807.671104,3557.331025,534.12009,52.46648,4.385452,4338.583431,1590.941104,154.802096,5329.849646,3103.401738,568.35478,1437.193209,2194.600395,192.870967,1169.14671,413.64445,1658.26244,1269.94911,12829.83653,825.81012,2764.8231,2296.12369,773.93936,3863.18773,2425.49319,1039.69801,18.02591,11263.90575,1568.30352,2732.54797,125.05517,7885.147345,2091.62348,148.29605,478.41995,367.16159,4862.90534,1006.810418,998.050285,11692.94267,550.65028,5754.01152,5624.67621,2283.09284,1859.02069,204.19057,455.66489,190.66449,179.88787,35.76434,2675.03646,1120.86447,2051.20527,396.2914,289.92993,622.19692,7973.13004,630.77113,901.492735,131.739464,1159.86659,302.68469,2028.16194,163.6646,41.83099,123.06663,816.12809,49.94687,179.39986,204.793436,129.90206,221.39168,649.6707,2307.98815,35.72751,878.12381,212.58589,59.82043,6388.39249,2582.5731,1887.09202,686.02506,128.88763,48.913658,152.02638,5446.07565,271.73158,708.38168,864.14038,2384.09823,1625.09493,1344.81231,634.15361,92.14734,167.37478,281.29088,433.09425,733.86748,306.20129,104.96196,190.97288,1047.00147,471.82947,308.36315,216.65001,1023.45091,1385.13467,650.85439,696.384254,214.070091,1018.634975,2424.586576,243.446503,161.10769,98.184981,1067.186676,354.14041,807.360019,7501.09898,613.244284,597.754899,197.511411,30.897031,1364.790678,1494.321334,327.957507,4882.204079,71.788503,76.09240459,146.2851802,48.37725,437.09918,99.64274,209.98206,732.62878,285.37403,783.02561,100.37912,710.22213,1103.8043,385.81724,120.50375,163.73121,923.8073,1942.54077,421.15584,518.80408,188.95709
GSTM1,254.67997,230.921415,262.576525,409.28495,88.89848,129.058685,145.52883500000002,160.22671,124.630915,146.13323,156.78354,202.23516,188.838785,111.58564999999999,396.8462,150.8605,176.1028,325.588685,100.69413499999999,87.753845,66.30811,495.783405,226.88887,141.99436500000002,199.38419,242.30851,197.345185,317.84422,474.726425,160.72409,309.29974500000003,154.01039,201.682815,171.928,247.30365,282.987785,465.70886,199.18703,218.191725,498.20851500000003,500.66612,285.44989999999996,145.26765,279.18165,160.32777000000002,311.90575,256.34590000000003,232.05875000000003,360.88215,147.95755000000003,337.4728,216.432,139.30915,166.93661500000002,292.61845,363.90715,359.02335,287.60053000000005,95.40724,309.550475,178.21738499999998,382.86323,264.4326,213.028145,162.76066500000002,258.527035,251.36759999999998,154.93556,280.94182,188.9561,301.295005,232.20796,254.35639500000002,150.459515,259.30066,267.264925,213.933615,189.523755,457.70051,353.13188,428.546355,138.242035,246.002935,208.354825,261.411905,401.88412500000004,240.130625,513.234665,118.940425,200.97271999999998,328.9,153.333795,227.057625,196.166855,449.127745,232.40725500000002,182.745455,268.14815999999996,488.27329000000003,428.275045,198.12727999999998,340.620725,140.834765,275.565185,177.50657,269.01497,305.70354,266.79815,164.81175000000002,121.410065,543.015595,296.23261,373.63244999999995,162.8127,243.972555,206.52625,291.9292,514.77865,215.17145,361.06685000000004,181.96339999999998,291.11580000000004,223.0404,190.04129999999998,183.6552,358.67095,168.92075,464.1667,291.65295000000003,191.77616,192.52846499999998,195.01280500000001,162.639975,390.292055,98.88429,234.428215,340.99165,356.02581,267.11296,219.02753,223.7096,270.50852,278.419165,192.27324,323.99649,243.81401499999998,195.850155,400.82017,110.40565500000001,221.78658000000001,139.98206,161.889005,243.44432,440.97666,280.56761,257.892915,303.51248,125.21652,173.944025,217.531025,250.12873,175.26267,249.96949999999998,157.54528,137.80869,178.43706,288.563835,139.84208,75.0276,175.50832000000003,148.936735,266.384275,192.35804000000002,762.6663000000001,393.48635,127.31260499999999,127.50207499999999,347.27978,181.36249,241.92090000000002,175.704705,205.43698999999998,1666.2487,340.308725,214.498555,346.970065,171.69950999999998,171.01323,330.59014,166.391705,219.70589,263.97341500000005,289.16272000000004,217.44950999999998,261.22563,175.26655499999998,274.9585,242.80820500000002,362.261435,181.481175,198.305045,501.27731,346.49244999999996,343.499795,236.723885,147.522925,85.09605,214.31216,169.30879,405.89374,183.185875,193.03839499999998,364.61819,180.78992,203.46940999999998,1376.01375,260.599365,265.74915,336.31843000000003,199.932935,232.23828,434.598605,258.91227000000003,294.602805,262.746775,239.80385,255.14462045,255.73338135,210.20911,244.391725,374.73826499999996,153.399145,199.533275,229.777805,314.74325,223.882745,251.403285,513.780845,176.33839999999998,172.327125,155.07994,374.804275,196.70416999999998,175.438215,301.89369,167.22868499999998
TSPAN1,465.6268,1504.35096,4533.831,4375.37663,1441.9233,938.1938,2779.347,278.07623,360.55213,1319.645015,1582.60388,799.6786,337.167,10443.71144,5071.82967,108.18538,294.48345,466.8226,430.3467,236.0607,248.03238,2837.32349,106.12529,171.06028,2114.70881,4919.78302,4865.09422,523.769158,263.979467,177.03947,953.69978,291.7354,121.3592,2905.3627,800.33367,88.96337,642.79647,621.9775,695.55309,400.3105,180.20943,79.62853,93.63667,1409.28744,258.73857,612.40661,383.29593,5013.51155,965.22523,1032.87472,448.12994,162.90414,310.04135,560.23917,1756.8913,1646.2089,174.99395,734.95165,1708.8778,340.6788,258.284,2329.639,875.6659,820.04412,1948.00175,396.7949,338.2847,629.11938,315.85076,593.676597,2251.613253,297.9542,58.051127,594.45581,151.34569,5030.0059,654.54064,1661.60111,239.053234,187.392396,2450.66282,279.61104,85.85261,19.17116,893.34294,233.774552,445.02815,631.32277,281.441215,15.645506,144.93009,354.16688,177.74016,2000.89595,477.24626,649.91311,647.83414,696.14187,1858.12555,1032.841,885.87664,487.28691,173.2137,350.8957,1343.4328,154.3566,142.0112,929.7887,177.69243,2343.0103,103.6823,2529.4646,693.58676,431.58627,308.69065,2385.99576,466.6984,102.19799,309.49908,1272.26928,583.34334,551.30297,709.42503,884.81494,152.51837,291.88858,1635.56698,165.94232,425.38325,349.28,813.21367,16.0559,250.57474,343.3794,148.03206,637.1202,600.8228,409.8207,2879.71858,377.05638,1445.1774,639.41218,150.116777,287.426214,646.32602,246.59119,282.038815,554.871824,928.27535,531.11044,585.26657,1049.72505,860.37653,456.26551,1476.18781,642.50506,88.31405,1335.92914,463.57555,473.14539,137.29944,154.57311,221.19514,248.33803,527.17666,260.723717,385.88977,374.26759,186.386218,244.565305,291.485894,90.49355,18.102104,179.598182,295.27768,440.07811,2273.79426,183.74927,361.5625,327.5928,942.53681,182.21395,613.26897,289.56214,388.17495,475.439783,368.973158,332.83553,575.035744,658.580268,332.466756,163.22898,226.637262,7.841523,106.700504,189.6292,404.30964,17.34765,342.45246,138.05023,22.29031,351.72011,207.708,858.10085,146.51573,336.48514,298.8339,400.78304,160.95325,418.70316,284.58956,176.19404,302.81311,621.61909,368.88286,632.57796,525.94227,1673.93549,97.67382,17.59639,156.43826,569.65482,162.16927,1142.52309,116.8837,868.73183,228.2823,375.8279656,23.44556,113.75584,283.00637,95.63239,89.87928,130.05145,305.79798,223.60283,601.20794,144.10549,598.7436,107.37405,118.99334,762.35544,372.36546,185.29879,2244.21079,797.97816
SERPINA1,12841.71367625,11374.850891,8888.534986,7658.99474225,8610.22368575,2364.9206074999997,4644.088535,10259.38284425,6164.32436425,8592.810643,9893.38779325,3972.85546625,1294.2605947499999,2076.77597725,1241.026493,1225.98633075,2409.4037765,492.11417725000007,281.655546,6201.3651025,1418.34879325,1597.5514730000002,3778.6559732500004,3797.6840325,3561.5320045000003,1755.47595225,2632.0311605,4147.2876325,987.72264125,3336.878408,2128.8922655,6685.1065552499995,2725.1337292499998,641.01682325,3544.71710175,722.24697675,768.9704395,2464.2101270000003,1114.54960875,443.8892045,4186.9806295,1657.619916,10601.5052425,6977.60297575,803.2701312500001,7959.6199077500005,3392.6008835000002,2049.9757745,522.32926575,4109.92447775,3630.4249162500005,2935.1822795000003,957.52764675,2186.00665475,885.4150225,1414.411734,2948.13247775,9408.117815999998,15094.8567235,403.92838474999996,580.7280177499999,783.27097875,1781.5591527499998,490.93525525000007,1901.2091417499998,3505.29288675,1431.7250815,1429.3967145000001,1249.7736485,2812.5548555,2362.19373025,2429.48966375,857.54126075,897.95483425,787.2414689999999,549.62954425,3703.46191225,4682.07369475,4841.37927525,8415.482290999998,3045.07375825,483.90813375000005,1452.0934465,2265.70765275,3832.421378,3067.188741,3192.2235005,7417.113361,1021.7604295,996.17841025,450.48269975000005,1618.24902925,1262.179317,218.20382899999998,757.671771,406.36243675,1389.216605,3998.4697114999994,777.29661775,9639.6389035,3736.2873670000004,3580.8850855,574.2434905,2799.63409525,1254.575146,5035.00444575,2718.6242132499997,8551.0038495,1812.71888175,4910.041306499999,580.78331625,159.889369,8282.12462425,1723.7387105,6141.2231165,11391.876249750001,1180.9981635,2290.8348405,377.7957505,491.43336975,2448.81152925,8494.754413749999,1356.642023,1377.578304,2788.49012225,6169.7920415,516.0366082500001,3622.1835545000004,427.2853315,324.95977375,3887.184056,4586.1135145,912.4759225,2346.67757675,5798.26924225,7133.97234725,6025.63633175,4167.5888935,1393.56496625,2606.697328,4882.99612325,440.44011825,1724.80155125,4476.091202,593.28423125,2324.8304985,837.2156200000001,1049.5796034999998,7880.6285655,1146.57566575,2872.96054125,292.37228,1570.8875810000002,728.8630585,4225.91894925,840.578588,909.4516835000001,174.02257425000002,1382.0842965,1196.229555,235.68885875,2788.4939037500003,2429.93937325,520.8426735,8960.351372,1563.9034175,1100.019961,7992.613784,366.04014,1630.0933185000001,3831.4582259999997,11294.3524285,5867.6176335,2780.325488,5475.00080125,1045.71013875,387.5786185,689.61465775,2225.6849429999997,2144.87818275,11437.451434499999,1277.4682215,5507.56228475,3008.68845225,6103.44174525,4945.0232479999995,1002.302098,2575.1654347500003,399.04942725,1316.5166625,392.1880965,2432.127008,418.4097235,980.31978775,425.773894,12190.46183825,1258.301437,2507.780987,681.6225199999999,2283.72156825,452.65875025,3957.910405,3902.99112525,4268.5138830000005,1590.223422,1304.69122225,3987.5587132500004,7985.521116,347.47088125,2178.72161925,2373.105281,14832.50694925,613.2345730000001,3010.10453475,1794.3340527500002,227.250733,1548.25987375,344.04169975,3908.6365385000004,119.91780750000001,2242.1983044999997,428.3174795,2208.8927685,1483.7306295,1372.6215375,3080.86233475,2217.5484836575,1888.8141183525,1802.70808725,1628.8954842500002,1541.892987,2507.47919475,2375.17850975,2105.42812875,3025.27224425,2250.68355375,2279.5602507500003,926.055121,1504.36198825,1853.4272329999997,2005.1609735,1783.6056142500001,2429.8636805,3348.02951675,3179.74768675,2473.6103555
FAM107A,112.1416325,152.23873,46.44459,1381.519475,85.231226,827.149665,142.298045,399.26275,144.77470499999998,250.82263,71.74799,460.6483425,73.166806,275.8037455,292.236482,78.82560050000001,90.2187295,169.6383415,50.486898,81.0315035,85.21954500000001,596.48227,507.05423,163.22760499999998,212.42854499999999,121.83336,345.888195,867.676865,145.505705,178.21762,194.082405,66.1648755,199.978121,68.83196149999999,73.38318000000001,338.461945,528.78615,662.3758905,154.54308,196.3773595,337.11476,41.426931,72.0866365,278.306841,73.27494999999999,309.5811305,46.312888,246.2282715,268.4922765,155.4161035,136.1858075,234.603219,87.67688,167.892235,1299.074592,168.6267815,707.741855,227.54045,97.773878,174.272247,200.2392145,78.28795,1252.921695,147.870635,114.400435,276.18249,3474.4579135,1008.94407,1015.7704349999999,808.074825,362.416605,482.1508,252.40089,215.202875,188.58371499999998,177.84435,65.184145,296.747595,399.74812,226.774425,1326.43571,60.518305,2923.6531400000003,604.370725,497.784405,2184.556105,609.334715,174.842185,36.06311,640.1320000000001,54.811885000000004,233.86219,97.86848499999999,94.03517,645.767345,438.98552499999994,122.734365,645.83541,583.773805,142.49823849999999,70.32998,75.12345,119.30375,130.877423,218.4186625,41.835876999999996,217.5005555,171.43951950000002,111.07588,102.352114,75.08299099999999,25.958459499999996,170.606346,328.97547050000003,68.566525,108.573,866.192916,543.3878980000001,76.338972,95.07910799999999,113.84394799999998,158.125681,584.7790285000001,579.098201,191.363019,92.0313445,546.6188420000001,204.94936,467.88993500000004,175.8475525,175.41388999999998,208.54597,189.84085,220.48327,113.76469,77.77738500000001,251.58553799999999,195.1388425,416.39726,624.190975,296.1350125,711.996025,216.47939000000002,128.035155,442.04774,738.07542,535.76802,611.170435,234.372705,450.61044,426.54505,351.37836,1151.695875,562.264755,247.35463,1115.736125,237.99517,57.110765,116.587605,734.774565,362.308875,687.03874,302.37335,157.278075,491.151475,1052.41328,366.16004499999997,426.79514,185.142685,410.90895,166.95415500000001,289.77766,1318.10531,210.69664999999998,165.028121,130.967785,125.94989000000001,141.789865,206.071505,260.16737,128.10580000000002,947.583005,250.37687,207.30811999999997,231.12336,233.363545,141.03226999999998,153.750465,123.76092500000001,262.79984,438.59857,718.79781,285.00534,664.364615,1281.64559,597.163865,342.907787,838.70298,161.79942,280.24442,191.15681999999998,107.146245,124.83088,331.7201,183.17614,210.23109,715.21658,540.360475,174.36722,135.19629,227.90982,187.97291,228.77006,209.79654499999998,358.077365,148.46085499999998,142.990265,198.859645,455.07887,124.42365000000001,200.55788,377.38035,299.95495,2131.339375,193.82902,234.083915,1136.3648185,1021.4178043000001,1697.097905,1670.90551,1914.99316,3034.21284,857.8095900000001,4568.8303,1961.633115,2910.090625,1318.2184750000001,1815.38737,1893.275355,2540.6271349999997,3068.58979,2488.7415149999997,1678.229835,1187.6078,963.220195,729.040475
HSD17B6,489.2713,894.8084,1001.4736,715.1963499999999,498.226465,3020.237415,1331.21,2591.1567,296.7303,2001.9065500000002,249.96575,352.128485,550.238895,1335.5665,1415.6487000000002,199.37369999999999,338.29855,3961.8403799999996,374.83936,101.13286500000001,282.8654,472.786,543.03405,266.5654,2502.9362499999997,222.4555,1002.4547,1654.4146999999998,1075.31645,4127.60315,383.01015,1028.102805,973.673545,362.53405499999997,798.1265,717.5396000000001,1226.8768,730.835955,8278.072,981.520215,708.31055,936.7556500000001,775.6414,456.58389999999997,946.13265,688.7556500000001,1994.0664000000002,356.97345,494.1908,926.517,787.68445,1514.15805,925.0938,653.74605,585.03145,10599.039850000001,2813.2014,1228.68755,218.642115,655.69287,809.50342,169.95152000000002,2204.36399,928.5663,149.42944999999997,1235.0918649999999,5036.740925,1977.0844,2076.3244,4968.15595,1169.40585,8513.3271,403.75735,409.42355,7587.08125,213.81485,187.29955,5731.51925,7598.58255,1755.98315,1830.64285,591.4388,4630.1814,10823.481800000001,1721.48155,1203.54365,2279.0632,8696.856,769.1547499999999,1441.5896,320.7337,3658.0753999999997,11115.26915,555.7200499999999,9431.082699999999,4813.99345,279.46900000000005,5679.91525,529.4466,2949.05138,536.6122,6107.63345,1074.737,487.06025999999997,1157.836765,602.504185,1200.5932699999998,1532.15092,1224.73225,534.71757,8160.878774999999,1034.378405,7153.955550000001,8058.32295,490.9919,2518.66835,1665.481,4275.94935,720.3388,549.7843,6303.9817,1496.1358500000001,2976.799,12690.225999999999,11569.33295,884.9128499999999,2143.76685,3193.91365,9959.081699999999,1357.488625,6261.1574,2741.3272500000003,1672.9279999999999,1519.36125,281.14639999999997,1183.3183,4085.092995,1129.613415,912.57965,761.7129,7194.9684,810.85155,9926.44955,2681.7244499999997,12608.033650000001,9871.4627,1729.4141,5312.82415,2666.5113,10694.5223,7380.47395,1707.5396500000002,8149.033,2164.6068999999998,10660.40695,1237.18265,8827.1289,259.76445,4165.952649999999,2886.8827,2175.9372000000003,3473.5005,8727.605500000001,169.515,5357.5722000000005,3965.6193000000003,5662.783100000001,7273.07365,6449.92155,1368.2655,12867.038550000001,7914.8721000000005,5119.0692,1244.39955,9080.77775,8449.20295,962.1919,920.9388,2523.874,8403.29465,1083.00695,5264.62915,4286.8981,326.43859999999995,2503.9784,2187.86945,5121.72565,814.8901,5728.786700000001,14742.40265,2449.2911000000004,6034.3472,12270.512200000001,7626.6799,2551.59805,5524.773499999999,9382.47065,2018.12685,9857.339049999999,2171.0103,1205.6229,2231.51845,784.40125,8814.439849999999,10145.028750000001,341.173,3169.0437,10835.21075,12382.379850000001,842.2815,5520.555249999999,3755.7686000000003,12499.1254,9057.72915,2118.6521,8802.8777,2096.79915,4780.6607,4569.0279,10826.37995,3895.0775000000003,3859.79425,11870.0101,4931.331700000001,4179.87295,8610.306050000001,8291.405009,5460.811907,5240.936900000001,6024.936299999999,5278.06725,1622.7183,3256.2285,4383.56235,6028.16855,5265.485000000001,4566.62055,2238.8922000000002,5383.34765,4158.3733,4789.28305,1184.2617,5090.26195,2359.4323,2374.2327999999998,2286.4085999999998
NR0B1,19.810923,21.701818,5.074744,19.6297205,16.155131,24.590688,25.296813999999998,25.028762,30.671962,31.454237999999997,31.8799845,18.7087925,17.539336,24.3919112,33.95377905,16.1969883,6.74699435,16.6812635,22.488468,21.2902465,6.5306999999999995,28.570819,195.31001250000003,20.585541499999998,20.703086000000003,28.2843135,21.53587,9.865798000000002,23.2366855,30.227427499999997,17.83852,27.247485499999996,27.857669,24.400547,23.7765195,19.234147,34.129254,13.1665815,23.400278,18.8929765,29.1387645,31.237697999999998,27.65915985,24.89475315,4.2944125,28.842402149999998,23.97986785,19.23847425,21.14791155,15.67665465,20.41504085,10.6239035,22.345255950000002,18.1273695,39.9114916,18.9137371,31.5197595,46.446388,413.2218045,16.8816675,32.6862175,503.9001335,9.639258,13.875307,15.4034585,23.445086,12.725747,24.0762685,7.5118944999999995,24.3047975,19.2041375,20.675324,15.0742805,23.118615,28.899174000000002,23.215575,1763.470206,33.560227999999995,16.5911145,23.3336585,23.322239500000002,32.5236955,26.0379665,25.476304,19.156178,22.5063755,36.713592,14.7292805,15.9541875,18.346268000000002,14.09347155,23.024299499999998,15.876147,31.9256865,11.9781875,34.456348,23.8997975,21.334025500000003,21.976289,16.0064465,13.666322000000001,2.6322435,21.086895000000002,51.7686285,16.4027655,19.697649,18.501914499999998,22.0327595,14.175488000000001,34.7360635,14.592783,22.0645585,33.93978695,9.23007715,22.644227,19.86075355,35.27937365,16.29985135,24.468215,44.164671500000004,20.51543835,20.43050765,12.48064195,22.1112993,127.98499465,29.960071299999996,20.76823295,25.6493562,20.07170895,32.719093,31.683668500000003,29.0072185,32.9655025,15.4755305,19.4539625,30.92582,22.534619499999998,13.199508000000002,10.862744,23.43542,18.39559115,24.672262,16.209606,30.327815,21.603633000000002,17.0016275,20.037594499999997,19.186790000000002,12.5180165,17.04913,22.904947,28.212297,13.844391,20.587407000000002,35.64938,14.959677000000001,9.490804,14.018035,17.442723,17.6126245,46.635094,15.065404,42.88336275,9.7307365,14.9619005,20.6064525,32.823828,5.399853,21.334581999999997,16.343778,5.6439675000000005,36.560398500000005,12.2700245,2.1854430000000002,21.14039555,232.81809650000002,30.950481000000003,25.81974,19.281951,21.6868155,16.979094,24.752921,24.409208,18.8236445,6.3451875,25.346675,18.104221,30.188678,8.299323,16.797831,16.315915,12.026802499999999,5.838001,8.4200235,13.528793499999999,22.5757755,28.619672899999998,22.0306245,6.9298519999999995,22.05932,13.9397895,10.452046,14.8847275,3.466002,27.7850545,15.2288485,14.0887025,10.8531665,15.596027,28.051201999999996,21.676595000000002,12.1281945,31.111586,18.5418025,23.832836,26.7224085,15.904803,38.289953499999996,19.508022,33.7812435,26.411118000000002,28.0901745,14.598978,26.623502,26.367869499999998,8.899133,5.197435529,28.19743831,32.9487975,5.175758500000001,19.720585999999997,22.357218500000002,9.360216,15.894505,10.609036,19.522168999999998,29.761408499999998,21.420773,20.5025945,11.3296805,14.3023235,19.2840105,19.8373445,11.821072000000001,26.3287895,30.267557500000002
MYBL2,17.45427,250.57833,87.514732,80.84658,14.345988,147.473135,86.97536,59.69466,57.49679,10.733765,7.652639,58.444439,510.336761,15.252605,70.523057,546.7638,107.149725,290.855069,349.320343,223.605889,396.03889,13.58687,712.759403,519.778125,72.919379,228.617896,132.550349,73.203936,149.240617,96.712996,147.326664,58.317114,577.460556,183.908422,363.35363,652.52057,24.62245,219.244364,226.85384,583.754375,227.70005,541.943093,493.119152,216.652777,115.23364,385.531615,530.974531,285.067201,109.426896,384.595596,110.069817,450.464735,77.12126,252.061184,95.364017,93.377676,36.521055,92.42567,30.981359,537.161462,595.433924,449.61302,33.11273,558.13735,463.57195,307.862034,7.225161,36.466374,14.35345,22.139645,31.153668,13.683254,319.234538,791.77074,71.337597,81.549534,3853.24967,63.013055,52.41748,48.599968,54.022974,751.299107,55.749465,8.721617,26.690017,50.831824,139.657883,48.750616,403.569508,22.908748,836.366797,70.839389,51.200255,300.723872,8.372177,140.848409,143.855109,33.584814,42.590921,145.690484,131.50951,80.38938,78.577766,230.70996,143.413632,484.071294,120.65595,106.53572,148.58979,325.280914,68.015045,540.38717,51.70028,123.58345,183.465601,34.056665,113.464597,71.378915,1018.600831,723.500715,179.090844,166.855935,11.295052,99.201759,21.84122,326.960135,185.685689,132.08423,6.170608,139.525848,52.04494,16.95952,103.60554,315.62703,669.87294,194.643673,167.192582,216.883932,226.45232,199.16935,25.384495,55.690397,99.798313,296.614739,80.585618,41.889289,8.939234,34.74797,44.627205,57.692884,67.626688,8.25379,6.116148,16.921223,360.234084,43.849303,8.632738,203.993454,117.788824,9.282531,88.730023,64.422988,38.738498,492.500972,95.526293,82.304192,13.491969,55.604104,6.522131,106.224513,64.038301,20.503164,14.080894,154.050864,48.850286,114.574492,436.223764,353.02971,24.080121,6.416234,15.934563,7.2864,5.081433,127.360753,53.046183,72.480186,43.078067,66.887693,6.251657,111.036145,119.334289,9.412964,22.556086,15.2249,59.827278,11.039342,38.224914,124.379834,6.247831,6.763201,181.782974,16.141481,384.089216,12.86503,28.923124,265.376372,68.009291,8.140581,24.933417,313.245871,16.604727,6.130226,28.172729,77.329864,65.061309,40.835304,176.473844,46.835455,39.579445,5.456246,6.676747,97.881798,12.881971,31.513718,194.220248,8.446201,46.81935362,15.68122094,10.292733,5.763608,6.265102,7.067548,71.146927,5.054454,10.854184,28.615915,36.153765,47.425457,20.969636,22.576452,30.105627,57.122074,67.033592,37.507075,6.06495,20.726271
PODXL2,92.514165,67.751551,24.461473,7.078122,10.095696,74.712953,12.884263,22.80231,158.73752,19.24842,22.74378,28.309282,15.315524,58.26234,78.74672,10.78121,76.16614,46.809825,70.557943,84.232849,57.558728,37.006296,67.764816,39.623748,93.49372,35.534278,54.525607,58.06026,69.94201,42.066329,29.25088,36.745119,49.392907,57.25008,30.385098,178.564823,50.540059,48.447118,108.20268,77.315973,41.347919,154.57277,24.0914,40.42453,98.637186,113.2388,205.05922,125.17948,4.25415,63.70737,88.60359,77.18446,60.3893,130.050096,82.49454,72.62221,80.553029,72.263704,100.855893,107.616362,99.529717,59.648487,43.706464,63.259194,45.264824,62.116436,1.23095,41.014604,46.487943,49.79401,97.20597,118.137473,43.63155,28.828145,96.394487,42.903413,158.00505,79.614051,120.23329,60.14077,25.387649,6.402351,16.61964,53.478826,52.729077,50.99144,59.108519,120.84423,120.36662,31.9796,74.37997,150.168563,142.73535,128.57912,11.17405,69.81414,118.92925,62.53802,57.85036,71.614254,74.316596,186.946145,188.200836,95.039665,28.960113,165.117005,92.388785,95.779665,157.695591,134.266634,118.556624,72.553777,39.75221,104.35494,119.771854,83.40052,57.00173,81.17134,110.66766,115.70523,83.7046,88.96979,89.17634,76.33379,34.69817,89.70534,84.51151,25.23275,167.67298,100.260103,74.737115,10.061498,57.349954,201.105446,11.083798,99.639283,53.25014,53.918944,94.767878,73.278823,105.4499,75.349727,134.12185,73.66957,72.993809,31.972842,103.24665,81.18409,217.940007,42.194221,46.742445,89.900002,45.483238,49.534043,33.247757,68.222729,123.60362,67.90231,109.419378,221.314251,34.395339,58.534966,82.57609,193.989855,157.590914,64.39015,82.168905,121.30659,76.36624,98.62696,59.74433,65.298756,84.02385,187.30184,143.78965,63.312195,149.402956,99.675601,73.896497,94.480657,100.755368,82.59798,63.009076,33.116559,116.105612,47.59736,164.08489,77.44192,167.82995,153.45352,74.74297,82.248408,86.40302,89.29525,18.31902,92.36172,108.52621,60.678489,150.03584,78.138394,113.436365,86.053163,133.058668,24.056585,161.80125,61.753,47.24351,69.46903,90.38857,137.34491,86.61523,11.21826,225.51364,153.24001,67.42694,137.87352,75.76541,171.56961,39.89625,72.64379,134.80292,87.17334,122.00466,95.06866,89.47691,90.57331,24.86856945,32.24282633,15.745816,44.293871,7.666597,43.53859,9.967921,1.262103,3.249953,70.941209,7.992839,29.531627,13.50042,22.686656,17.177976,5.63903,32.593851,4.754991,43.748835,8.668449
BPIFA2,39.736424,63.403936,70.502729,92.730517,18.58374,24.913606,121.625906,10.745962,23.85548,42.182975,39.79011,23.315193,21.957516,28.974141,58.566148,43.507049,22.44448,17.971527,224.224809,26.81323,53.699161,6.377468,44.518856,35.252877,41.92879,6.885567,41.975965,32.116272,23.871041,21.435112,40.54215,109.42682,54.663521,26.364977,134.656059,28.352848,64.268798,41.321054,46.309519,32.292826,43.652395,21.372012,8.252201,37.451133,16.635552,35.823933,42.9371,47.400222,40.897686,31.621684,64.645105,33.593248,25.134093,30.004554,69.827134,50.964055,16.791854,56.427912,53.165924,140.086374,31.77467,29.543431,28.418445,129.175578,15.554068,42.600704,31.01505,59.126098,58.45956,34.794676,34.1409,17.976319,32.604562,76.058759,11.572503,47.701125,558.91987,155.768862,41.870569,22.285246,43.857495,3.54482,23.081165,39.837322,34.33016,36.552023,67.521432,38.602116,65.811051,33.70393,28.676229,28.303935,41.21645,36.53917,39.31786,29.12859,128.04952,31.36328,33.92758,36.040952,76.543867,20.217213,14.392204,68.618726,53.824953,46.551729,54.150948,35.750782,7.763917,58.695411,44.350704,29.169145,9.707432,31.292628,40.547129,90.722688,62.305812,24.349872,40.982359,32.696029,19.787055,37.664121,8.449022,27.45601,29.110074,27.968747,42.873813,26.474417,39.583736,23.214964,32.973563,55.433558,37.806498,16.947083,73.626671,6.723895,10.965672,39.547891,22.394163,22.048561,56.800816,1.874637,25.712415,33.964123,34.171631,38.825771,21.283812,44.030285,34.094272,52.952524,40.329747,35.736475,23.963415,46.467463,40.151248,43.22524,70.13745,336.94324,29.086094,14.33971,58.819365,35.120467,42.358538,33.326576,37.019479,28.50442,46.723765,37.28298,3.306126,38.685702,30.680244,41.930474,82.793447,58.311577,29.685842,53.940803,24.307751,38.186134,41.143794,46.191375,72.26047,22.36801,32.668084,5.275749,25.619329,8.897084,39.168652,18.330063,40.475079,64.615749,38.785929,32.479603,6.058577,43.408021,32.779558,41.504479,16.068324,25.781442,28.62824,71.064393,25.852858,21.399451,44.809379,2.883872,43.34473,47.07272,52.70379,28.02717,27.91335,107.32362,59.24086,31.41272,35.75893,60.02204,34.74265,59.09728,53.37497,55.86052,23.97239,21.57588,18.48049,53.35463,29.47182,15.40812,80.83367,58.82457,5.071505936,39.06375372,28.750988,31.663073,40.503106,17.87836,27.563806,34.849988,34.860065,31.728737,44.826101,21.648273,45.845844,36.432285,19.681578,28.499616,33.251953,23.107988,64.027959,7.10307
UBE2C,382.04731,780.6168,299.67623,564.5282,289.09535,275.5957,600.7107,291.8651,561.34046,264.9168,316.36482,289.08125,1591.90827,426.4916,563.2252,2427.1126,442.974,593.29008,898.65396,2867.4285,1325.5714,214.91958,1175.97421,2683.43365,307.83837,879.1329,471.1914,301.2838,573.5808,421.6516,286.92663,322.07501,1633.11943,286.48299,737.3212,977.7732,256.3723,570.11935,568.7593,1668.93521,299.7908,2866.788,2679.9879,436.7508,387.61568,1289.3458,4245.7586,630.4091,362.9701,748.4263,679.353,1160.7633,490.9681,738.60627,157.0955,312.1208,179.31001,384.824,427.85747,1866.65964,1558.51727,1683.84486,156.22451,2027.2649,918.4815,461.65812,73.13696,197.10676,99.44128,143.4094,384.3825,241.0411,843.7302,2744.483,259.8557,266.4938,2877.34822,329.77232,260.333,223.2503,217.77438,2182.5894,124.15307,156.54512,206.04728,162.8187,685.59468,420.22119,910.0536,187.1166,1774.4269,422.3788,371.92547,913.94519,280.6829,290.91416,774.00477,398.30222,151.76713,733.45316,437.8513,453.3842,384.41647,455.53556,548.18655,553.99641,470.65276,434.36381,548.8427,1113.44537,481.74486,1482.81071,273.3785,498.6866,686.4935,309.4905,411.7768,359.9199,1485.4666,2053.4512,444.0951,542.5007,131.6562,320.726,189.2343,1007.8565,535.3139,570.9335,362.649,639.844,415.5532,260.6238,355.7022,321.6047,940.8405,346.07519,389.79036,561.49433,508.3662,702.9449,299.8228,133.1672,222.2457,1367.9941,388.45258,284.57105,196.9672,196.5796,298.43265,165.6547,299.6033,359.2362,240.8084,260.61899,556.09217,228.3889,154.40779,1380.46375,423.51118,184.34859,440.30037,236.75944,457.9961,1851.96488,353.29678,241.4329,144.5535,181.52293,302.9808,272.8014,219.4367,176.47865,151.0085,339.6094,306.8915,753.04933,875.48117,778.8015,242.81128,258.62632,286.31053,206.83535,201.25385,595.74937,434.39825,244.2635,300.0365,404.9455,216.2233,455.0883,539.7086,284.05925,278.3702,200.234,270.3476,267.80799,235.4422,438.7919,349.9664,231.0163,323.1561,368.13,964.1906,213.9847,203.37644,698.61938,437.15012,75.71848,195.42185,764.71862,164.57921,233.60232,141.09338,268.0133,234.14039,203.83236,582.85819,277.52201,188.00792,263.58366,200.33499,321.14246,358.5496,192.6962,800.61101,215.50196,181.1251288,183.7016387,203.4186,179.5288,133.39,230.4161,322.276,115.9841,127.9939,146.5925,219.8882,110.2277,140.3436,150.0245,157.4229,138.1725,174.367,190.7173,131.8332,189.8461
HLA-DRB6,1124.5153915,1151.423057,3075.941271,874.787161,668.815013,1099.3448505000001,256.6699605,1262.4408385,618.028282,3647.7062,796.1175485,1060.582627,1046.495045,92.51870699999999,763.794123,580.3450515000001,272.6836625,557.9821185000001,281.2032495,1238.2165915,674.45228,87.91170249999999,112.43312399999999,86.6386275,1198.2282725,173.19110999999998,1216.330895,1859.1392600000001,235.49437500000002,1117.4298704999999,716.971741,1408.150255,747.12698,616.8154330000001,1085.3589465,2419.2311615,2128.523945,626.2870635,70.7654835,192.36658699999998,254.63928750000002,245.85432400000002,147.0107055,1542.9043145,1368.5229565,1086.8017739999998,187.07026399999998,385.1537765,912.682052,1848.9359984999999,118.1039695,205.28891149999998,105.514903,309.375288,558.5816649999999,1902.0715475000002,2092.0032165,3982.7939885,460.81356500000004,519.8235005,1250.3209555,935.4654025,280.866112,777.032958,990.6579885,638.407996,919.2233625,2189.1857405,727.9181504999999,210.328675,366.09469,345.12860850000004,934.99657,830.9227425,773.5571375,240.2722265,168.1800795,430.937119,232.63135,381.409605,883.9867479999999,630.5000635,777.0455049999999,570.5078540000001,415.979733,279.97624,1858.9030360000002,392.035258,503.98211000000003,1156.457835,191.057753,979.09681,865.509115,776.311728,417.1208235,495.402778,2221.870931,1722.7877215,131.866031,223.7766685,2310.431653,2537.5035125,624.124112,346.2684965,2012.1129254999998,798.205863,1272.840465,5969.299948,901.615148,1948.7639634999998,782.056544,322.536071,3535.9471320000002,1438.4768285,2405.677217,756.0376595,1297.6598815,1065.42904,798.7252085,85.53388600000001,4696.9252485,6598.420837999999,3387.5270305,271.994668,109.08899299999999,4789.955241000001,363.75741700000003,424.578054,275.452035,1067.7081325000001,1445.447534,1051.152584,383.5628315,996.6478515,261.15691449999997,1322.787119,3018.2213695,612.474238,790.2262235,350.257686,1280.4106075,767.6404120000001,1280.43667,608.34097,1006.134332,626.7372495,140.774975,323.02256,3382.9685745,1370.8820375,1606.5784945,2240.0422975,181.4443365,7763.144882500001,405.2976705,803.7688875,2008.239263,284.75953250000003,203.9358115,1367.6643695,837.0283675,823.5381585,259.942571,1156.466884,1304.26504,1787.99514,139.2466405,2859.3532655,858.9408599999999,767.9590450000001,2004.2600400000001,329.559349,851.12284,897.35432,697.7054535,104.059681,2073.2475320000003,160.6025135,1264.2625805,338.338875,3292.6441745,1197.5479384999999,1858.4657020000002,3479.5093465,461.2824065,404.95155,1284.056525,2857.66442,137.15586,4101.72148,268.597555,439.743923,1164.910635,1209.84104,1008.08885,1497.189489,264.997959,906.4041474999999,1906.9605085,485.53453049999996,771.5526255000001,937.5575235,264.99578,841.7889425000001,1802.023986,1215.1263565000002,2889.4139895,935.8394305,411.446057,181.350194,1017.4228665,731.24914,3596.874416,1622.3158314999998,989.800845,369.3191985,1664.9614765,84.5159395,174.753946,916.2151795,279.86339699999996,392.0403125,388.763719,1002.4499735,3681.6495234999998,489.9714085,2062.29661268,1123.6515040499999,701.2860730000001,1111.5698025,986.8163000000001,1008.252474,1773.8234300000001,1110.6365025,172.4470205,1335.2792515,1412.667242,128.383866,365.841866,116.0251265,164.79052199999998,154.871429,392.269953,1152.5865125,793.1796710000001,68.3531745
AMBP,59.285650000000004,40.778561499999995,37.608018,109.99339649999999,37.383224999999996,50.335592000000005,48.3106845,24.031641,60.704992499999996,36.2472765,41.041941,35.4207175,27.1807375,34.89443,69.3504815,40.960344000000006,214.096785,20.940351999999997,93.48108350000001,11.3739645,22.195261,23.488666000000002,111.88066599999999,42.229645000000005,92.436019,22.366725,42.028538499999996,54.122932500000005,29.600555,60.047712000000004,25.353889000000002,60.447751,43.285140999999996,29.3231575,44.746121,53.407865,38.727658,17.605018,53.5742235,88.06105,32.5947125,52.8684235,47.152983000000006,28.251216499999998,32.524209500000005,30.204442,32.6719565,229.702988,47.8332315,37.110111,56.766698500000004,23.972404,40.493777,35.9316765,18.6629645,177.0032615,50.639945,51.393952500000005,25.574135,80.5855895,57.160511,51.8931965,40.219318,50.9493605,39.061417500000005,40.8241015,63.15221149999999,28.694506999999998,33.894017500000004,43.41117,75.684072,106.361586,39.7321285,22.4412815,80.9085845,113.179705,73.0975015,25.797920499999996,86.981848,26.3485045,33.649102,22.440288000000002,29.865083499999997,21.2855275,26.141911,36.9822315,17.588191000000002,60.392086,17.363564,31.385604,96.1461355,61.74624250000001,61.418979,135.2982495,17.165506,72.1850195,179.93460249999998,29.900555500000003,38.858328,33.4085935,172.242963,93.1670085,76.5861045,272.3044795,43.0803005,73.505813,25.513151,200.80265,70.281262,33.446248,84.86840799999999,32.2193275,67.16139,38.640824,116.55378350000001,531.7051074999999,91.51056700000001,53.7579195,287.9232405,14.168468,58.3935475,100.415473,57.7349045,74.302518,100.2578505,19.484331,56.607225,111.4175795,100.1097775,60.3182435,29.942859,62.2434835,69.2030085,41.778758499999995,39.3693355,106.1575765,65.5787185,37.7045705,45.791090999999994,32.4102655,102.76690400000001,41.9224935,39.473562,9.408452,45.717,23.319249,22.940834499999998,35.500733,41.173339999999996,32.696526500000004,35.49662,19.9885735,32.5953585,158.988746,32.498447999999996,29.6377375,23.2993215,28.8437225,67.7614245,41.015949,24.51597,42.381759,83.143482,113.381587,86.187329,108.48958400000001,51.971363,45.660962,36.580515000000005,60.652158,109.5245805,29.632880500000002,12.4438675,71.33918299999999,120.7125145,335.40051200000005,71.049518,73.1223595,21.382171,58.853536,121.2926905,69.439301,203.558097,35.484136500000005,20.4283545,42.9841025,16.04207,46.434728500000006,31.4976635,103.44674,69.2478845,117.2003615,59.324527,32.584722,49.597519500000004,23.746726,9.594086,84.0765045,189.0850935,47.766049499999994,59.608724,56.169349000000004,60.089166000000006,167.67112649999999,113.9192,19.850026,22.688604,198.093525,39.496136500000006,11.6208825,77.6933775,40.794135,69.63532699999999,148.912745,57.486627999999996,44.727481,92.689841,94.23324,105.1629365,22.357534,96.25684799999999,97.7290655,36.542014,20.1446155,12.018336000000001,158.5545455,26.794801835,42.36430948,40.6658625,26.0787865,29.652555,39.1173565,38.7937905,33.76513,31.3285195,39.7233765,33.6100105,21.6323875,36.469052,34.174779,36.844378500000005,27.130034,37.038539,33.483935,26.3553205,19.709490000000002
CPLX2,35.3705485,34.027541,43.112305,28.470099,22.70373,25.2850805,22.12869,21.624383,32.6315055,8.7652735,30.1980315,17.346334,26.830273,34.818249,29.115802000000002,36.4118105,31.7069815,50.0711585,21.4604785,18.27048,6.418692500000001,27.847842,567.603982,24.6307525,26.9586045,16.8949905,10.925427500000001,15.355477,28.032629,29.4982215,26.276252,16.5017445,44.196011999999996,27.707772,17.887340000000002,13.381532499999999,35.764066,37.0581845,12.759006999999999,11.0454875,39.791973999999996,48.462604,30.7718485,24.88577,36.119036,13.037282000000001,34.0264045,24.616896999999998,4.630872,22.8539195,19.240862,7.1418545,25.018251499999998,36.225817,15.4587265,28.032356,37.0959845,29.814522,94.225347,27.7857585,42.4396955,311.71162749999996,30.0406705,19.679081,14.3010675,41.4011705,21.413126499999997,13.6015795,20.5789925,22.769559,44.752585999999994,11.33548,12.973978,30.465711,15.884905499999999,21.113014500000002,235.996603,24.7091005,19.735776,24.542215499999998,14.3115105,34.4446845,19.4338445,45.2843235,24.336522,55.910548000000006,28.4753945,35.5828195,31.811701999999997,28.8812025,23.578077500000003,20.1044665,19.7674205,29.9436155,23.102324000000003,44.664626,26.4236955,29.5366525,16.0390065,6.6439335,29.6001385,18.6526775,23.9044625,28.7116725,29.760905,21.158435500000003,7.3140125000000005,15.751406,28.411308000000002,9.331275999999999,17.165658999999998,14.717230500000001,25.1150165,34.8074385,17.684960500000003,33.196169,15.255527,36.873413,20.954271499999997,23.7358235,26.274252,24.2234895,21.2897045,12.1303515,41.7695345,26.1293345,25.473893,36.242683,35.878382,22.5830805,24.625811,46.40202,19.956083,16.0485515,29.324842,26.905935,26.1070995,16.9290535,28.1150035,20.521119,16.6822765,29.153678999999997,29.197957000000002,45.1791305,16.0113475,25.6506045,19.255608,30.838945,7.724426,38.269206,16.3702155,16.662966,24.2798285,43.0701945,29.657894499999998,37.526081,20.8947045,20.480602,35.6728405,22.773199,53.033426500000004,35.265292,18.331455,37.389914,38.2994585,18.8536345,52.2451775,8.102659,37.1929665,50.956961,21.655108,12.1689195,21.245914,13.783228000000001,12.588488,16.8102685,24.108368,35.8395515,16.9467825,31.375452,16.4682425,34.075303,19.024763,39.744762,20.0146315,16.956207499999998,33.2747405,34.692044499999994,29.324346,23.1556085,38.78939,27.407483,19.472439,17.993206,39.48161,23.184731499999998,26.748149,29.665066,49.521846,43.709334999999996,18.5876065,23.843359999999997,26.596028,24.157213,46.730429,23.255569,7.957126,22.709961,16.473554,25.009732,17.02353,17.954534,13.251408999999999,31.849013,14.176657500000001,50.013633,37.3440035,28.9291685,28.5767265,22.964259,40.1249225,26.3932195,23.040595000000003,37.225255000000004,30.8770125,40.2910205,25.924538265,34.835367535,22.9785085,8.458783500000001,17.614957,27.7700605,11.8401095,20.243776,18.3886805,33.414844,30.0907245,32.69794,35.5949545,10.9161395,21.707901,24.0473895,41.9811135,45.859716999999996,13.7641535,6.833122
SERPINB3,24.227554,748.4151905,9.722932499999999,4.9338595,24.008534,47.1571835,22.342270499999998,12.015354499999999,16.7374789,17.398021,32.3930311,1117.0546895,8.4165975,27.40398,23.4671525,34.874227499999996,19.8256385,25.3418105,37.442662999999996,51.879338000000004,92.294101,4505.267556999999,3380.2463655,95.545823,43.34753335,37.9953785,1367.5810125,10.2004065,15.228403,11.345642,689.53394095,28.952724,220.504725,4308.917336,4.89823,3466.0203659999997,54.764655000000005,827.373061,183.45264650000001,30.1776975,31.669483999999997,11.225161,53.4244845,416.8762125,21.0243755,103.29021549999999,12.76118,96.83050200000001,543.137125,39.446529999999996,30.230887499999998,19.366539,109.492451,20.058399,3967.323233,21.1847385,80.230591,92.631088,139.7140615,179.6403245,12.299228,119.38251149999999,292.39619749999997,49.05798,261.1582935,263.014504,27.8073935,70.709827,27.559069,608.1702835,714.8647735,167.02768350000002,26.007201499999997,84.64811399999999,23.3452955,17.5659615,2397.0053420000004,514.755991,188.67048649999998,19.441322999999997,4367.765713,17.567401999999998,21.593422,34.405407,5.021807,188.702898,22.329655000000002,19.148743500000002,61.437353,18.434352,16.951295000000002,77.297655,9.1277345,21.7345476,30.1825342,493.86775324999996,21.70521205,11.4144863,194.10275565,32.838677000000004,17.524008000000002,20.802531000000002,16.398970000000002,7.2848665,426.869049,16.550869,9.848458,145.90502750000002,15.2175365,207.3823345,28.918366,21.10336,38.78786,584.6189535000001,36.1009295,4.879283,31.5450095,19.131782,139.344055,623.714791,19.707098,425.890579,42.526391000000004,569.751518,26.513458,24.491819,85.4797915,2.638312,45.0834165,124.29046450000001,11.930056,13.616791500000001,11.615788,30.881740999999998,91.46154349999999,2.59441,40.4334405,96.143344,10341.327854,25.740328,25.453476000000002,419.0058395,26.621996000000003,22.6910915,39.207659,27.469389,377.954305,19.321009500000002,19.5327985,1073.7773015,65.181852,497.93565650000005,295.971472,75.788725,28.321347,514.1567275,23.852299549999998,11.350585749999999,159.8170075,366.0173055,37.282846,23.766765,29.176055500000004,7.9747605,24.327401,56.121485,32.375239,16.4101081,95.9144805,27.768862,196.3660045,7.295577,28.647828,15.693297000000001,23.2299205,15.453067999999998,64.659224,26.1289935,36.119915,25.372515999999997,12.0118095,45.174626450000005,540.751529,124.6004545,566.7973665,68.29929200000001,22.164184000000002,11.530695,31.3942725,632.9180495,22.684046,30.3135665,143.31932749999999,13.0512505,21.920643,41.876142,45.281458,25.889165,31.548161,7.7597045,11.6759735,14.2033305,16.1131895,269.7337935,36.6568902,242.52214555,17.21270625,10.23291355,11.0290991,61.9258251,12.5916612,24.35005515,30.8178399,20.3866785,15.081495400000001,18.86436135,44.7233339,27.1695289,29.5959553,15.547766150000001,29.9200021,276.65878380000004,16.777231,238.00518670000002,11.8098987,26.73864385,3.6780855665,137.03333275,13.655694500000001,18.5772395,20.4620225,13.291983499999999,14.936332499999999,4.242808,13.9648625,68.3634215,47.822759500000004,29.6795175,45.4055575,23.843306000000002,7.602009000000001,289.0662555,11.000123499999999,18.2732815,35.5797155,179.0428395
SPINK5,464.22497,198.29597,1093.06342,2070.05301,556.27773,1219.68966,586.43941,296.82767,1140.61981,6268.36828,513.70171,6256.70157,73.72285,252.28163,762.30918,3885.43064,626.68329,509.15797,309.30436,178.48896,261.70103,632.15158,1499.55232,202.73542,8638.3551,155.60371,1156.68664,282.35331,237.69101,4023.28197,591.25388,2875.01523,105.95573,99.65829,516.8681,189.79347,144.39461,264.27684,11100.75309,173.49024,159.78267,91.58989,7067.75029,157.25586,213.1431,495.02684,149.13725,400.57866,60.03976,144.01631,224.24067,2212.91023,5810.29795,287.58283,259.44218,2413.55323,119.05387,1478.17613,153.99451,334.73223,124.8682,394.78849,222.01303,18.10006,28.92983,341.03911,365.51272,421.80738,470.52001,1304.49461,277.89109,279.25421,121.84652,297.68643,235.72223,457.06525,95.95277,3093.61532,3182.90124,8490.93009,3184.15427,20.80631,379.45702,786.61476,1541.14646,219.69334,238.59009,1893.80146,395.68401,1317.13361,82.17316,345.96194,1935.71051,781.02611,659.01394,2830.10768,2165.30735,1682.78502,481.91528,58.17231,266.64771,200.05895,49.02771,229.4275,387.31258,122.10583,2989.28606,739.31856,227.9024,253.91246,576.82889,4890.93101,122.44069,3232.6616,221.56074,1878.85764,116.26559,58.80257,1244.44826,49.26598,3298.79338,426.57808,2679.82054,317.1241,825.56347,171.49758,497.07138,1832.85516,4546.72147,1338.59844,134.18311,162.34097,612.7978,2725.74586,104.75898,154.3814,462.56079,89.27501,529.24484,184.33392,11564.48351,817.02654,4100.72226,119.36904,419.67104,379.20011,2527.08866,140.57024,174.32707,54.08004,1298.65383,1603.21965,654.20935,1888.39774,4774.97556,484.56582,142.45841,2293.71389,529.98385,230.63513,2360.74769,165.36655,65.73612,366.89924,256.48907,242.74848,252.19841,6196.88071,43.54763,176.61474,3379.59715,427.71925,508.13354,4014.0051,11154.1123,4264.5622,1196.67104,212.56379,655.32871,610.09436,249.53022,275.30381,1238.02849,281.15362,1237.26873,221.51594,116.40417,747.43777,24.31022,632.61266,271.41597,564.25651,1106.12142,284.88295,396.94026,5693.01392,915.48137,223.78601,310.23789,1746.76841,1483.97879,817.97745,394.55794,374.52888,3758.92022,206.35117,4121.15216,128.70642,342.14747,72.68377,4153.82909,151.30076,302.61644,226.29041,361.26308,334.6454,478.67549,2502.41572,171.3448,1940.90471,378.07106,125.71079,7628.18169,3961.91949,114.46551,1665.37319,185.8660543,170.7037294,366.53286,152.02055,110.9191,393.68007,390.79083,299.74774,196.05573,428.15308,105.54029,314.81297,265.60065,120.97395,314.68972,269.23522,472.78703,286.38807,647.98649,277.76305
S100A8,732.9595400000001,2622.9971905,3411.9394975,7934.7869315,133.2172275,724.339497,1293.7023305,388.7693005,98.7301645,641.873701,841.8825625000001,205.2284555,188.5902705,70.9210195,52.6677095,192.953226,85.5839845,105.496073,522.419342,3308.17863,1609.1717445000002,115.4517,18195.379553,308.2060725,212.87619149999998,1328.992838,175.68652150000003,1280.8518394999999,457.8422585,145.786699,528.5097665,701.5853655,569.0032145,3309.5339110000004,3413.987423,8774.322963499999,556.635844,98.195691,224.93153900000001,161.449726,389.350741,402.41143450000004,198.151473,3201.1516540000002,337.7999855,989.599919,366.050938,821.8654475,234.11306,1457.5586085000002,1351.8892125,619.1994115,599.6205655,399.5846845,149.728246,376.46144699999996,341.477975,1044.5419454999999,61.5748705,904.669229,460.1120255,775.3481775,777.702637,208.3662575,1575.0311285,682.6043935,877.572566,465.403066,465.63435250000003,346.64208199999996,445.859349,114.3994415,159.973791,1026.858082,232.2810175,96.20233950000001,6978.1496545,396.53201449999995,485.4276685,422.69024049999996,317.9995475,663.2627305,1024.6151835,457.496024,37.2804035,459.7628195,129.214293,826.4297635,177.0093905,314.508503,484.087093,168.6577925,96.51474549999999,115.2785665,353.7147885,542.759912,156.403492,795.1541495,85.03288649999999,110.816419,230.56505199999998,131.0554465,798.9600335,4512.5813855,187.2837445,169.08786849999998,204.392399,230.570364,81.426397,1265.2791595,22.075628000000002,440.3673235,79.8240225,192.49913949999998,341.4709055,216.880874,377.775914,221.13980850000002,1702.2197485,1229.1075970000002,182.216204,327.96972250000005,265.076125,599.4231065,288.903667,674.1125969999999,541.5100305,199.3405945,224.96890050000002,617.2420345,114.4419975,123.24833050000001,133.5823885,392.78237,3928.6163245000002,1314.710558,744.648828,569.3998999999999,306.74737749999997,527.0812915,241.5369325,169.3090815,179.0626525,213.052371,161.97556550000002,483.99698900000004,168.37751649999998,418.329766,235.150417,183.8524385,312.59708700000004,135.008645,496.5425395,446.63927,195.5248685,421.618027,141.56804350000002,623.4290255000001,48.4337515,260.77456800000004,67.46088,487.53641250000004,422.5926725,273.8052165,306.8572565,947.9487244999999,53.830962,813.011245,76.38454200000001,90.59719100000001,278.0422415,126.9009995,55.7764705,127.779627,220.781463,204.81371,546.9908765,73.581894,150.25169,167.63039450000002,234.21258550000002,420.111869,300.138739,3016.387917,136.00991549999998,293.7266565,231.009894,371.5656115,104.886153,246.06463499999998,528.96835,189.7712545,213.590988,94.367459,652.8356785,258.415936,714.7448840000001,215.722149,91.81706,163.2364445,152.01139400000002,57.436344999999996,1929.244939,460.32518600000003,108.5082685,573.6693710000001,597.0686824999999,68.4858055,214.228804,401.6848235,321.8240075,137.1603345,58.2536545,208.23205,306.616422,92.3980545,194.740856,168.50584700000002,226.750958,29.7255405,293.1925525,664.8987145,50.193799,592.3463240000001,122.841374,629.04998,776.980593465,2808.69928985,340.253418,1199.6621695000001,972.3472315,2682.3436605,1192.2687395,1593.3929759999999,2604.2244134999996,2220.4078445,1348.8765159999998,594.842341,823.5114560000001,1153.3772775,1939.5973485,1824.5650645,1421.871302,1817.3332415,562.41588,668.4876704999999
AADAC,52.914686,78.068589,31.781881,179.866895,30.060335,535.735577,135.958862,244.958469,4.465612,291.282267,12.607497,244.533991,18.253972,11180.29434,2593.522683,8.410955,238.684323,226.652547,48.590945,184.219998,520.41313,351.17845,336.152032,101.533166,1137.380456,5204.8399,1493.76614,344.821159,9.629925,203.0822,662.166972,69.391584,337.973503,489.763888,19.471359,4703.906503,1232.004587,421.825304,80.314914,67.521199,402.87719,2.6611,28.517972,378.628384,8.052084,134.385066,26.923652,2229.430397,119.934976,499.815253,409.736921,125.687968,30.396262,114.382174,252.182376,127.323119,280.331038,150.328269,486.026915,17.609435,58.349771,4.953509,1084.97387,7.335359,186.989972,332.249576,718.216995,794.591308,353.202605,297.322595,255.706091,369.69058,426.827884,775.35983,29.12841,4095.32427,44.690603,69.734403,3560.6865,34.130774,669.53776,8.194375,276.894327,156.946558,5399.56577,338.637838,82.231631,96.893519,28.380833,144.316242,18.506187,7096.34769,227.288495,1093.703203,348.892551,1651.194269,47.763008,452.094747,535.623375,36.019832,217.434217,2916.573281,1098.652562,91.008246,434.467701,86.971064,139.555102,188.794334,4.432321,30.864769,122.896501,246.580455,5049.393296,94.918549,665.29057,12505.08314,1374.272691,666.728796,7.684784,24.545479,3923.882218,283.263203,600.905299,526.450051,233.663725,74.898648,114.042649,5967.049382,141.375576,365.752527,182.572953,55.027118,289.368588,249.925156,408.424096,184.643135,383.935289,405.044179,1227.797835,38.398382,2402.151782,3246.447533,202.717239,32.868938,824.590846,147.311035,179.850748,828.407948,149.126058,1375.33677,271.31042,198.15154,266.83123,169.860036,3113.407953,586.18401,150.964846,33.807084,76.577066,941.983159,72.256959,303.26443,338.18981,252.077131,3706.398724,625.844476,324.80379,167.09378,804.445291,103.691425,1231.75542,153.172993,445.785541,198.572062,1085.83977,210.888533,248.137014,332.239928,1809.057065,474.357837,3.479484,534.364216,122.145555,122.649866,529.820707,269.40306,396.64439,45.701506,5608.564729,9583.255526,155.406075,901.936407,9591.148551,206.306454,264.893217,1565.097897,371.524677,328.90812,4573.2467,397.15314,117.77635,316.91497,277.2868,390.35152,646.786763,112.639335,339.553289,5739.44927,461.908101,157.645633,217.888119,88.248596,71.474649,323.336078,104.46378,34.159786,137.634418,1572.11476,378.847188,116.095826,27.589065,541.314949,161.035021,638.090768,129.409753,426.871149,895.8900506,518.0032507,414.22978,606.01409,1224.60193,372.76733,1020.27224,1014.38171,1325.25935,1227.85051,1622.55192,813.43523,2382.99589,270.92131,1930.12256,717.17727,1279.14533,532.34253,1350.86684,302.38875
IGFBP2,1460.044971,239.55739,822.406829,344.88808,2145.285404,532.664259,611.74534,717.85976,285.98482,250.10476,1795.90608,165.634015,12.385926,81.62764,66.44633,321.86454,12.83557,118.780889,1314.302748,2050.854315,109.15161,260.16169,16.87575,87.62724,605.1147,145.23517,302.24311,158.93786,209.81926,83.88066,118.85437,1188.783214,456.311759,169.927238,366.1378,154.59073,88.41237,135.963127,148.27311,372.828554,44.54269,603.54284,385.67955,79.9019,177.93697,418.71721,406.36835,694.00798,162.27413,148.25181,157.71793,103.79807,176.85793,227.90085,288.69117,556.48438,248.84818,422.15497,253.193906,305.632121,286.097176,3.183952,274.832223,145.57177,63.3061,194.821055,171.92005,72.80179,136.14525,149.17381,238.02726,125.95838,121.36288,154.92348,193.81149,857.29665,46.15642,379.17766,575.49685,382.28783,418.46849,281.16702,132.6381,13.75862,93.19373,251.81119,85.50406,542.64718,220.82697,155.67604,75.48919,179.41412,380.13669,149.47679,816.61905,143.97167,478.5457,71.42751,226.6837,322.667189,1022.009,62.95034,98.750636,351.855201,132.179791,508.918334,462.283634,159.272,261.45134,379.657591,84.377157,548.739406,451.80153,112.37796,205.54975,1564.3492,15.39802,178.89183,277.54409,186.81146,424.01626,898.8236,110.07244,271.80617,11.30073,382.78937,240.68881,79.40434,122.73737,637.296582,807.34243,161.87281,144.6326,1011.90303,25.30607,1229.528663,174.547907,84.857771,367.89064,218.4307,517.1882,239.64821,631.68023,68.64369,283.64133,124.73101,225.42958,170.48739,1278.38802,240.24038,207.98052,1417.39731,168.19575,738.84086,104.81823,228.43926,213.85975,906.86528,104.35676,50.78074,92.02578,259.0942,76.0441,61.16549,376.82781,173.94534,140.32407,178.66749,70.44612,252.23264,310.3892,58.8997,193.0797,157.94316,261.78329,207.33162,195.30363,256.13733,254.80605,244.50541,1056.40757,112.02267,104.6595,162.53401,447.66282,168.45153,270.84716,142.79434,11.63472,479.10082,806.17698,184.46554,115.94222,46.64716,54.19605,205.61069,278.37944,61.98488,417.25492,275.21539,174.41859,241.79673,168.07919,226.02384,308.8322,248.31199,101.4799,89.13658,626.56453,134.94413,436.63274,357.05219,748.04881,764.6935,89.19928,1525.29981,320.35862,634.70325,338.93871,372.08067,876.11774,233.93699,119.79176,159.63485,237.64138,308.25741,118.328292,262.6821572,58.10205,22.4906,66.01026,393.6551,158.28901,239.75452,140.54315,93.66285,128.26446,102.3109,97.34956,64.17471,201.59383,284.79117,224.61882,91.63325,341.84108,435.16536
LHFPL3-AS2,320.452013,102.03077,11.26766,95.88051,16.305576,196.280786,39.9948,106.21845,28.19599,191.72834,97.35799,47.299945,10.067965,66.48519,104.09603,78.30105,176.55913,241.243663,17.434288,41.719026,86.44503,133.73532,103.57618,56.26457,326.38839,24.47782,114.31557,232.24232,31.46753,661.3968,34.3738,14.494812,211.162951,45.019752,52.04238,54.96654,160.32504,57.993281,46.06798,28.763625,154.97865,39.2696,51.58245,89.59299,67.79573,83.9735,48.96871,700.58617,27.99816,90.95194,111.69768,117.10368,54.52,60.23858,110.012,1340.91364,449.20402,46.7584,36.42111,20.712041,15.853536,6.355567,312.604628,19.18531,45.24384,131.320569,386.762733,216.55531,628.95214,789.7229,121.85903,656.92452,94.82013,23.91314,520.19868,67.81606,35.06009,87.61483,1466.81159,422.64169,232.6011,17.62227,289.41413,2313.84854,532.9612,545.93977,228.9449,725.85877,23.65656,281.77058,64.82093,923.93912,94.58904,338.83082,143.84239,501.05523,172.60951,416.13191,46.73281,442.614302,526.54711,644.29738,1417.099716,80.19669,68.015631,14.978509,76.231702,127.25738,93.73692,40.638776,182.430586,61.975045,2255.82668,538.73535,187.73556,469.16244,371.51608,759.76282,52.04935,13.39696,1280.31174,508.0985,213.67153,606.32744,1384.17076,15.13561,26.9519,803.19251,268.623,433.681196,771.36268,277.80521,433.00947,141.17542,26.83053,203.022274,116.95823,198.563304,156.19805,40.74794,312.3049,103.36363,1675.06533,11.8204,1063.80582,720.95349,626.71036,504.23193,631.15217,1985.17436,2807.04043,96.94157,256.00609,704.78601,240.45895,119.78408,1986.53172,45.58499,821.50378,1322.02854,104.16326,466.23942,219.0674,70.73004,2438.02032,261.06196,240.35375,499.77214,2037.91043,102.09683,731.65866,2505.94953,3099.99713,107.29546,966.05939,97.77093,49.28624,463.41491,637.52403,520.36356,25.16786,2165.51052,316.48169,28.14131,39.57451,350.77907,616.58162,50.26059,821.42625,2779.1856,166.18964,311.20752,920.25642,446.65106,377.32822,2499.14699,552.48161,593.40726,1670.01666,881.49981,117.52086,25.0393,114.05533,554.04584,3738.90034,42.07246,558.39754,5907.50199,1983.08343,156.43083,902.76848,1243.64816,749.30423,623.96572,70.23113,145.022,122.47278,298.77836,129.41286,3767.611,501.63064,909.05409,932.92633,256.69842,83.24275,1107.14678,562.2509794,409.9028543,738.23202,739.58392,826.52771,453.8194,196.74171,511.39822,591.61868,716.64394,499.84421,177.78091,375.10339,546.37283,434.8626,381.60545,663.92339,207.2849,112.64227,349.55815
PRSS21,67.300347,68.58615,32.581197,53.52432,235.037578,61.334966,115.65729,68.64221,28.137335,78.479644,56.875119,50.099528,4.348584,45.93025,19.508366,7.271874,36.501173,20.390478,59.530095,31.507253,18.60528,68.632875,27.620423,28.669221,43.608456,22.65886,50.95231,109.920002,134.713082,103.10432,62.873172,44.193039,46.503504,104.145013,60.16585,825.53382,204.6288,57.384255,419.46535,15.77863,55.38259,52.654981,67.738386,129.18173,77.974799,60.940911,36.30774,68.177682,56.041524,89.770046,49.000102,44.306337,115.687524,96.124202,141.874512,16.263313,94.850559,61.76404,47.284329,125.90377,65.894273,7.759859,24.131562,26.29304,64.66293,35.149307,78.592988,68.701391,70.689304,11.307928,74.005949,110.23457,82.384335,44.68499,97.15118,562.61258,32.120757,53.768646,45.156499,100.798303,61.465536,36.736694,66.240852,75.354407,205.776829,126.692229,52.982198,23.376749,39.746888,23.699929,55.021445,47.9833,4.325188,190.153208,21.983903,47.59891,45.458667,60.667498,81.649936,55.420909,87.61036,127.35398,107.308613,27.109419,104.751721,196.737549,72.849526,96.167611,38.29566,279.467783,48.333405,891.060362,5.780058,138.054008,153.84944,49.771882,65.418311,11.931467,14.823219,153.752227,34.533201,39.130254,37.873051,163.214461,52.067551,66.077118,7.320831,53.893973,88.906342,30.270561,57.04747,68.75583,208.04551,369.15221,76.7757,413.217867,69.867725,88.874585,77.9237,54.5908,63.474668,34.290381,129.113788,60.106807,40.535896,46.140915,85.841953,65.041754,13.622209,70.25183,106.98902,40.42742,101.43381,58.985528,4.212729,62.43141,47.348359,348.624995,67.890377,46.739918,111.738932,80.492747,121.49561,43.635591,58.171414,38.518194,85.75821,64.616319,40.674907,41.526652,31.146277,90.130581,39.632314,136.185401,59.424118,38.591847,280.306311,101.630491,117.612174,7.307794,102.039739,43.582167,34.062749,206.708389,30.660708,44.985299,47.701181,5.982318,49.78252,58.174223,51.129192,77.301867,36.831486,11.602092,71.454955,63.208905,227.850332,83.65643,61.74754,94.80833,59.32664,25.1865,104.10409,442.73956,168.576769,48.128463,65.508024,37.474538,27.844666,46.266774,31.051784,85.975609,48.839435,30.444427,41.769433,7.039731,138.654492,85.924987,34.899371,73.880673,157.515625,698.130785,46.27228,356.956979,9.964991,16.403137,69.97923255,133.6299777,60.00973,76.60974,64.61553,62.41967,54.53635,44.74211,59.38276,17.64317,79.25893,68.2614,62.47968,45.78903,97.97808,37.62769,138.05145,102.66179,91.2361,160.65229
CDH17,52.275055,5.514333,46.107792,5.325742,47.245081,5.633762,3.582178,31.661555,39.884893,11.066221,89.28252,82.995914,50.315055,82.31551,5812.491452,50.61124,8.77686,786.614163,8.33025,58.35732,102.383274,197.364372,3355.586204,153.980172,111.985049,16529.28592,896.858529,131.83173,20.156401,20.851887,7.317686,15.343014,57.228196,14.063492,166.204849,3271.206107,41.786312,94.309902,252.266165,9.027973,9.982321,10.650563,64.805558,109.481909,62.432227,53.381688,352.94944,307.073256,62.319119,839.090726,33.334962,43.475933,54.924779,216.26255,11.353814,108.692495,58.432023,148.952639,1339.76485,1458.411368,9.552774,6085.165228,52.696476,1584.352295,213.422221,5.479959,21.085491,25.509543,48.602279,94.932958,113.230165,65.096196,6.182341,60.712577,20.821497,528.476698,5.278131,138.859457,85.497973,37.968863,103.354781,85.505057,32.867308,76.129253,258.2169,6.43055,7.031784,12.343999,57.391135,25.100665,3.808146,69.319139,56.209325,55.156385,12.628847,88.496848,45.977671,76.487718,190.190241,206.702813,31.034,21.179792,9.811787,509.395384,87.843017,17.124978,120.861964,67.286701,11.711073,69.48686,15.5928,7.327244,69.789483,136.666915,298.06507,4.507407,374.062943,46.754227,26.169139,3.973878,74.70131,38.720618,62.053883,6.809424,9.921513,10.141464,34.640054,35.910086,69.018696,93.598496,53.647339,9.441168,69.190371,8.328148,993.275468,32.928446,61.783548,32.062801,77.682628,11.641537,842.353282,41.125251,26.665049,25.175469,69.28523,6.255651,79.745733,14.018844,10.320517,133.757706,11.677075,5.807052,63.687434,64.682313,47.522402,68.603067,47.114874,48.183788,49.114071,6.019277,14.012148,10.216202,65.462659,182.849449,68.036968,52.361923,6.364931,100.748425,3.704942,99.081371,71.282413,19.621553,9.281764,49.418509,8.462985,83.412677,8.248668,112.180096,75.556344,79.199827,49.077491,42.164837,68.785192,41.01133,42.345311,72.902056,7.107347,66.651513,89.482209,86.05738,7.704264,9.706578,64.389113,4.436855,49.513393,78.504453,52.143676,59.502769,11.71892,50.207817,3.120255,9.031697,30.057025,133.873316,59.448092,38.591494,122.898091,18.853802,31.96483,122.9353,52.367463,73.423724,3.85373,181.217079,74.297515,4.016463,42.986964,4.165932,21.584387,5.813824,13.556904,11.723181,59.962538,75.974314,34.611398,21.390932,6.070359715,47.78677267,20.7746,4.288338,34.003516,33.659658,6.490152,43.816669,6.107199,41.994526,35.441691,15.670172,68.110571,7.437024,51.405773,111.749059,33.488167,10.123334,70.042299,58.770277
FOXJ1,113.741002,71.51061,79.665186,19.92851,5.699464,177.747945,59.26414,48.00324,120.33468,67.25562,172.71324,98.14747,106.241178,65.364479,105.695652,39.364181,51.97715,251.745939,49.151699,76.223576,70.93343,352.585354,143.518423,55.11011,129.35178,22.44709,107.69746,66.58231,81.14739,71.69233,136.07116,63.863341,42.673688,44.359978,26.49863,24.15024,54.57132,218.316189,78.75673,148.835623,20.58673,83.181165,106.028816,96.427618,33.37042,8.847921,147.089119,27.704538,124.422871,127.706397,18.042271,76.806416,78.887382,38.237937,199.55975,143.086839,108.427979,47.52812,65.920058,109.025551,90.588477,37.84221,189.980064,16.26282,83.21082,105.322432,57.317453,146.696589,92.754208,104.98152,265.37182,150.44852,43.37405,171.92656,125.5754,65.98881,61.5862,122.05544,189.98538,57.39313,171.121848,28.949347,70.192614,86.366353,145.168716,99.61217,117.972381,205.652771,90.70186,55.58779,184.905537,235.04186,100.49545,186.91727,60.7413,167.90211,160.9817,137.28506,241.7994,37.276976,48.47125,181.84694,82.924343,65.604576,125.938496,101.229277,9.98604,134.892603,37.682,34.915444,56.334032,47.06293,118.164818,88.274297,138.7778,91.632802,134.260362,54.207267,133.213153,147.434885,20.462561,99.723126,211.167837,167.028607,96.373062,101.907668,203.442811,161.085747,142.652967,5.909697,98.55106,73.78694,35.17074,99.08384,123.00253,149.569442,144.965329,127.902333,170.80719,70.26301,117.590204,130.480219,167.15838,145.18041,205.461613,51.342387,116.22525,102.3112,101.03076,124.31842,118.47994,147.72722,102.38026,77.742727,111.393576,147.06631,130.27128,115.30173,170.049327,178.066342,61.119925,102.651525,258.054946,114.535293,8.637377,190.21777,208.94119,224.76806,99.67774,83.24069,218.64507,39.215385,162.99756,99.1408,149.348669,132.576046,161.229584,146.26476,88.683774,159.911884,116.311753,87.57529,150.143039,113.447856,82.06931,82.71747,115.89028,139.57162,54.51497,82.11586,97.55527,42.395248,105.42815,76.22315,103.61913,136.37795,179.222911,96.04536,152.22223,184.34712,83.6931,118.44947,158.52884,129.66545,166.40466,84.89121,125.09249,79.51861,237.43378,110.75268,65.76908,90.49087,96.66988,40.75618,121.58898,144.1671,70.54172,133.96866,52.60008,71.7018,223.56112,94.13612,110.32448,72.81111,97.42166,187.35258,90.74080404,66.85302744,121.51396,72.14657,133.62834,74.63994,58.96621,72.10411,96.67136,108.91787,87.28936,37.54601,58.24979,73.30078,49.24842,214.76861,110.22201,44.3693,363.69919,195.44223
AGR2,6869.485250000001,7146.537635000001,8625.618699999999,14499.06814,5679.0530499999995,4833.81675,13447.54939,7198.5132300000005,8636.38135,10766.710585,6812.88605,3461.14195,3583.21185,19794.03116,12762.40709,1186.8968599999998,895.089565,5154.86175,7194.819,1913.47035,563.2877550000001,3751.97592,8034.975865,589.907395,11362.1181,9325.0751,5974.64746,5305.14271,1490.524255,1564.406265,2493.552,4568.8257,1636.2922,231.73665,9575.03954,2127.18808,1201.62886,5683.25315,3529.75288,6703.555600000001,616.2584449999999,850.0781850000001,3477.83799,3313.3435,376.888585,8831.983015,5607.6512999999995,10524.181,1055.04617,5072.867904999999,11411.322764999999,3635.536465,8818.786195,3524.792975,3131.992775,3636.6114000000002,619.6827099999999,9274.19469,1454.44175,7669.28425,5828.5113,6775.5632000000005,949.0357,21050.953045000002,2450.7954649999997,882.64945,990.8032000000001,1781.310475,664.180385,1629.13437,2952.98071,1129.67544,582.425825,1915.260375,393.33666,14285.149669999999,2037.9088,7680.65813,6883.4863700000005,3817.0665599999998,3120.73427,6881.58893,575.357975,1045.702685,10463.733975,529.768165,2450.68001,4804.786275,5708.079554999999,444.65221499999996,4234.28019,5313.64427,1458.3908000000001,6136.02525,3061.9203,1524.4209999999998,4182.5241,4828.94825,2481.99715,7375.48785,6290.976315,1995.34862,134.3578,8190.3981,4904.42475,6122.9677,5767.4406,8018.662,2157.48569,2705.4467999999997,1848.1183,8721.3088,1268.20723,5247.172995,146.631565,7526.84654,2386.265325,312.3259,6132.70378,2092.442115,2929.5958650000002,1821.221005,1567.10556,2718.84378,817.65254,2455.079355,6316.66147,5170.240025,2062.63305,3760.5856,2396.86602,994.63779,4249.996125,7086.569115,125.785515,7096.8764,7516.120849999999,2439.7627,2756.8606750000004,1889.0285099999999,8106.40593,1764.96109,2270.199825,4218.11938,1586.134705,420.585605,2652.03518,1209.1334550000001,5608.601015,2913.3015299999997,2133.10981,3603.2801099999997,7028.654420000001,2946.58472,1364.5079700000001,1421.1240400000002,673.62765,4432.0625,407.226225,1125.089475,1512.585745,829.97913,1299.408735,4429.552315,2534.63224,804.307135,2239.14273,1624.0889000000002,825.414575,1371.436945,1469.0295700000001,912.920295,3315.484795,5050.578025000001,9105.996009999999,5957.21511,5905.609085,2374.148775,1541.6517649999998,2362.02066,3522.77071,1407.93085,3019.15868,980.183215,1837.911825,649.64448,797.4748050000001,4959.1440600000005,2076.031955,5517.550415,1838.1187799999998,1484.46716,399.262765,762.139735,216.23791999999997,3579.127505,1050.78082,3729.79895,2161.308575,3600.23255,2115.40679,8626.139105,4398.97237,3192.307605,749.90315,1590.9176499999999,2388.4849000000004,5451.85795,513.85295,1132.52,3282.1859999999997,1935.3168,3432.84085,2101.81365,5514.5392,2276.9974,4379.2851,8713.45945,3883.1234,414.19395,2865.6525500000002,4114.8616999999995,3981.23095,1727.60515,2187.2681000000002,236.24984999999998,1352.6904099,918.0350882,632.58302,461.38889500000005,1080.636565,376.411985,1371.741205,491.21332500000005,1240.39979,1114.7704999999999,1088.35872,310.166805,637.5817,571.135865,1734.776775,1019.59874,805.047025,485.63327,2561.883695,1076.0798
NPW,1.1857068,1.6435088,1.0580907,1.136529,1.2981439,1.044393,2.1218657,1.7800759,1.4654813,1.11316,1.0987019,1.2580596,1.0127287,5.0842777,1.6120355,2.0443824,2.5983592,6.2894308,1.5175305,2.0239283,0.8955572,1.1384946,1.6055215,1.0907444,24.67054,1.3518618,1.2970022,1.1864723,0.9459629,1.2576047,1.1994001,1.1515993,1.0417496,3.3935376,0.9917653,3.0700901,1.2838555,1.2251656,1.1312589,1.4225412,1.0283943,1.0511368,1.1106365,0.9563127,62.8723487,0.9710313,0.9520667,0.8764745,2.5515507,1.0043272,1.1961279,1.024401,1.1723279,1.3563387,1.0974573,101.6056355,6.4652637,1.094363,1.1341447,1.7663438,0.9500654,1.1588532,1.0931862,259.8499685,4.114519,1.0479987,1.4106396,1.092369,1.0680049,1.3030788,0.904829,3.3894837,1.2587318,1.0875735,1.1903961,0.9060123,1.2925027,1.1897562,0.9246145,1.5433537,1.0192178,1.0976582,0.8982573,1.2286882,4.777542,1.1527855,1.0930616,1.4688915,1.3379265,1.0970247,78.1494569,1.0582039,1.0601002,1.6410126,1.0478904,2.586829,58.9974637,1.0165006,1.3861094,0.8652331,0.9810954,1.4004183,0.9740368,1.3897375,0.9282187,1.1871018,0.9807251,2.0952055,0.9901541,2.983732,1.4154274,1.1076443,0.5059227,1.3421124,1.3939754,1.0114674,0.6631277,1.1474444,1.0886894,1.1448046,1.3831326,1.0149905,10.8930814,44.9876027,2.4289086,0.9207185,2.1227731,1.2195067,2.6420133,1.4192165,1.253387,1.1176694,1.9465193,0.9810976,1.3618817,1.0922117,0.842445,0.943816,1.2113747,1.0854184,1.1638219,1.2152253,1.087642,0.8624867,2.6428171,0.95901,1.6413253,98.1914449,1.1582926,1.1534366,0.9457538,0.9205706,1.0498131,1.162443,0.9301338,2.1757459,1.0567575,1.6753115,1.0163915,1.0476498,1.658988,1.456106,3.5772118,1.5480208,1.3985737,1.7926002,1.4694251,1.2390821,1.3146529,0.8894907,0.9644769,1.1073545,1.7945624,1.3000254,1.5558153,1.884527,0.7288183,1.4529312,0.9915597,1.3364959,1.3096243,0.8440903,1.5177273,1.4285045,1.3019178,1.308427,2.2026836,1.340845,1.1206222,1.156356,1.0912897,0.8881077,1.0279958,1.2045311,1.1518339,1.7971255,5.5096693,1.2626706,2.5175043,1.4200434,1.3813695,1.4286622,1.1118683,1.1141177,1.1747704,0.8488413,1.0541582,1.1830638,0.9405668,1.0428992,0.9018468,1.3320989,1.1240924,0.979361,0.9369455,1.6297282,1.3618316,1.112943,1.0681659,0.9180656,1.2385422,1.2151508,1.5161883,1.2519948,1.1959565,0.9983948,0.863116795,1.236392088,1.0271866,1.2496379,0.913119,2.279077,0.9656598,1.1199701,1.1917074,2.0175467,1.1133911,1.1789259,1.3383582,0.9063826,0.9462298,0.9224962,1.0235942,1.3056697,1.2356427,3.9133454
CDH3,5993.3706,5817.5195,4954.8301,1025.1416,1973.35,2110.3807,2475.8142,686.9455,4479.03989,999.8227,3869.30068,2910.8669,8057.6133,682.7446,1402.1661,2616.1238,1946.6463,2526.9546,497.4517,1094.3881,7906.3412,1237.1353,665.046,1802.5655,543.55136,3124.6998,1621.87373,568.9916,2020.0034,925.85725,1100.51072,1424.6248,2418.4974,4014.3163,1880.386,1786.7713,615.3145,1303.4706,2662.9379,2634.4465,1649.1791,5788.0981,948.5801,2123.4386,546.0627,5358.485,2576.5223,2259.4886,570.6075,2568.2806,4174.7831,1479.4474,1949.497,2402.012,673.6612,1427.9774,317.8375,3694.6798,261.0081,588.8337,938.7655,2168.636,559.9435,680.4887,1960.7339,1153.1758,102.9585,310.4943,249.4079,699.1619,1632.7073,539.58915,907.6038,3090.30787,1786.29958,664.53795,645.74391,2181.5169,522.436,626.3347,589.5203,4720.662,130.6084,378.0867,411.516,265.4823,1384.2328,925.6363,1501.2264,428.7669,2613.2655,1072.00793,1773.10128,964.21903,654.61144,613.62035,291.27882,2614.94407,618.00646,5544.269,1386.7596,297.6859,1207.217,1354.9701,2118.2557,2949.4508,1551.7884,1991.2575,739.9642,3785.7208,325.4078,5546.3621,580.5619,435.0168,537.16823,3467.5277,402.3939,1288.758,1899.0757,6987.8148,1375.9296,1180.0583,545.6845,2309.9046,714.5544,767.0181,2315.2797,1418.9897,845.4305,2145.4263,846.062,650.8273,1048.4731,3736.9498,1737.625,868.6894,4284.793,2041.1482,1952.1213,1548.7959,704.0303,692.5115,689.9468,2305.1959,1319.4459,516.6853,303.3318,1700.6179,900.8983,226.18793,224.86492,870.53724,1714.9733,670.0421,1132.0569,589.2988,305.0147,1616.60874,1503.6174,654.0109,1145.3823,410.6449,3073.9346,1024.8815,475.0227,886.4858,414.28081,1311.12045,901.5364,351.1551,1609.1512,376.3207,609.3323,1505.0748,1117.226,1430.7815,2229.1505,1104.2681,768.4349,1510.035,324.5277,380.60946,672.8213,1486.6216,1406.3176,796.367,1217.6721,1856.8728,553.5466,537.302,5015.0005,1514.4925,1500.0015,615.0245,189.7055,959.5274,924.2647,1003.09601,338.46497,1288.459,2559.31799,504.13096,1785.15878,536.74293,327.73058,1647.04626,1496.88947,121.894,317.23203,1231.58585,617.96414,385.63933,309.60718,506.73172,815.81481,555.76875,1413.12142,1595.49217,92.59738,283.24176,333.78011,426.4573,686.75292,1719.54691,1404.25092,88.26831,219.0443884,142.7162229,150.42036,45.56286,88.73997,235.10561,312.56992,109.80689,91.61899,297.89654,257.47064,106.48893,176.20838,61.81377,83.50943,723.62711,232.43105,158.37663,1639.65323,389.78054
ST6GALNAC1,4444.1388,2555.36951,3861.7039,5641.48994,1395.0521,2990.1518,8657.26005,2314.63304,2988.9479,6325.8081,991.6074,640.247,326.4648,13460.8539,6863.6063,571.9896,5210.2806,4720.2399,1723.7671,143.8639,323.8733,3075.659161,1731.619859,207.681561,10358.8355,5721.276,5892.9301,1313.7192,449.6159,5038.6451,2793.3253,755.3182,177.1969,502.2211,1156.69128,5991.74762,455.5206,1608.3928,3369.69388,1621.966,340.90055,876.7135,100.2944,2413.0389,3222.946714,3441.1428,1457.303,5752.7805,808.8108,891.4852,1938.4717,3705.5674,5231.1802,2407.680817,2275.4336,2620.3573,2726.390347,4780.79567,783.2636,977.0326,1953.9967,435.8574,1911.0355,4587.32989,3180.86107,751.4476,537.2972,1115.881424,697.876937,2709.9113,3284.9554,711.1168,357.9575,1356.5936,2053.7397,7588.6734,3611.1494,1041.015239,6083.3392,1881.0755,2087.748787,6.510701,599.546235,3818.003378,8059.076447,398.94,506.932651,1074.807498,1584.6265,895.711,3225.9569,8059.2279,2700.317,3684.5183,2516.212,3708.6048,2244.1667,1904.6105,2855.6485,4739.5767,1581.24243,5938.30458,190.159,1257.551,1400.451,1602.7945,2069.5396,1855.4068,5719.98238,1919.8359,3748.5889,5358.2977,1182.3675,3579.5606,1591.9993,2762.6344,403.5221,3980.2144,3805.815,160.923,2900.5969,4764.8852,2027.0415,3700.393,170.9138,1420.1468,982.5189,1905.9412,1514.9131,4211.4981,1052.5104,1368.1752,2357.73677,5640.66033,37.55896,2917.0623,6199.1105,1004.5408,2653.39613,829.99849,3403.6073,1455.769286,3416.7644,4674.7727,3815.619895,2092.80174,2617.2745,2842.2302,2463.823274,2772.5723,2382.1676,1072.9429,4708.328,3277.884728,2461.247679,997.064,3385.9173,3309.8734,708.666616,5253.773235,2425.148244,1163.513887,268.6739,2410.04595,2995.914574,1143.1653,2492.5011,2312.9984,4924.6836,460.6536,541.7599,841.849671,1205.6925,3136.2827,5306.2169,2276.947162,7051.452936,2679.975194,1820.504781,802.616616,416.843063,1447.4781,1041.685494,392.280149,2705.252632,464.7332,2391.8912,2067.6342,3024.4248,1197.5638,3931.4757,2276.01136,1122.7821,1684.9944,535.111,3171.463647,2297.8178,487.0042,5980.2984,884.6686,3988.3884,3892.9254,2053.5534,2285.8071,4604.3991,3792.1624,2500.0513,3077.5608,1230.2331,131.6348,3508.6502,3255.526,239.5614,811.8249,1724.7528,4144.6025,1694.7461,5608.799,716.3047,5374.7764,1462.2845,2175.1529,1863.5081,4401.626,1863.3016,4487.8389,293.9425379,699.2855209,418.8885,145.4411,454.9312,173.4992,201.8943,239.1958,546.8224,1724.1908,787.7841,653.2782,559.9297,161.761,167.9267,1089.8632,489.7091,325.1987,3012.1952,971.5935
TPPP3,91.84919,155.71255,68.65069,119.26319,114.3784,1828.26311,76.38917,877.76157,249.54316,255.65037,150.63876,1315.31301,123.51149,433.98326,563.52875,98.76163,1628.97678,177.43923,307.38707,123.29876,465.15279,4270.03825,165.50715,283.97637,481.50899,40.17006,2810.88663,512.95232,142.59195,569.94996,176.93307,231.19238,97.96296,44.96392,178.64826,78.11342,745.47929,1735.20365,359.43983,396.0425,170.05846,51.31936,138.97843,384.75095,250.30004,301.21049,58.76531,1020.31216,1109.08369,300.46225,47.19944,183.63854,150.15671,106.93403,2648.86586,2518.9522,1118.28079,165.68955,402.14102,212.93478,93.9967,45.28301,2354.76751,304.29261,111.97977,536.61691,1569.083,1247.39974,403.89759,1032.03674,2032.58753,616.26365,68.43823,731.35869,1453.66644,384.89029,82.20621,1431.64436,1067.24475,270.68102,4349.12769,59.45999,904.73566,804.35027,625.17526,1305.17743,293.25981,1040.41852,54.75817,366.59282,76.11106,1044.31752,352.06281,57.98759,431.25528,1935.97238,202.5468,616.77355,4100.7676,1058.855,929.50646,1129.34491,178.68836,269.89369,1151.324,98.49912,131.28458,795.10824,101.88048,220.58343,155.47709,85.84781,678.26009,1831.93047,3754.9078,626.52819,383.58087,663.78571,207.32376,186.08437,1232.36293,840.40799,1645.7373,1866.40596,627.5436,16.08339,915.71634,11355.27687,499.50798,364.94985,918.77859,201.95703,520.51371,133.8061,317.97788,202.35673,585.9973,166.63921,2532.7142,313.45535,2915.93148,2475.73783,5251.37573,61.38582,2750.86701,690.44392,1017.76008,2250.02036,619.1858,1806.99129,687.85414,1523.18539,1017.37246,806.02712,5313.46143,1706.00701,266.54553,270.12596,1651.11217,1651.35392,370.21564,1034.84919,281.35937,354.83673,2221.51928,1102.14112,495.66523,1379.95863,5683.89832,433.29059,2313.64436,1562.90462,595.99234,275.6106,187.51307,265.66054,87.3959,194.58232,452.699,695.69331,130.8607,1530.03118,1378.30229,318.22173,404.35788,1038.49757,1592.15375,235.18196,1575.18885,2792.91449,211.13876,849.33235,5663.38773,144.65513,778.39248,748.65574,1519.84175,351.91481,438.25303,564.81273,133.06692,98.62975,154.55098,1512.14623,569.39333,696.89149,884.00437,195.31823,232.96046,410.83546,748.09984,57.25072,114.93361,409.39952,180.44563,147.66925,140.77908,513.59586,159.39385,227.4399,282.61243,1596.53613,706.30463,941.204,73.59497,509.13986,1402.690711,1585.550493,720.90467,627.39922,1986.03355,789.39905,1078.40062,1760.5437,2538.68725,1314.81418,2441.39766,2285.84827,3434.08055,880.88391,1788.04311,2869.65313,2170.22423,1401.38543,6617.36578,2526.20865
QPCT,1107.19573,558.9388,887.56494,1085.9297,1469.41552,690.84132,673.7742,163.91,419.50814,499.5457,778.97355,259.7217,184.8604,549.8568,3431.7926,1427.1523,201.5199,454.65953,7557.97507,1098.29817,784.1097,468.9044,154.5381,1326.7749,248.24817,1481.81891,808.39993,1003.1198,377.4086,160.74972,1673.61557,1078.46663,770.20523,851.02268,431.1387,315.2238,1676.7614,901.10378,804.9501,625.73831,425.1611,4020.729,3182.0687,1867.2577,536.966,1535.9202,1696.6281,337.9954,440.4997,2225.8014,1696.4282,2372.0857,1081.7504,1181.2155,275.2666,374.9625,351.3402,503.3562,21413.03462,2753.61131,892.45613,130.56673,324.58714,1301.2357,365.0205,203.83786,127.75345,331.8104,262.7574,359.4687,821.2861,521.78382,478.1924,352.76295,423.35621,79.39313,259.85864,1208.5799,302.4704,655.4769,114.7535,358.5336,172.3042,226.4809,1500.4099,291.7616,138.0692,2627.5817,1145.4886,379.7025,330.1667,137.79332,260.45905,1125.84733,208.51964,799.02341,1129.68264,370.33239,430.8402,8274.50006,598.7078,131.3898,220.94764,1837.13554,4560.95785,83.74946,795.84172,2576.00177,1930.4916,1218.6856,415.77253,123.10931,224.3166,203.3535,3239.50442,499.362,439.1068,385.0638,1839.1831,1878.2802,574.5222,2944.3117,474.7262,220.5246,270.9737,639.5127,785.3816,515.49,1109.736,570.82612,336.045,383.3203,1770.1173,2495.5415,2354.1276,363.63704,3431.86092,1101.35546,210.0957,1380.754,502.7138,366.9303,346.3191,1153.6593,172.0186,134.4809,187.0279,208.7273,562.3371,223.38552,272.5994,121.95159,228.4352,208.3717,383.2867,209.18011,170.98211,1971.17941,197.7351,126.42,316.294,239.9354,125.7099,122.6189,277.4487,451.7535,159.21835,608.93524,398.5304,522.2064,259.2296,287.1804,244.4609,363.8154,198.2205,124.0615,1011.772,403.966,449.5138,690.3095,1308.4427,172.18716,209.8799,1802.1406,392.5157,966.6838,460.2261,1468.4519,575.3791,864.1535,742.8236,189.4395,128.6646,148.504,167.8579,162.8426,201.7302,1392.19577,119.77533,343.75042,1277.50025,160.04262,1998.18394,203.47386,291.40936,2542.51994,238.45708,48.05008,507.81393,647.16984,188.92645,490.06674,121.8178,675.66723,267.67316,109.07903,859.674,311.77054,187.1876,91.12068,145.14138,268.12929,230.05806,164.08929,465.58725,167.39535,161.9343685,296.1862637,132.74375,231.69724,173.05166,358.06672,286.85498,281.57981,448.0973,272.68145,384.78797,279.05079,263.84166,275.30026,197.35986,423.06943,274.04298,266.16342,200.01358,200.24625
HLA-DQB2,348.02182,1274.6756,363.32854,150.89464,4274.66005,3592.11879,1048.76596,357.24391,259.41732,879.8929,2299.05429,6789.54591,139.48719,141.29,298.9766,347.8397,209.2031,424.26449,50.21751,662.16124,780.52282,307.32875,57.98568,728.55811,792.66092,146.9288,1727.8634,527.6025,1000.8105,459.4382,445.47683,1518.52006,133.63488,143.97377,2562.8353,117.35803,321.33474,382.93827,1248.98681,136.8259,443.60159,357.9207,1597.2814,343.021,390.98034,1275.1613,257.3494,177.9603,208.7993,365.4835,2973.249,1695.6522,269.1859,8892.13414,147.3019,286.9732,1672.62733,1432.11941,102.59195,461.58461,1713.75143,128.28618,385.19882,192.3025,96.22463,335.21328,445.373,3535.96507,197.29391,914.1894,1737.913,700.811,142.7136,222.5643,188.6416,215.4645,116.83334,3513.75088,2763.2559,4752.009,851.68013,125.72159,904.31959,426.63493,711.27148,261.5493,273.88311,1612.3939,853.8199,455.1708,238.6971,1822.0513,505.63089,677.70536,3003.98212,2255.04714,530.1951,7943.12943,381.30406,300.35525,6517.03103,2777.39501,3278.64315,348.26401,4155.40403,5670.01144,1723.03069,1735.75678,2052.42145,11059.14812,764.27961,376.08801,1538.4695,9233.961,2885.1406,2655.5674,832.7722,2150.2537,1122.8342,155.1198,7641.1153,1047.6719,1430.4598,1971.4085,1669.2698,221.1613,1545.7953,639.6499,741.4113,389.60791,392.95305,471.51179,957.63254,2691.947,147.32277,2101.54546,1536.26541,2411.23553,126.10218,2122.42852,1635.5401,301.54629,354.5444,983.1523,510.80091,880.86785,1184.5843,425.1218,489.66162,1222.7468,1030.3543,3439.0344,591.8966,2873.12996,974.51275,145.1906,188.4509,238.86407,346.75652,250.2557,1883.37428,445.60274,187.9816,580.08928,2840.49192,374.6303,409.6477,4014.51991,984.5212,1119.5833,659.8923,374.36329,814.4974,735.8377,1846.5006,1699.64907,4199.57179,400.57857,2031.5932,729.40408,1097.00069,2625.89085,1901.95503,1335.01118,4071.34507,1800.5701,534.1514,1705.6589,6126.6327,976.9041,512.5958,2224.47851,2479.1299,287.3742,212.1391,3563.37619,4557.2597,873.3539,1380.6211,396.8367,758.4271,1244.8216,728.3351,3350.6055,400.82986,538.7447,4354.16183,271.03311,2176.16949,3218.11711,1406.59846,1932.93537,586.38999,2270.60184,1284.6424,926.84113,5587.53956,538.61568,257.62627,94.86415,3251.72872,2594.82949,257.56903,2901.0622,2773.49278,422.08577,107.4526856,152.6676814,233.7032,195.8055,107.0836,410.2634,109.8889,151.037,832.6268,133.0277,244.2812,438.0552,306.1641,184.9611,209.3323,193.5998,513.2768,1304.9829,165.6057,1197.6194
PRR15,150.97126,518.54559,216.94867,316.35712,314.55428,497.16729,876.56232,153.04463,233.52164,97.02442,279.72509,261.61075,57.35847,1475.450425,3048.023249,31.108379,639.356262,256.87377,136.13379,31.19196,91.65434,1043.43457,424.36011,37.25238,44.99512,1616.22097,891.69856,247.81206,62.07619,32.84536,319.21048,75.76054,67.84841,62.75233,67.56904,743.51125,45.28821,308.78751,58.14129,99.36802,27.84528,36.598061,55.132242,323.744669,43.60577,167.958539,137.386744,910.009843,269.216326,296.657942,83.9875,144.147799,133.703363,168.97202,467.068974,455.210012,64.98883,346.48467,458.76103,24.30182,400.86048,667.93027,155.61543,446.83419,239.3308,71.35137,49.35487,130.61663,91.05186,123.67384,266.78015,103.08809,47.02719,61.16393,149.9789,2733.56772,235.35498,137.56996,107.06583,90.74798,565.73224,31.72409,42.76794,62.10042,392.92563,85.98108,255.08971,88.19026,170.44393,58.72097,3.522812,120.11074,74.03265,36.18302,37.34614,145.94578,41.34328,70.8585,442.51257,920.44836,224.86178,52.02226,205.53938,51.00808,137.86097,249.59886,158.3738,571.175,84.50858,1050.09488,30.81392,1080.59227,53.14773,211.365831,83.08432,88.811602,93.553451,44.228529,476.474442,375.342644,841.61867,269.251765,145.558955,217.794432,116.804624,106.025063,275.024039,127.326503,55.852319,94.84137,88.30783,89.36387,155.9499,367.22423,233.90231,141.97262,159.14497,159.01427,613.38957,117.75892,307.316893,134.46758,52.35369,929.71122,104.59692,68.79655,169.49661,37.45331,32.65861,209.97103,37.11881,288.88052,96.26113,51.65768,64.76169,138.61509,17.25512,72.39694,83.42118,71.08426,60.60693,73.98519,49.263292,413.04669,98.78548,50.14542,24.97948,71.19807,459.75786,33.71118,98.01252,12.16189,79.10231,147.81403,59.68471,10.78101,815.95254,158.17666,90.91033,128.238,79.60353,74.22887,144.6547,142.04046,117.37881,99.904,42.21837,27.77456,370.15683,212.66992,20.95159,75.40017,87.54023,37.05011,30.20182,24.87206,152.534245,40.4258,70.42541,208.94742,61.50357,163.24301,440.09741,228.701,17.24813,271.69745,58.88677,41.9165,19.78112,80.95227,77.87868,22.302,19.26443,87.81449,38.21883,60.04033,284.74411,32.23024,52.10102,93.78989,76.48515,142.10553,8.04022,141.33366,214.90108,137.32935,53.52493721,107.3964892,57.18265,50.92521,98.02856,33.3753,29.63329,41.46329,79.93535,35.48025,149.86026,39.11453,125.88084,26.22646,44.81289,178.14055,78.67631,48.2568,308.38284,261.80289
CDKN2A,30.848248666666667,190.08312066666667,262.9597176666667,38.83789733333334,349.136674,57.514000333333335,110.82114733333333,274.99068566666665,125.47346433333333,153.77559533333334,242.281347,194.31386333333333,331.33608166666664,24.450084333333336,63.30112333333333,350.739891,102.79960366666666,616.294242,156.74970133333332,1446.0549476666667,84.847068,96.71033833333333,72.65573066666666,1031.523989,154.45158366666666,186.20405200000002,58.829386666666664,103.73620033333333,59.800162,94.763289,86.78974233333332,260.08313200000003,463.4087523333333,44.106834,36.75592066666667,265.2942366666667,112.55797466666667,457.8784616666666,276.716404,529.6376233333333,125.570916,2052.2115456666666,94.98544666666668,109.54136133333334,180.27689933333332,81.93793966666667,48.336932,495.9808176666666,127.932653,62.853615,95.34527466666667,29.445402333333334,119.67659400000001,638.3931533333333,72.926655,131.85384966666666,375.505743,220.65775799999997,295.443995,154.17712466666669,872.6229973333334,651.7241196666668,151.01579466666666,294.45674866666667,89.69171866666666,63.76664566666667,38.915312,56.002262333333334,85.51930933333334,212.17797733333336,200.555521,246.79037099999996,350.94786433333337,336.1904373333333,90.66007499999999,332.40405000000004,1540.0327343333336,63.45571399999999,229.5253773333333,117.28594533333332,115.58065466666669,255.84586133333335,83.28500066666666,276.7191226666667,74.42723866666667,118.17765600000001,160.75996,19.958343,1034.2764690000001,131.66465533333334,1980.674875,135.58907233333335,203.13693866666665,1261.7561790000002,127.93388266666666,89.97974933333332,155.56133400000002,92.35974633333335,89.91438366666667,30.629679999999997,91.58547,148.64547233333334,416.8061863333334,130.50149266666668,61.410453999999994,208.98291333333336,74.83398666666666,73.34175633333334,755.1336963333333,82.40128566666667,596.541245,190.26822966666668,76.31573966666667,78.70500833333332,173.1923163333333,136.28318133333332,275.80444066666666,219.09664933333332,1323.0307146666667,1655.506196,397.4461733333333,60.113734666666666,120.87846566666667,109.03857733333332,92.59591666666667,63.051798999999995,54.360646333333335,87.09669666666666,241.02239466666666,53.78928866666667,126.71764766666668,57.11521466666667,66.55082499999999,62.746457666666664,342.6214746666667,73.72348433333333,486.4030226666667,178.95970433333335,343.373525,158.95207233333332,57.96142633333333,119.57259966666665,77.12314066666666,88.12150633333333,146.66308633333333,125.769455,92.81127433333334,163.02377766666666,87.19763466666666,147.813275,117.43225233333334,75.113003,151.30135466666667,130.23206199999998,88.151528,75.452379,122.28136766666665,56.18267,156.18930266666666,129.96636766666666,158.45818400000002,90.30057466666666,180.692934,1037.788151,137.51777,89.97397566666666,110.551468,199.68028266666667,353.00392166666666,71.21834700000001,139.927691,184.3027956666667,109.15770833333333,486.66927166666665,415.0685683333333,53.403459999999995,594.9853463333334,529.9601329999999,371.965058,115.498222,72.91357633333332,85.27610566666667,115.07701899999999,134.4268086666667,78.96571466666667,210.05596233333333,64.1017,66.88758566666667,109.15120633333333,466.45141366666667,78.41099,93.24403799999999,184.18026433333333,116.67100666666666,75.816219,109.72529233333334,91.68195833333334,72.29633166666666,100.65321266666666,63.104174,305.2713636666667,118.64646700000002,70.37099266666667,113.577677,167.17192733333334,60.618087,80.07433,88.21972766666669,147.32941200000002,766.45581,211.39235500000004,173.517151,122.22773033333334,56.270259,120.052686,231.996791,344.2128956666666,64.77051766666666,115.27422766666666,141.23331633333333,172.8046913333333,97.992588,141.102127,151.38312033333332,66.606891,183.831649,31.345497260000002,71.59540783133333,110.29506133333332,68.37873066666667,62.05756466666667,90.97039699999999,72.983908,47.10689366666667,55.32589266666667,38.83380233333333,83.86517,83.70304566666667,74.94088333333333,90.73385066666667,62.066624999999995,94.460368,45.712220333333335,59.023732,76.13984433333334,127.23166433333334
UPK1B,27.0418005,9.994346499999999,16.7541145,27.951437499999997,24.834701,13.392496,43.387335500000006,11.579175,121.55388250000001,19.185397000000002,25.438551,31.700481,33.0806925,2926.37565,2016.1703320000001,5.816194,29.2734715,17.922378,31.773998,27.5332255,12.758631999999999,311.4943955,209.995762,26.294794,9.3360835,34.4688155,1847.198863,29.7842805,21.933374999999998,13.1797335,30.401791,47.05709,118.7085625,34.6297515,22.259915499999998,468.1899515,49.6905725,73.98902899999999,49.6521795,26.6871095,53.7675285,5.777629,33.6085015,7.689214,18.871437,17.074655,20.970050999999998,140.888962,91.3319595,941.264637,46.887578500000004,97.1720105,28.508072499999997,22.1873395,171.456883,16.741135,24.049011,26.9701985,28.0424315,70.295947,17.799481999999998,61.25851,101.40167050000001,54.231849999999994,43.808807,55.011134,19.860985,25.233353,48.886138,87.718634,44.4309565,77.49088449999999,26.749952,139.7331375,51.7965135,1633.0737485,39.979290999999996,34.053472,40.5288795,34.1709095,314.965747,26.0779255,14.7148935,18.2867695,36.1091535,150.236443,18.248842500000002,23.248624,23.3191815,39.261956,23.476078,44.6878345,28.0451925,10.983789,6.378429000000001,73.8702185,22.4618355,17.404897,19.1375475,41.2349325,27.011914,11.732236499999999,40.4444785,45.9509715,54.2616565,28.6578535,21.695132,20.559885,27.599765,25.527499000000002,7.9213474999999995,77.7131995,24.613425,30.0030315,12.974456499999999,11.158404,35.911525,25.00506,18.6498145,9.284872,39.387834,84.485098,32.4369515,63.7347795,35.3253995,18.5283135,147.92014,19.1626205,15.498627,85.8599815,42.146919,27.7618435,7.389282,17.4980915,21.374412,25.504843,34.9832445,21.9917295,645.2886129999999,49.7141145,18.522256,45.082021499999996,30.7395135,36.177971,40.292576999999994,29.757124,90.6076535,15.173345999999999,18.504679499999998,99.452793,23.341515,124.210422,35.521497499999995,35.2404015,40.7352985,60.2036985,15.570577,18.635988,41.500951,20.884086,51.548482500000006,21.450748500000003,29.134274500000004,54.5185215,28.850730000000002,29.083597,10.2852525,6.152941500000001,63.500935,29.780333000000002,29.482257999999998,5.515162,36.7165715,29.438091,14.827173,46.482465,40.1333285,64.871311,63.520766,15.881845,27.9516265,6.530435000000001,43.8746915,68.5827125,51.7331225,36.959035,43.097248,26.776684000000003,26.1549495,240.44448749999998,25.358234,42.7340205,41.325798,35.1809985,35.8523735,9.187354500000001,45.7601675,28.348548,76.39903100000001,41.530456,33.475264,86.15366850000001,82.339719,201.04328850000002,44.488404,35.516646,43.097284,45.0995625,36.404673,20.9372175,7.700165999999999,14.316751499999999,28.442502500000003,12.766992,30.131323000000002,16.1776505,20.1697105,20.384358499999998,43.951936,41.550885,38.9747185,69.07146,10.296463500000002,36.459638,36.7041765,15.863301,26.18399604,30.24554712,48.311019,47.570752,41.5868585,9.088956,32.7656665,8.425253,47.313570999999996,7.819032,15.797255499999999,31.3905555,17.486281,10.3173425,30.189875,43.1399695,106.25062,46.086842000000004,15.5941495,18.700257
AQP3,7209.3393633333335,4061.8034066666673,5181.933526666667,3479.85738,3978.3493833333337,2224.8838066666667,970.8077533333334,8131.551040000001,2908.3815233333335,4282.55561,1752.1741033333335,8664.38228,1452.41669,1427.1178766666665,738.7736066666666,8930.26845,11286.99482,8742.057710000001,7351.127926666667,4037.730576666667,1199.5320366666667,5031.02659,3075.716453333333,3141.62111,7975.195966666667,358.99505999999997,2415.9470133333334,4474.428393333334,7607.722753333333,7356.8793,2249.853903333333,1120.1099033333332,1854.3591733333333,325.18789,3675.4248033333333,4183.9565766666665,1494.0555666666667,2716.479783333333,2806.363263333333,6222.420440000001,2834.84152,1494.4656933333333,3852.4509199999998,2345.1763533333333,2537.9084433333333,1877.7680066666665,4128.950296666667,1227.1476533333332,1932.64128,2270.229996666667,2619.6941133333335,4678.982146666666,3656.2483766666664,6745.590156666666,5871.04591,7191.39964,5808.52002,1785.3707766666666,1081.1837666666668,3593.03232,777.6898866666666,5590.6708966666665,4750.526496666666,2293.39615,5335.899936666667,4526.05051,1691.75867,1642.1163633333333,6358.763426666667,7835.382096666667,6020.99098,4675.65521,1356.8207366666668,2846.3759633333334,6476.577846666667,755.6181633333334,3399.8114100000003,5796.705116666667,5510.695986666667,5399.379696666666,4737.00926,4702.485133333334,3800.282653333333,8000.117656666666,3392.6405066666666,3111.6934066666668,3077.2521,4848.180266666666,1800.0172133333335,4728.967283333333,4029.5649199999993,10383.427086666667,5657.310636666666,4358.207893333333,8167.096426666666,7434.470766666666,8378.071383333334,7157.0707299999995,2252.4027166666665,7388.379493333334,6481.723783333334,12108.3487,10786.207006666666,5387.349743333333,5881.565606666667,3545.6717633333337,2361.0828466666667,4382.060350000001,2411.05242,993.2185766666666,5737.814606666667,1209.68884,9600.571813333334,7998.2522500000005,5769.230653333333,4690.2439933333335,2177.903063333333,7388.54336,2039.2171800000003,827.7981366666668,6948.089556666666,6656.771306666666,6804.920569999999,9274.400563333335,9940.987703333334,1318.3778333333335,10439.74449,8446.793316666666,10364.264633333334,3168.7278633333335,6540.903463333333,4840.064103333333,7668.491686666667,4122.152186666666,865.7881466666666,7350.296356666666,3123.3519300000003,6537.71641,6357.437346666667,1334.52444,6576.897273333333,3644.4967333333334,7513.28011,768.5018866666668,5583.115906666666,10136.891730000001,8252.960503333334,7140.180893333334,3770.40461,6860.365286666667,8957.408883333334,4352.71283,6827.55804,7297.582829999999,6923.5581766666655,3304.3108800000005,6395.07934,7569.77274,8927.976106666667,8651.545316666667,5151.501876666666,3156.7533333333336,5410.798963333334,6420.886613333333,7966.303363333333,5366.810423333333,7186.66057,6759.722353333334,8921.386403333332,4997.14639,7755.544036666666,7209.368426666667,9003.98142,4110.81548,4407.823333333333,4792.955896666666,1505.7125733333335,7801.213313333334,4346.029123333333,7070.369146666667,3152.17409,7108.994540000001,6858.654079999999,2172.00225,3720.16242,6692.8666066666665,7511.331933333334,5111.96505,4313.52423,4974.243066666667,6979.408446666665,8185.12908,8585.624453333334,5707.966733333334,6090.651129999999,8778.76189,8755.29394,4210.0075333333325,8349.67585,5504.992866666667,3179.214016666667,6901.054209999999,8895.765386666668,5578.648553333333,9230.191686666667,3821.5791666666664,7490.46284,7576.887843333334,8140.848596666667,4692.225863333334,6983.080383333334,3365.2898433333335,6696.723393333334,2513.020736666667,8155.292066666668,7060.719173333334,3006.8132633333335,6395.955283333333,7940.569166666667,8476.90363,9431.745256666667,7734.697459999999,8559.440276666666,8048.002363333333,6469.328853333333,7165.157170000001,3306.415871436667,3395.2855815000003,4287.977426666667,2223.41629,2355.4190599999997,2532.1942566666667,1822.3581966666668,4247.6557766666665,3401.7290733333334,5565.867696666667,4408.899263333333,1824.3233900000002,3215.008206666667,2714.39605,2738.3404633333334,3318.5964633333333,3727.9441800000004,2155.1837499999997,6885.802486666667,3321.457653333333
VTCN1,14.2377,35.35348,43.60572,3320.72604,33.72141,270.64545,1908.75388,68.95425,76.9907,69.47075,41.7068,99.8393,389.16567,331.927507,522.906745,29.950532,319.764862,336.89387,42.04734,27.30019,47.03065,308.65024,42.01278,53.95782,38.53188,45.05784,82.6595,142.10113,29.14994,44.67519,169.17142,76.80478,36.23875,41.09122,150.63825,8367.58406,113.43031,212.83066,22.46826,2139.21734,28.78604,85.64507,39.757373,227.956469,67.02041,608.729633,116.201467,1463.944194,153.127844,4797.744897,586.219277,151.529625,448.777131,190.88404,633.785378,49.637757,264.22242,383.44678,88.88397,24.07573,501.58635,107.89733,221.32885,48.51816,33.90763,11.12897,25.18232,50.13135,109.11084,203.38411,206.16738,54.39897,23.02216,74.75394,32.86015,2235.00029,10.85604,212.30105,337.05293,239.6124,254.42134,32.86766,16.30284,40.9111,162.09946,44.77171,650.77998,861.93981,282.16927,45.62834,36.948205,392.22525,54.09384,154.99752,57.04836,223.41066,92.87377,39.32282,341.81376,549.08209,87.76586,24.43135,55.13987,85.08704,869.04511,423.75304,216.45472,124.43208,130.90041,2714.43709,49.60463,900.70447,142.658261,82.988168,45.86043,190.019597,191.592941,503.34926,93.748533,129.440535,563.174231,445.658671,126.296403,53.935795,42.851826,874.837526,1441.528537,313.150857,5.358036,1203.65543,355.38126,36.55223,474.83269,3648.85553,70.56761,271.1242,894.42485,246.27378,778.55014,117.4619,303.897322,109.64902,1118.40461,217.31465,257.58646,159.99709,156.49854,52.39288,27.25238,50.61418,209.7757,67.87497,99.89657,77.37852,405.80439,101.33526,195.27852,2761.23071,64.12648,98.78871,294.85602,65.83925,53.615137,49.34553,48.80513,70.95218,45.08395,173.81895,54.23529,68.26602,29.74212,49.81096,70.96245,1161.0179,36.893236,26.4181,590.76031,187.41916,51.50833,361.19262,44.1307,24.80211,72.30838,292.45469,185.25529,80.23551,76.29799,111.20336,311.80143,1044.33335,408.41858,65.83044,170.53164,94.50187,313.84784,88.29948,58.558993,139.33346,45.42834,63.77712,942.80657,266.2267,3377.01449,266.13452,97.26755,1344.82324,38.16969,88.08619,40.38768,193.29873,145.49652,44.22277,47.39445,71.97351,213.91809,367.11494,308.32822,505.44132,29.26487,107.96376,63.07203,62.62381,171.30454,49.25904,426.47449,71.12376,22.88332106,50.98069662,29.8742,28.76733,55.06044,30.54184,38.22586,16.66289,48.29823,37.29314,60.21493,28.87392,63.59406,21.51362,24.87393,145.02489,17.36851,14.82745,118.34155,74.87745
PITX1,9.1896915,37.4871575,9.7041155,161.1248285,13.1492115,60.036761,110.6577175,5.8374155000000005,85.61731850000001,2.4972725000000002,6.315416,5.9574105,14.431125999999999,62.2885845,27.846398,57.0706145,5.7235015,2.6705855,291.03589900000003,94.0664415,54.880962499999995,55.3636532,90.6340955,14.3250415,2.791217,148.12162,46.226996,5.1558275,71.71057300000001,5.460354000000001,31.064537,4.5339279999999995,34.1512615,229.6466145,63.292756000000004,113.9639145,5.8918305,7.7100625,21.092559,7.084673,2.395845,71.975786,101.95380200000001,52.4277325,37.5189753,130.98761,54.835682,92.235986,18.7511,8.2017865,26.473469,57.937188,12.608895999999998,2.3439097,38.261597,19.7737645,3.4557977500000003,6.8266225,10.585717,10.6447775,2.379435,268.4552,8.6354575,2.3666435,38.731212,2.8878195,12.711125000000001,2.2513337,4.9848893,5.6571425,4.182538,4.6121355,7.367957499999999,113.33367600000001,2.6475935,54.3498655,657.336919,33.7976489,2.2549785,5.2688065,51.316107650000006,2.0747294,4.77602155,3.2314835499999996,16.246708,2.155935,8.550857650000001,21.66777305,94.0216095,10.455320500000001,19.710365999999997,6.070774,3.5872185,5.257766999999999,3.4436885,4.4280865,4.0088965,3.404924,2.965217,96.319594,4.3070125,5.1789525,3.751906,26.231141,5.059849,6.497970499999999,2.871066,16.852297999999998,2.794657,3.256518,3.3222655000000003,2.5315175,32.157827499999996,3.8729950000000004,7.046799,16.100376999999998,5.714199499999999,8.2108505,94.778277,24.925483,3.1149825,2.3167275,1.9208729999999998,3.7748475,3.4813340000000004,42.93432,2.869884,2.184536,5.291652,49.360994500000004,3.0307445,4.6849825,7.2450785,2.352687,11.6898135,4.848483,14.520448,7.299887,28.421547500000003,9.7978725,47.0188265,4.55911085,3.9904265,13.0305225,9.51866715,14.088131899999999,4.189478,2.4541655,3.8644847,11.774903,38.6917735,3.961967,3.804007,3.2849237999999996,5.46412905,6.657489,5.1602825,10.127324999999999,48.62393965,6.70970765,2.09457355,4.5787889,1.512735,17.11286925,2.15850515,11.0595555,6.295405,19.386166499999998,2.13341,3.7088005,4.346996,2.66647315,4.5029875,19.5345565,47.10889,12.75084015,8.83926065,3.6900681,3.20564605,44.61952535,58.752628349999995,3.840655,5.07075055,15.09262865,37.39477675,4.2740625,5.870327,8.3122975,2.835872,10.522003999999999,2.6352615,4.5281338,6.9902755,2.671212,7.749665,4.65236015,3.656113,43.426223500000006,11.856286,3.0549020000000002,4.316825,15.264339,5.5183469999999994,22.532592,13.2063555,9.821864000000001,17.7887925,3.951116,1.764946,2.7181675,2.113239,56.476443,3.4498585,23.1870685,1.9242685000000002,2.5754159999999997,4.9338795,4.9148305,3.4478345,1.9075790000000001,3.2445455,7.0226635,16.7982655,2.0992335,5.173196000000001,2.6513145,3.4620506795,2.2949101135000003,5.561539,13.527301,4.8386260000000005,9.679453500000001,3.692935,2.2506915000000003,3.1536435,2.3341485000000004,2.7969035,3.2340565000000003,2.530869,4.082977,3.2814985,2.671936,2.1893325,2.7346225,1.9573665,3.648759
ROS1,1926.2872439999999,141.474563,179.502047,211.2361265,276.4082725,70.660624,148.04970550000002,199.595344,84.4441585,610.271885,316.8911615,330.12731499999995,23.498281,94.712175,83.297235,114.824445,273.76448,220.6170185,40.867087,202.86162050000001,84.73907,89.033065,112.450765,563.930535,116.2176065,29.7038,74.5336765,55.479975,132.254445,789.7434099999999,93.56410600000001,112.440245,105.0905135,34.0809225,265.14443800000004,585.121176,72.3631675,170.8959835,526.193077,91.88392,194.52005,107.18179,68.281435,116.198125,95.261305,743.13546,87.69118999999999,49.505720000000004,26.63583,73.36281,1051.043095,591.40986,116.41290000000001,1143.512825,63.2327,497.768415,175.83896,819.112078,48.4651465,67.1670935,61.776122,19.6096185,76.10029399999999,30.922343499999997,52.522101,306.1310375,98.345684,110.37252000000001,275.327205,179.26764500000002,277.00138,255.099014,64.06,101.1258035,359.23055949999997,49.9779045,51.8075155,925.8470399999999,759.96936,308.859695,134.590385,58.66244999999999,78.06905499999999,141.892215,110.43420499999999,112.11204,390.241145,1244.11141,170.015745,153.67179,107.066225,738.5884665,617.7298665,221.9890635,197.77896950000002,152.731336,76.229827,1833.0398435,17.408949,295.4551225,110.3868625,348.169717,507.00325250000003,113.6124275,188.7400625,976.260975,822.871269,426.623008,165.60472099999998,55.136978500000005,322.20489,496.6949925,268.552905,259.511755,151.0337015,608.352845,87.373895,342.51890000000003,475.41747999999995,117.15869,347.657465,426.20239499999997,313.33594,632.952335,466.24217,224.51387,118.861225,502.37493,240.069655,599.409459,358.91474550000004,418.34739949999994,118.47299100000001,206.794667,29.650357999999997,268.2354315,192.0795205,607.4539615,94.2785165,58.1669505,1430.26232,69.67791,764.6648849999999,410.957185,288.32057499999996,477.849355,737.195575,310.72913,1919.1208550000001,659.8162609999999,616.9629615,342.67814350000003,100.3545,571.806785,312.90041,141.93259700000002,159.520418,142.5626735,360.86121,312.779475,531.134195,372.349655,242.05506,1054.4538400000001,194.49618,156.041895,200.407448,202.1230215,569.03449,158.378635,393.1317,581.484935,339.360315,530.029535,1031.88179,240.98255500000002,162.75994500000002,533.77457,658.28665,244.080875,473.93152499999997,437.384732,217.786125,129.09797500000002,653.43661,298.17529,365.88159,172.12351,362.91015500000003,302.52791,258.021995,374.78078,349.801285,1297.883785,156.71177,864.48366,351.70953499999996,409.91766399999995,688.770057,1735.6594575,373.6452325,407.050925,146.202832,181.46495,1937.114886,130.47242649999998,438.0536895,764.5102955,694.2554515,495.851207,405.5260265,221.3889585,266.1472575,670.471441,59.825622499999994,317.95576,104.265084,670.9724199999999,221.4486005,460.9810165,1071.2871890000001,464.603124,251.60441250000002,230.1049325,397.34081,91.6125475,175.94211565,129.06726215,253.205854,119.3201105,97.4092565,103.2458375,132.0459265,137.540723,226.0281065,192.92055349999998,131.36924299999998,83.0780405,111.305237,125.5030865,111.773867,67.8515845,224.3125905,137.061351,126.44142550000001,113.079768
