Gene_set,Term,Overlap,P-value,Adjusted P-value,Old P-value,Old Adjusted P-value,Odds Ratio,Combined Score,Genes,physiotype,library
GO_Biological_Process_2021,regulation of B cell proliferation (GO:0030888),7/46,3.4629243628747584e-07,0.0003230908430562149,0,0,18.377441211638104,273.3824888472053,BLK;TNFRSF13B;FCRL3;MZB1;TNFRSF13C;CD22;TNFRSF21,1,GO_Biological_Process_2021
GO_Biological_Process_2021,B cell receptor signaling pathway (GO:0050853),6/34,9.879356471904303e-07,0.0004608719794143357,0,0,21.83946980854197,301.98850704121634,BLK;CD79B;CD79A;IGLL5;CD19;MS4A1,1,GO_Biological_Process_2021
GO_Biological_Process_2021,regulation of B cell receptor signaling pathway (GO:0050855),5/23,2.7643280226436368e-06,0.0008597060150421711,0,0,28.17948717948718,360.6611683989916,BLK;FCRL3;CD19;PAX5;CD22,1,GO_Biological_Process_2021
GO_Biological_Process_2021,regulation of B cell activation (GO:0050864),5/28,7.75242440134287e-06,0.0018082529916132,0,0,22.0479375696767,259.44921421372527,IGLL5;CD19;FCRL3;MZB1;CD22,1,GO_Biological_Process_2021
GO_Biological_Process_2021,B cell proliferation (GO:0042100),5/32,1.5377155419858243e-05,0.0028693772013455,0,0,18.77777777777778,208.10711759419505,CD79A;CR2;CD19;CD180;MS4A1,1,GO_Biological_Process_2021
GO_Biological_Process_2021,homophilic cell adhesion via plasma membrane adhesion molecules (GO:0007156),6/60,2.963485145494461e-05,0.0046082194012438,0,0,11.309278350515465,117.91686334351428,CEACAM6;CEACAM5;PLXNB3;VSTM2L;NECTIN4;NECTIN1,1,GO_Biological_Process_2021
GO_Biological_Process_2021,regulation of dendritic cell apoptotic process (GO:2000668),3/11,0.00015320271943439296,0.0204197338903269,0,0,37.6751269035533,330.92884130781977,BLK;CCR7;CCL19,1,GO_Biological_Process_2021
GO_Biological_Process_2021,negative regulation of B cell proliferation (GO:0030889),3/12,0.00020276702349047895,0.0236477041145771,0,0,33.48730964467005,284.75776049641166,BLK;TNFRSF13B;TNFRSF21,1,GO_Biological_Process_2021
GO_Biological_Process_2021,regulation of antigen receptor-mediated signaling pathway (GO:0050854),3/13,0.00026165809515097364,0.0271252225306509,0,0,30.13705583756345,248.5846578261998,BLK;CD19;PAX5,1,GO_Biological_Process_2021
GO_Biological_Process_2021,antigen receptor-mediated signaling pathway (GO:0050851),8/185,0.0005616536616338587,0.0505617675345049,0,0,4.619350282485875,34.574105340102705,BLK;CD79B;CD79A;IGLL5;CD19;MS4A1;CARD11;TNFRSF21,1,GO_Biological_Process_2021
GO_Biological_Process_2021,negative regulation of lymphocyte proliferation (GO:0050672),4/39,0.0006068640222899578,0.0505617675345049,0,0,11.524781341107872,85.36642728574833,BLK;TNFRSF13B;FOXP3;TNFRSF21,1,GO_Biological_Process_2021
GO_Biological_Process_2021,cellular response to tumor necrosis factor (GO:0071356),8/194,0.0007666843378305588,0.0505617675345049,0,0,4.393817204301075,31.51876385529024,CCL22;TNFRSF13B;LTA;CD27;TNFRSF13C;CCL19;LTB;TNFRSF21,1,GO_Biological_Process_2021
GO_Biological_Process_2021,heterophilic cell-cell adhesion via plasma membrane cell adhesion molecules (GO:0007157),4/42,0.0008067730463282587,0.0505617675345049,0,0,10.613319011815252,75.59302673955138,CEACAM6;CEACAM5;NECTIN4;NECTIN1,1,GO_Biological_Process_2021
GO_Biological_Process_2021,positive regulation of JNK cascade (GO:0046330),5/73,0.0008234685243405408,0.0505617675345049,0,0,7.440422322775264,52.84176944790253,UNC5CL;SERPINF2;CD27;CCR7;CCL19,1,GO_Biological_Process_2021
GO_Biological_Process_2021,negative regulation of immunoglobulin production (GO:0002638),2/5,0.0009754681839454336,0.0505617675345049,0,0,66.65656565656566,462.1028413784856,FCRL3;CD22,1,GO_Biological_Process_2021
GO_Biological_Process_2021,establishment of T cell polarity (GO:0001768),2/5,0.0009754681839454336,0.0505617675345049,0,0,66.65656565656566,462.1028413784856,CCR7;CCL19,1,GO_Biological_Process_2021
GO_Biological_Process_2021,response to prostaglandin (GO:0034694),2/5,0.0009754681839454336,0.0505617675345049,0,0,66.65656565656566,462.1028413784856,CCR7;CCL19,1,GO_Biological_Process_2021
GO_Biological_Process_2021,mature conventional dendritic cell differentiation (GO:0097029),2/5,0.0009754681839454336,0.0505617675345049,0,0,66.65656565656566,462.1028413784856,CCR7;CCL19,1,GO_Biological_Process_2021
GO_Biological_Process_2021,positive regulation of cell-cell adhesion (GO:0022409),4/47,0.0012365931398092,0.0513952371913167,0,0,9.376839107736116,62.78164306999791,CEACAM6;SERPINF2;CXCL13;FUT3,1,GO_Biological_Process_2021
GO_Biological_Process_2021,positive regulation of cell adhesion (GO:0045785),5/80,0.0012458385137188,0.0513952371913167,0,0,6.743589743589744,45.1007672259829,ADGRG1;AGR2;LIF;CCR7;FUT3,1,GO_Biological_Process_2021
GO_Biological_Process_2021,negative regulation of B cell activation (GO:0050869),3/22,0.0013185462203513,0.0513952371913167,0,0,15.854394870424793,105.13406751270358,BLK;TNFRSF13B;TNFRSF21,1,GO_Biological_Process_2021
GO_Biological_Process_2021,negative regulation of B cell receptor signaling pathway (GO:0050859),2/6,0.0014535707837741,0.0513952371913167,0,0,49.98989898989899,326.6206097208578,FCRL3;CD22,1,GO_Biological_Process_2021
GO_Biological_Process_2021,positive regulation of antigen processing and presentation (GO:0002579),2/6,0.0014535707837741,0.0513952371913167,0,0,49.98989898989899,326.6206097208578,CCR7;CCL19,1,GO_Biological_Process_2021
GO_Biological_Process_2021,establishment of lymphocyte polarity (GO:0001767),2/6,0.0014535707837741,0.0513952371913167,0,0,49.98989898989899,326.6206097208578,CCR7;CCL19,1,GO_Biological_Process_2021
GO_Biological_Process_2021,positive regulation of dendritic cell antigen processing and presentation (GO:0002606),2/6,0.0014535707837741,0.0513952371913167,0,0,49.98989898989899,326.6206097208578,CCR7;CCL19,1,GO_Biological_Process_2021
GO_Biological_Process_2021,glycoprotein biosynthetic process (GO:0009101),5/83,0.0014688493611099,0.0513952371913167,0,0,6.483234714003944,42.29192897294149,FUT6;ST6GALNAC1;B3GNT6;B3GNT3;FUT2,1,GO_Biological_Process_2021
GO_Biological_Process_2021,oligosaccharide biosynthetic process (GO:0009312),3/23,0.0015052246919242,0.0513952371913167,0,0,15.060913705583756,97.87806321199126,FUT6;FUT2;FUT3,1,GO_Biological_Process_2021
GO_Biological_Process_2021,B cell activation (GO:0042113),5/85,0.0016330044910439,0.0513952371913167,0,0,6.32051282051282,40.560840018013536,CD79B;CD79A;CR2;MS4A1;CD22,1,GO_Biological_Process_2021
GO_Biological_Process_2021,cell-cell adhesion via plasma-membrane adhesion molecules (GO:0098742),7/170,0.0016417160119961,0.0513952371913167,0,0,4.369465017959884,28.017067526816344,CLDN10;CEACAM6;CEACAM5;PLXNB3;VSTM2L;NECTIN4;NECTIN1,1,GO_Biological_Process_2021
GO_Biological_Process_2021,carbohydrate biosynthetic process (GO:0016051),3/24,0.0017076659731305,0.0513952371913167,0,0,14.343002175489485,91.40261395182884,FUT6;FUT2;FUT3,1,GO_Biological_Process_2021
GO_Biological_Process_2021,dendritic cell differentiation (GO:0097028),3/24,0.0017076659731305,0.0513952371913167,0,0,14.343002175489485,91.40261395182884,BLK;CCR7;CCL19,1,GO_Biological_Process_2021
GO_Biological_Process_2021,positive regulation of B cell activation (GO:0050871),4/53,0.001937740092534,0.0553560424716307,0,0,8.226155768429821,51.382484683548725,IGLL5;FCRL3;CD27;TNFRSF13C,1,GO_Biological_Process_2021
GO_Biological_Process_2021,negative regulation of dendritic cell apoptotic process (GO:2000669),2/7,0.0020216133697869,0.0553560424716307,0,0,39.98989898989899,248.09171029141777,CCR7;CCL19,1,GO_Biological_Process_2021
GO_Biological_Process_2021,iron coordination entity transport (GO:1901678),2/7,0.0020216133697869,0.0553560424716307,0,0,39.98989898989899,248.09171029141777,LCN2;LTF,1,GO_Biological_Process_2021
GO_Biological_Process_2021,regulation of humoral immune response (GO:0002920),4/54,0.0020765932331265,0.0553560424716307,0,0,8.061224489795919,49.79439807569174,CR2;CD19;CCR7;CXCL13,1,GO_Biological_Process_2021
GO_Biological_Process_2021,immunological synapse formation (GO:0001771),2/8,0.0026777674677022,0.0659004101142834,0,0,33.323232323232325,197.36590289038227,CCR7;CCL19,1,GO_Biological_Process_2021
GO_Biological_Process_2021,regulation of immunoglobulin production (GO:0002637),3/28,0.0026840467141937,0.0659004101142834,0,0,12.045685279187817,71.31563234569973,FCRL3;MZB1;CD22,1,GO_Biological_Process_2021
GO_Biological_Process_2021,positive regulation of phosphatidylinositol 3-kinase activity (GO:0043552),3/28,0.0026840467141937,0.0659004101142834,0,0,12.045685279187817,71.31563234569973,CD19;CCR7;CCL19,1,GO_Biological_Process_2021
GO_Biological_Process_2021,positive regulation of stress-activated MAPK cascade (GO:0032874),5/99,0.0031829814394319,0.0673495499079716,0,0,5.375340971085652,30.90787173221737,UNC5CL;SERPINF2;CD27;CCR7;CCL19,1,GO_Biological_Process_2021
GO_Biological_Process_2021,B cell differentiation (GO:0030183),4/61,0.0032458250655199,0.0673495499079716,0,0,7.0687432867884,40.50662547348915,CD79B;CD79A;CR2;MS4A1,1,GO_Biological_Process_2021
GO_Biological_Process_2021,O-glycan processing (GO:0016266),4/61,0.0032458250655199,0.0673495499079716,0,0,7.0687432867884,40.50662547348915,B3GNT6;B3GNT3;MUC5B;MUC4,1,GO_Biological_Process_2021
GO_Biological_Process_2021,positive regulation of lipid kinase activity (GO:0090218),3/30,0.0032779948419926,0.0673495499079716,0,0,11.152284263959393,63.79690278522437,CD19;CCR7;CCL19,1,GO_Biological_Process_2021
GO_Biological_Process_2021,regulation of dendritic cell antigen processing and presentation (GO:0002604),2/9,0.0034202318391573,0.0673495499079716,0,0,28.561327561327563,162.17255858986445,CCR7;CCL19,1,GO_Biological_Process_2021
GO_Biological_Process_2021,negative regulation of production of molecular mediator of immune response (GO:0002701),2/9,0.0034202318391573,0.0673495499079716,0,0,28.561327561327563,162.17255858986445,FCRL3;CD22,1,GO_Biological_Process_2021
GO_Biological_Process_2021,fucose catabolic process (GO:0019317),2/9,0.0034202318391573,0.0673495499079716,0,0,28.561327561327563,162.17255858986445,FUT6;FUT2,1,GO_Biological_Process_2021
GO_Biological_Process_2021,L-fucose catabolic process (GO:0042355),2/9,0.0034202318391573,0.0673495499079716,0,0,28.561327561327563,162.17255858986445,FUT6;FUT2,1,GO_Biological_Process_2021
GO_Biological_Process_2021,L-fucose metabolic process (GO:0042354),2/9,0.0034202318391573,0.0673495499079716,0,0,28.561327561327563,162.17255858986445,FUT6;FUT2,1,GO_Biological_Process_2021
GO_Biological_Process_2021,innate immune response (GO:0045087),9/302,0.0034649286126287,0.0673495499079716,0,0,3.13712631560138,17.77201899788515,BLK;IGLL5;BPIFA1;CR2;BPIFB1;LCN2;RNF39;WFDC2;LTF,1,GO_Biological_Process_2021
GO_Biological_Process_2021,antimicrobial humoral immune response mediated by antimicrobial peptide (GO:0061844),4/64,0.0038612882755342,0.0735220808382343,0,0,6.714285714285714,37.30963669275872,BPIFA1;CXCL13;CXCL14;LTF,1,GO_Biological_Process_2021
GO_Biological_Process_2021,regulation of JNK cascade (GO:0046328),5/105,0.0040960318506073,0.0764319543323322,0,0,5.051282051282051,27.770618287278307,UNC5CL;SERPINF2;CD27;CCR7;CCL19,1,GO_Biological_Process_2021
GO_Biological_Process_2021,immunoglobulin mediated immune response (GO:0016064),2/10,0.0042472321345398,0.0776993643436406,0,0,24.98989898989899,136.4820277236255,CD19;CD27,1,GO_Biological_Process_2021
GO_Biological_Process_2021,positive regulation of interleukin-12 production (GO:0032735),3/34,0.0046920695585813,0.084186555733776,0,0,9.711314884558703,52.07091984713094,CCR7;CCL19;LTB,1,GO_Biological_Process_2021
GO_Biological_Process_2021,regulation of phosphatidylinositol 3-kinase activity (GO:0043551),3/35,0.0050945877067937,0.0874818211512808,0,0,9.407360406091373,49.666879272481374,CD19;CCR7;CCL19,1,GO_Biological_Process_2021
GO_Biological_Process_2021,B cell mediated immunity (GO:0019724),2/11,0.0051570205394645,0.0874818211512808,0,0,22.21212121212121,117.00004466783103,CD19;CD27,1,GO_Biological_Process_2021
GO_Biological_Process_2021,response to prostaglandin E (GO:0034695),2/11,0.0051570205394645,0.0874818211512808,0,0,22.21212121212121,117.00004466783103,CCR7;CCL19,1,GO_Biological_Process_2021
GO_Biological_Process_2021,negative regulation of leukocyte apoptotic process (GO:2000107),2/12,0.0061478754316609,0.0985529919508334,0,0,19.98989898989899,101.78154350719132,CCR7;CCL19,1,GO_Biological_Process_2021
GO_Biological_Process_2021,poly-N-acetyllactosamine biosynthetic process (GO:0030311),2/12,0.0061478754316609,0.0985529919508334,0,0,19.98989898989899,101.78154350719132,B3GNT6;B3GNT3,1,GO_Biological_Process_2021
GO_Biological_Process_2021,sphingoid metabolic process (GO:0046519),2/12,0.0061478754316609,0.0985529919508334,0,0,19.98989898989899,101.78154350719132,PLPP2;SGPP2,1,GO_Biological_Process_2021
GO_Biological_Process_2021,tumor necrosis factor-mediated signaling pathway (GO:0033209),5/116,0.0062321827707386,0.0985529919508334,0,0,4.548163548163548,23.095704770902916,TNFRSF13B;LTA;CD27;TNFRSF13C;LTB,1,GO_Biological_Process_2021
GO_Biological_Process_2021,lymphocyte proliferation (GO:0046651),3/38,0.0064242870484076,0.0998976636027394,0,0,8.599709934735316,43.40849457481817,CD79A;CR2;MS4A1,1,GO_Biological_Process_2021
GO_Biological_Process_2021,regulation of T cell proliferation (GO:0042129),4/76,0.0071076364988025,0.1068966391568535,0,0,5.591836734693878,27.660498564595542,TNFRSF13C;CCL19;FOXP3;TNFRSF21,1,GO_Biological_Process_2021
GO_Biological_Process_2021,poly-N-acetyllactosamine metabolic process (GO:0030309),2/13,0.0072181010363148,0.1068966391568535,0,0,18.171717171717173,89.6077061786221,B3GNT6;B3GNT3,1,GO_Biological_Process_2021
GO_Biological_Process_2021,response to nitric oxide (GO:0071731),2/13,0.0072181010363148,0.1068966391568535,0,0,18.171717171717173,89.6077061786221,CCR7;CCL19,1,GO_Biological_Process_2021
GO_Biological_Process_2021,positive regulation of glycoprotein biosynthetic process (GO:0010560),2/14,0.0083660270881822,0.1219609886449067,0,0,16.656565656565657,79.67795051677446,CCR7;CCL19,1,GO_Biological_Process_2021
GO_Biological_Process_2021,defense response to bacterium (GO:0042742),6/176,0.0086498721180764,0.1241589336333126,0,0,3.57125530624621,16.96421531881607,IGLL5;BPIFA1;LCN2;CXCL13;WFDC2;LTF,1,GO_Biological_Process_2021
GO_Biological_Process_2021,lipid modification (GO:0030258),3/43,0.0090618828226133,0.1281020708105799,0,0,7.522842639593908,35.3850321555175,DGKA;SGPP2;PLPP2,1,GO_Biological_Process_2021
GO_Biological_Process_2021,regulation of integrin activation (GO:0033623),2/15,0.0095900084936835,0.1284711900513721,0,0,15.374514374514376,71.44588341233826,FBLIM1;CXCL13,1,GO_Biological_Process_2021
GO_Biological_Process_2021,regulation of lymphocyte activation (GO:0051249),2/15,0.0095900084936835,0.1284711900513721,0,0,15.374514374514376,71.44588341233826,FCRL3;CD19,1,GO_Biological_Process_2021
GO_Biological_Process_2021,antibacterial humoral response (GO:0019731),3/44,0.0096544592002155,0.1284711900513721,0,0,7.338987247740498,34.05536215760635,BPIFA1;WFDC2;LTF,1,GO_Biological_Process_2021
GO_Biological_Process_2021,lymphocyte chemotaxis (GO:0048247),3/44,0.0096544592002155,0.1284711900513721,0,0,7.338987247740498,34.05536215760635,CCL22;CCL19;CXCL13,1,GO_Biological_Process_2021
GO_Biological_Process_2021,cytokine-mediated signaling pathway (GO:0019221),13/621,0.009865309931081,0.1284711900513721,0,0,2.1944131719673514,10.135403535795303,CCL22;TNFRSF13B;MX2;LIF;TNFRSF13C;CXCL13;FCER2;LCN2;LTA;CD27;CCL19;LTB;CRLF1,1,GO_Biological_Process_2021
GO_Biological_Process_2021,protein glycosylation (GO:0006486),5/130,0.0099508954614366,0.1284711900513721,0,0,4.035897435897436,18.60586145140937,FUT6;ST6GALNAC1;B3GNT6;B3GNT3;FUT2,1,GO_Biological_Process_2021
GO_Biological_Process_2021,lymphocyte differentiation (GO:0030098),4/84,0.010051872319132,0.1284711900513721,0,0,5.030612244897959,23.14079802223381,CD79B;CD79A;CR2;MS4A1,1,GO_Biological_Process_2021
GO_Biological_Process_2021,negative regulation of anoikis (GO:2000811),2/16,0.0108884250018907,0.131933773074858,0,0,14.275613275613276,64.52655688502057,CEACAM6;CEACAM5,1,GO_Biological_Process_2021
GO_Biological_Process_2021,B cell activation involved in immune response (GO:0002312),2/16,0.0108884250018907,0.131933773074858,0,0,14.275613275613276,64.52655688502057,CD19;CD180,1,GO_Biological_Process_2021
GO_Biological_Process_2021,dendritic cell chemotaxis (GO:0002407),2/16,0.0108884250018907,0.131933773074858,0,0,14.275613275613276,64.52655688502057,CCR7;CCL19,1,GO_Biological_Process_2021
GO_Biological_Process_2021,digestive tract morphogenesis (GO:0048546),2/16,0.0108884250018907,0.131933773074858,0,0,14.275613275613276,64.52655688502057,AGR2;STRA6,1,GO_Biological_Process_2021
GO_Biological_Process_2021,negative regulation of interleukin-10 production (GO:0032693),2/17,0.0122596808748648,0.1466446443108831,0,0,13.323232323232324,58.64139939765107,FOXP3;TNFRSF21,1,GO_Biological_Process_2021
GO_Biological_Process_2021,aminoglycan biosynthetic process (GO:0006023),3/49,0.0129514996055504,0.151046864149732,0,0,6.539615978812624,28.42472661929245,B3GNT6;B3GNT3;HS3ST1,1,GO_Biological_Process_2021
GO_Biological_Process_2021,oligosaccharide metabolic process (GO:0009311),3/49,0.0129514996055504,0.151046864149732,0,0,6.539615978812624,28.42472661929245,FUT6;FUT2;FUT3,1,GO_Biological_Process_2021
GO_Biological_Process_2021,regulation of B cell differentiation (GO:0045577),2/18,0.0137022045657748,0.1521923435698564,0,0,12.48989898989899,53.58414643474309,FCRL3;CD27,1,GO_Biological_Process_2021
GO_Biological_Process_2021,dendritic cell migration (GO:0036336),2/18,0.0137022045657748,0.1521923435698564,0,0,12.48989898989899,53.58414643474309,CCR7;CCL19,1,GO_Biological_Process_2021
GO_Biological_Process_2021,positive regulation of cell adhesion mediated by integrin (GO:0033630),2/18,0.0137022045657748,0.1521923435698564,0,0,12.48989898989899,53.58414643474309,LIF;CXCL13,1,GO_Biological_Process_2021
GO_Biological_Process_2021,positive regulation of phosphoprotein phosphatase activity (GO:0032516),2/18,0.0137022045657748,0.1521923435698564,0,0,12.48989898989899,53.58414643474309,FCRL3;PPP1R14D,1,GO_Biological_Process_2021
GO_Biological_Process_2021,regulation of interleukin-12 production (GO:0032655),3/51,0.0144285702203611,0.1583747766540822,0,0,6.266497461928934,26.5608314530226,CCR7;LTB;CCL19,1,GO_Biological_Process_2021
GO_Biological_Process_2021,regulation of lymphocyte proliferation (GO:0050670),2/19,0.0152144484017713,0.1594952849309288,0,0,11.754604872251932,49.19901329869125,MZB1;CD22,1,GO_Biological_Process_2021
GO_Biological_Process_2021,diol metabolic process (GO:0034311),2/19,0.0152144484017713,0.1594952849309288,0,0,11.754604872251932,49.19901329869125,SGPP2;PLPP2,1,GO_Biological_Process_2021
GO_Biological_Process_2021,positive regulation of neutrophil chemotaxis (GO:0090023),2/19,0.0152144484017713,0.1594952849309288,0,0,11.754604872251932,49.19901329869125,CCR7;CCL19,1,GO_Biological_Process_2021
GO_Biological_Process_2021,sphingosine metabolic process (GO:0006670),2/19,0.0152144484017713,0.1594952849309288,0,0,11.754604872251932,49.19901329869125,SGPP2;PLPP2,1,GO_Biological_Process_2021
GO_Biological_Process_2021,ceramide metabolic process (GO:0006672),3/55,0.0176580617409628,0.1830552400479819,0,0,5.783287778211636,23.34460456181631,FUT6;PLPP2;FUT3,1,GO_Biological_Process_2021
GO_Biological_Process_2021,regulation of anoikis (GO:2000209),2/21,0.0184420232483939,0.1838522501671501,0,0,10.516214779372676,41.9925427496273,CEACAM6;CEACAM5,1,GO_Biological_Process_2021
GO_Biological_Process_2021,regulation of lipopolysaccharide-mediated signaling pathway (GO:0031664),2/21,0.0184420232483939,0.1838522501671501,0,0,10.516214779372676,41.9925427496273,CD180;LTF,1,GO_Biological_Process_2021
GO_Biological_Process_2021,innate immune response in mucosa (GO:0002227),2/21,0.0184420232483939,0.1838522501671501,0,0,10.516214779372676,41.9925427496273,BPIFB1;LTF,1,GO_Biological_Process_2021
GO_Biological_Process_2021,chemokine-mediated signaling pathway (GO:0070098),3/56,0.018523163468073,0.1838522501671501,0,0,5.6738818120869645,22.631601044641528,CCL22;CCL19;CXCL13,1,GO_Biological_Process_2021
GO_Biological_Process_2021,protein O-linked glycosylation (GO:0006493),4/102,0.0192901194103944,0.1894492779989263,0,0,4.102873802582257,16.19881151232085,B3GNT6;B3GNT3;MUC5B;MUC4,1,GO_Biological_Process_2021
GO_Biological_Process_2021,positive regulation of granulocyte chemotaxis (GO:0071624),2/22,0.0201543754357544,0.1918778804240706,0,0,9.98989898989899,39.00390099361183,CCR7;CCL19,1,GO_Biological_Process_2021
GO_Biological_Process_2021,positive regulation of neutrophil migration (GO:1902624),2/22,0.0201543754357544,0.1918778804240706,0,0,9.98989898989899,39.00390099361183,CCR7;CCL19,1,GO_Biological_Process_2021
GO_Biological_Process_2021,membrane lipid metabolic process (GO:0006643),2/22,0.0201543754357544,0.1918778804240706,0,0,9.98989898989899,39.00390099361183,FUT2;SMPDL3B,1,GO_Biological_Process_2021
GO_Biological_Process_2021,peptidyl-L-cysteine S-palmitoylation (GO:0018230),2/23,0.02193048949736,0.2005994774611462,0,0,9.513708513708512,36.34120010270031,GOLGA7B;ZDHHC9,1,GO_Biological_Process_2021
GO_Biological_Process_2021,peptidyl-S-diacylglycerol-L-cysteine biosynthetic process from peptidyl-cysteine (GO:0018231),2/23,0.02193048949736,0.2005994774611462,0,0,9.513708513708512,36.34120010270031,GOLGA7B;ZDHHC9,1,GO_Biological_Process_2021
GO_Biological_Process_2021,regulation of toll-like receptor 4 signaling pathway (GO:0034143),2/23,0.02193048949736,0.2005994774611462,0,0,9.513708513708512,36.34120010270031,BPIFB1;LTF,1,GO_Biological_Process_2021
GO_Biological_Process_2021,positive regulation of histone acetylation (GO:0035066),2/23,0.02193048949736,0.2005994774611462,0,0,9.513708513708512,36.34120010270031,LIF;FOXP3,1,GO_Biological_Process_2021
GO_Biological_Process_2021,cellular response to chemokine (GO:1990869),3/60,0.0222156039824466,0.2012345486953666,0,0,5.274646005877639,20.080368230600836,CCL22;CCL19;CXCL13,1,GO_Biological_Process_2021
GO_Biological_Process_2021,immune response-activating cell surface receptor signaling pathway (GO:0002429),2/24,0.0237689324469591,0.2132347497405085,0,0,9.08080808080808,33.956554984338226,BLK;CD19,1,GO_Biological_Process_2021
GO_Biological_Process_2021,negative regulation of endopeptidase activity (GO:0010951),3/63,0.0252288983054118,0.2197111712634421,0,0,5.01015228426396,18.43618393885774,SERPINF1;SERPINF2;LTF,1,GO_Biological_Process_2021
GO_Biological_Process_2021,negative regulation of antigen receptor-mediated signaling pathway (GO:0050858),2/25,0.0256682933201663,0.2197111712634421,0,0,8.685551163812033,31.810820468950148,FCRL3;CD22,1,GO_Biological_Process_2021
GO_Biological_Process_2021,cellular polysaccharide biosynthetic process (GO:0033692),2/25,0.0256682933201663,0.2197111712634421,0,0,8.685551163812033,31.810820468950148,B3GNT6;B3GNT3,1,GO_Biological_Process_2021
GO_Biological_Process_2021,negative regulation of sequestering of calcium ion (GO:0051283),2/25,0.0256682933201663,0.2197111712634421,0,0,8.685551163812033,31.810820468950148,CCR7;CCL19,1,GO_Biological_Process_2021
GO_Biological_Process_2021,regulation of neutrophil chemotaxis (GO:0090022),2/25,0.0256682933201663,0.2197111712634421,0,0,8.685551163812033,31.810820468950148,CCR7;CCL19,1,GO_Biological_Process_2021
GO_Biological_Process_2021,positive regulation of I-kappaB kinase/NF-kappaB signaling (GO:0043123),5/171,0.0288909145265973,0.2426146471063931,0,0,3.032746370095768,10.748744933976464,UNC5CL;CCR7;CCL19;CARD11;LTF,1,GO_Biological_Process_2021
GO_Biological_Process_2021,sphingolipid metabolic process (GO:0006665),4/116,0.0292190224583922,0.2426146471063931,0,0,3.587463556851312,12.674276737042405,FUT6;PLPP2;SGPP2;FUT3,1,GO_Biological_Process_2021
GO_Biological_Process_2021,positive regulation of cellular component movement (GO:0051272),2/27,0.0296442334084981,0.2426146471063931,0,0,7.98989898989899,28.11236101024157,CCR7;CCL19,1,GO_Biological_Process_2021
GO_Biological_Process_2021,regulation of toll-like receptor signaling pathway (GO:0034121),2/27,0.0296442334084981,0.2426146471063931,0,0,7.98989898989899,28.11236101024157,FCRL3;SMPDL3B,1,GO_Biological_Process_2021
GO_Biological_Process_2021,release of sequestered calcium ion into cytosol (GO:0051209),2/27,0.0296442334084981,0.2426146471063931,0,0,7.98989898989899,28.11236101024157,CCR7;CCL19,1,GO_Biological_Process_2021
GO_Biological_Process_2021,response to ketone (GO:1901654),2/28,0.0317180982356202,0.2551119452916698,0,0,7.682206682206682,26.51027997028578,CCR7;CCL19,1,GO_Biological_Process_2021
GO_Biological_Process_2021,mucosal immune response (GO:0002385),2/28,0.0317180982356202,0.2551119452916698,0,0,7.682206682206682,26.51027997028578,BPIFB1;LTF,1,GO_Biological_Process_2021
GO_Biological_Process_2021,neutrophil chemotaxis (GO:0030593),3/70,0.0330703326834923,0.2637147042196437,0,0,4.485112508523373,15.290280888801105,CCL22;CCL19;CXCL13,1,GO_Biological_Process_2021
GO_Biological_Process_2021,positive regulation of B cell proliferation (GO:0030890),2/30,0.0360309884965366,0.2824950610694846,0,0,7.132756132756133,23.70482996930019,FCRL3;TNFRSF13C,1,GO_Biological_Process_2021
GO_Biological_Process_2021,response to alcohol (GO:0097305),2/30,0.0360309884965366,0.2824950610694846,0,0,7.132756132756133,23.70482996930019,CCR7;CCL19,1,GO_Biological_Process_2021
GO_Biological_Process_2021,granulocyte chemotaxis (GO:0071621),3/73,0.0367752254746638,0.2859273780655116,0,0,4.292240754169688,14.17697453700434,CCL22;CCL19;CXCL13,1,GO_Biological_Process_2021
GO_Biological_Process_2021,protein palmitoylation (GO:0018345),2/31,0.0382674239788824,0.2926516932155514,0,0,6.886450714036921,22.47156498788087,GOLGA7B;ZDHHC9,1,GO_Biological_Process_2021
GO_Biological_Process_2021,positive regulation of locomotion (GO:0040017),2/31,0.0382674239788824,0.2926516932155514,0,0,6.886450714036921,22.47156498788087,CCR7;CCL19,1,GO_Biological_Process_2021
GO_Biological_Process_2021,positive regulation of lymphocyte proliferation (GO:0050671),3/75,0.0393585070908985,0.2961410251274867,0,0,4.1725888324873095,13.498504866555718,FCRL3;TNFRSF13C;CCL19,1,GO_Biological_Process_2021
GO_Biological_Process_2021,positive regulation of T cell activation (GO:0050870),3/75,0.0393585070908985,0.2961410251274867,0,0,4.1725888324873095,13.498504866555718,CCR7;TNFRSF13C;CCL19,1,GO_Biological_Process_2021
GO_Biological_Process_2021,neutrophil migration (GO:1990266),3/77,0.0420316296186853,0.3008588620993302,0,0,4.059404582247222,12.865604326296657,CCL22;CCL19;CXCL13,1,GO_Biological_Process_2021
GO_Biological_Process_2021,regulation of cell adhesion (GO:0030155),4/133,0.0447024255395489,0.3008588620993302,0,0,3.1120075937351683,9.671271629689835,ADGRG1;PLXNB3;CCR7;FUT2,1,GO_Biological_Process_2021
GO_Biological_Process_2021,regulation of cell motility (GO:2000145),4/133,0.0447024255395489,0.3008588620993302,0,0,3.1120075937351683,9.671271629689835,PLXNB3;CCR7;CCL19;FUT3,1,GO_Biological_Process_2021
GO_Biological_Process_2021,negative regulation of T cell proliferation (GO:0042130),2/35,0.0477171520360592,0.3008588620993302,0,0,6.05050505050505,18.408446001894514,FOXP3;TNFRSF21,1,GO_Biological_Process_2021
GO_Biological_Process_2021,cellular response to virus (GO:0098586),2/35,0.0477171520360592,0.3008588620993302,0,0,6.05050505050505,18.408446001894514,POU2AF1;CCL19,1,GO_Biological_Process_2021
GO_Biological_Process_2021,pulmonary artery morphogenesis (GO:0061156),1/5,0.049014519870416,0.3008588620993302,0,0,24.86934673366834,74.99696447567176,STRA6,1,GO_Biological_Process_2021
GO_Biological_Process_2021,negative regulation of CREB transcription factor activity (GO:0032792),1/5,0.049014519870416,0.3008588620993302,0,0,24.86934673366834,74.99696447567176,FOXP3,1,GO_Biological_Process_2021
GO_Biological_Process_2021,antifungal humoral response (GO:0019732),1/5,0.049014519870416,0.3008588620993302,0,0,24.86934673366834,74.99696447567176,LTF,1,GO_Biological_Process_2021
GO_Biological_Process_2021,negative regulation of histone deacetylation (GO:0031064),1/5,0.049014519870416,0.3008588620993302,0,0,24.86934673366834,74.99696447567176,FOXP3,1,GO_Biological_Process_2021
GO_Biological_Process_2021,negative regulation of interleukin-13 production (GO:0032696),1/5,0.049014519870416,0.3008588620993302,0,0,24.86934673366834,74.99696447567176,TNFRSF21,1,GO_Biological_Process_2021
GO_Biological_Process_2021,negative regulation of interleukin-5 production (GO:0032714),1/5,0.049014519870416,0.3008588620993302,0,0,24.86934673366834,74.99696447567176,TNFRSF21,1,GO_Biological_Process_2021
GO_Biological_Process_2021,cannabinoid signaling pathway (GO:0038171),1/5,0.049014519870416,0.3008588620993302,0,0,24.86934673366834,74.99696447567176,CNR2,1,GO_Biological_Process_2021
GO_Biological_Process_2021,negative regulation of myelination (GO:0031642),1/5,0.049014519870416,0.3008588620993302,0,0,24.86934673366834,74.99696447567176,TNFRSF21,1,GO_Biological_Process_2021
GO_Biological_Process_2021,negative regulation of plasminogen activation (GO:0010757),1/5,0.049014519870416,0.3008588620993302,0,0,24.86934673366834,74.99696447567176,SERPINF2,1,GO_Biological_Process_2021
GO_Biological_Process_2021,cellular response to heparin (GO:0071504),1/5,0.049014519870416,0.3008588620993302,0,0,24.86934673366834,74.99696447567176,AOC1,1,GO_Biological_Process_2021
GO_Biological_Process_2021,regulation of growth rate (GO:0040009),1/5,0.049014519870416,0.3008588620993302,0,0,24.86934673366834,74.99696447567176,TMPRSS4,1,GO_Biological_Process_2021
GO_Biological_Process_2021,cellular response to vitamin D (GO:0071305),1/5,0.049014519870416,0.3008588620993302,0,0,24.86934673366834,74.99696447567176,CYP24A1,1,GO_Biological_Process_2021
GO_Biological_Process_2021,chronic inflammatory response (GO:0002544),1/5,0.049014519870416,0.3008588620993302,0,0,24.86934673366834,74.99696447567176,CXCL13,1,GO_Biological_Process_2021
GO_Biological_Process_2021,diaphragm development (GO:0060539),1/5,0.049014519870416,0.3008588620993302,0,0,24.86934673366834,74.99696447567176,STRA6,1,GO_Biological_Process_2021
GO_Biological_Process_2021,peptidyl-lysine oxidation (GO:0018057),1/5,0.049014519870416,0.3008588620993302,0,0,24.86934673366834,74.99696447567176,LOXL1,1,GO_Biological_Process_2021
GO_Biological_Process_2021,"positive regulation of CD4-positive, CD25-positive, alpha-beta regulatory T cell differentiation (GO:0032831)",1/5,0.049014519870416,0.3008588620993302,0,0,24.86934673366834,74.99696447567176,FOXP3,1,GO_Biological_Process_2021
GO_Biological_Process_2021,fatty acid omega-oxidation (GO:0010430),1/5,0.049014519870416,0.3008588620993302,0,0,24.86934673366834,74.99696447567176,CYP24A1,1,GO_Biological_Process_2021
GO_Biological_Process_2021,female genitalia development (GO:0030540),1/5,0.049014519870416,0.3008588620993302,0,0,24.86934673366834,74.99696447567176,STRA6,1,GO_Biological_Process_2021
GO_Biological_Process_2021,positive regulation of endothelial cell-matrix adhesion via fibronectin (GO:1904906),1/5,0.049014519870416,0.3008588620993302,0,0,24.86934673366834,74.99696447567176,CEACAM6,1,GO_Biological_Process_2021
GO_Biological_Process_2021,positive regulation of glycoprotein metabolic process (GO:1903020),1/5,0.049014519870416,0.3008588620993302,0,0,24.86934673366834,74.99696447567176,CCL19,1,GO_Biological_Process_2021
GO_Biological_Process_2021,L-aspartate transmembrane transport (GO:0070778),1/5,0.049014519870416,0.3008588620993302,0,0,24.86934673366834,74.99696447567176,SLC1A4,1,GO_Biological_Process_2021
GO_Biological_Process_2021,postsynaptic endocytosis (GO:0140239),1/5,0.049014519870416,0.3008588620993302,0,0,24.86934673366834,74.99696447567176,MX2,1,GO_Biological_Process_2021
GO_Biological_Process_2021,postsynaptic neurotransmitter receptor internalization (GO:0098884),1/5,0.049014519870416,0.3008588620993302,0,0,24.86934673366834,74.99696447567176,MX2,1,GO_Biological_Process_2021
GO_Biological_Process_2021,negative regulation of toll-like receptor signaling pathway (GO:0034122),2/36,0.0501995008461569,0.3061185247677412,0,0,5.872251931075461,17.568310863627904,BPIFB1;SMPDL3B,1,GO_Biological_Process_2021
GO_Biological_Process_2021,positive regulation of MAPK cascade (GO:0043410),6/274,0.0577674060300651,0.3174734872093259,0,0,2.254039082935836,6.427010547376076,CCL22;FCRL3;SERPINF2;LIF;CCR7;CCL19,1,GO_Biological_Process_2021
GO_Biological_Process_2021,phospholipid dephosphorylation (GO:0046839),2/39,0.0579155744332589,0.3174734872093259,0,0,5.395304395304395,15.369975594462096,SGPP2;PLPP2,1,GO_Biological_Process_2021
GO_Biological_Process_2021,B cell chemotaxis (GO:0035754),1/6,0.0585267307609904,0.3174734872093259,0,0,19.894472361809044,56.46591775214154,CXCL13,1,GO_Biological_Process_2021
GO_Biological_Process_2021,negative regulation of lamellipodium organization (GO:1902744),1/6,0.0585267307609904,0.3174734872093259,0,0,19.894472361809044,56.46591775214154,PLXNB3,1,GO_Biological_Process_2021
GO_Biological_Process_2021,negative regulation of neuron migration (GO:2001223),1/6,0.0585267307609904,0.3174734872093259,0,0,19.894472361809044,56.46591775214154,ADGRG1,1,GO_Biological_Process_2021
GO_Biological_Process_2021,regulation of endothelial cell-matrix adhesion via fibronectin (GO:1904904),1/6,0.0585267307609904,0.3174734872093259,0,0,19.894472361809044,56.46591775214154,CEACAM6,1,GO_Biological_Process_2021
GO_Biological_Process_2021,choline transport (GO:0015871),1/6,0.0585267307609904,0.3174734872093259,0,0,19.894472361809044,56.46591775214154,SLC44A4,1,GO_Biological_Process_2021
GO_Biological_Process_2021,ear development (GO:0043583),1/6,0.0585267307609904,0.3174734872093259,0,0,19.894472361809044,56.46591775214154,STRA6,1,GO_Biological_Process_2021
GO_Biological_Process_2021,positive regulation of cell-cell adhesion mediated by integrin (GO:0033634),1/6,0.0585267307609904,0.3174734872093259,0,0,19.894472361809044,56.46591775214154,CXCL13,1,GO_Biological_Process_2021
GO_Biological_Process_2021,regulation of type B pancreatic cell proliferation (GO:0061469),1/6,0.0585267307609904,0.3174734872093259,0,0,19.894472361809044,56.46591775214154,SGPP2,1,GO_Biological_Process_2021
GO_Biological_Process_2021,positive regulation of epithelial cell differentiation involved in kidney development (GO:2000698),1/6,0.0585267307609904,0.3174734872093259,0,0,19.894472361809044,56.46591775214154,LIF,1,GO_Biological_Process_2021
GO_Biological_Process_2021,response to heparin (GO:0071503),1/6,0.0585267307609904,0.3174734872093259,0,0,19.894472361809044,56.46591775214154,AOC1,1,GO_Biological_Process_2021
GO_Biological_Process_2021,positive regulation of killing of cells of other organism (GO:0051712),1/6,0.0585267307609904,0.3174734872093259,0,0,19.894472361809044,56.46591775214154,FCER2,1,GO_Biological_Process_2021
GO_Biological_Process_2021,imitative learning (GO:0098596),1/6,0.0585267307609904,0.3174734872093259,0,0,19.894472361809044,56.46591775214154,STRA6,1,GO_Biological_Process_2021
GO_Biological_Process_2021,positive regulation of osteoblast proliferation (GO:0033690),1/6,0.0585267307609904,0.3174734872093259,0,0,19.894472361809044,56.46591775214154,LTF,1,GO_Biological_Process_2021
GO_Biological_Process_2021,lymphocyte apoptotic process (GO:0070227),1/6,0.0585267307609904,0.3174734872093259,0,0,19.894472361809044,56.46591775214154,TNFRSF21,1,GO_Biological_Process_2021
GO_Biological_Process_2021,vocal learning (GO:0042297),1/6,0.0585267307609904,0.3174734872093259,0,0,19.894472361809044,56.46591775214154,STRA6,1,GO_Biological_Process_2021
GO_Biological_Process_2021,proline transport (GO:0015824),1/6,0.0585267307609904,0.3174734872093259,0,0,19.894472361809044,56.46591775214154,SLC1A4,1,GO_Biological_Process_2021
GO_Biological_Process_2021,negative regulation of amyloid precursor protein biosynthetic process (GO:0042985),1/6,0.0585267307609904,0.3174734872093259,0,0,19.894472361809044,56.46591775214154,ITM2C,1,GO_Biological_Process_2021
GO_Biological_Process_2021,collagen fibril organization (GO:0030199),3/89,0.0599063264776533,0.321786816614206,0,0,3.490851139180734,9.82665226973149,SERPINF2;COL10A1;LOXL1,1,GO_Biological_Process_2021
GO_Biological_Process_2021,digestive tract development (GO:0048565),2/40,0.0605735018773766,0.321786816614206,0,0,5.253056884635832,14.729034349424168,AGR2;STRA6,1,GO_Biological_Process_2021
GO_Biological_Process_2021,lymphocyte migration (GO:0072676),2/40,0.0605735018773766,0.321786816614206,0,0,5.253056884635832,14.729034349424168,CCL22;CCL19,1,GO_Biological_Process_2021
GO_Biological_Process_2021,T cell activation (GO:0042110),3/92,0.0648498030509546,0.321786816614206,0,0,3.3726686819141047,9.226546999073705,CCR7;CCL19;FOXP3,1,GO_Biological_Process_2021
GO_Biological_Process_2021,calcium ion transmembrane import into cytosol (GO:0097553),2/42,0.0660116079502312,0.321786816614206,0,0,4.98989898989899,13.5621695873434,CCR7;CCL19,1,GO_Biological_Process_2021
GO_Biological_Process_2021,monocyte chemotaxis (GO:0002548),2/42,0.0660116079502312,0.321786816614206,0,0,4.98989898989899,13.5621695873434,CCL22;CCL19,1,GO_Biological_Process_2021
GO_Biological_Process_2021,negative regulation of nervous system process (GO:0031645),1/7,0.0679442688885301,0.321786816614206,0,0,16.57788944723618,44.57906348265406,TNFRSF21,1,GO_Biological_Process_2021
GO_Biological_Process_2021,regulation of endothelial cell chemotaxis to fibroblast growth factor (GO:2000544),1/7,0.0679442688885301,0.321786816614206,0,0,16.57788944723618,44.57906348265406,CXCL13,1,GO_Biological_Process_2021
GO_Biological_Process_2021,cellular response to histamine (GO:0071420),1/7,0.0679442688885301,0.321786816614206,0,0,16.57788944723618,44.57906348265406,AOC1,1,GO_Biological_Process_2021
GO_Biological_Process_2021,regulation of glial cell differentiation (GO:0045685),1/7,0.0679442688885301,0.321786816614206,0,0,16.57788944723618,44.57906348265406,TNFRSF21,1,GO_Biological_Process_2021
GO_Biological_Process_2021,negative regulation of T-helper 17 type immune response (GO:2000317),1/7,0.0679442688885301,0.321786816614206,0,0,16.57788944723618,44.57906348265406,FOXP3,1,GO_Biological_Process_2021
GO_Biological_Process_2021,nose development (GO:0043584),1/7,0.0679442688885301,0.321786816614206,0,0,16.57788944723618,44.57906348265406,STRA6,1,GO_Biological_Process_2021
GO_Biological_Process_2021,"complement activation, alternative pathway (GO:0006957)",1/7,0.0679442688885301,0.321786816614206,0,0,16.57788944723618,44.57906348265406,CR2,1,GO_Biological_Process_2021
GO_Biological_Process_2021,regulation of systemic arterial blood pressure by renin-angiotensin (GO:0003081),1/7,0.0679442688885301,0.321786816614206,0,0,16.57788944723618,44.57906348265406,SERPINF2,1,GO_Biological_Process_2021
GO_Biological_Process_2021,regulation of T cell tolerance induction (GO:0002664),1/7,0.0679442688885301,0.321786816614206,0,0,16.57788944723618,44.57906348265406,FOXP3,1,GO_Biological_Process_2021
GO_Biological_Process_2021,regulation of T-helper 1 cell differentiation (GO:0045625),1/7,0.0679442688885301,0.321786816614206,0,0,16.57788944723618,44.57906348265406,CCL19,1,GO_Biological_Process_2021
GO_Biological_Process_2021,glutamine transport (GO:0006868),1/7,0.0679442688885301,0.321786816614206,0,0,16.57788944723618,44.57906348265406,SLC1A4,1,GO_Biological_Process_2021
GO_Biological_Process_2021,positive regulation of humoral immune response (GO:0002922),1/7,0.0679442688885301,0.321786816614206,0,0,16.57788944723618,44.57906348265406,CCR7,1,GO_Biological_Process_2021
GO_Biological_Process_2021,positive regulation of IRE1-mediated unfolded protein response (GO:1903896),1/7,0.0679442688885301,0.321786816614206,0,0,16.57788944723618,44.57906348265406,AGR2,1,GO_Biological_Process_2021
GO_Biological_Process_2021,positive regulation of lipopolysaccharide-mediated signaling pathway (GO:0031666),1/7,0.0679442688885301,0.321786816614206,0,0,16.57788944723618,44.57906348265406,CD180,1,GO_Biological_Process_2021
GO_Biological_Process_2021,serine transport (GO:0032329),1/7,0.0679442688885301,0.321786816614206,0,0,16.57788944723618,44.57906348265406,SLC1A4,1,GO_Biological_Process_2021
GO_Biological_Process_2021,iron import into cell (GO:0033212),1/7,0.0679442688885301,0.321786816614206,0,0,16.57788944723618,44.57906348265406,LTF,1,GO_Biological_Process_2021
GO_Biological_Process_2021,L-alanine transport (GO:0015808),1/7,0.0679442688885301,0.321786816614206,0,0,16.57788944723618,44.57906348265406,SLC1A4,1,GO_Biological_Process_2021
GO_Biological_Process_2021,positive regulation of potassium ion import across plasma membrane (GO:1903288),1/7,0.0679442688885301,0.321786816614206,0,0,16.57788944723618,44.57906348265406,ATP1B1,1,GO_Biological_Process_2021
GO_Biological_Process_2021,synaptic vesicle budding from presynaptic endocytic zone membrane (GO:0016185),1/7,0.0679442688885301,0.321786816614206,0,0,16.57788944723618,44.57906348265406,MX2,1,GO_Biological_Process_2021
GO_Biological_Process_2021,cation transmembrane transport (GO:0098655),2/44,0.0716056114889121,0.3291831532346173,0,0,4.751803751803752,12.52851945708889,SLC44A4;ATP1B1,1,GO_Biological_Process_2021
GO_Biological_Process_2021,positive regulation of cell-matrix adhesion (GO:0001954),2/44,0.0716056114889121,0.3291831532346173,0,0,4.751803751803752,12.52851945708889,CEACAM6;CCR7,1,GO_Biological_Process_2021
GO_Biological_Process_2021,glycosaminoglycan biosynthetic process (GO:0006024),3/97,0.0734906143235922,0.3291831532346173,0,0,3.1924613889188898,8.33423196719981,CHPF;B3GNT3;HS3ST1,1,GO_Biological_Process_2021
GO_Biological_Process_2021,organonitrogen compound biosynthetic process (GO:1901566),4/158,0.0743477121867585,0.3291831532346173,0,0,2.6034985422740524,6.766498900945197,SLC44A4;B3GNT6;PLPP2;SGPP2,1,GO_Biological_Process_2021
GO_Biological_Process_2021,negative regulation of T cell activation (GO:0050868),2/45,0.0744584746361064,0.3291831532346173,0,0,4.641061780596664,12.055221541075596,FOXP3;TNFRSF21,1,GO_Biological_Process_2021
GO_Biological_Process_2021,regulation of insulin receptor signaling pathway (GO:0046626),2/45,0.0744584746361064,0.3291831532346173,0,0,4.641061780596664,12.055221541075596,MZB1;VWA2,1,GO_Biological_Process_2021
GO_Biological_Process_2021,regulation of I-kappaB kinase/NF-kappaB signaling (GO:0043122),5/224,0.0747953400318892,0.3291831532346173,0,0,2.292588689848964,5.944681773495908,UNC5CL;CCR7;CCL19;CARD11;LTF,1,GO_Biological_Process_2021
GO_Biological_Process_2021,amine metabolic process (GO:0009308),1/8,0.0772680713380291,0.3291831532346173,0,0,14.208901651112706,36.38152974515558,AOC1,1,GO_Biological_Process_2021
GO_Biological_Process_2021,"negative regulation of complement activation, classical pathway (GO:0045959)",1/8,0.0772680713380291,0.3291831532346173,0,0,14.208901651112706,36.38152974515558,CR2,1,GO_Biological_Process_2021
GO_Biological_Process_2021,regulation of dendritic cell chemotaxis (GO:2000508),1/8,0.0772680713380291,0.3291831532346173,0,0,14.208901651112706,36.38152974515558,CCR7,1,GO_Biological_Process_2021
GO_Biological_Process_2021,negative regulation of T-helper 17 cell differentiation (GO:2000320),1/8,0.0772680713380291,0.3291831532346173,0,0,14.208901651112706,36.38152974515558,FOXP3,1,GO_Biological_Process_2021
GO_Biological_Process_2021,regulation of lymphocyte apoptotic process (GO:0070228),1/8,0.0772680713380291,0.3291831532346173,0,0,14.208901651112706,36.38152974515558,BLK,1,GO_Biological_Process_2021
GO_Biological_Process_2021,regulation of osteoclast development (GO:2001204),1/8,0.0772680713380291,0.3291831532346173,0,0,14.208901651112706,36.38152974515558,LTF,1,GO_Biological_Process_2021
GO_Biological_Process_2021,dynamin family protein polymerization involved in membrane fission (GO:0003373),1/8,0.0772680713380291,0.3291831532346173,0,0,14.208901651112706,36.38152974515558,MX2,1,GO_Biological_Process_2021
GO_Biological_Process_2021,dynamin family protein polymerization involved in mitochondrial fission (GO:0003374),1/8,0.0772680713380291,0.3291831532346173,0,0,14.208901651112706,36.38152974515558,MX2,1,GO_Biological_Process_2021
GO_Biological_Process_2021,regulation of potassium ion import (GO:1903286),1/8,0.0772680713380291,0.3291831532346173,0,0,14.208901651112706,36.38152974515558,ATP1B1,1,GO_Biological_Process_2021
GO_Biological_Process_2021,"positive regulation of CD4-positive, alpha-beta T cell differentiation (GO:0043372)",1/8,0.0772680713380291,0.3291831532346173,0,0,14.208901651112706,36.38152974515558,FOXP3,1,GO_Biological_Process_2021
GO_Biological_Process_2021,positive regulation of dendritic cell chemotaxis (GO:2000510),1/8,0.0772680713380291,0.3291831532346173,0,0,14.208901651112706,36.38152974515558,CCR7,1,GO_Biological_Process_2021
GO_Biological_Process_2021,integrin activation (GO:0033622),1/8,0.0772680713380291,0.3291831532346173,0,0,14.208901651112706,36.38152974515558,MZB1,1,GO_Biological_Process_2021
GO_Biological_Process_2021,store-operated calcium entry (GO:0002115),1/8,0.0772680713380291,0.3291831532346173,0,0,14.208901651112706,36.38152974515558,MS4A1,1,GO_Biological_Process_2021
GO_Biological_Process_2021,synaptic vesicle budding (GO:0070142),1/8,0.0772680713380291,0.3291831532346173,0,0,14.208901651112706,36.38152974515558,MX2,1,GO_Biological_Process_2021
GO_Biological_Process_2021,TORC1 signaling (GO:0038202),1/8,0.0772680713380291,0.3291831532346173,0,0,14.208901651112706,36.38152974515558,CARD11,1,GO_Biological_Process_2021
GO_Biological_Process_2021,inflammatory response (GO:0006954),5/230,0.0815976190134733,0.3334860687249649,0,0,2.230769230769231,5.590207745356376,CCL22;CCR7;TLR10;CCL19;CXCL13,1,GO_Biological_Process_2021
GO_Biological_Process_2021,regulation of interleukin-10 production (GO:0032653),2/48,0.0832284276217124,0.3334860687249649,0,0,4.337725076855512,10.784305954054672,FOXP3;TNFRSF21,1,GO_Biological_Process_2021
GO_Biological_Process_2021,regulation of interleukin-2 production (GO:0032663),2/48,0.0832284276217124,0.3334860687249649,0,0,4.337725076855512,10.784305954054672,FOXP3;CARD11,1,GO_Biological_Process_2021
GO_Biological_Process_2021,cognition (GO:0050890),2/48,0.0832284276217124,0.3334860687249649,0,0,4.337725076855512,10.784305954054672,SLC1A4;STRA6,1,GO_Biological_Process_2021
GO_Biological_Process_2021,adherens junction organization (GO:0034332),2/49,0.0862189382580095,0.3334860687249649,0,0,4.24521813883516,10.404458354124063,NECTIN4;NECTIN1,1,GO_Biological_Process_2021
GO_Biological_Process_2021,negative regulation of fibrinolysis (GO:0051918),1/9,0.0864990660572792,0.3334860687249649,0,0,12.4321608040201,30.429226090981548,SERPINF2,1,GO_Biological_Process_2021
GO_Biological_Process_2021,negative regulation of glycoprotein biosynthetic process (GO:0010561),1/9,0.0864990660572792,0.3334860687249649,0,0,12.4321608040201,30.429226090981548,ITM2C,1,GO_Biological_Process_2021
GO_Biological_Process_2021,negative regulation of leukocyte proliferation (GO:0070664),1/9,0.0864990660572792,0.3334860687249649,0,0,12.4321608040201,30.429226090981548,BLK,1,GO_Biological_Process_2021
GO_Biological_Process_2021,"regulation of complement activation, classical pathway (GO:0030450)",1/9,0.0864990660572792,0.3334860687249649,0,0,12.4321608040201,30.429226090981548,CR2,1,GO_Biological_Process_2021
GO_Biological_Process_2021,"negative regulation of retrograde protein transport, ER to cytosol (GO:1904153)",1/9,0.0864990660572792,0.3334860687249649,0,0,12.4321608040201,30.429226090981548,DERL3,1,GO_Biological_Process_2021
GO_Biological_Process_2021,negative regulation of T cell cytokine production (GO:0002725),1/9,0.0864990660572792,0.3334860687249649,0,0,12.4321608040201,30.429226090981548,FOXP3,1,GO_Biological_Process_2021
GO_Biological_Process_2021,regulation of leukocyte degranulation (GO:0043300),1/9,0.0864990660572792,0.3334860687249649,0,0,12.4321608040201,30.429226090981548,BLK,1,GO_Biological_Process_2021
GO_Biological_Process_2021,"complement activation, classical pathway (GO:0006958)",1/9,0.0864990660572792,0.3334860687249649,0,0,12.4321608040201,30.429226090981548,IGLL5,1,GO_Biological_Process_2021
GO_Biological_Process_2021,regulation of nephron tubule epithelial cell differentiation (GO:0072182),1/9,0.0864990660572792,0.3334860687249649,0,0,12.4321608040201,30.429226090981548,LIF,1,GO_Biological_Process_2021
GO_Biological_Process_2021,regulation of PERK-mediated unfolded protein response (GO:1903897),1/9,0.0864990660572792,0.3334860687249649,0,0,12.4321608040201,30.429226090981548,AGR2,1,GO_Biological_Process_2021
GO_Biological_Process_2021,endothelial cell chemotaxis (GO:0035767),1/9,0.0864990660572792,0.3334860687249649,0,0,12.4321608040201,30.429226090981548,CXCL13,1,GO_Biological_Process_2021
GO_Biological_Process_2021,positive regulation of B cell differentiation (GO:0045579),1/9,0.0864990660572792,0.3334860687249649,0,0,12.4321608040201,30.429226090981548,CD27,1,GO_Biological_Process_2021
GO_Biological_Process_2021,positive regulation of cell-cell adhesion mediated by cadherin (GO:2000049),1/9,0.0864990660572792,0.3334860687249649,0,0,12.4321608040201,30.429226090981548,SERPINF2,1,GO_Biological_Process_2021
GO_Biological_Process_2021,regulation of tumor necrosis factor superfamily cytokine production (GO:1903555),1/9,0.0864990660572792,0.3334860687249649,0,0,12.4321608040201,30.429226090981548,LTF,1,GO_Biological_Process_2021
GO_Biological_Process_2021,response to vitamin (GO:0033273),1/9,0.0864990660572792,0.3334860687249649,0,0,12.4321608040201,30.429226090981548,CYP24A1,1,GO_Biological_Process_2021
GO_Biological_Process_2021,response to vitamin D (GO:0033280),1/9,0.0864990660572792,0.3334860687249649,0,0,12.4321608040201,30.429226090981548,CYP24A1,1,GO_Biological_Process_2021
GO_Biological_Process_2021,semaphorin-plexin signaling pathway involved in axon guidance (GO:1902287),1/9,0.0864990660572792,0.3334860687249649,0,0,12.4321608040201,30.429226090981548,PLXNB3,1,GO_Biological_Process_2021
GO_Biological_Process_2021,sensory organ morphogenesis (GO:0090596),1/9,0.0864990660572792,0.3334860687249649,0,0,12.4321608040201,30.429226090981548,STRA6,1,GO_Biological_Process_2021
GO_Biological_Process_2021,regulation of complement activation (GO:0030449),2/50,0.0892414542606553,0.3354526861981157,0,0,4.156565656565657,10.043965211617904,CR2;CD19,1,GO_Biological_Process_2021
GO_Biological_Process_2021,positive regulation of ERK1 and ERK2 cascade (GO:0070374),4/172,0.0943786426931193,0.3354526861981157,0,0,2.3848396501457727,5.629272034406905,CCL22;SERPINF2;CCR7;CCL19,1,GO_Biological_Process_2021
GO_Biological_Process_2021,positive regulation of developmental growth (GO:0048639),2/52,0.0953787922697506,0.3354526861981157,0,0,3.98989898989899,9.375859760148904,CPNE5;AGR2,1,GO_Biological_Process_2021
GO_Biological_Process_2021,adrenal gland development (GO:0030325),1/10,0.0956381720564831,0.3354526861981157,0,0,11.050251256281408,25.93696464958489,STRA6,1,GO_Biological_Process_2021
GO_Biological_Process_2021,alanine transport (GO:0032328),1/10,0.0956381720564831,0.3354526861981157,0,0,11.050251256281408,25.93696464958489,SLC1A4,1,GO_Biological_Process_2021
GO_Biological_Process_2021,B cell homeostasis (GO:0001782),1/10,0.0956381720564831,0.3354526861981157,0,0,11.050251256281408,25.93696464958489,TNFRSF13B,1,GO_Biological_Process_2021
GO_Biological_Process_2021,negative regulation of hormone secretion (GO:0046888),1/10,0.0956381720564831,0.3354526861981157,0,0,11.050251256281408,25.93696464958489,LIF,1,GO_Biological_Process_2021
GO_Biological_Process_2021,negative regulation of humoral immune response mediated by circulating immunoglobulin (GO:0002924),1/10,0.0956381720564831,0.3354526861981157,0,0,11.050251256281408,25.93696464958489,CR2,1,GO_Biological_Process_2021
GO_Biological_Process_2021,negative regulation of lipopolysaccharide-mediated signaling pathway (GO:0031665),1/10,0.0956381720564831,0.3354526861981157,0,0,11.050251256281408,25.93696464958489,LTF,1,GO_Biological_Process_2021
GO_Biological_Process_2021,regulation of cell-cell adhesion mediated by integrin (GO:0033632),1/10,0.0956381720564831,0.3354526861981157,0,0,11.050251256281408,25.93696464958489,CXCL13,1,GO_Biological_Process_2021
GO_Biological_Process_2021,negative regulation of protein exit from endoplasmic reticulum (GO:0070862),1/10,0.0956381720564831,0.3354526861981157,0,0,11.050251256281408,25.93696464958489,DERL3,1,GO_Biological_Process_2021
GO_Biological_Process_2021,regulation of glycoprotein biosynthetic process (GO:0010559),1/10,0.0956381720564831,0.3354526861981157,0,0,11.050251256281408,25.93696464958489,CCL19,1,GO_Biological_Process_2021
GO_Biological_Process_2021,negative regulation of toll-like receptor 4 signaling pathway (GO:0034144),1/10,0.0956381720564831,0.3354526861981157,0,0,11.050251256281408,25.93696464958489,BPIFB1,1,GO_Biological_Process_2021
GO_Biological_Process_2021,nucleic acid transport (GO:0050657),1/10,0.0956381720564831,0.3354526861981157,0,0,11.050251256281408,25.93696464958489,SIDT1,1,GO_Biological_Process_2021
GO_Biological_Process_2021,positive regulation by symbiont of entry into host (GO:0075294),1/10,0.0956381720564831,0.3354526861981157,0,0,11.050251256281408,25.93696464958489,TMPRSS4,1,GO_Biological_Process_2021
GO_Biological_Process_2021,positive regulation of behavior (GO:0048520),1/10,0.0956381720564831,0.3354526861981157,0,0,11.050251256281408,25.93696464958489,STRA6,1,GO_Biological_Process_2021
GO_Biological_Process_2021,regulation of T-helper 17 cell differentiation (GO:2000319),1/10,0.0956381720564831,0.3354526861981157,0,0,11.050251256281408,25.93696464958489,FOXP3,1,GO_Biological_Process_2021
GO_Biological_Process_2021,response to histamine (GO:0034776),1/10,0.0956381720564831,0.3354526861981157,0,0,11.050251256281408,25.93696464958489,AOC1,1,GO_Biological_Process_2021
GO_Biological_Process_2021,smooth muscle tissue development (GO:0048745),1/10,0.0956381720564831,0.3354526861981157,0,0,11.050251256281408,25.93696464958489,STRA6,1,GO_Biological_Process_2021
GO_Biological_Process_2021,lipid phosphorylation (GO:0046834),1/10,0.0956381720564831,0.3354526861981157,0,0,11.050251256281408,25.93696464958489,DGKA,1,GO_Biological_Process_2021
GO_Biological_Process_2021,lung epithelium development (GO:0060428),1/10,0.0956381720564831,0.3354526861981157,0,0,11.050251256281408,25.93696464958489,STRA6,1,GO_Biological_Process_2021
GO_Biological_Process_2021,membrane lipid catabolic process (GO:0046466),1/10,0.0956381720564831,0.3354526861981157,0,0,11.050251256281408,25.93696464958489,SMPDL3B,1,GO_Biological_Process_2021
GO_Biological_Process_2021,positive regulation of toll-like receptor 4 signaling pathway (GO:0034145),1/10,0.0956381720564831,0.3354526861981157,0,0,11.050251256281408,25.93696464958489,LTF,1,GO_Biological_Process_2021
GO_Biological_Process_2021,positive regulation of viral entry into host cell (GO:0046598),1/10,0.0956381720564831,0.3354526861981157,0,0,11.050251256281408,25.93696464958489,TMPRSS4,1,GO_Biological_Process_2021
GO_Biological_Process_2021,response to tumor necrosis factor (GO:0034612),3/110,0.0981629721395125,0.3391399902589065,0,0,2.8027420655628825,6.505518041671875,CCL22;CCL19;TNFRSF21,1,GO_Biological_Process_2021
GO_Biological_Process_2021,positive regulation of intracellular signal transduction (GO:1902533),9/546,0.0982770567019408,0.3391399902589065,0,0,1.6902804995758869,3.921391058081152,UNC5CL;CD19;FCRL3;LIF;CD27;CCR7;CCL19;CARD11;LTF,1,GO_Biological_Process_2021
GO_Biological_Process_2021,regulation of immune effector process (GO:0002697),2/53,0.0984917971521169,0.3391399902589065,0,0,3.9114676173499694,9.065929283683165,CR2;CD19,1,GO_Biological_Process_2021
GO_Biological_Process_2021,positive regulation of NIK/NF-kappaB signaling (GO:1901224),2/53,0.0984917971521169,0.3391399902589065,0,0,3.9114676173499694,9.065929283683165,CD27;CCL19,1,GO_Biological_Process_2021
GO_Biological_Process_2021,protein oxidation (GO:0018158),1/11,0.1046862992439068,0.3391399902589065,0,0,9.944723618090451,22.4431232477853,LOXL1,1,GO_Biological_Process_2021
GO_Biological_Process_2021,regulation of amyloid precursor protein biosynthetic process (GO:0042984),1/11,0.1046862992439068,0.3391399902589065,0,0,9.944723618090451,22.4431232477853,ITM2C,1,GO_Biological_Process_2021
GO_Biological_Process_2021,negative regulation of interleukin-17 production (GO:0032700),1/11,0.1046862992439068,0.3391399902589065,0,0,9.944723618090451,22.4431232477853,FOXP3,1,GO_Biological_Process_2021
GO_Biological_Process_2021,cardiac muscle cell membrane repolarization (GO:0099622),1/11,0.1046862992439068,0.3391399902589065,0,0,9.944723618090451,22.4431232477853,ATP1B1,1,GO_Biological_Process_2021
GO_Biological_Process_2021,negative regulation of T-helper cell differentiation (GO:0045623),1/11,0.1046862992439068,0.3391399902589065,0,0,9.944723618090451,22.4431232477853,FOXP3,1,GO_Biological_Process_2021
GO_Biological_Process_2021,regulation of mast cell activation involved in immune response (GO:0033006),1/11,0.1046862992439068,0.3391399902589065,0,0,9.944723618090451,22.4431232477853,BLK,1,GO_Biological_Process_2021
GO_Biological_Process_2021,regulation of myeloid leukocyte mediated immunity (GO:0002886),1/11,0.1046862992439068,0.3391399902589065,0,0,9.944723618090451,22.4431232477853,BLK,1,GO_Biological_Process_2021
GO_Biological_Process_2021,regulation of toll-like receptor 9 signaling pathway (GO:0034163),1/11,0.1046862992439068,0.3391399902589065,0,0,9.944723618090451,22.4431232477853,FCRL3,1,GO_Biological_Process_2021
GO_Biological_Process_2021,glycerolipid metabolic process (GO:0046486),1/11,0.1046862992439068,0.3391399902589065,0,0,9.944723618090451,22.4431232477853,DGKA,1,GO_Biological_Process_2021
GO_Biological_Process_2021,positive regulation of integrin activation (GO:0033625),1/11,0.1046862992439068,0.3391399902589065,0,0,9.944723618090451,22.4431232477853,CXCL13,1,GO_Biological_Process_2021
GO_Biological_Process_2021,positive regulation of leukocyte apoptotic process (GO:2000108),1/11,0.1046862992439068,0.3391399902589065,0,0,9.944723618090451,22.4431232477853,BLK,1,GO_Biological_Process_2021
GO_Biological_Process_2021,humoral immune response mediated by circulating immunoglobulin (GO:0002455),1/11,0.1046862992439068,0.3391399902589065,0,0,9.944723618090451,22.4431232477853,IGLL5,1,GO_Biological_Process_2021
GO_Biological_Process_2021,positive regulation of macrophage differentiation (GO:0045651),1/11,0.1046862992439068,0.3391399902589065,0,0,9.944723618090451,22.4431232477853,LIF,1,GO_Biological_Process_2021
GO_Biological_Process_2021,positive regulation of nitric-oxide synthase biosynthetic process (GO:0051770),1/11,0.1046862992439068,0.3391399902589065,0,0,9.944723618090451,22.4431232477853,FCER2,1,GO_Biological_Process_2021
GO_Biological_Process_2021,T cell homeostasis (GO:0043029),1/11,0.1046862992439068,0.3391399902589065,0,0,9.944723618090451,22.4431232477853,FOXP3,1,GO_Biological_Process_2021
GO_Biological_Process_2021,positive regulation of transforming growth factor beta production (GO:0071636),1/11,0.1046862992439068,0.3391399902589065,0,0,9.944723618090451,22.4431232477853,SERPINF2,1,GO_Biological_Process_2021
GO_Biological_Process_2021,protein kinase C signaling (GO:0070528),1/11,0.1046862992439068,0.3391399902589065,0,0,9.944723618090451,22.4431232477853,ADGRG1,1,GO_Biological_Process_2021
GO_Biological_Process_2021,negative regulation of activated T cell proliferation (GO:0046007),1/11,0.1046862992439068,0.3391399902589065,0,0,9.944723618090451,22.4431232477853,FOXP3,1,GO_Biological_Process_2021
GO_Biological_Process_2021,regulation of immune response (GO:0050776),4/179,0.1052573746759501,0.339810140389832,0,0,2.2886297376093294,5.152499100422719,CD19;CXCL13;FOXP3;CD22,1,GO_Biological_Process_2021
GO_Biological_Process_2021,blood vessel morphogenesis (GO:0048514),2/56,0.1079975643594305,0.3452927988698133,0,0,3.6936026936026938,8.220654292796869,SERPINF2;STRA6,1,GO_Biological_Process_2021
GO_Biological_Process_2021,cellular amide metabolic process (GO:0043603),3/115,0.1084360022174226,0.3452927988698133,0,0,2.676939811457578,5.947076425256374,FUT6;PLPP2;FUT3,1,GO_Biological_Process_2021
GO_Biological_Process_2021,cellular response to lectin (GO:1990858),3/115,0.1084360022174226,0.3452927988698133,0,0,2.676939811457578,5.947076425256374,MUC5B;MUC4;CARD11,1,GO_Biological_Process_2021
GO_Biological_Process_2021,stimulatory C-type lectin receptor signaling pathway (GO:0002223),3/115,0.1084360022174226,0.3452927988698133,0,0,2.676939811457578,5.947076425256374,MUC5B;MUC4;CARD11,1,GO_Biological_Process_2021
GO_Biological_Process_2021,cellular response to cytokine stimulus (GO:0071345),8/482,0.1116105974556198,0.3476399257125259,0,0,1.6988396624472577,3.725112448524693,FCER2;CCL22;LIF;LCN2;CCR7;CCL19;CRLF1;TNFRSF21,1,GO_Biological_Process_2021
GO_Biological_Process_2021,negative regulation of complement activation (GO:0045916),1/12,0.1136443487055952,0.3476399257125259,0,0,9.040201005025123,19.659557478207127,CR2,1,GO_Biological_Process_2021
GO_Biological_Process_2021,regulation of B cell apoptotic process (GO:0002902),1/12,0.1136443487055952,0.3476399257125259,0,0,9.040201005025123,19.659557478207127,BLK,1,GO_Biological_Process_2021
GO_Biological_Process_2021,organic hydroxy compound catabolic process (GO:1901616),1/12,0.1136443487055952,0.3476399257125259,0,0,9.040201005025123,19.659557478207127,CYP24A1,1,GO_Biological_Process_2021
GO_Biological_Process_2021,regulation of plasminogen activation (GO:0010755),1/12,0.1136443487055952,0.3476399257125259,0,0,9.040201005025123,19.659557478207127,SERPINF2,1,GO_Biological_Process_2021
GO_Biological_Process_2021,regulation of pseudopodium assembly (GO:0031272),1/12,0.1136443487055952,0.3476399257125259,0,0,9.040201005025123,19.659557478207127,CCR7,1,GO_Biological_Process_2021
GO_Biological_Process_2021,fat-soluble vitamin catabolic process (GO:0042363),1/12,0.1136443487055952,0.3476399257125259,0,0,9.040201005025123,19.659557478207127,CYP24A1,1,GO_Biological_Process_2021
GO_Biological_Process_2021,positive regulation of endoplasmic reticulum unfolded protein response (GO:1900103),1/12,0.1136443487055952,0.3476399257125259,0,0,9.040201005025123,19.659557478207127,AGR2,1,GO_Biological_Process_2021
GO_Biological_Process_2021,positive regulation of pseudopodium assembly (GO:0031274),1/12,0.1136443487055952,0.3476399257125259,0,0,9.040201005025123,19.659557478207127,CCR7,1,GO_Biological_Process_2021
GO_Biological_Process_2021,positive regulation of sodium ion transmembrane transport (GO:1902307),1/12,0.1136443487055952,0.3476399257125259,0,0,9.040201005025123,19.659557478207127,ATP1B1,1,GO_Biological_Process_2021
GO_Biological_Process_2021,modulation by host of viral process (GO:0044788),1/12,0.1136443487055952,0.3476399257125259,0,0,9.040201005025123,19.659557478207127,LTF,1,GO_Biological_Process_2021
GO_Biological_Process_2021,negative regulation by host of viral process (GO:0044793),1/12,0.1136443487055952,0.3476399257125259,0,0,9.040201005025123,19.659557478207127,LTF,1,GO_Biological_Process_2021
GO_Biological_Process_2021,membrane lipid biosynthetic process (GO:0046467),2/58,0.1144651666427582,0.349006537508802,0,0,3.561327561327561,7.719123085387519,PLPP2;SGPP2,1,GO_Biological_Process_2021
GO_Biological_Process_2021,innate immune response activating cell surface receptor signaling pathway (GO:0002220),3/119,0.1169417814626649,0.3549839359187735,0,0,2.584106423945388,5.545696691343623,MUC5B;MUC4;CARD11,1,GO_Biological_Process_2021
GO_Biological_Process_2021,positive regulation of tyrosine phosphorylation of STAT protein (GO:0042531),2/59,0.1177356082636544,0.3549839359187735,0,0,3.4986709197235517,7.484754897547597,LIF;CRLF1,1,GO_Biological_Process_2021
GO_Biological_Process_2021,positive regulation of cytokine production (GO:0001819),6/335,0.1204552149021735,0.3549839359187735,0,0,1.8303826027010937,3.873963147840723,POU2AF1;SERPINF2;CCR7;CCL19;LTB;CARD11,1,GO_Biological_Process_2021
GO_Biological_Process_2021,negative regulation of myotube differentiation (GO:0010832),1/13,0.1225132126107664,0.3549839359187735,0,0,8.28643216080402,17.397665920944878,CEACAM5,1,GO_Biological_Process_2021
GO_Biological_Process_2021,cellular potassium ion homeostasis (GO:0030007),1/13,0.1225132126107664,0.3549839359187735,0,0,8.28643216080402,17.397665920944878,ATP1B1,1,GO_Biological_Process_2021
GO_Biological_Process_2021,regulation of fibrinolysis (GO:0051917),1/13,0.1225132126107664,0.3549839359187735,0,0,8.28643216080402,17.397665920944878,SERPINF2,1,GO_Biological_Process_2021
GO_Biological_Process_2021,regulation of homotypic cell-cell adhesion (GO:0034110),1/13,0.1225132126107664,0.3549839359187735,0,0,8.28643216080402,17.397665920944878,BLK,1,GO_Biological_Process_2021
GO_Biological_Process_2021,regulation of interleukin-5 production (GO:0032674),1/13,0.1225132126107664,0.3549839359187735,0,0,8.28643216080402,17.397665920944878,TNFRSF21,1,GO_Biological_Process_2021
GO_Biological_Process_2021,regulation of nucleocytoplasmic transport (GO:0046822),1/13,0.1225132126107664,0.3549839359187735,0,0,8.28643216080402,17.397665920944878,MX2,1,GO_Biological_Process_2021
GO_Biological_Process_2021,polyamine metabolic process (GO:0006595),1/13,0.1225132126107664,0.3549839359187735,0,0,8.28643216080402,17.397665920944878,AOC1,1,GO_Biological_Process_2021
GO_Biological_Process_2021,"regulation of retrograde protein transport, ER to cytosol (GO:1904152)",1/13,0.1225132126107664,0.3549839359187735,0,0,8.28643216080402,17.397665920944878,DERL3,1,GO_Biological_Process_2021
GO_Biological_Process_2021,relaxation of cardiac muscle (GO:0055119),1/13,0.1225132126107664,0.3549839359187735,0,0,8.28643216080402,17.397665920944878,ATP1B1,1,GO_Biological_Process_2021
GO_Biological_Process_2021,semaphorin-plexin signaling pathway involved in neuron projection guidance (GO:1902285),1/13,0.1225132126107664,0.3549839359187735,0,0,8.28643216080402,17.397665920944878,PLXNB3,1,GO_Biological_Process_2021
GO_Biological_Process_2021,sodium ion export across plasma membrane (GO:0036376),1/13,0.1225132126107664,0.3549839359187735,0,0,8.28643216080402,17.397665920944878,ATP1B1,1,GO_Biological_Process_2021
GO_Biological_Process_2021,mature B cell differentiation involved in immune response (GO:0002313),1/13,0.1225132126107664,0.3549839359187735,0,0,8.28643216080402,17.397665920944878,POU2AF1,1,GO_Biological_Process_2021
GO_Biological_Process_2021,muscle tissue development (GO:0060537),1/13,0.1225132126107664,0.3549839359187735,0,0,8.28643216080402,17.397665920944878,STRA6,1,GO_Biological_Process_2021
GO_Biological_Process_2021,regulation of endocytosis (GO:0030100),2/61,0.1243457655234195,0.3560961962077553,0,0,3.379729498373566,7.045685456427677,CCL19;CD22,1,GO_Biological_Process_2021
GO_Biological_Process_2021,platelet degranulation (GO:0002576),3/125,0.1301487308762109,0.3560961962077553,0,0,2.456270283764667,5.008525221038258,BLK;SERPINF2;MANF,1,GO_Biological_Process_2021
GO_Biological_Process_2021,negative regulation of peptidase activity (GO:0010466),2/63,0.1310431018295034,0.3560961962077553,0,0,3.2685875144891536,6.642518297732,SERPINF1;SERPINF2,1,GO_Biological_Process_2021
GO_Biological_Process_2021,negative regulation of interleukin-12 production (GO:0032695),1/14,0.1312937743788508,0.3560961962077553,0,0,7.648627754155393,15.529145947074284,CCR7,1,GO_Biological_Process_2021
GO_Biological_Process_2021,bone morphogenesis (GO:0060349),1/14,0.1312937743788508,0.3560961962077553,0,0,7.648627754155393,15.529145947074284,LTF,1,GO_Biological_Process_2021
GO_Biological_Process_2021,regulation of cell projection organization (GO:0031344),1/14,0.1312937743788508,0.3560961962077553,0,0,7.648627754155393,15.529145947074284,CCL19,1,GO_Biological_Process_2021
GO_Biological_Process_2021,negative regulation of T cell mediated immunity (GO:0002710),1/14,0.1312937743788508,0.3560961962077553,0,0,7.648627754155393,15.529145947074284,FOXP3,1,GO_Biological_Process_2021
GO_Biological_Process_2021,regulation of histone deacetylation (GO:0031063),1/14,0.1312937743788508,0.3560961962077553,0,0,7.648627754155393,15.529145947074284,FOXP3,1,GO_Biological_Process_2021
GO_Biological_Process_2021,regulation of IRE1-mediated unfolded protein response (GO:1903894),1/14,0.1312937743788508,0.3560961962077553,0,0,7.648627754155393,15.529145947074284,AGR2,1,GO_Biological_Process_2021
GO_Biological_Process_2021,neurotransmitter biosynthetic process (GO:0042136),1/14,0.1312937743788508,0.3560961962077553,0,0,7.648627754155393,15.529145947074284,SLC44A4,1,GO_Biological_Process_2021
GO_Biological_Process_2021,regulation of nitric-oxide synthase biosynthetic process (GO:0051769),1/14,0.1312937743788508,0.3560961962077553,0,0,7.648627754155393,15.529145947074284,FCER2,1,GO_Biological_Process_2021
GO_Biological_Process_2021,regulation of response to endoplasmic reticulum stress (GO:1905897),1/14,0.1312937743788508,0.3560961962077553,0,0,7.648627754155393,15.529145947074284,MANF,1,GO_Biological_Process_2021
GO_Biological_Process_2021,genitalia development (GO:0048806),1/14,0.1312937743788508,0.3560961962077553,0,0,7.648627754155393,15.529145947074284,STRA6,1,GO_Biological_Process_2021
GO_Biological_Process_2021,relaxation of muscle (GO:0090075),1/14,0.1312937743788508,0.3560961962077553,0,0,7.648627754155393,15.529145947074284,ATP1B1,1,GO_Biological_Process_2021
GO_Biological_Process_2021,positive regulation of potassium ion transmembrane transporter activity (GO:1901018),1/14,0.1312937743788508,0.3560961962077553,0,0,7.648627754155393,15.529145947074284,ATP1B1,1,GO_Biological_Process_2021
GO_Biological_Process_2021,steroid catabolic process (GO:0006706),1/14,0.1312937743788508,0.3560961962077553,0,0,7.648627754155393,15.529145947074284,CYP24A1,1,GO_Biological_Process_2021
GO_Biological_Process_2021,positive regulation of regulatory T cell differentiation (GO:0045591),1/14,0.1312937743788508,0.3560961962077553,0,0,7.648627754155393,15.529145947074284,FOXP3,1,GO_Biological_Process_2021
GO_Biological_Process_2021,positive regulation of sodium ion transmembrane transporter activity (GO:2000651),1/14,0.1312937743788508,0.3560961962077553,0,0,7.648627754155393,15.529145947074284,ATP1B1,1,GO_Biological_Process_2021
GO_Biological_Process_2021,membrane repolarization during action potential (GO:0086011),1/14,0.1312937743788508,0.3560961962077553,0,0,7.648627754155393,15.529145947074284,ATP1B1,1,GO_Biological_Process_2021
GO_Biological_Process_2021,positive regulation of T cell chemotaxis (GO:0010820),1/14,0.1312937743788508,0.3560961962077553,0,0,7.648627754155393,15.529145947074284,CXCL13,1,GO_Biological_Process_2021
GO_Biological_Process_2021,positive regulation of T cell receptor signaling pathway (GO:0050862),1/14,0.1312937743788508,0.3560961962077553,0,0,7.648627754155393,15.529145947074284,CARD11,1,GO_Biological_Process_2021
GO_Biological_Process_2021,positive regulation of T-helper cell differentiation (GO:0045624),1/14,0.1312937743788508,0.3560961962077553,0,0,7.648627754155393,15.529145947074284,CCL19,1,GO_Biological_Process_2021
GO_Biological_Process_2021,plasma membrane bounded cell projection organization (GO:0120036),3/128,0.1369418453141825,0.3648262174486049,0,0,2.396954314720812,4.7656220038630535,BLK;CCR7;MANF,1,GO_Biological_Process_2021
GO_Biological_Process_2021,calcium ion import into cytosol (GO:1902656),1/15,0.139986908731619,0.3648262174486049,0,0,7.101938262742283,13.963876250165317,MS4A1,1,GO_Biological_Process_2021
GO_Biological_Process_2021,negative regulation of protein processing (GO:0010955),1/15,0.139986908731619,0.3648262174486049,0,0,7.101938262742283,13.963876250165317,SERPINF2,1,GO_Biological_Process_2021
GO_Biological_Process_2021,cellular sodium ion homeostasis (GO:0006883),1/15,0.139986908731619,0.3648262174486049,0,0,7.101938262742283,13.963876250165317,ATP1B1,1,GO_Biological_Process_2021
GO_Biological_Process_2021,regulation of macrophage differentiation (GO:0045649),1/15,0.139986908731619,0.3648262174486049,0,0,7.101938262742283,13.963876250165317,LIF,1,GO_Biological_Process_2021
GO_Biological_Process_2021,positive regulation of cell killing (GO:0031343),1/15,0.139986908731619,0.3648262174486049,0,0,7.101938262742283,13.963876250165317,FCER2,1,GO_Biological_Process_2021
GO_Biological_Process_2021,fibrinolysis (GO:0042730),1/15,0.139986908731619,0.3648262174486049,0,0,7.101938262742283,13.963876250165317,SERPINF2,1,GO_Biological_Process_2021
GO_Biological_Process_2021,regulation of T cell chemotaxis (GO:0010819),1/15,0.139986908731619,0.3648262174486049,0,0,7.101938262742283,13.963876250165317,CXCL13,1,GO_Biological_Process_2021
GO_Biological_Process_2021,positive regulation of heterotypic cell-cell adhesion (GO:0034116),1/15,0.139986908731619,0.3648262174486049,0,0,7.101938262742283,13.963876250165317,CEACAM6,1,GO_Biological_Process_2021
GO_Biological_Process_2021,positive regulation of keratinocyte differentiation (GO:0045618),1/15,0.139986908731619,0.3648262174486049,0,0,7.101938262742283,13.963876250165317,ETV4,1,GO_Biological_Process_2021
GO_Biological_Process_2021,"RNA phosphodiester bond hydrolysis, endonucleolytic (GO:0090502)",1/15,0.139986908731619,0.3648262174486049,0,0,7.101938262742283,13.963876250165317,ZC3H12D,1,GO_Biological_Process_2021
GO_Biological_Process_2021,interleukin-27-mediated signaling pathway (GO:0070106),1/15,0.139986908731619,0.3648262174486049,0,0,7.101938262742283,13.963876250165317,CRLF1,1,GO_Biological_Process_2021
GO_Biological_Process_2021,membrane repolarization during cardiac muscle cell action potential (GO:0086013),1/15,0.139986908731619,0.3648262174486049,0,0,7.101938262742283,13.963876250165317,ATP1B1,1,GO_Biological_Process_2021
GO_Biological_Process_2021,vitamin D metabolic process (GO:0042359),1/15,0.139986908731619,0.3648262174486049,0,0,7.101938262742283,13.963876250165317,CYP24A1,1,GO_Biological_Process_2021
GO_Biological_Process_2021,positive regulation of T cell proliferation (GO:0042102),2/66,0.1412394085870013,0.3670650925116218,0,0,3.11489898989899,6.096788351656931,TNFRSF13C;CCL19,1,GO_Biological_Process_2021
GO_Biological_Process_2021,regulation of tyrosine phosphorylation of STAT protein (GO:0042509),2/68,0.1481287080780672,0.3757119743356111,0,0,3.0202020202020203,5.767600469255814,LIF;CRLF1,1,GO_Biological_Process_2021
GO_Biological_Process_2021,3'-UTR-mediated mRNA destabilization (GO:0061158),1/16,0.1485934818111902,0.3757119743356111,0,0,6.628140703517588,12.636822082241835,ZC3H12D,1,GO_Biological_Process_2021
GO_Biological_Process_2021,negative regulation of histone modification (GO:0031057),1/16,0.1485934818111902,0.3757119743356111,0,0,6.628140703517588,12.636822082241835,FOXP3,1,GO_Biological_Process_2021
GO_Biological_Process_2021,regulation of hormone secretion (GO:0046883),1/16,0.1485934818111902,0.3757119743356111,0,0,6.628140703517588,12.636822082241835,LIF,1,GO_Biological_Process_2021
GO_Biological_Process_2021,regulation of interleukin-1 production (GO:0032652),1/16,0.1485934818111902,0.3757119743356111,0,0,6.628140703517588,12.636822082241835,CCR7,1,GO_Biological_Process_2021
GO_Biological_Process_2021,regulation of interleukin-13 production (GO:0032656),1/16,0.1485934818111902,0.3757119743356111,0,0,6.628140703517588,12.636822082241835,TNFRSF21,1,GO_Biological_Process_2021
GO_Biological_Process_2021,regulation of mast cell degranulation (GO:0043304),1/16,0.1485934818111902,0.3757119743356111,0,0,6.628140703517588,12.636822082241835,BLK,1,GO_Biological_Process_2021
GO_Biological_Process_2021,dendrite self-avoidance (GO:0070593),1/16,0.1485934818111902,0.3757119743356111,0,0,6.628140703517588,12.636822082241835,VSTM2L,1,GO_Biological_Process_2021
GO_Biological_Process_2021,positive regulation of collagen biosynthetic process (GO:0032967),1/16,0.1485934818111902,0.3757119743356111,0,0,6.628140703517588,12.636822082241835,SERPINF2,1,GO_Biological_Process_2021
GO_Biological_Process_2021,membrane repolarization (GO:0086009),1/16,0.1485934818111902,0.3757119743356111,0,0,6.628140703517588,12.636822082241835,ATP1B1,1,GO_Biological_Process_2021
GO_Biological_Process_2021,cell chemotaxis (GO:0060326),2/69,0.1515987898971927,0.3822747864164345,0,0,2.974973616764661,5.612340646899519,PLXNB3;CCR7,1,GO_Biological_Process_2021
GO_Biological_Process_2021,establishment of protein localization to membrane (GO:0090150),2/70,0.1550849226995339,0.3827354821471247,0,0,2.931075460487225,5.462886925837976,GOLGA7B;ZDHHC9,1,GO_Biological_Process_2021
GO_Biological_Process_2021,positive regulation of cell-substrate adhesion (GO:0010811),2/70,0.1550849226995339,0.3827354821471247,0,0,2.931075460487225,5.462886925837976,AGR2;CCR7,1,GO_Biological_Process_2021
GO_Biological_Process_2021,negative regulation of ATPase activity (GO:0032780),1/17,0.157114351192228,0.3827354821471247,0,0,6.21356783919598,11.499955704952034,LTF,1,GO_Biological_Process_2021
GO_Biological_Process_2021,pulmonary valve morphogenesis (GO:0003184),1/17,0.157114351192228,0.3827354821471247,0,0,6.21356783919598,11.499955704952034,STRA6,1,GO_Biological_Process_2021
GO_Biological_Process_2021,negative regulation of cytokine production involved in immune response (GO:0002719),1/17,0.157114351192228,0.3827354821471247,0,0,6.21356783919598,11.499955704952034,FOXP3,1,GO_Biological_Process_2021
GO_Biological_Process_2021,cell communication by electrical coupling involved in cardiac conduction (GO:0086064),1/17,0.157114351192228,0.3827354821471247,0,0,6.21356783919598,11.499955704952034,ATP1B1,1,GO_Biological_Process_2021
GO_Biological_Process_2021,regulation of osteoblast proliferation (GO:0033688),1/17,0.157114351192228,0.3827354821471247,0,0,6.21356783919598,11.499955704952034,LTF,1,GO_Biological_Process_2021
GO_Biological_Process_2021,positive regulation of blood coagulation (GO:0030194),1/17,0.157114351192228,0.3827354821471247,0,0,6.21356783919598,11.499955704952034,SERPINF2,1,GO_Biological_Process_2021
GO_Biological_Process_2021,positive regulation of collagen metabolic process (GO:0010714),1/17,0.157114351192228,0.3827354821471247,0,0,6.21356783919598,11.499955704952034,SERPINF2,1,GO_Biological_Process_2021
GO_Biological_Process_2021,positive regulation of dendrite extension (GO:1903861),1/17,0.157114351192228,0.3827354821471247,0,0,6.21356783919598,11.499955704952034,CPNE5,1,GO_Biological_Process_2021
GO_Biological_Process_2021,ruffle organization (GO:0031529),1/17,0.157114351192228,0.3827354821471247,0,0,6.21356783919598,11.499955704952034,CCR7,1,GO_Biological_Process_2021
GO_Biological_Process_2021,vasculature development (GO:0001944),1/17,0.157114351192228,0.3827354821471247,0,0,6.21356783919598,11.499955704952034,STRA6,1,GO_Biological_Process_2021
GO_Biological_Process_2021,modified amino acid transport (GO:0072337),1/17,0.157114351192228,0.3827354821471247,0,0,6.21356783919598,11.499955704952034,SLC1A4,1,GO_Biological_Process_2021
GO_Biological_Process_2021,negative regulation of neuron apoptotic process (GO:0043524),2/71,0.1585864433775845,0.3833190457805346,0,0,2.888449714536671,5.318951469597782,VSTM2L;CRLF1,1,GO_Biological_Process_2021
GO_Biological_Process_2021,regulation of endopeptidase activity (GO:0052548),2/71,0.1585864433775845,0.3833190457805346,0,0,2.888449714536671,5.318951469597782,SERPINF1;SERPINF2,1,GO_Biological_Process_2021
GO_Biological_Process_2021,myeloid leukocyte differentiation (GO:0002573),2/71,0.1585864433775845,0.3833190457805346,0,0,2.888449714536671,5.318951469597782,CCR7;CCL19,1,GO_Biological_Process_2021
GO_Biological_Process_2021,positive regulation of neurogenesis (GO:0050769),2/72,0.1621027002960182,0.3844170116736101,0,0,2.8470418470418477,5.180264363849609,SERPINF1;PLXNB3,1,GO_Biological_Process_2021
GO_Biological_Process_2021,positive regulation of response to external stimulus (GO:0032103),3/139,0.1628249548680123,0.3844170116736101,0,0,2.2018512988951926,3.9965352685762503,CD180;SERPINF2;CCL19,1,GO_Biological_Process_2021
GO_Biological_Process_2021,pulmonary valve development (GO:0003177),1/18,0.1655503660358053,0.3844170116736101,0,0,5.847768253029855,10.51709310132786,STRA6,1,GO_Biological_Process_2021
GO_Biological_Process_2021,regulation of dendrite extension (GO:1903859),1/18,0.1655503660358053,0.3844170116736101,0,0,5.847768253029855,10.51709310132786,CPNE5,1,GO_Biological_Process_2021
GO_Biological_Process_2021,regulation of platelet aggregation (GO:0090330),1/18,0.1655503660358053,0.3844170116736101,0,0,5.847768253029855,10.51709310132786,BLK,1,GO_Biological_Process_2021
GO_Biological_Process_2021,positive chemotaxis (GO:0050918),1/18,0.1655503660358053,0.3844170116736101,0,0,5.847768253029855,10.51709310132786,PLXNB3,1,GO_Biological_Process_2021
GO_Biological_Process_2021,epithelial structure maintenance (GO:0010669),1/18,0.1655503660358053,0.3844170116736101,0,0,5.847768253029855,10.51709310132786,MUC4,1,GO_Biological_Process_2021
GO_Biological_Process_2021,regulation of transforming growth factor beta production (GO:0071634),1/18,0.1655503660358053,0.3844170116736101,0,0,5.847768253029855,10.51709310132786,SERPINF2,1,GO_Biological_Process_2021
GO_Biological_Process_2021,response to interferon-alpha (GO:0035455),1/18,0.1655503660358053,0.3844170116736101,0,0,5.847768253029855,10.51709310132786,MX2,1,GO_Biological_Process_2021
GO_Biological_Process_2021,positive regulation of lymphocyte chemotaxis (GO:0140131),1/18,0.1655503660358053,0.3844170116736101,0,0,5.847768253029855,10.51709310132786,CXCL13,1,GO_Biological_Process_2021
GO_Biological_Process_2021,positive regulation of nitric-oxide synthase activity (GO:0051000),1/18,0.1655503660358053,0.3844170116736101,0,0,5.847768253029855,10.51709310132786,FCER2,1,GO_Biological_Process_2021
GO_Biological_Process_2021,positive regulation of peptidyl-serine phosphorylation of STAT protein (GO:0033141),1/18,0.1655503660358053,0.3844170116736101,0,0,5.847768253029855,10.51709310132786,LIF,1,GO_Biological_Process_2021
GO_Biological_Process_2021,"synaptic transmission, glutamatergic (GO:0035249)",1/18,0.1655503660358053,0.3844170116736101,0,0,5.847768253029855,10.51709310132786,SLC1A4,1,GO_Biological_Process_2021
GO_Biological_Process_2021,maintenance of gastrointestinal epithelium (GO:0030277),1/18,0.1655503660358053,0.3844170116736101,0,0,5.847768253029855,10.51709310132786,MUC4,1,GO_Biological_Process_2021
GO_Biological_Process_2021,mitochondrial fission (GO:0000266),1/18,0.1655503660358053,0.3844170116736101,0,0,5.847768253029855,10.51709310132786,MX2,1,GO_Biological_Process_2021
GO_Biological_Process_2021,regulation of actin filament polymerization (GO:0030833),2/73,0.1656330532612982,0.3844170116736101,0,0,2.806800398349694,5.046572271238703,ARHGAP40;CCR7,1,GO_Biological_Process_2021
GO_Biological_Process_2021,positive regulation of GTPase activity (GO:0043547),4/214,0.1672414640339175,0.3871868137559432,0,0,1.903790087463557,3.4045794514374683,CCL22;CCR7;CCL19;CXCL13,1,GO_Biological_Process_2021
GO_Biological_Process_2021,sphingolipid biosynthetic process (GO:0030148),2/74,0.1691768732048807,0.3906980759904795,0,0,2.767676767676768,4.917637208774679,PLPP2;SGPP2,1,GO_Biological_Process_2021
GO_Biological_Process_2021,neuron development (GO:0048666),3/143,0.1725795861644545,0.3919104071339951,0,0,2.1385061638868748,3.7571345929995696,BLK;SLC44A4;MANF,1,GO_Biological_Process_2021
GO_Biological_Process_2021,negative regulation of immune system process (GO:0002683),1/19,0.1739023671527052,0.3919104071339951,0,0,5.522613065326633,9.66049300943,FOXP3,1,GO_Biological_Process_2021
GO_Biological_Process_2021,regulation of cell-cell adhesion mediated by cadherin (GO:2000047),1/19,0.1739023671527052,0.3919104071339951,0,0,5.522613065326633,9.66049300943,SERPINF2,1,GO_Biological_Process_2021
GO_Biological_Process_2021,regulation of collagen biosynthetic process (GO:0032965),1/19,0.1739023671527052,0.3919104071339951,0,0,5.522613065326633,9.66049300943,SERPINF2,1,GO_Biological_Process_2021
GO_Biological_Process_2021,cellular response to copper ion (GO:0071280),1/19,0.1739023671527052,0.3919104071339951,0,0,5.522613065326633,9.66049300943,AOC1,1,GO_Biological_Process_2021
GO_Biological_Process_2021,negative regulation of striated muscle cell differentiation (GO:0051154),1/19,0.1739023671527052,0.3919104071339951,0,0,5.522613065326633,9.66049300943,CEACAM5,1,GO_Biological_Process_2021
GO_Biological_Process_2021,neuromuscular process (GO:0050905),1/19,0.1739023671527052,0.3919104071339951,0,0,5.522613065326633,9.66049300943,STRA6,1,GO_Biological_Process_2021
GO_Biological_Process_2021,regulation of oligodendrocyte differentiation (GO:0048713),1/19,0.1739023671527052,0.3919104071339951,0,0,5.522613065326633,9.66049300943,TNFRSF21,1,GO_Biological_Process_2021
GO_Biological_Process_2021,regulation of peptidyl-serine phosphorylation of STAT protein (GO:0033139),1/19,0.1739023671527052,0.3919104071339951,0,0,5.522613065326633,9.66049300943,LIF,1,GO_Biological_Process_2021
GO_Biological_Process_2021,regulation of T cell cytokine production (GO:0002724),1/19,0.1739023671527052,0.3919104071339951,0,0,5.522613065326633,9.66049300943,FOXP3,1,GO_Biological_Process_2021
GO_Biological_Process_2021,positive regulation of growth (GO:0045927),2/76,0.1763024531867548,0.396361900778897,0,0,2.6926016926016927,4.673156378016087,SLC44A4;AGR2,1,GO_Biological_Process_2021
GO_Biological_Process_2021,calcium-independent cell-cell adhesion via plasma membrane cell-adhesion molecules (GO:0016338),1/20,0.182171186958547,0.3980461766564973,0,0,5.231684739486909,8.908556962758436,CLDN10,1,GO_Biological_Process_2021
GO_Biological_Process_2021,cardiac ventricle development (GO:0003231),1/20,0.182171186958547,0.3980461766564973,0,0,5.231684739486909,8.908556962758436,STRA6,1,GO_Biological_Process_2021
GO_Biological_Process_2021,negative regulation of osteoclast differentiation (GO:0045671),1/20,0.182171186958547,0.3980461766564973,0,0,5.231684739486909,8.908556962758436,LTF,1,GO_Biological_Process_2021
GO_Biological_Process_2021,cellular monovalent inorganic cation homeostasis (GO:0030004),1/20,0.182171186958547,0.3980461766564973,0,0,5.231684739486909,8.908556962758436,ATP1B1,1,GO_Biological_Process_2021
GO_Biological_Process_2021,cellular response to nitrogen compound (GO:1901699),1/20,0.182171186958547,0.3980461766564973,0,0,5.231684739486909,8.908556962758436,AOC1,1,GO_Biological_Process_2021
GO_Biological_Process_2021,regulation of lymphocyte differentiation (GO:0045619),1/20,0.182171186958547,0.3980461766564973,0,0,5.231684739486909,8.908556962758436,FCRL3,1,GO_Biological_Process_2021
GO_Biological_Process_2021,organic cation transport (GO:0015695),1/20,0.182171186958547,0.3980461766564973,0,0,5.231684739486909,8.908556962758436,SLC44A4,1,GO_Biological_Process_2021
GO_Biological_Process_2021,dopaminergic neuron differentiation (GO:0071542),1/20,0.182171186958547,0.3980461766564973,0,0,5.231684739486909,8.908556962758436,MANF,1,GO_Biological_Process_2021
GO_Biological_Process_2021,embryonic digestive tract development (GO:0048566),1/20,0.182171186958547,0.3980461766564973,0,0,5.231684739486909,8.908556962758436,STRA6,1,GO_Biological_Process_2021
GO_Biological_Process_2021,positive regulation of epidermal cell differentiation (GO:0045606),1/20,0.182171186958547,0.3980461766564973,0,0,5.231684739486909,8.908556962758436,ETV4,1,GO_Biological_Process_2021
GO_Biological_Process_2021,positive regulation of lymphocyte differentiation (GO:0045621),1/20,0.182171186958547,0.3980461766564973,0,0,5.231684739486909,8.908556962758436,CD27,1,GO_Biological_Process_2021
GO_Biological_Process_2021,positive regulation of peptidyl-lysine acetylation (GO:2000758),1/20,0.182171186958547,0.3980461766564973,0,0,5.231684739486909,8.908556962758436,FOXP3,1,GO_Biological_Process_2021
GO_Biological_Process_2021,regulation of cytokine production (GO:0001817),3/150,0.1900319933080969,0.4071226592841157,0,0,2.035947373873407,3.380818543405686,CCR7;FOXP3;LTF,1,GO_Biological_Process_2021
GO_Biological_Process_2021,negative regulation of cell communication (GO:0010648),1/21,0.1903576498347592,0.4071226592841157,0,0,4.969849246231155,8.244237447277422,LIF,1,GO_Biological_Process_2021
GO_Biological_Process_2021,regulation of cardiac muscle contraction by calcium ion signaling (GO:0010882),1/21,0.1903576498347592,0.4071226592841157,0,0,4.969849246231155,8.244237447277422,ATP1B1,1,GO_Biological_Process_2021
GO_Biological_Process_2021,calcium ion transport into cytosol (GO:0060402),1/21,0.1903576498347592,0.4071226592841157,0,0,4.969849246231155,8.244237447277422,MS4A1,1,GO_Biological_Process_2021
GO_Biological_Process_2021,cellular response to inorganic substance (GO:0071241),1/21,0.1903576498347592,0.4071226592841157,0,0,4.969849246231155,8.244237447277422,AOC1,1,GO_Biological_Process_2021
GO_Biological_Process_2021,neuron apoptotic process (GO:0051402),1/21,0.1903576498347592,0.4071226592841157,0,0,4.969849246231155,8.244237447277422,TNFRSF21,1,GO_Biological_Process_2021
GO_Biological_Process_2021,chondroitin sulfate biosynthetic process (GO:0030206),1/21,0.1903576498347592,0.4071226592841157,0,0,4.969849246231155,8.244237447277422,CHPF,1,GO_Biological_Process_2021
GO_Biological_Process_2021,positive regulation of antigen receptor-mediated signaling pathway (GO:0050857),1/21,0.1903576498347592,0.4071226592841157,0,0,4.969849246231155,8.244237447277422,CARD11,1,GO_Biological_Process_2021
GO_Biological_Process_2021,regulation of NIK/NF-kappaB signaling (GO:1901222),2/80,0.1906887482391839,0.4071226592841157,0,0,2.554001554001554,4.232268591096898,CD27;CCL19,1,GO_Biological_Process_2021
GO_Biological_Process_2021,response to interferon-gamma (GO:0034341),2/80,0.1906887482391839,0.4071226592841157,0,0,2.554001554001554,4.232268591096898,CCL22;CCL19,1,GO_Biological_Process_2021
GO_Biological_Process_2021,cell-cell junction organization (GO:0045216),2/82,0.1979403391192459,0.417980992345469,0,0,2.48989898989899,4.033112516956104,NECTIN4;NECTIN1,1,GO_Biological_Process_2021
GO_Biological_Process_2021,negative regulation of interleukin-2 production (GO:0032703),1/22,0.1984625719282345,0.417980992345469,0,0,4.732950466618808,7.653913334056085,FOXP3,1,GO_Biological_Process_2021
GO_Biological_Process_2021,regulation of platelet activation (GO:0010543),1/22,0.1984625719282345,0.417980992345469,0,0,4.732950466618808,7.653913334056085,BLK,1,GO_Biological_Process_2021
GO_Biological_Process_2021,positive regulation of calcium ion transmembrane transporter activity (GO:1901021),1/22,0.1984625719282345,0.417980992345469,0,0,4.732950466618808,7.653913334056085,ATP1B1,1,GO_Biological_Process_2021
GO_Biological_Process_2021,proteasomal ubiquitin-independent protein catabolic process (GO:0010499),1/22,0.1984625719282345,0.417980992345469,0,0,4.732950466618808,7.653913334056085,ENC1,1,GO_Biological_Process_2021
GO_Biological_Process_2021,protein localization to cell junction (GO:1902414),1/22,0.1984625719282345,0.417980992345469,0,0,4.732950466618808,7.653913334056085,NECTIN1,1,GO_Biological_Process_2021
GO_Biological_Process_2021,positive regulation of protein kinase activity (GO:0045860),3/154,0.2002008345355087,0.4206922941928595,0,0,1.9816115910848155,3.1872919406168263,CCR7;CCL19;LTF,1,GO_Biological_Process_2021
GO_Biological_Process_2021,regulation of interleukin-1 beta production (GO:0032651),2/83,0.2015788294152306,0.4216884480816372,0,0,2.4590347923681257,3.938328060173813,CCR7;CCL19,1,GO_Biological_Process_2021
GO_Biological_Process_2021,positive regulation of plasma membrane bounded cell projection assembly (GO:0120034),2/83,0.2015788294152306,0.4216884480816372,0,0,2.4590347923681257,3.938328060173813,CCR7;CCL19,1,GO_Biological_Process_2021
GO_Biological_Process_2021,artery development (GO:0060840),1/23,0.2064867613185778,0.4243439390093241,0,0,4.517587939698492,7.126580711797677,STRA6,1,GO_Biological_Process_2021
GO_Biological_Process_2021,negative regulation of GTPase activity (GO:0034260),1/23,0.2064867613185778,0.4243439390093241,0,0,4.517587939698492,7.126580711797677,PLXNB3,1,GO_Biological_Process_2021
GO_Biological_Process_2021,regulation of cysteine-type endopeptidase activity (GO:2000116),1/23,0.2064867613185778,0.4243439390093241,0,0,4.517587939698492,7.126580711797677,LTF,1,GO_Biological_Process_2021
GO_Biological_Process_2021,negative regulation of phosphoprotein phosphatase activity (GO:0032515),1/23,0.2064867613185778,0.4243439390093241,0,0,4.517587939698492,7.126580711797677,PPP1R14D,1,GO_Biological_Process_2021
GO_Biological_Process_2021,regulation of interleukin-4 production (GO:0032673),1/23,0.2064867613185778,0.4243439390093241,0,0,4.517587939698492,7.126580711797677,FOXP3,1,GO_Biological_Process_2021
GO_Biological_Process_2021,diacylglycerol metabolic process (GO:0046339),1/23,0.2064867613185778,0.4243439390093241,0,0,4.517587939698492,7.126580711797677,DGKA,1,GO_Biological_Process_2021
GO_Biological_Process_2021,response to copper ion (GO:0046688),1/23,0.2064867613185778,0.4243439390093241,0,0,4.517587939698492,7.126580711797677,AOC1,1,GO_Biological_Process_2021
GO_Biological_Process_2021,positive regulation of morphogenesis of an epithelium (GO:1905332),1/23,0.2064867613185778,0.4243439390093241,0,0,4.517587939698492,7.126580711797677,LIF,1,GO_Biological_Process_2021
GO_Biological_Process_2021,regulation of interferon-gamma production (GO:0032649),2/86,0.2125388044387241,0.4321039740782555,0,0,2.370851370851371,3.671573213687656,CCR7;FOXP3,1,GO_Biological_Process_2021
GO_Biological_Process_2021,response to interleukin-1 (GO:0070555),2/86,0.2125388044387241,0.4321039740782555,0,0,2.370851370851371,3.671573213687656,CCL22;CCL19,1,GO_Biological_Process_2021
GO_Biological_Process_2021,negative regulation of apoptotic process (GO:0043066),7/485,0.213368260994665,0.4321039740782555,0,0,1.4661044507555228,2.2647438575731726,FCMR;CEACAM6;CEACAM5;CD27;VSTM2L;CRLF1;LTF,1,GO_Biological_Process_2021
GO_Biological_Process_2021,amino acid import across plasma membrane (GO:0089718),1/24,0.2144310182188985,0.4321039740782555,0,0,4.320952589032117,6.653261007649563,SLC1A4,1,GO_Biological_Process_2021
GO_Biological_Process_2021,defense response to fungus (GO:0050832),1/24,0.2144310182188985,0.4321039740782555,0,0,4.320952589032117,6.653261007649563,LTF,1,GO_Biological_Process_2021
GO_Biological_Process_2021,endocrine system development (GO:0035270),1/24,0.2144310182188985,0.4321039740782555,0,0,4.320952589032117,6.653261007649563,STRA6,1,GO_Biological_Process_2021
GO_Biological_Process_2021,lipid translocation (GO:0034204),1/24,0.2144310182188985,0.4321039740782555,0,0,4.320952589032117,6.653261007649563,ATP10B,1,GO_Biological_Process_2021
GO_Biological_Process_2021,positive regulation of viral life cycle (GO:1903902),1/24,0.2144310182188985,0.4321039740782555,0,0,4.320952589032117,6.653261007649563,TMPRSS4,1,GO_Biological_Process_2021
GO_Biological_Process_2021,potassium ion homeostasis (GO:0055075),1/24,0.2144310182188985,0.4321039740782555,0,0,4.320952589032117,6.653261007649563,ATP1B1,1,GO_Biological_Process_2021
GO_Biological_Process_2021,regulation of ERK1 and ERK2 cascade (GO:0070372),4/238,0.2156633260335206,0.4336506103217128,0,0,1.706436420722135,2.617736203225105,CCL22;SERPINF2;CCR7;CCL19,1,GO_Biological_Process_2021
GO_Biological_Process_2021,protein targeting to membrane (GO:0006612),2/87,0.2162052764803214,0.4338054257121289,0,0,2.342840166369578,3.588122897733772,GOLGA7B;ZDHHC9,1,GO_Biological_Process_2021
GO_Biological_Process_2021,positive regulation of protein kinase B signaling (GO:0051897),3/161,0.2182938646346285,0.4366364080219589,0,0,1.8931439953736424,2.8812006865434734,CD19;CCR7;CCL19,1,GO_Biological_Process_2021
GO_Biological_Process_2021,regulation of calcium ion import (GO:0090279),1/25,0.2222961348450487,0.4366364080219589,0,0,4.14070351758794,6.226561570384656,FCRL3,1,GO_Biological_Process_2021
GO_Biological_Process_2021,negative regulation of signaling (GO:0023057),1/25,0.2222961348450487,0.4366364080219589,0,0,4.14070351758794,6.226561570384656,LIF,1,GO_Biological_Process_2021
GO_Biological_Process_2021,regulation of heterotypic cell-cell adhesion (GO:0034114),1/25,0.2222961348450487,0.4366364080219589,0,0,4.14070351758794,6.226561570384656,CEACAM6,1,GO_Biological_Process_2021
GO_Biological_Process_2021,organophosphate ester transport (GO:0015748),1/25,0.2222961348450487,0.4366364080219589,0,0,4.14070351758794,6.226561570384656,SLC44A4,1,GO_Biological_Process_2021
GO_Biological_Process_2021,regulation of myotube differentiation (GO:0010830),1/25,0.2222961348450487,0.4366364080219589,0,0,4.14070351758794,6.226561570384656,CEACAM5,1,GO_Biological_Process_2021
GO_Biological_Process_2021,fat-soluble vitamin metabolic process (GO:0006775),1/25,0.2222961348450487,0.4366364080219589,0,0,4.14070351758794,6.226561570384656,CYP24A1,1,GO_Biological_Process_2021
GO_Biological_Process_2021,positive regulation of ERBB signaling pathway (GO:1901186),1/25,0.2222961348450487,0.4366364080219589,0,0,4.14070351758794,6.226561570384656,AGR2,1,GO_Biological_Process_2021
GO_Biological_Process_2021,sodium ion homeostasis (GO:0055078),1/25,0.2222961348450487,0.4366364080219589,0,0,4.14070351758794,6.226561570384656,ATP1B1,1,GO_Biological_Process_2021
GO_Biological_Process_2021,positive regulation of T cell migration (GO:2000406),1/25,0.2222961348450487,0.4366364080219589,0,0,4.14070351758794,6.226561570384656,CXCL13,1,GO_Biological_Process_2021
GO_Biological_Process_2021,protein complex oligomerization (GO:0051259),2/90,0.2272373036176318,0.4407953628603593,0,0,2.2626262626262625,3.352670034774279,MS4A1;CARD11,1,GO_Biological_Process_2021
GO_Biological_Process_2021,regulation of neuron projection development (GO:0010975),3/165,0.228781647349473,0.4407953628603593,0,0,1.8460236886632824,2.72286137688983,PLXNB3;LZTS3;ITM2C,1,GO_Biological_Process_2021
GO_Biological_Process_2021,negative regulation of cell development (GO:0010721),1/26,0.2300828957266827,0.4407953628603593,0,0,3.974874371859297,5.840344997302112,LTF,1,GO_Biological_Process_2021
GO_Biological_Process_2021,organelle fission (GO:0048285),1/26,0.2300828957266827,0.4407953628603593,0,0,3.974874371859297,5.840344997302112,MX2,1,GO_Biological_Process_2021
GO_Biological_Process_2021,regulation of myelination (GO:0031641),1/26,0.2300828957266827,0.4407953628603593,0,0,3.974874371859297,5.840344997302112,TNFRSF21,1,GO_Biological_Process_2021
GO_Biological_Process_2021,regulation of potassium ion transmembrane transporter activity (GO:1901016),1/26,0.2300828957266827,0.4407953628603593,0,0,3.974874371859297,5.840344997302112,ATP1B1,1,GO_Biological_Process_2021
GO_Biological_Process_2021,regulation of regulatory T cell differentiation (GO:0045589),1/26,0.2300828957266827,0.4407953628603593,0,0,3.974874371859297,5.840344997302112,FOXP3,1,GO_Biological_Process_2021
GO_Biological_Process_2021,positive regulation of filopodium assembly (GO:0051491),1/26,0.2300828957266827,0.4407953628603593,0,0,3.974874371859297,5.840344997302112,CCR7,1,GO_Biological_Process_2021
GO_Biological_Process_2021,positive regulation of interleukin-2 production (GO:0032743),1/26,0.2300828957266827,0.4407953628603593,0,0,3.974874371859297,5.840344997302112,CARD11,1,GO_Biological_Process_2021
GO_Biological_Process_2021,positive regulation of ion transmembrane transporter activity (GO:0032414),1/26,0.2300828957266827,0.4407953628603593,0,0,3.974874371859297,5.840344997302112,ATP1B1,1,GO_Biological_Process_2021
GO_Biological_Process_2021,TOR signaling (GO:0031929),1/26,0.2300828957266827,0.4407953628603593,0,0,3.974874371859297,5.840344997302112,CARD11,1,GO_Biological_Process_2021
GO_Biological_Process_2021,mononuclear cell differentiation (GO:1903131),1/26,0.2300828957266827,0.4407953628603593,0,0,3.974874371859297,5.840344997302112,BLK,1,GO_Biological_Process_2021
GO_Biological_Process_2021,regulation of endothelial cell proliferation (GO:0001936),2/92,0.234614487227205,0.4472984038914597,0,0,2.212121212121212,3.2071589757618537,PLXNB3;FUT2,1,GO_Biological_Process_2021
GO_Biological_Process_2021,camera-type eye development (GO:0043010),1/27,0.2377920775242915,0.4472984038914597,0,0,3.821801314263626,5.489477227235043,STRA6,1,GO_Biological_Process_2021
GO_Biological_Process_2021,negative regulation of plasma membrane bounded cell projection assembly (GO:0120033),1/27,0.2377920775242915,0.4472984038914597,0,0,3.821801314263626,5.489477227235043,PLXNB3,1,GO_Biological_Process_2021
GO_Biological_Process_2021,cellular lipid catabolic process (GO:0044242),1/27,0.2377920775242915,0.4472984038914597,0,0,3.821801314263626,5.489477227235043,SMPDL3B,1,GO_Biological_Process_2021
GO_Biological_Process_2021,chondroitin sulfate proteoglycan biosynthetic process (GO:0050650),1/27,0.2377920775242915,0.4472984038914597,0,0,3.821801314263626,5.489477227235043,CHPF,1,GO_Biological_Process_2021
GO_Biological_Process_2021,positive regulation of calcium ion transmembrane transport (GO:1904427),1/27,0.2377920775242915,0.4472984038914597,0,0,3.821801314263626,5.489477227235043,CD19,1,GO_Biological_Process_2021
GO_Biological_Process_2021,regulation of vasculature development (GO:1901342),1/27,0.2377920775242915,0.4472984038914597,0,0,3.821801314263626,5.489477227235043,CXCL13,1,GO_Biological_Process_2021
GO_Biological_Process_2021,L-alpha-amino acid transmembrane transport (GO:1902475),1/27,0.2377920775242915,0.4472984038914597,0,0,3.821801314263626,5.489477227235043,SLC1A4,1,GO_Biological_Process_2021
GO_Biological_Process_2021,positive regulation of toll-like receptor signaling pathway (GO:0034123),1/27,0.2377920775242915,0.4472984038914597,0,0,3.821801314263626,5.489477227235043,LTF,1,GO_Biological_Process_2021
GO_Biological_Process_2021,regulation of epithelial cell proliferation (GO:0050678),2/93,0.2383084712706434,0.4473678142766807,0,0,2.187701187701188,3.1375777372613727,FUT2;SGPP2,1,GO_Biological_Process_2021
GO_Biological_Process_2021,regulation of calcium-mediated signaling (GO:0050848),1/28,0.2454244493195781,0.4498644621123111,0,0,3.680067001675042,5.169633447658624,CD22,1,GO_Biological_Process_2021
GO_Biological_Process_2021,calcium ion import (GO:0070509),1/28,0.2454244493195781,0.4498644621123111,0,0,3.680067001675042,5.169633447658624,MS4A1,1,GO_Biological_Process_2021
GO_Biological_Process_2021,carbohydrate derivative biosynthetic process (GO:1901137),1/28,0.2454244493195781,0.4498644621123111,0,0,3.680067001675042,5.169633447658624,B3GNT6,1,GO_Biological_Process_2021
GO_Biological_Process_2021,neutral amino acid transport (GO:0015804),1/28,0.2454244493195781,0.4498644621123111,0,0,3.680067001675042,5.169633447658624,SLC1A4,1,GO_Biological_Process_2021
GO_Biological_Process_2021,regulation of neuron migration (GO:2001222),1/28,0.2454244493195781,0.4498644621123111,0,0,3.680067001675042,5.169633447658624,ADGRG1,1,GO_Biological_Process_2021
GO_Biological_Process_2021,regulation of postsynapse organization (GO:0099175),1/28,0.2454244493195781,0.4498644621123111,0,0,3.680067001675042,5.169633447658624,LZTS3,1,GO_Biological_Process_2021
GO_Biological_Process_2021,regulation of sodium ion transmembrane transport (GO:1902305),1/28,0.2454244493195781,0.4498644621123111,0,0,3.680067001675042,5.169633447658624,BPIFA1,1,GO_Biological_Process_2021
GO_Biological_Process_2021,RNA phosphodiester bond hydrolysis (GO:0090501),1/28,0.2454244493195781,0.4498644621123111,0,0,3.680067001675042,5.169633447658624,ZC3H12D,1,GO_Biological_Process_2021
GO_Biological_Process_2021,positive regulation of monooxygenase activity (GO:0032770),1/28,0.2454244493195781,0.4498644621123111,0,0,3.680067001675042,5.169633447658624,FCER2,1,GO_Biological_Process_2021
GO_Biological_Process_2021,keratan sulfate biosynthetic process (GO:0018146),1/28,0.2454244493195781,0.4498644621123111,0,0,3.680067001675042,5.169633447658624,B3GNT3,1,GO_Biological_Process_2021
GO_Biological_Process_2021,L-amino acid transport (GO:0015807),1/28,0.2454244493195781,0.4498644621123111,0,0,3.680067001675042,5.169633447658624,SLC1A4,1,GO_Biological_Process_2021
GO_Biological_Process_2021,sulfur compound transport (GO:0072348),1/28,0.2454244493195781,0.4498644621123111,0,0,3.680067001675042,5.169633447658624,SLC44A4,1,GO_Biological_Process_2021
GO_Biological_Process_2021,regulation of actin polymerization or depolymerization (GO:0008064),1/29,0.252980772589684,0.4603350885500838,0,0,3.548456568557071,4.877147000705543,ARHGAP40,1,GO_Biological_Process_2021
GO_Biological_Process_2021,negative regulation of interferon-gamma production (GO:0032689),1/29,0.252980772589684,0.4603350885500838,0,0,3.548456568557071,4.877147000705543,FOXP3,1,GO_Biological_Process_2021
GO_Biological_Process_2021,MyD88-dependent toll-like receptor signaling pathway (GO:0002755),1/29,0.252980772589684,0.4603350885500838,0,0,3.548456568557071,4.877147000705543,TLR10,1,GO_Biological_Process_2021
GO_Biological_Process_2021,calcium ion homeostasis (GO:0055074),2/97,0.253110289845866,0.4603350885500838,0,0,2.095162147793727,2.878606039624586,CCL19;ATP1B1,1,GO_Biological_Process_2021
GO_Biological_Process_2021,negative regulation of neuron death (GO:1901215),2/98,0.2568151396703299,0.4652592724512966,0,0,2.073232323232323,2.818349436543183,VSTM2L;CRLF1,1,GO_Biological_Process_2021
GO_Biological_Process_2021,regulation of neuron apoptotic process (GO:0043523),2/98,0.2568151396703299,0.4652592724512966,0,0,2.073232323232323,2.818349436543183,VSTM2L;CRLF1,1,GO_Biological_Process_2021
GO_Biological_Process_2021,protein N-linked glycosylation via asparagine (GO:0018279),1/30,0.2604618012849767,0.4655380471242974,0,0,3.425922717033443,4.608890626901229,DERL3,1,GO_Biological_Process_2021
GO_Biological_Process_2021,artery morphogenesis (GO:0048844),1/30,0.2604618012849767,0.4655380471242974,0,0,3.425922717033443,4.608890626901229,STRA6,1,GO_Biological_Process_2021
GO_Biological_Process_2021,regulation of cation transmembrane transport (GO:1904062),1/30,0.2604618012849767,0.4655380471242974,0,0,3.425922717033443,4.608890626901229,BPIFA1,1,GO_Biological_Process_2021
GO_Biological_Process_2021,cardiac muscle cell action potential (GO:0086001),1/30,0.2604618012849767,0.4655380471242974,0,0,3.425922717033443,4.608890626901229,ATP1B1,1,GO_Biological_Process_2021
GO_Biological_Process_2021,chondroitin sulfate metabolic process (GO:0030204),1/30,0.2604618012849767,0.4655380471242974,0,0,3.425922717033443,4.608890626901229,CHPF,1,GO_Biological_Process_2021
GO_Biological_Process_2021,plasma membrane invagination (GO:0099024),1/30,0.2604618012849767,0.4655380471242974,0,0,3.425922717033443,4.608890626901229,IGLL5,1,GO_Biological_Process_2021
GO_Biological_Process_2021,respiratory tube development (GO:0030323),1/30,0.2604618012849767,0.4655380471242974,0,0,3.425922717033443,4.608890626901229,STRA6,1,GO_Biological_Process_2021
GO_Biological_Process_2021,regulation of developmental growth (GO:0048638),1/31,0.2678682819607093,0.4733354300555715,0,0,3.3115577889447234,4.362182296847866,AGR2,1,GO_Biological_Process_2021
GO_Biological_Process_2021,negative regulation of response to biotic stimulus (GO:0002832),1/31,0.2678682819607093,0.4733354300555715,0,0,3.3115577889447234,4.362182296847866,LTF,1,GO_Biological_Process_2021
GO_Biological_Process_2021,peptidyl-asparagine modification (GO:0018196),1/31,0.2678682819607093,0.4733354300555715,0,0,3.3115577889447234,4.362182296847866,DERL3,1,GO_Biological_Process_2021
GO_Biological_Process_2021,phospholipid translocation (GO:0045332),1/31,0.2678682819607093,0.4733354300555715,0,0,3.3115577889447234,4.362182296847866,ATP10B,1,GO_Biological_Process_2021
GO_Biological_Process_2021,positive regulation of mononuclear cell migration (GO:0071677),1/31,0.2678682819607093,0.4733354300555715,0,0,3.3115577889447234,4.362182296847866,CCR7,1,GO_Biological_Process_2021
GO_Biological_Process_2021,positive regulation of Rho protein signal transduction (GO:0035025),1/31,0.2678682819607093,0.4733354300555715,0,0,3.3115577889447234,4.362182296847866,ADGRG1,1,GO_Biological_Process_2021
GO_Biological_Process_2021,regulated exocytosis (GO:0045055),3/180,0.2688479130500232,0.4741684364379426,0,0,1.688290458573518,2.2177542809123287,BLK;SERPINF2;MANF,1,GO_Biological_Process_2021
GO_Biological_Process_2021,calcium-mediated signaling (GO:0019722),2/102,0.2716402584331571,0.477253698645631,0,0,1.9898989898989896,2.593388923930461,CCR7;ATP1B1,1,GO_Biological_Process_2021
GO_Biological_Process_2021,positive regulation of cell growth (GO:0030307),2/102,0.2716402584331571,0.477253698645631,0,0,1.9898989898989896,2.593388923930461,SLC44A4;CPNE5,1,GO_Biological_Process_2021
GO_Biological_Process_2021,negative regulation of cytokine production (GO:0001818),3/182,0.2742570592901567,0.477253698645631,0,0,1.6692567280152,2.1594998013669,CCR7;FOXP3;TNFRSF21,1,GO_Biological_Process_2021
GO_Biological_Process_2021,supramolecular fiber organization (GO:0097435),5/351,0.2751255656854091,0.477253698645631,0,0,1.4416777827182452,1.8605250886135,MARCKSL1;SERPINF2;COL10A1;LOXL1;LTF,1,GO_Biological_Process_2021
GO_Biological_Process_2021,regulation of chemotaxis (GO:0050920),1/32,0.2752009537742224,0.477253698645631,0,0,3.204571243313341,4.1347099266061775,CCL19,1,GO_Biological_Process_2021
GO_Biological_Process_2021,regulation of dendritic spine morphogenesis (GO:0061001),1/32,0.2752009537742224,0.477253698645631,0,0,3.204571243313341,4.1347099266061775,LZTS3,1,GO_Biological_Process_2021
GO_Biological_Process_2021,hematopoietic progenitor cell differentiation (GO:0002244),1/32,0.2752009537742224,0.477253698645631,0,0,3.204571243313341,4.1347099266061775,TNFRSF13B,1,GO_Biological_Process_2021
GO_Biological_Process_2021,skeletal muscle organ development (GO:0060538),1/32,0.2752009537742224,0.477253698645631,0,0,3.204571243313341,4.1347099266061775,STRA6,1,GO_Biological_Process_2021
GO_Biological_Process_2021,metal ion export (GO:0070839),1/32,0.2752009537742224,0.477253698645631,0,0,3.204571243313341,4.1347099266061775,ATP1B1,1,GO_Biological_Process_2021
GO_Biological_Process_2021,cellular metal ion homeostasis (GO:0006875),2/104,0.2790510068326582,0.4830326333485532,0,0,1.95068330362448,2.4897754945672688,CCL19;ATP1B1,1,GO_Biological_Process_2021
GO_Biological_Process_2021,regulation of histone acetylation (GO:0035065),1/33,0.2824605485993796,0.4840552406916573,0,0,3.1042713567839195,3.9244707255325473,FOXP3,1,GO_Biological_Process_2021
GO_Biological_Process_2021,regulation of interleukin-17 production (GO:0032660),1/33,0.2824605485993796,0.4840552406916573,0,0,3.1042713567839195,3.9244707255325473,FOXP3,1,GO_Biological_Process_2021
GO_Biological_Process_2021,phosphatidylcholine biosynthetic process (GO:0006656),1/33,0.2824605485993796,0.4840552406916573,0,0,3.1042713567839195,3.9244707255325473,SLC44A4,1,GO_Biological_Process_2021
GO_Biological_Process_2021,positive regulation of histone modification (GO:0031058),1/33,0.2824605485993796,0.4840552406916573,0,0,3.1042713567839195,3.9244707255325473,FOXP3,1,GO_Biological_Process_2021
GO_Biological_Process_2021,keratan sulfate metabolic process (GO:0042339),1/33,0.2824605485993796,0.4840552406916573,0,0,3.1042713567839195,3.9244707255325473,B3GNT3,1,GO_Biological_Process_2021
GO_Biological_Process_2021,activation of GTPase activity (GO:0090630),2/105,0.2827546689999499,0.4840552406916573,0,0,1.931646562714524,2.440008904942008,CCR7;CXCL13,1,GO_Biological_Process_2021
GO_Biological_Process_2021,regulation of activated T cell proliferation (GO:0046006),1/34,0.2896477910754225,0.4886824395540129,0,0,3.010050251256281,3.7297219848476746,FOXP3,1,GO_Biological_Process_2021
GO_Biological_Process_2021,regulation of cell adhesion mediated by integrin (GO:0033628),1/34,0.2896477910754225,0.4886824395540129,0,0,3.010050251256281,3.7297219848476746,LIF,1,GO_Biological_Process_2021
GO_Biological_Process_2021,cardiac muscle contraction (GO:0060048),1/34,0.2896477910754225,0.4886824395540129,0,0,3.010050251256281,3.7297219848476746,ATP1B1,1,GO_Biological_Process_2021
GO_Biological_Process_2021,regulation of keratinocyte differentiation (GO:0045616),1/34,0.2896477910754225,0.4886824395540129,0,0,3.010050251256281,3.7297219848476746,ETV4,1,GO_Biological_Process_2021
GO_Biological_Process_2021,regulation of lamellipodium assembly (GO:0010591),1/34,0.2896477910754225,0.4886824395540129,0,0,3.010050251256281,3.7297219848476746,PLXNB3,1,GO_Biological_Process_2021
GO_Biological_Process_2021,positive regulation of calcium ion transport into cytosol (GO:0010524),1/34,0.2896477910754225,0.4886824395540129,0,0,3.010050251256281,3.7297219848476746,CD19,1,GO_Biological_Process_2021
GO_Biological_Process_2021,positive regulation of epidermal growth factor receptor signaling pathway (GO:0045742),1/34,0.2896477910754225,0.4886824395540129,0,0,3.010050251256281,3.7297219848476746,AGR2,1,GO_Biological_Process_2021
GO_Biological_Process_2021,positive regulation of release of sequestered calcium ion into cytosol (GO:0051281),1/34,0.2896477910754225,0.4886824395540129,0,0,3.010050251256281,3.7297219848476746,CD19,1,GO_Biological_Process_2021
GO_Biological_Process_2021,regulation of GTPase activity (GO:0043087),3/189,0.2932709854088831,0.4926694858308741,0,0,1.6058621254298346,1.969843996438265,CCL22;PLXNB3;CCL19,1,GO_Biological_Process_2021
GO_Biological_Process_2021,blood vessel diameter maintenance (GO:0097746),1/35,0.2967633987534311,0.4926694858308741,0,0,2.9213715637008573,3.54894088012851,SERPINF2,1,GO_Biological_Process_2021
GO_Biological_Process_2021,regulation of protein polymerization (GO:0032271),1/35,0.2967633987534311,0.4926694858308741,0,0,2.9213715637008573,3.54894088012851,ARHGAP40,1,GO_Biological_Process_2021
GO_Biological_Process_2021,regulation of T cell receptor signaling pathway (GO:0050856),1/35,0.2967633987534311,0.4926694858308741,0,0,2.9213715637008573,3.54894088012851,CARD11,1,GO_Biological_Process_2021
GO_Biological_Process_2021,respiratory system development (GO:0060541),1/35,0.2967633987534311,0.4926694858308741,0,0,2.9213715637008573,3.54894088012851,STRA6,1,GO_Biological_Process_2021
GO_Biological_Process_2021,positive regulation of immunoglobulin production (GO:0002639),1/35,0.2967633987534311,0.4926694858308741,0,0,2.9213715637008573,3.54894088012851,MZB1,1,GO_Biological_Process_2021
GO_Biological_Process_2021,positive regulation of lymphocyte activation (GO:0051251),1/35,0.2967633987534311,0.4926694858308741,0,0,2.9213715637008573,3.54894088012851,IGLL5,1,GO_Biological_Process_2021
GO_Biological_Process_2021,semaphorin-plexin signaling pathway (GO:0071526),1/35,0.2967633987534311,0.4926694858308741,0,0,2.9213715637008573,3.54894088012851,PLXNB3,1,GO_Biological_Process_2021
GO_Biological_Process_2021,lung development (GO:0030324),1/35,0.2967633987534311,0.4926694858308741,0,0,2.9213715637008573,3.54894088012851,STRA6,1,GO_Biological_Process_2021
GO_Biological_Process_2021,regulation of protein kinase activity (GO:0045859),2/110,0.3012423146906411,0.4972858605113556,0,0,1.8417508417508417,2.209806893363538,CCR7;CCL19,1,GO_Biological_Process_2021
GO_Biological_Process_2021,regulation of cardiac muscle contraction (GO:0055117),1/36,0.3038080819844295,0.4972858605113556,0,0,2.8377602297200286,3.380791434126185,ATP1B1,1,GO_Biological_Process_2021
GO_Biological_Process_2021,positive regulation of bone mineralization (GO:0030501),1/36,0.3038080819844295,0.4972858605113556,0,0,2.8377602297200286,3.380791434126185,LTF,1,GO_Biological_Process_2021
GO_Biological_Process_2021,regulation of sodium ion transport (GO:0002028),1/36,0.3038080819844295,0.4972858605113556,0,0,2.8377602297200286,3.380791434126185,BPIFA1,1,GO_Biological_Process_2021
GO_Biological_Process_2021,retina homeostasis (GO:0001895),1/36,0.3038080819844295,0.4972858605113556,0,0,2.8377602297200286,3.380791434126185,LTF,1,GO_Biological_Process_2021
GO_Biological_Process_2021,positive regulation of myeloid leukocyte differentiation (GO:0002763),1/36,0.3038080819844295,0.4972858605113556,0,0,2.8377602297200286,3.380791434126185,LIF,1,GO_Biological_Process_2021
GO_Biological_Process_2021,membrane fusion (GO:0061025),1/36,0.3038080819844295,0.4972858605113556,0,0,2.8377602297200286,3.380791434126185,MX2,1,GO_Biological_Process_2021
GO_Biological_Process_2021,transition metal ion transport (GO:0000041),1/36,0.3038080819844295,0.4972858605113556,0,0,2.8377602297200286,3.380791434126185,LTF,1,GO_Biological_Process_2021
GO_Biological_Process_2021,cellular divalent inorganic cation homeostasis (GO:0072503),2/111,0.3049314473928455,0.4982505086121276,0,0,1.8247613752200909,2.167211222684004,CCL19;ATP1B1,1,GO_Biological_Process_2021
GO_Biological_Process_2021,"phagocytosis, engulfment (GO:0006911)",1/37,0.3107825442509396,0.5060385929949855,0,0,2.758793969849246,3.2240971983470845,IGLL5,1,GO_Biological_Process_2021
GO_Biological_Process_2021,regulation of transport (GO:0051049),1/37,0.3107825442509396,0.5060385929949855,0,0,2.758793969849246,3.2240971983470845,CLDN10,1,GO_Biological_Process_2021
GO_Biological_Process_2021,sulfur compound biosynthetic process (GO:0044272),2/113,0.3122988478346994,0.5069092729359267,0,0,1.7917007917007917,2.0851718925161022,CHPF;B3GNT3,1,GO_Biological_Process_2021
GO_Biological_Process_2021,positive regulation of kinase activity (GO:0033674),2/114,0.3159765270928876,0.5069092729359267,0,0,1.7756132756132756,2.045661592448686,CCR7;CCL19,1,GO_Biological_Process_2021
GO_Biological_Process_2021,actin-myosin filament sliding (GO:0033275),1/38,0.3176874819497763,0.5069092729359267,0,0,2.684096156457965,3.07781854672427,MYBPC2,1,GO_Biological_Process_2021
GO_Biological_Process_2021,positive regulation of cell development (GO:0010720),1/38,0.3176874819497763,0.5069092729359267,0,0,2.684096156457965,3.07781854672427,SERPINF1,1,GO_Biological_Process_2021
GO_Biological_Process_2021,positive regulation of insulin secretion (GO:0032024),1/38,0.3176874819497763,0.5069092729359267,0,0,2.684096156457965,3.07781854672427,BLK,1,GO_Biological_Process_2021
GO_Biological_Process_2021,positive regulation of production of molecular mediator of immune response (GO:0002702),1/38,0.3176874819497763,0.5069092729359267,0,0,2.684096156457965,3.07781854672427,MZB1,1,GO_Biological_Process_2021
GO_Biological_Process_2021,lysosome organization (GO:0007040),1/38,0.3176874819497763,0.5069092729359267,0,0,2.684096156457965,3.07781854672427,ATP10B,1,GO_Biological_Process_2021
GO_Biological_Process_2021,synaptic vesicle endocytosis (GO:0048488),1/38,0.3176874819497763,0.5069092729359267,0,0,2.684096156457965,3.07781854672427,MX2,1,GO_Biological_Process_2021
GO_Biological_Process_2021,ventricular septum development (GO:0003281),1/38,0.3176874819497763,0.5069092729359267,0,0,2.684096156457965,3.07781854672427,STRA6,1,GO_Biological_Process_2021
GO_Biological_Process_2021,mRNA destabilization (GO:0061157),1/38,0.3176874819497763,0.5069092729359267,0,0,2.684096156457965,3.07781854672427,ZC3H12D,1,GO_Biological_Process_2021
GO_Biological_Process_2021,muscle filament sliding (GO:0030049),1/38,0.3176874819497763,0.5069092729359267,0,0,2.684096156457965,3.07781854672427,MYBPC2,1,GO_Biological_Process_2021
GO_Biological_Process_2021,regulation of signal transduction (GO:0009966),3/198,0.3178370039308865,0.5069092729359267,0,0,1.5310425614994143,1.7549063899027062,MZB1;VWA2;FOXP3,1,GO_Biological_Process_2021
GO_Biological_Process_2021,cellular response to molecule of bacterial origin (GO:0071219),2/115,0.3196498104363898,0.5080209808594345,0,0,1.759810494323769,2.007115298893896,CD180;CXCL13,1,GO_Biological_Process_2021
GO_Biological_Process_2021,proteolysis (GO:0006508),4/287,0.3232894259259176,0.5080209808594345,0,0,1.407442128794981,1.5892939282449376,TMPRSS4;CAPN5;CTSE;WFDC2,1,GO_Biological_Process_2021
GO_Biological_Process_2021,regulation of macromolecule metabolic process (GO:0060255),3/200,0.3233044834418361,0.5080209808594345,0,0,1.5153443788811871,1.711067359910169,TMPRSS4;RNF39;ATP1B1,1,GO_Biological_Process_2021
GO_Biological_Process_2021,regulation of cellular component biogenesis (GO:0044087),1/39,0.3245235847719431,0.5080209808594345,0,0,2.6133298069293835,2.941033694945818,CCL19,1,GO_Biological_Process_2021
GO_Biological_Process_2021,negative regulation of secretion by cell (GO:1903531),1/39,0.3245235847719431,0.5080209808594345,0,0,2.6133298069293835,2.941033694945818,LIF,1,GO_Biological_Process_2021
GO_Biological_Process_2021,regulation of intracellular transport (GO:0032386),1/39,0.3245235847719431,0.5080209808594345,0,0,2.6133298069293835,2.941033694945818,MX2,1,GO_Biological_Process_2021
GO_Biological_Process_2021,regulation of nitric-oxide synthase activity (GO:0050999),1/39,0.3245235847719431,0.5080209808594345,0,0,2.6133298069293835,2.941033694945818,FCER2,1,GO_Biological_Process_2021
GO_Biological_Process_2021,regulation of receptor-mediated endocytosis (GO:0048259),1/39,0.3245235847719431,0.5080209808594345,0,0,2.6133298069293835,2.941033694945818,CCL19,1,GO_Biological_Process_2021
GO_Biological_Process_2021,regulation of T cell differentiation (GO:0045580),1/39,0.3245235847719431,0.5080209808594345,0,0,2.6133298069293835,2.941033694945818,FOXP3,1,GO_Biological_Process_2021
GO_Biological_Process_2021,regulation of viral entry into host cell (GO:0046596),1/39,0.3245235847719431,0.5080209808594345,0,0,2.6133298069293835,2.941033694945818,TMPRSS4,1,GO_Biological_Process_2021
GO_Biological_Process_2021,protein acylation (GO:0043543),1/39,0.3245235847719431,0.5080209808594345,0,0,2.6133298069293835,2.941033694945818,ZDHHC9,1,GO_Biological_Process_2021
GO_Biological_Process_2021,adenylate cyclase-activating G protein-coupled receptor signaling pathway (GO:0007189),2/118,0.3306405252999629,0.513779860612226,0,0,1.7140369209334727,1.8969649746192256,ADGRG1;CNR2,1,GO_Biological_Process_2021
GO_Biological_Process_2021,negative regulation of response to external stimulus (GO:0032102),2/118,0.3306405252999629,0.513779860612226,0,0,1.7140369209334727,1.8969649746192256,SMPDL3B;LTF,1,GO_Biological_Process_2021
GO_Biological_Process_2021,negative regulation of blood coagulation (GO:0030195),1/40,0.3312915354401823,0.513779860612226,0,0,2.54619250096637,2.8129227654318845,SERPINF2,1,GO_Biological_Process_2021
GO_Biological_Process_2021,bone development (GO:0060348),1/40,0.3312915354401823,0.513779860612226,0,0,2.54619250096637,2.8129227654318845,LTF,1,GO_Biological_Process_2021
GO_Biological_Process_2021,organic hydroxy compound transport (GO:0015850),1/40,0.3312915354401823,0.513779860612226,0,0,2.54619250096637,2.8129227654318845,STRA6,1,GO_Biological_Process_2021
GO_Biological_Process_2021,regulation of angiogenesis (GO:0045765),3/203,0.3315064052396142,0.513779860612226,0,0,1.4923857868020305,1.6477553065005663,SERPINF1;ADM2;CXCL13,1,GO_Biological_Process_2021
GO_Biological_Process_2021,cellular response to lipopolysaccharide (GO:0071222),2/120,0.337940732613065,0.5203738372394909,0,0,1.684814244136278,1.827829273598234,CD180;CXCL13,1,GO_Biological_Process_2021
GO_Biological_Process_2021,acylglycerol metabolic process (GO:0006639),1/41,0.3379920100397979,0.5203738372394909,0,0,2.4824120603015074,2.6927543377926204,DGKA,1,GO_Biological_Process_2021
GO_Biological_Process_2021,regulation of filopodium assembly (GO:0051489),1/41,0.3379920100397979,0.5203738372394909,0,0,2.4824120603015074,2.6927543377926204,CCR7,1,GO_Biological_Process_2021
GO_Biological_Process_2021,heart contraction (GO:0060047),1/41,0.3379920100397979,0.5203738372394909,0,0,2.4824120603015074,2.6927543377926204,ATP1B1,1,GO_Biological_Process_2021
GO_Biological_Process_2021,cellular response to interferon-gamma (GO:0071346),2/121,0.3415819885568875,0.5250345886714597,0,0,1.6705712588065529,1.794473428095151,CCL22;CCL19,1,GO_Biological_Process_2021
GO_Biological_Process_2021,regulation of protein kinase B signaling (GO:0051896),3/207,0.3424378699290966,0.5254844286905381,0,0,1.4628247237981489,1.5676581152673636,CD19;CCR7;CCL19,1,GO_Biological_Process_2021
GO_Biological_Process_2021,positive regulation of ATPase activity (GO:0032781),1/42,0.344625677945044,0.5262451023285206,0,0,2.4217428606446867,2.579874053958348,ATP1B1,1,GO_Biological_Process_2021
GO_Biological_Process_2021,skeletal system morphogenesis (GO:0048705),1/42,0.344625677945044,0.5262451023285206,0,0,2.4217428606446867,2.579874053958348,LTF,1,GO_Biological_Process_2021
GO_Biological_Process_2021,potassium ion import across plasma membrane (GO:1990573),1/42,0.344625677945044,0.5262451023285206,0,0,2.4217428606446867,2.579874053958348,ATP1B1,1,GO_Biological_Process_2021
GO_Biological_Process_2021,regulation of anatomical structure morphogenesis (GO:0022603),2/123,0.3488455825927885,0.5318185107174374,0,0,1.642791551882461,1.73006635039327,CXCL13;LZTS3,1,GO_Biological_Process_2021
GO_Biological_Process_2021,regulation of cell-cell adhesion (GO:0022407),1/43,0.3511932019412653,0.53192087242078,0,0,2.363962670495334,2.473694919601735,FUT3,1,GO_Biological_Process_2021
GO_Biological_Process_2021,regulation of cell-substrate adhesion (GO:0010810),1/43,0.3511932019412653,0.53192087242078,0,0,2.363962670495334,2.473694919601735,AGR2,1,GO_Biological_Process_2021
GO_Biological_Process_2021,positive regulation of axonogenesis (GO:0050772),1/43,0.3511932019412653,0.53192087242078,0,0,2.363962670495334,2.473694919601735,PLXNB3,1,GO_Biological_Process_2021
GO_Biological_Process_2021,positive regulation of peptide hormone secretion (GO:0090277),1/43,0.3511932019412653,0.53192087242078,0,0,2.363962670495334,2.473694919601735,BLK,1,GO_Biological_Process_2021
GO_Biological_Process_2021,defense response to symbiont (GO:0140546),2/124,0.3524674479014492,0.5321231859094695,0,0,1.6292432521940718,1.698969987670421,BPIFA1;MX2,1,GO_Biological_Process_2021
GO_Biological_Process_2021,regulation of tumor necrosis factor production (GO:0032680),2/124,0.3524674479014492,0.5321231859094695,0,0,1.6292432521940718,1.698969987670421,CCL19;LTF,1,GO_Biological_Process_2021
GO_Biological_Process_2021,protein targeting (GO:0006605),2/125,0.3560823858036039,0.533114468561802,0,0,1.6159152500615914,1.668583024830908,GOLGA7B;ZDHHC9,1,GO_Biological_Process_2021
GO_Biological_Process_2021,positive regulation of biosynthetic process (GO:0009891),1/44,0.3576952382847675,0.533114468561802,0,0,2.308869931050602,2.373689018141451,SERPINF2,1,GO_Biological_Process_2021
GO_Biological_Process_2021,homotypic cell-cell adhesion (GO:0034109),1/44,0.3576952382847675,0.533114468561802,0,0,2.308869931050602,2.373689018141451,CEACAM5,1,GO_Biological_Process_2021
GO_Biological_Process_2021,positive regulation of osteoblast differentiation (GO:0045669),1/44,0.3576952382847675,0.533114468561802,0,0,2.308869931050602,2.373689018141451,LTF,1,GO_Biological_Process_2021
GO_Biological_Process_2021,positive regulation of potassium ion transmembrane transport (GO:1901381),1/44,0.3576952382847675,0.533114468561802,0,0,2.308869931050602,2.373689018141451,ATP1B1,1,GO_Biological_Process_2021
GO_Biological_Process_2021,positive regulation of receptor-mediated endocytosis (GO:0048260),1/44,0.3576952382847675,0.533114468561802,0,0,2.308869931050602,2.373689018141451,CCL19,1,GO_Biological_Process_2021
GO_Biological_Process_2021,positive regulation of stress fiber assembly (GO:0051496),1/44,0.3576952382847675,0.533114468561802,0,0,2.308869931050602,2.373689018141451,SERPINF2,1,GO_Biological_Process_2021
GO_Biological_Process_2021,mRNA catabolic process (GO:0006402),1/44,0.3576952382847675,0.533114468561802,0,0,2.308869931050602,2.373689018141451,ZC3H12D,1,GO_Biological_Process_2021
GO_Biological_Process_2021,positive regulation of chemotaxis (GO:0050921),1/45,0.3641324366778817,0.5401201326239485,0,0,2.256281407035176,2.279380404926681,CCL19,1,GO_Biological_Process_2021
GO_Biological_Process_2021,positive regulation of nervous system development (GO:0051962),1/45,0.3641324366778817,0.5401201326239485,0,0,2.256281407035176,2.279380404926681,SERPINF1,1,GO_Biological_Process_2021
GO_Biological_Process_2021,positive regulation of response to biotic stimulus (GO:0002833),1/45,0.3641324366778817,0.5401201326239485,0,0,2.256281407035176,2.279380404926681,CD180,1,GO_Biological_Process_2021
GO_Biological_Process_2021,positive regulation of macromolecule biosynthetic process (GO:0010557),2/129,0.3704684745885532,0.5478313407226043,0,0,1.5647021395052891,1.5537287687021244,FCER2;CCL19,1,GO_Biological_Process_2021
GO_Biological_Process_2021,positive regulation of smooth muscle cell proliferation (GO:0048661),1/46,0.3705054405101429,0.5478313407226043,0,0,2.2060301507537687,2.1903389894516705,SERPINF2,1,GO_Biological_Process_2021
GO_Biological_Process_2021,regulation of protein localization to nucleus (GO:1900180),1/47,0.376814886705751,0.5554001410686661,0,0,2.1579637317019884,2.1061752538856453,LIF,1,GO_Biological_Process_2021
GO_Biological_Process_2021,epidermal growth factor receptor signaling pathway (GO:0007173),1/47,0.376814886705751,0.5554001410686661,0,0,2.1579637317019884,2.1061752538856453,FAM83A,1,GO_Biological_Process_2021
GO_Biological_Process_2021,cellular response to metal ion (GO:0071248),2/131,0.3776143893798206,0.5557006708065815,0,0,1.5402865867982147,1.500056978121565,AOC1;CPNE5,1,GO_Biological_Process_2021
GO_Biological_Process_2021,positive regulation of cell motility (GO:2000147),3/221,0.3805444446837829,0.559130656519637,0,0,1.3679038792902716,1.32160348257447,CEACAM6;CCR7;CCL19,1,GO_Biological_Process_2021
GO_Biological_Process_2021,negative regulation of tumor necrosis factor superfamily cytokine production (GO:1903556),1/48,0.3830614060395898,0.559305621024941,0,0,2.111942692184326,2.026535673888961,LTF,1,GO_Biological_Process_2021
GO_Biological_Process_2021,phosphatidic acid biosynthetic process (GO:0006654),1/48,0.3830614060395898,0.559305621024941,0,0,2.111942692184326,2.026535673888961,DGKA,1,GO_Biological_Process_2021
GO_Biological_Process_2021,positive regulation of endocytosis (GO:0045807),1/48,0.3830614060395898,0.559305621024941,0,0,2.111942692184326,2.026535673888961,CCL19,1,GO_Biological_Process_2021
GO_Biological_Process_2021,myelination (GO:0042552),1/48,0.3830614060395898,0.559305621024941,0,0,2.111942692184326,2.026535673888961,TNFRSF21,1,GO_Biological_Process_2021
GO_Biological_Process_2021,defense response to virus (GO:0051607),2/133,0.3847267669681982,0.560441614550065,0,0,1.5166165471508983,1.4487053288734584,BPIFA1;MX2,1,GO_Biological_Process_2021
GO_Biological_Process_2021,positive regulation of peptidyl-tyrosine phosphorylation (GO:0050731),2/134,0.3882699094247467,0.560441614550065,0,0,1.505050505050505,1.423859860762401,LIF;CRLF1,1,GO_Biological_Process_2021
GO_Biological_Process_2021,negative regulation of cell projection organization (GO:0031345),1/49,0.3892456229672477,0.560441614550065,0,0,2.0678391959799,1.9510987409424116,ITM2C,1,GO_Biological_Process_2021
GO_Biological_Process_2021,receptor internalization (GO:0031623),1/49,0.3892456229672477,0.560441614550065,0,0,2.0678391959799,1.9510987409424116,MX2,1,GO_Biological_Process_2021
GO_Biological_Process_2021,regulation of cellular localization (GO:0060341),1/49,0.3892456229672477,0.560441614550065,0,0,2.0678391959799,1.9510987409424116,BLK,1,GO_Biological_Process_2021
GO_Biological_Process_2021,cellular defense response (GO:0006968),1/49,0.3892456229672477,0.560441614550065,0,0,2.0678391959799,1.9510987409424116,FCMR,1,GO_Biological_Process_2021
GO_Biological_Process_2021,positive regulation of actin filament polymerization (GO:0030838),1/49,0.3892456229672477,0.560441614550065,0,0,2.0678391959799,1.9510987409424116,CCR7,1,GO_Biological_Process_2021
GO_Biological_Process_2021,regulation of smooth muscle cell proliferation (GO:0048660),1/49,0.3892456229672477,0.560441614550065,0,0,2.0678391959799,1.9510987409424116,SERPINF2,1,GO_Biological_Process_2021
GO_Biological_Process_2021,RNA catabolic process (GO:0006401),1/49,0.3892456229672477,0.560441614550065,0,0,2.0678391959799,1.9510987409424116,ZC3H12D,1,GO_Biological_Process_2021
GO_Biological_Process_2021,cellular calcium ion homeostasis (GO:0006874),2/136,0.3953292015314795,0.5657645541652359,0,0,1.4824363033318255,1.375754908856019,CCL19;ATP1B1,1,GO_Biological_Process_2021
GO_Biological_Process_2021,amino acid transport (GO:0006865),1/50,0.3953681557510544,0.5657645541652359,0,0,2.025535842477695,1.8795714928238212,SLC1A4,1,GO_Biological_Process_2021
GO_Biological_Process_2021,phosphatidic acid metabolic process (GO:0046473),1/50,0.3953681557510544,0.5657645541652359,0,0,2.025535842477695,1.8795714928238212,DGKA,1,GO_Biological_Process_2021
GO_Biological_Process_2021,iron ion transport (GO:0006826),1/50,0.3953681557510544,0.5657645541652359,0,0,2.025535842477695,1.8795714928238212,LTF,1,GO_Biological_Process_2021
GO_Biological_Process_2021,regulation of axonogenesis (GO:0050770),1/51,0.4014296166851454,0.5726817008673404,0,0,1.984924623115578,1.8116864795932897,PLXNB3,1,GO_Biological_Process_2021
GO_Biological_Process_2021,positive regulation of actin filament bundle assembly (GO:0032233),1/51,0.4014296166851454,0.5726817008673404,0,0,1.984924623115578,1.8116864795932897,SERPINF2,1,GO_Biological_Process_2021
GO_Biological_Process_2021,potassium ion transmembrane transport (GO:0071805),2/139,0.4058480895063414,0.5768327174648726,0,0,1.44975300449753,1.3073529773997317,KCNQ3;ATP1B1,1,GO_Biological_Process_2021
GO_Biological_Process_2021,regulation of release of sequestered calcium ion into cytosol (GO:0051279),1/52,0.4074306117999475,0.5768327174648726,0,0,1.9459060005911912,1.7471991060741807,CD19,1,GO_Biological_Process_2021
GO_Biological_Process_2021,glycolipid metabolic process (GO:0006664),1/52,0.4074306117999475,0.5768327174648726,0,0,1.9459060005911912,1.7471991060741807,FUT2,1,GO_Biological_Process_2021
GO_Biological_Process_2021,positive regulation of protein localization to cell periphery (GO:1904377),1/52,0.4074306117999475,0.5768327174648726,0,0,1.9459060005911912,1.7471991060741807,AGR2,1,GO_Biological_Process_2021
GO_Biological_Process_2021,positive regulation of protein localization to plasma membrane (GO:1903078),1/52,0.4074306117999475,0.5768327174648726,0,0,1.9459060005911912,1.7471991060741807,AGR2,1,GO_Biological_Process_2021
GO_Biological_Process_2021,enzyme linked receptor protein signaling pathway (GO:0007167),2/140,0.4093350504017323,0.5786509121588125,0,0,1.4391743522178304,1.28550113423387,BLK;LIF,1,GO_Biological_Process_2021
GO_Biological_Process_2021,negative regulation of cysteine-type endopeptidase activity (GO:2000117),1/53,0.4133717413870322,0.5825918953385213,0,0,1.9083880943177425,1.6858852917962188,LTF,1,GO_Biological_Process_2021
GO_Biological_Process_2021,bicellular tight junction assembly (GO:0070830),1/53,0.4133717413870322,0.5825918953385213,0,0,1.9083880943177425,1.6858852917962188,CLDN10,1,GO_Biological_Process_2021
GO_Biological_Process_2021,negative regulation of viral genome replication (GO:0045071),1/54,0.4192535996279672,0.5871266406477448,0,0,1.8722859580923483,1.627539412897697,LTF,1,GO_Biological_Process_2021
GO_Biological_Process_2021,glycosaminoglycan metabolic process (GO:0030203),1/54,0.4192535996279672,0.5871266406477448,0,0,1.8722859580923483,1.627539412897697,HS3ST1,1,GO_Biological_Process_2021
GO_Biological_Process_2021,positive regulation of leukocyte chemotaxis (GO:0002690),1/54,0.4192535996279672,0.5871266406477448,0,0,1.8722859580923483,1.627539412897697,CCR7,1,GO_Biological_Process_2021
GO_Biological_Process_2021,striated muscle contraction (GO:0006941),1/54,0.4192535996279672,0.5871266406477448,0,0,1.8722859580923483,1.627539412897697,ATP1B1,1,GO_Biological_Process_2021
GO_Biological_Process_2021,nitrogen compound transport (GO:0071705),2/143,0.4197357656077661,0.5871266406477448,0,0,1.4083387062110466,1.2226209334221314,SLC44A4;SLC1A4,1,GO_Biological_Process_2021
GO_Biological_Process_2021,negative regulation of cell migration (GO:0030336),2/144,0.4231821267362764,0.5910612638397393,0,0,1.398349694124342,1.2025145012328535,ADGRG1;PLXNB3,1,GO_Biological_Process_2021
GO_Biological_Process_2021,regulation of cardiac conduction (GO:1903779),1/55,0.4250767749174149,0.5919352701461913,0,0,1.8375209380234503,1.5719724807707876,ATP1B1,1,GO_Biological_Process_2021
GO_Biological_Process_2021,glycoprotein metabolic process (GO:0009100),1/55,0.4250767749174149,0.5919352701461913,0,0,1.8375209380234503,1.5719724807707876,B3GNT6,1,GO_Biological_Process_2021
GO_Biological_Process_2021,peptidyl-tyrosine modification (GO:0018212),1/56,0.4308418497249187,0.5955191789531098,0,0,1.8040201005025125,1.5190105312629705,BLK,1,GO_Biological_Process_2021
GO_Biological_Process_2021,positive regulation of interleukin-1 beta production (GO:0032731),1/56,0.4308418497249187,0.5955191789531098,0,0,1.8040201005025125,1.5190105312629705,CCL19,1,GO_Biological_Process_2021
GO_Biological_Process_2021,Rho protein signal transduction (GO:0007266),1/56,0.4308418497249187,0.5955191789531098,0,0,1.8040201005025125,1.5190105312629705,ADGRG1,1,GO_Biological_Process_2021
GO_Biological_Process_2021,sensory organ development (GO:0007423),1/56,0.4308418497249187,0.5955191789531098,0,0,1.8040201005025125,1.5190105312629705,STRA6,1,GO_Biological_Process_2021
GO_Biological_Process_2021,tight junction assembly (GO:0120192),1/56,0.4308418497249187,0.5955191789531098,0,0,1.8040201005025125,1.5190105312629705,CLDN10,1,GO_Biological_Process_2021
GO_Biological_Process_2021,positive regulation of cytosolic calcium ion concentration (GO:0007204),2/147,0.433457636286527,0.5982484832179434,0,0,1.369209334726576,1.1446058954410874,CCR7;CXCL13,1,GO_Biological_Process_2021
GO_Biological_Process_2021,positive regulation of cellular process (GO:0048522),7/625,0.4345874576071353,0.598921858120321,0,0,1.125760853161628,0.9381618932242378,ADGRG1;SLC44A4;CEACAM6;SERPINF2;LIF;CCR7;CRLF1,1,GO_Biological_Process_2021
GO_Biological_Process_2021,carboxylic acid transport (GO:0046942),1/57,0.4365494010474847,0.5993992333204093,0,0,1.7717157214644652,1.4684931926330618,SLC1A4,1,GO_Biological_Process_2021
GO_Biological_Process_2021,renal system development (GO:0072001),1/57,0.4365494010474847,0.5993992333204093,0,0,1.7717157214644652,1.4684931926330618,STRA6,1,GO_Biological_Process_2021
GO_Biological_Process_2021,regulation of cytosolic calcium ion concentration (GO:0051480),2/148,0.436861177553996,0.5993992333204093,0,0,1.35976200359762,1.1260730416696714,CCR7;CXCL13,1,GO_Biological_Process_2021
GO_Biological_Process_2021,positive regulation of hydrolase activity (GO:0051345),2/149,0.4402536949587857,0.6005423578531536,0,0,1.3504432075860646,1.107909196685694,CCL22;CCL19,1,GO_Biological_Process_2021
GO_Biological_Process_2021,receptor metabolic process (GO:0043112),1/58,0.4421999998339941,0.6005423578531536,0,0,1.740544829410209,1.4202724160163902,MX2,1,GO_Biological_Process_2021
GO_Biological_Process_2021,regulation of calcium ion transport (GO:0051924),1/58,0.4421999998339941,0.6005423578531536,0,0,1.740544829410209,1.4202724160163902,FCRL3,1,GO_Biological_Process_2021
GO_Biological_Process_2021,negative regulation of hydrolase activity (GO:0051346),1/58,0.4421999998339941,0.6005423578531536,0,0,1.740544829410209,1.4202724160163902,PLXNB3,1,GO_Biological_Process_2021
GO_Biological_Process_2021,negative regulation of neuron projection development (GO:0010977),1/58,0.4421999998339941,0.6005423578531536,0,0,1.740544829410209,1.4202724160163902,ITM2C,1,GO_Biological_Process_2021
GO_Biological_Process_2021,cellular iron ion homeostasis (GO:0006879),1/58,0.4421999998339941,0.6005423578531536,0,0,1.740544829410209,1.4202724160163902,LCN2,1,GO_Biological_Process_2021
GO_Biological_Process_2021,eye development (GO:0001654),1/58,0.4421999998339941,0.6005423578531536,0,0,1.740544829410209,1.4202724160163902,STRA6,1,GO_Biological_Process_2021
GO_Biological_Process_2021,response to cytokine (GO:0034097),2/150,0.4436350681034258,0.6016155792739772,0,0,1.3412503412503411,1.0901052026516995,MX2;CCR7,1,GO_Biological_Process_2021
GO_Biological_Process_2021,phospholipid transport (GO:0015914),1/59,0.4477942115947188,0.6054956513302502,0,0,1.7104487957026513,1.3742113392020114,ATP10B,1,GO_Biological_Process_2021
GO_Biological_Process_2021,fatty acid oxidation (GO:0019395),1/59,0.4477942115947188,0.6054956513302502,0,0,1.7104487957026513,1.3742113392020114,CYP24A1,1,GO_Biological_Process_2021
GO_Biological_Process_2021,apical junction assembly (GO:0043297),1/60,0.4533325962584122,0.6090827650434613,0,0,1.681372966527553,1.330183274831934,CLDN10,1,GO_Biological_Process_2021
GO_Biological_Process_2021,Notch signaling pathway (GO:0007219),1/60,0.4533325962584122,0.6090827650434613,0,0,1.681372966527553,1.330183274831934,FCER2,1,GO_Biological_Process_2021
GO_Biological_Process_2021,peptidyl-threonine phosphorylation (GO:0018107),1/60,0.4533325962584122,0.6090827650434613,0,0,1.681372966527553,1.330183274831934,SBK1,1,GO_Biological_Process_2021
GO_Biological_Process_2021,response to organic cyclic compound (GO:0014070),1/60,0.4533325962584122,0.6090827650434613,0,0,1.681372966527553,1.330183274831934,CYP24A1,1,GO_Biological_Process_2021
GO_Biological_Process_2021,dephosphorylation (GO:0016311),2/153,0.4537111701020423,0.6090827650434613,0,0,1.314402301157268,1.0387648733741028,PLPP2;SGPP2,1,GO_Biological_Process_2021
GO_Biological_Process_2021,negative regulation of response to stimulus (GO:0048585),1/61,0.4588157080798082,0.6124106661494436,0,0,1.6532663316582914,1.288070804786777,FOXP3,1,GO_Biological_Process_2021
GO_Biological_Process_2021,pattern recognition receptor signaling pathway (GO:0002221),1/61,0.4588157080798082,0.6124106661494436,0,0,1.6532663316582914,1.288070804786777,TLR10,1,GO_Biological_Process_2021
GO_Biological_Process_2021,iron ion homeostasis (GO:0055072),1/61,0.4588157080798082,0.6124106661494436,0,0,1.6532663316582914,1.288070804786777,LCN2,1,GO_Biological_Process_2021
GO_Biological_Process_2021,protein lipidation (GO:0006497),1/61,0.4588157080798082,0.6124106661494436,0,0,1.6532663316582914,1.288070804786777,ZDHHC9,1,GO_Biological_Process_2021
GO_Biological_Process_2021,cellular response to interleukin-1 (GO:0071347),2/155,0.4603707970895622,0.6127331721605729,0,0,1.29708853238265,1.006181451159133,CCL22;CCL19,1,GO_Biological_Process_2021
GO_Biological_Process_2021,positive regulation of NF-kappaB transcription factor activity (GO:0051092),2/155,0.4603707970895622,0.6127331721605729,0,0,1.29708853238265,1.006181451159133,CARD11;LTF,1,GO_Biological_Process_2021
GO_Biological_Process_2021,regulation of cell differentiation (GO:0045595),2/156,0.4636829675375702,0.6143826122791235,0,0,1.2886002886002883,0.9903591895699384,SERPINF2;LIF,1,GO_Biological_Process_2021
GO_Biological_Process_2021,regulation of neurogenesis (GO:0050767),1/62,0.4642440960951576,0.6143826122791235,0,0,1.6260812258011368,1.2477649663473405,SERPINF1,1,GO_Biological_Process_2021
GO_Biological_Process_2021,positive regulation of interleukin-1 production (GO:0032732),1/62,0.4642440960951576,0.6143826122791235,0,0,1.6260812258011368,1.2477649663473405,CCL19,1,GO_Biological_Process_2021
GO_Biological_Process_2021,I-kappaB kinase/NF-kappaB signaling (GO:0007249),1/62,0.4642440960951576,0.6143826122791235,0,0,1.6260812258011368,1.2477649663473405,CARD11,1,GO_Biological_Process_2021
GO_Biological_Process_2021,amyloid fibril formation (GO:1990000),1/63,0.4696183035751055,0.6197222366469315,0,0,1.5997730588426,1.2091645247691418,LTF,1,GO_Biological_Process_2021
GO_Biological_Process_2021,positive regulation of Ras protein signal transduction (GO:0046579),1/63,0.4696183035751055,0.6197222366469315,0,0,1.5997730588426,1.2091645247691418,ADGRG1,1,GO_Biological_Process_2021
GO_Biological_Process_2021,T cell receptor signaling pathway (GO:0050852),2/158,0.470271536490919,0.6197222366469315,0,0,1.271950271950272,0.9596165405879008,CARD11;TNFRSF21,1,GO_Biological_Process_2021
GO_Biological_Process_2021,response to lipopolysaccharide (GO:0032496),2/159,0.4735477497536846,0.6231594506631704,0,0,1.263784340217461,0.9446819881327648,CD180;CXCL13,1,GO_Biological_Process_2021
GO_Biological_Process_2021,diterpenoid metabolic process (GO:0016101),1/64,0.4749388686968527,0.6241098091467092,0,0,1.574300071787509,1.1721753146425786,STRA6,1,GO_Biological_Process_2021
GO_Biological_Process_2021,regulation of cell-matrix adhesion (GO:0001952),1/65,0.4802063242660991,0.6274964993561212,0,0,1.5496231155778897,1.1367096495006708,CCR7,1,GO_Biological_Process_2021
GO_Biological_Process_2021,cellular response to type I interferon (GO:0071357),1/65,0.4802063242660991,0.6274964993561212,0,0,1.5496231155778897,1.1367096495006708,MX2,1,GO_Biological_Process_2021
GO_Biological_Process_2021,"G protein-coupled receptor signaling pathway, coupled to cyclic nucleotide second messenger (GO:0007187)",1/65,0.4802063242660991,0.6274964993561212,0,0,1.5496231155778897,1.1367096495006708,CNR2,1,GO_Biological_Process_2021
GO_Biological_Process_2021,type I interferon signaling pathway (GO:0060337),1/65,0.4802063242660991,0.6274964993561212,0,0,1.5496231155778897,1.1367096495006708,MX2,1,GO_Biological_Process_2021
GO_Biological_Process_2021,embryonic organ development (GO:0048568),1/66,0.4854211976341649,0.6325390745707764,0,0,1.525705450328566,1.1026857881843173,STRA6,1,GO_Biological_Process_2021
GO_Biological_Process_2021,ERBB signaling pathway (GO:0038127),1/66,0.4854211976341649,0.6325390745707764,0,0,1.525705450328566,1.1026857881843173,FAM83A,1,GO_Biological_Process_2021
GO_Biological_Process_2021,protein N-linked glycosylation (GO:0006487),1/67,0.4905840112592053,0.6348334015323698,0,0,1.5025125628140703,1.0700274503610792,DERL3,1,GO_Biological_Process_2021
GO_Biological_Process_2021,anion transmembrane transport (GO:0098656),1/67,0.4905840112592053,0.6348334015323698,0,0,1.5025125628140703,1.0700274503610792,SLC44A4,1,GO_Biological_Process_2021
GO_Biological_Process_2021,regulation of epidermal growth factor receptor signaling pathway (GO:0042058),1/67,0.4905840112592053,0.6348334015323698,0,0,1.5025125628140703,1.0700274503610792,AGR2,1,GO_Biological_Process_2021
GO_Biological_Process_2021,peptidyl-threonine modification (GO:0018210),1/67,0.4905840112592053,0.6348334015323698,0,0,1.5025125628140703,1.0700274503610792,SBK1,1,GO_Biological_Process_2021
GO_Biological_Process_2021,regulation of viral genome replication (GO:0045069),1/67,0.4905840112592053,0.6348334015323698,0,0,1.5025125628140703,1.0700274503610792,LTF,1,GO_Biological_Process_2021
GO_Biological_Process_2021,adenylate cyclase-modulating G protein-coupled receptor signaling pathway (GO:0007188),2/165,0.4929466684286051,0.6370072598945824,0,0,1.2168928549296647,0.8607743794829743,ADGRG1;CNR2,1,GO_Biological_Process_2021
GO_Biological_Process_2021,positive regulation of protein localization to nucleus (GO:1900182),1/68,0.4956952821636893,0.6393576229053213,0,0,1.4800120003000077,1.0386633811930914,LIF,1,GO_Biological_Process_2021
GO_Biological_Process_2021,regulation of MAPK cascade (GO:0043408),2/166,0.4961360332084165,0.6393576229053213,0,0,1.209411185020941,0.8476825030852104,FCRL3;LIF,1,GO_Biological_Process_2021
GO_Biological_Process_2021,cellular response to calcium ion (GO:0071277),1/69,0.500755522308534,0.6426477335816537,0,0,1.4581732190363583,1.0085269537658983,CPNE5,1,GO_Biological_Process_2021
GO_Biological_Process_2021,peptidyl-tyrosine phosphorylation (GO:0018108),1/69,0.500755522308534,0.6426477335816537,0,0,1.4581732190363583,1.0085269537658983,BLK,1,GO_Biological_Process_2021
GO_Biological_Process_2021,positive regulation of protein polymerization (GO:0032273),1/69,0.500755522308534,0.6426477335816537,0,0,1.4581732190363583,1.0085269537658983,CCR7,1,GO_Biological_Process_2021
GO_Biological_Process_2021,negative regulation of viral process (GO:0048525),1/70,0.5057652387756465,0.646409544900929,0,0,1.4369674459252786,0.9795558086095748,LTF,1,GO_Biological_Process_2021
GO_Biological_Process_2021,regulation of plasma membrane bounded cell projection assembly (GO:0120032),1/70,0.5057652387756465,0.646409544900929,0,0,1.4369674459252786,0.9795558086095748,CCR7,1,GO_Biological_Process_2021
GO_Biological_Process_2021,kidney development (GO:0001822),1/70,0.5057652387756465,0.646409544900929,0,0,1.4369674459252786,0.9795558086095748,STRA6,1,GO_Biological_Process_2021
GO_Biological_Process_2021,protein tetramerization (GO:0051262),1/71,0.5107249334696091,0.6500768934886021,0,0,1.416367552045944,0.9516915272016224,MS4A1,1,GO_Biological_Process_2021
GO_Biological_Process_2021,positive regulation of cellular protein localization (GO:1903829),1/71,0.5107249334696091,0.6500768934886021,0,0,1.416367552045944,0.9516915272016224,LIF,1,GO_Biological_Process_2021
GO_Biological_Process_2021,gland development (GO:0048732),1/71,0.5107249334696091,0.6500768934886021,0,0,1.416367552045944,0.9516915272016224,STRA6,1,GO_Biological_Process_2021
GO_Biological_Process_2021,neuron projection development (GO:0031175),2/171,0.5118910416934445,0.6506734903269532,0,0,1.1733309425617118,0.7857134223531504,BLK;MANF,1,GO_Biological_Process_2021
GO_Biological_Process_2021,positive regulation of cell population proliferation (GO:0008284),5/474,0.5150664087908768,0.651880150920871,0,0,1.056858564321251,0.7011827886260733,CEACAM6;SERPINF2;LIF;CRLF1;LTF,1,GO_Biological_Process_2021
GO_Biological_Process_2021,cell junction organization (GO:0034330),1/72,0.5156351033007534,0.651880150920871,0,0,1.396347936867436,0.9248793332622998,FBLIM1,1,GO_Biological_Process_2021
GO_Biological_Process_2021,extrinsic apoptotic signaling pathway (GO:0097191),1/72,0.5156351033007534,0.651880150920871,0,0,1.396347936867436,0.9248793332622998,CD27,1,GO_Biological_Process_2021
GO_Biological_Process_2021,positive regulation of protein secretion (GO:0050714),1/72,0.5156351033007534,0.651880150920871,0,0,1.396347936867436,0.9248793332622998,BLK,1,GO_Biological_Process_2021
GO_Biological_Process_2021,negative regulation of cell adhesion (GO:0007162),1/73,0.5204962404113022,0.6535871292346731,0,0,1.3768844221105527,0.8990678202624621,PLXNB3,1,GO_Biological_Process_2021
GO_Biological_Process_2021,regulation of hydrolase activity (GO:0051336),1/73,0.5204962404113022,0.6535871292346731,0,0,1.3768844221105527,0.8990678202624621,PLXNB3,1,GO_Biological_Process_2021
GO_Biological_Process_2021,defense response to Gram-negative bacterium (GO:0050829),1/73,0.5204962404113022,0.6535871292346731,0,0,1.3768844221105527,0.8990678202624621,LTF,1,GO_Biological_Process_2021
GO_Biological_Process_2021,regulation of Rho protein signal transduction (GO:0035023),1/73,0.5204962404113022,0.6535871292346731,0,0,1.3768844221105527,0.8990678202624621,ADGRG1,1,GO_Biological_Process_2021
GO_Biological_Process_2021,ubiquitin-dependent ERAD pathway (GO:0030433),1/73,0.5204962404113022,0.6535871292346731,0,0,1.3768844221105527,0.8990678202624621,DERL3,1,GO_Biological_Process_2021
GO_Biological_Process_2021,neuron differentiation (GO:0030182),2/174,0.521188450322183,0.6535871292346731,0,0,1.1526896875734085,0.7511428504980086,MANF;ITM2C,1,GO_Biological_Process_2021
GO_Biological_Process_2021,regulation of stress fiber assembly (GO:0051492),1/74,0.5253088319278648,0.656988123577343,0,0,1.3579541543333105,0.8742087038575203,SERPINF2,1,GO_Biological_Process_2021
GO_Biological_Process_2021,Fc receptor mediated stimulatory signaling pathway (GO:0002431),1/74,0.5253088319278648,0.656988123577343,0,0,1.3579541543333105,0.8742087038575203,BLK,1,GO_Biological_Process_2021
GO_Biological_Process_2021,positive regulation of immune response (GO:0050778),1/75,0.5300733603880184,0.6605248993944144,0,0,1.3395355154149124,0.8502565938086776,CCR7,1,GO_Biological_Process_2021
GO_Biological_Process_2021,positive regulation of developmental process (GO:0051094),2/177,0.5303674350378217,0.6605248993944144,0,0,1.1327561327561328,0.7183772187612621,SERPINF2;AGR2,1,GO_Biological_Process_2021
GO_Biological_Process_2021,glycerophospholipid biosynthetic process (GO:0046474),2/177,0.5303674350378217,0.6605248993944144,0,0,1.1327561327561328,0.7183772187612621,SLC44A4;DGKA,1,GO_Biological_Process_2021
GO_Biological_Process_2021,negative regulation of programmed cell death (GO:0043069),4/381,0.5309685686450276,0.6605248993944144,0,0,1.051426406106209,0.6656080647470463,FCMR;CEACAM5;CD27;LTF,1,GO_Biological_Process_2021
GO_Biological_Process_2021,negative regulation of immune response (GO:0050777),2/178,0.5334005682638644,0.6617498049273208,0,0,1.1262626262626263,0.7078364657460958,ADM2;FOXP3,1,GO_Biological_Process_2021
GO_Biological_Process_2021,phospholipid metabolic process (GO:0006644),1/76,0.5347903032317255,0.6617498049273208,0,0,1.321608040201005,0.8271687875669174,PLPP2,1,GO_Biological_Process_2021
GO_Biological_Process_2021,positive regulation of interleukin-6 production (GO:0032755),1/76,0.5347903032317255,0.6617498049273208,0,0,1.321608040201005,0.8271687875669174,POU2AF1,1,GO_Biological_Process_2021
GO_Biological_Process_2021,RNA transport (GO:0050658),1/76,0.5347903032317255,0.6617498049273208,0,0,1.321608040201005,0.8271687875669174,SIDT1,1,GO_Biological_Process_2021
GO_Biological_Process_2021,protein stabilization (GO:0050821),2/179,0.5364203690006744,0.6628876877849393,0,0,1.1198424927238486,0.6974795119554346,ATP1B1;TSPAN1,1,GO_Biological_Process_2021
GO_Biological_Process_2021,phosphatidylcholine metabolic process (GO:0046470),1/77,0.5394601334395485,0.663130835967192,0,0,1.3041523406506217,0.8049050782659102,SLC44A4,1,GO_Biological_Process_2021
GO_Biological_Process_2021,positive regulation of endothelial cell proliferation (GO:0001938),1/77,0.5394601334395485,0.663130835967192,0,0,1.3041523406506217,0.8049050782659102,PLXNB3,1,GO_Biological_Process_2021
GO_Biological_Process_2021,inorganic cation import across plasma membrane (GO:0098659),1/77,0.5394601334395485,0.663130835967192,0,0,1.3041523406506217,0.8049050782659102,ATP1B1,1,GO_Biological_Process_2021
GO_Biological_Process_2021,positive regulation of tumor necrosis factor production (GO:0032760),1/77,0.5394601334395485,0.663130835967192,0,0,1.3041523406506217,0.8049050782659102,CCL19,1,GO_Biological_Process_2021
GO_Biological_Process_2021,negative regulation of blood vessel morphogenesis (GO:2000181),1/78,0.544083319204552,0.6679338642340092,0,0,1.2871500358937544,0.7834275809102157,SERPINF1,1,GO_Biological_Process_2021
GO_Biological_Process_2021,negative regulation of NF-kappaB transcription factor activity (GO:0032088),1/79,0.5486603241296241,0.6717848850563507,0,0,1.2705836876691148,0.7627005714660321,FOXP3,1,GO_Biological_Process_2021
GO_Biological_Process_2021,regulation of ion transport (GO:0043269),1/79,0.5486603241296241,0.6717848850563507,0,0,1.2705836876691148,0.7627005714660321,CLDN10,1,GO_Biological_Process_2021
GO_Biological_Process_2021,regulation of protein localization to plasma membrane (GO:1903076),1/80,0.5531916072648388,0.6764453074418016,0,0,1.254436740665352,0.7426903392796255,AGR2,1,GO_Biological_Process_2021
GO_Biological_Process_2021,positive regulation of tumor necrosis factor superfamily cytokine production (GO:1903557),1/81,0.5576776229377498,0.6810382489540845,0,0,1.2386934673366834,0.7233650516865618,CCL19,1,GO_Biological_Process_2021
GO_Biological_Process_2021,positive regulation of cytoskeleton organization (GO:0051495),1/82,0.5621188211968801,0.6855645231067832,0,0,1.2233389168062534,0.7046946278996441,CCR7,1,GO_Biological_Process_2021
GO_Biological_Process_2021,regulation of osteoblast differentiation (GO:0045667),1/83,0.5665156476761636,0.6900249337883297,0,0,1.208358867508273,0.6866506239569532,LTF,1,GO_Biological_Process_2021
GO_Biological_Process_2021,vascular transport (GO:0010232),1/84,0.5708685433147935,0.6944202749839666,0,0,1.1937397832536174,0.6692061267801053,SLC1A4,1,GO_Biological_Process_2021
GO_Biological_Process_2021,negative regulation of defense response (GO:0031348),1/85,0.5751779449472499,0.6987513315570106,0,0,1.1794687724335966,0.6523356544527062,SMPDL3B,1,GO_Biological_Process_2021
GO_Biological_Process_2021,negative regulation of cellular amide metabolic process (GO:0034249),1/86,0.5794442849420854,0.7014079978152163,0,0,1.1655335501034585,0.636015065932131,ENC1,1,GO_Biological_Process_2021
GO_Biological_Process_2021,transport across blood-brain barrier (GO:0150104),1/86,0.5794442849420854,0.7014079978152163,0,0,1.1655335501034585,0.636015065932131,SLC1A4,1,GO_Biological_Process_2021
GO_Biological_Process_2021,extracellular matrix organization (GO:0030198),3/300,0.5796201139501949,0.7014079978152163,0,0,1.0,0.5453823659800643,SERPINF2;COL10A1;LOXL1,1,GO_Biological_Process_2021
GO_Biological_Process_2021,negative regulation of angiogenesis (GO:0016525),1/87,0.5836679914950987,0.7035687804456422,0,0,1.1519224027112305,0.6202214761277236,SERPINF1,1,GO_Biological_Process_2021
GO_Biological_Process_2021,ERAD pathway (GO:0036503),1/87,0.5836679914950987,0.7035687804456422,0,0,1.1519224027112305,0.6202214761277236,DERL3,1,GO_Biological_Process_2021
GO_Biological_Process_2021,sodium ion transmembrane transport (GO:0035725),1/87,0.5836679914950987,0.7035687804456422,0,0,1.1519224027112305,0.6202214761277236,ATP1B1,1,GO_Biological_Process_2021
GO_Biological_Process_2021,positive regulation of neuron projection development (GO:0010976),1/88,0.5878494885157634,0.7076949326260739,0,0,1.138624155259054,0.6049331780092367,PLXNB3,1,GO_Biological_Process_2021
GO_Biological_Process_2021,second-messenger-mediated signaling (GO:0019932),1/89,0.591989195722158,0.7117602056814091,0,0,1.1256281407035176,0.5901295699518402,CCR7,1,GO_Biological_Process_2021
GO_Biological_Process_2021,negative regulation of translation (GO:0017148),1/90,0.5960875287025766,0.7148453268374088,0,0,1.1129241714188922,0.5757910883551692,ENC1,1,GO_Biological_Process_2021
GO_Biological_Process_2021,sodium ion transport (GO:0006814),1/90,0.5960875287025766,0.7148453268374088,0,0,1.1129241714188922,0.5757910883551692,ATP1B1,1,GO_Biological_Process_2021
GO_Biological_Process_2021,toll-like receptor signaling pathway (GO:0002224),1/91,0.6001448988156681,0.7169464668310094,0,0,1.100502512562814,0.5618991453376235,TLR10,1,GO_Biological_Process_2021
GO_Biological_Process_2021,positive regulation of supramolecular fiber organization (GO:1902905),1/91,0.6001448988156681,0.7169464668310094,0,0,1.100502512562814,0.5618991453376235,CCR7,1,GO_Biological_Process_2021
GO_Biological_Process_2021,positive regulation of transport (GO:0051050),1/91,0.6001448988156681,0.7169464668310094,0,0,1.100502512562814,0.5618991453376235,CCL19,1,GO_Biological_Process_2021
GO_Biological_Process_2021,regulation of peptidyl-tyrosine phosphorylation (GO:0050730),1/92,0.6041617136020576,0.7197740375100952,0,0,1.0883538571980782,0.5484360698708618,LIF,1,GO_Biological_Process_2021
GO_Biological_Process_2021,retinoid metabolic process (GO:0001523),1/92,0.6041617136020576,0.7197740375100952,0,0,1.0883538571980782,0.5484360698708618,STRA6,1,GO_Biological_Process_2021
GO_Biological_Process_2021,axon guidance (GO:0007411),2/203,0.604826200865932,0.7197740375100952,0,0,0.9849238655208804,0.4952336400226655,PLXNB3;VSTM2L,1,GO_Biological_Process_2021
GO_Biological_Process_2021,regulation of heart contraction (GO:0008016),1/93,0.6081383763355012,0.7218741795432857,0,0,1.0764693030369237,0.5353850545471538,ATP1B1,1,GO_Biological_Process_2021
GO_Biological_Process_2021,positive regulation of peptidyl-serine phosphorylation (GO:0033138),1/93,0.6081383763355012,0.7218741795432857,0,0,1.0764693030369237,0.5353850545471538,LIF,1,GO_Biological_Process_2021
GO_Biological_Process_2021,negative regulation of cell death (GO:0060548),1/94,0.6120752863236749,0.7237848442838893,0,0,1.0648403306856864,0.5227301046685241,AGR2,1,GO_Biological_Process_2021
GO_Biological_Process_2021,negative regulation of cellular protein metabolic process (GO:0032269),1/94,0.6120752863236749,0.7237848442838893,0,0,1.0648403306856864,0.5227301046685241,ENC1,1,GO_Biological_Process_2021
GO_Biological_Process_2021,hemopoiesis (GO:0030097),1/94,0.6120752863236749,0.7237848442838893,0,0,1.0648403306856864,0.5227301046685241,TNFRSF13B,1,GO_Biological_Process_2021
GO_Biological_Process_2021,mRNA metabolic process (GO:0016071),1/95,0.6159728391110465,0.7274717201146916,0,0,1.0534587832780926,0.5104559909803796,ZC3H12D,1,GO_Biological_Process_2021
GO_Biological_Process_2021,cellular transition metal ion homeostasis (GO:0046916),1/96,0.6198314260741546,0.7301802026858413,0,0,1.0423168473948692,0.4985482066164667,LCN2,1,GO_Biological_Process_2021
GO_Biological_Process_2021,regulation of vesicle-mediated transport (GO:0060627),1/96,0.6198314260741546,0.7301802026858413,0,0,1.0423168473948692,0.4985482066164667,CD22,1,GO_Biological_Process_2021
GO_Biological_Process_2021,protein maturation (GO:0051604),1/97,0.6236514348962008,0.7328297087634198,0,0,1.0314070351758795,0.4869929254325685,TMPRSS4,1,GO_Biological_Process_2021
GO_Biological_Process_2021,positive regulation of cold-induced thermogenesis (GO:0120162),1/97,0.6236514348962008,0.7328297087634198,0,0,1.0314070351758795,0.4869929254325685,LCN2,1,GO_Biological_Process_2021
GO_Biological_Process_2021,antigen processing and presentation of exogenous peptide antigen via MHC class II (GO:0019886),1/98,0.6274332493027582,0.7346554833443928,0,0,1.0207221675387246,0.4757769643136218,CTSE,1,GO_Biological_Process_2021
GO_Biological_Process_2021,regulation of peptidyl-serine phosphorylation (GO:0033135),1/98,0.6274332493027582,0.7346554833443928,0,0,1.0207221675387246,0.4757769643136218,LIF,1,GO_Biological_Process_2021
GO_Biological_Process_2021,negative regulation of gene expression (GO:0010629),3/322,0.6275674386125198,0.7346554833443928,0,0,0.9299842464554524,0.4332835122866828,ZC3H12D;ENC1;FOXP3,1,GO_Biological_Process_2021
GO_Biological_Process_2021,negative regulation of inflammatory response (GO:0050728),2/212,0.6284441179937611,0.734759852240826,0,0,0.9422799422799424,0.4376967299204192,ADM2;SMPDL3B,1,GO_Biological_Process_2021
GO_Biological_Process_2021,cellular response to oxygen-containing compound (GO:1901701),3/323,0.6296558456180283,0.7352551989507139,0,0,0.9270304568527918,0.4288274967923144,AOC1;CD180;CXCL13,1,GO_Biological_Process_2021
GO_Biological_Process_2021,organic anion transport (GO:0015711),1/99,0.6311772493570809,0.7361104670626956,0,0,1.0102553584247769,0.464887747030177,SLC44A4,1,GO_Biological_Process_2021
GO_Biological_Process_2021,antigen processing and presentation of peptide antigen via MHC class II (GO:0002495),1/100,0.6348838112697764,0.7376669936671251,0,0,1.0,0.454313271209604,CTSE,1,GO_Biological_Process_2021
GO_Biological_Process_2021,cell-matrix adhesion (GO:0007160),1/100,0.6348838112697764,0.7376669936671251,0,0,1.0,0.454313271209604,VWA2,1,GO_Biological_Process_2021
GO_Biological_Process_2021,organic acid transport (GO:0015849),1/100,0.6348838112697764,0.7376669936671251,0,0,1.0,0.454313271209604,SLC1A4,1,GO_Biological_Process_2021
GO_Biological_Process_2021,positive regulation of protein localization to membrane (GO:1905477),1/101,0.6385533074411538,0.7401245475029954,0,0,0.9899497487437184,0.4440420770500481,AGR2,1,GO_Biological_Process_2021
GO_Biological_Process_2021,extracellular structure organization (GO:0043062),2/216,0.6385854884672146,0.7401245475029954,0,0,0.9244784291513264,0.4146283193368318,COL10A1;LOXL1,1,GO_Biological_Process_2021
GO_Biological_Process_2021,external encapsulating structure organization (GO:0045229),2/217,0.6410868145146278,0.7404994058473061,0,0,0.9201315480385248,0.409081648552525,COL10A1;LOXL1,1,GO_Biological_Process_2021
GO_Biological_Process_2021,regulation of cell death (GO:0010941),1/102,0.642186106799596,0.7404994058473061,0,0,0.9800985123637992,0.4340632175669919,AGR2,1,GO_Biological_Process_2021
GO_Biological_Process_2021,cell junction assembly (GO:0034329),1/102,0.642186106799596,0.7404994058473061,0,0,0.9800985123637992,0.4340632175669919,FBLIM1,1,GO_Biological_Process_2021
GO_Biological_Process_2021,positive regulation of vasculature development (GO:1904018),1/102,0.642186106799596,0.7404994058473061,0,0,0.9800985123637992,0.4340632175669919,ADM2,1,GO_Biological_Process_2021
GO_Biological_Process_2021,antigen processing and presentation of exogenous peptide antigen (GO:0002478),1/103,0.6457825744876868,0.7404994058473061,0,0,0.9704404374815252,0.4243662317025385,CTSE,1,GO_Biological_Process_2021
GO_Biological_Process_2021,cellular response to organonitrogen compound (GO:0071417),1/103,0.6457825744876868,0.7404994058473061,0,0,0.9704404374815252,0.4243662317025385,AOC1,1,GO_Biological_Process_2021
GO_Biological_Process_2021,chromatin remodeling (GO:0006338),1/103,0.6457825744876868,0.7404994058473061,0,0,0.9704404374815252,0.4243662317025385,FOXP3,1,GO_Biological_Process_2021
GO_Biological_Process_2021,cellular response to lipid (GO:0071396),2/219,0.6460487750415385,0.7404994058473061,0,0,0.9115579760741052,0.3982416991649523,CD180;CXCL13,1,GO_Biological_Process_2021
GO_Biological_Process_2021,regulation of cell population proliferation (GO:0042127),7/764,0.6460520003855382,0.7404994058473061,0,0,0.912389374473823,0.3986003657107637,ADGRG1;CEACAM6;LIF;MZB1;FOXP3;CRLF1;FUT3,1,GO_Biological_Process_2021
GO_Biological_Process_2021,regulation of insulin secretion (GO:0050796),1/104,0.6493430720264805,0.742447409559689,0,0,0.9609698980338586,0.4149411183845573,BLK,1,GO_Biological_Process_2021
GO_Biological_Process_2021,steroid metabolic process (GO:0008202),1/104,0.6493430720264805,0.742447409559689,0,0,0.9609698980338586,0.4149411183845573,CYP24A1,1,GO_Biological_Process_2021
GO_Biological_Process_2021,protein processing (GO:0016485),1/106,0.6563575850020138,0.7477187140499131,0,0,0.9425699928212492,0.3968686613882323,TMPRSS4,1,GO_Biological_Process_2021
GO_Biological_Process_2021,peptidyl-lysine modification (GO:0018205),1/106,0.6563575850020138,0.7477187140499131,0,0,0.9425699928212492,0.3968686613882323,LOXL1,1,GO_Biological_Process_2021
GO_Biological_Process_2021,positive regulation of protein serine/threonine kinase activity (GO:0071902),1/106,0.6563575850020138,0.7477187140499131,0,0,0.9425699928212492,0.3968686613882323,LTF,1,GO_Biological_Process_2021
GO_Biological_Process_2021,response to calcium ion (GO:0051592),1/107,0.6598123057378238,0.7507376600651092,0,0,0.933630416232104,0.388203405372955,CPNE5,1,GO_Biological_Process_2021
GO_Biological_Process_2021,regulation of interleukin-6 production (GO:0032675),1/110,0.6699704840956059,0.7604409509260345,0,0,0.9077958600341156,0.3635918695397154,POU2AF1,1,GO_Biological_Process_2021
GO_Biological_Process_2021,response to endoplasmic reticulum stress (GO:0034976),1/110,0.6699704840956059,0.7604409509260345,0,0,0.9077958600341156,0.3635918695397154,AGR2,1,GO_Biological_Process_2021
GO_Biological_Process_2021,negative regulation of cellular process (GO:0048523),5/566,0.6716491153399472,0.760506844334808,0,0,0.8793363499245852,0.3499927721757635,ADGRG1;AGR2;PLXNB3;FOXP3;TNFRSF21,1,GO_Biological_Process_2021
GO_Biological_Process_2021,regulation of protein serine/threonine kinase activity (GO:0071900),1/111,0.6732890175997336,0.760506844334808,0,0,0.8994974874371859,0.3558237511616551,LTF,1,GO_Biological_Process_2021
GO_Biological_Process_2021,Fc-epsilon receptor signaling pathway (GO:0038095),1/111,0.6732890175997336,0.760506844334808,0,0,0.8994974874371859,0.3558237511616551,CARD11,1,GO_Biological_Process_2021
GO_Biological_Process_2021,regulation of Wnt signaling pathway (GO:0030111),1/111,0.6732890175997336,0.760506844334808,0,0,0.8994974874371859,0.3558237511616551,FOXP3,1,GO_Biological_Process_2021
GO_Biological_Process_2021,apoptotic process (GO:0006915),2/231,0.6746907426925027,0.7611686371609492,0,0,0.863261435313837,0.3396941103556566,LTA;TNFRSF21,1,GO_Biological_Process_2021
GO_Biological_Process_2021,Fc receptor signaling pathway (GO:0038093),1/112,0.6765743473112501,0.7623718188905753,0,0,0.8913486350672281,0.3482614435144341,CARD11,1,GO_Biological_Process_2021
GO_Biological_Process_2021,positive regulation of metabolic process (GO:0009893),1/113,0.6798268039735822,0.7651126756421619,0,0,0.8833452979181622,0.3408981557475202,LCN2,1,GO_Biological_Process_2021
GO_Biological_Process_2021,negative regulation of cell motility (GO:2000146),1/114,0.683046714602197,0.7659646451007811,0,0,0.8754836127540356,0.3337273716848506,PLXNB3,1,GO_Biological_Process_2021
GO_Biological_Process_2021,positive regulation of cellular component organization (GO:0051130),1/114,0.683046714602197,0.7659646451007811,0,0,0.8754836127540356,0.3337273716848506,CCL19,1,GO_Biological_Process_2021
GO_Biological_Process_2021,response to lipid (GO:0033993),1/114,0.683046714602197,0.7659646451007811,0,0,0.8754836127540356,0.3337273716848506,CYP24A1,1,GO_Biological_Process_2021
GO_Biological_Process_2021,calcium ion transport (GO:0006816),1/115,0.6862344035181568,0.7686154843726775,0,0,0.8677598518910341,0.326742835332831,MS4A1,1,GO_Biological_Process_2021
GO_Biological_Process_2021,regulation of protein-containing complex assembly (GO:0043254),1/116,0.6893901914288371,0.7703006570097065,0,0,0.8601704173039109,0.3199385396662478,FBLIM1,1,GO_Biological_Process_2021
GO_Biological_Process_2021,positive regulation of angiogenesis (GO:0045766),1/116,0.6893901914288371,0.7703006570097065,0,0,0.8601704173039109,0.3199385396662478,ADM2,1,GO_Biological_Process_2021
GO_Biological_Process_2021,positive regulation of cell projection organization (GO:0031346),1/117,0.692514396042861,0.7728659467798915,0,0,0.8527118350372552,0.3133087141185804,PLXNB3,1,GO_Biological_Process_2021
GO_Biological_Process_2021,regulation of cellular response to stress (GO:0080135),1/118,0.6956073317848006,0.7744649648630297,0,0,0.845380749903363,0.3068478138715934,MANF,1,GO_Biological_Process_2021
GO_Biological_Process_2021,positive regulation of protein-containing complex assembly (GO:0031334),1/118,0.6956073317848006,0.7744649648630297,0,0,0.845380749903363,0.3068478138715934,CXCL13,1,GO_Biological_Process_2021
GO_Biological_Process_2021,membrane organization (GO:0061024),2/242,0.6992740996180559,0.7776194695395067,0,0,0.8232323232323232,0.294480478051793,MX2;ATP10B,1,GO_Biological_Process_2021
GO_Biological_Process_2021,protein homooligomerization (GO:0051260),1/121,0.7047016248848418,0.7827221619256636,0,0,0.8241206030150754,0.2884263820632575,CARD11,1,GO_Biological_Process_2021
GO_Biological_Process_2021,potassium ion transport (GO:0006813),1/122,0.7076725687660174,0.7843250301737528,0,0,0.8172681589767017,0.2825898889623316,KCNQ3,1,GO_Biological_Process_2021
GO_Biological_Process_2021,positive regulation of DNA-binding transcription factor activity (GO:0051091),2/246,0.7078260186562699,0.7843250301737528,0,0,0.8095711210465308,0.2797529288928009,CARD11;LTF,1,GO_Biological_Process_2021
GO_Biological_Process_2021,cellular response to organic substance (GO:0071310),1/123,0.7106137702230504,0.7855481606849597,0,0,0.8105280500864981,0.2768976317492876,CCR7,1,GO_Biological_Process_2021
GO_Biological_Process_2021,positive regulation of epithelial cell proliferation (GO:0050679),1/123,0.7106137702230504,0.7855481606849597,0,0,0.8105280500864981,0.2768976317492876,PLXNB3,1,GO_Biological_Process_2021
GO_Biological_Process_2021,neutrophil degranulation (GO:0043312),4/481,0.7119787105857919,0.786125605889401,0,0,0.8267231420870235,0.2808438607181532,AOC1;CEACAM6;LCN2;LTF,1,GO_Biological_Process_2021
GO_Biological_Process_2021,neutrophil activation involved in immune response (GO:0002283),4/485,0.7180374334993559,0.7913576926172304,0,0,0.8196783911069625,0.2715050042464149,AOC1;CEACAM6;LCN2;LTF,1,GO_Biological_Process_2021
GO_Biological_Process_2021,negative regulation of growth (GO:0045926),1/126,0.7192618685309876,0.7913576926172304,0,0,0.7909547738693468,0.2606431490060761,TMPRSS4,1,GO_Biological_Process_2021
GO_Biological_Process_2021,circulatory system development (GO:0072359),1/126,0.7192618685309876,0.7913576926172304,0,0,0.7909547738693468,0.2606431490060761,STRA6,1,GO_Biological_Process_2021
GO_Biological_Process_2021,positive regulation of protein phosphorylation (GO:0001934),3/371,0.7203889928309444,0.7916642288707552,0,0,0.8041271242551313,0.2637247039871125,LIF;CCR7;CCL19,1,GO_Biological_Process_2021
GO_Biological_Process_2021,neutrophil mediated immunity (GO:0002446),4/488,0.7225200862663327,0.7930720476311628,0,0,0.8144712430426716,0.26471134620234,AOC1;CEACAM6;LCN2;LTF,1,GO_Biological_Process_2021
GO_Biological_Process_2021,muscle contraction (GO:0006936),1/129,0.7276527766729426,0.7977673803006528,0,0,0.7722989949748744,0.2455380232172469,MYBPC2,1,GO_Biological_Process_2021
GO_Biological_Process_2021,positive regulation of cell differentiation (GO:0045597),2/258,0.7322754738954486,0.8018932126108609,0,0,0.77114898989899,0.2402888726601692,SERPINF2;LTF,1,GO_Biological_Process_2021
GO_Biological_Process_2021,protein localization to plasma membrane (GO:0072659),1/136,0.7462737148219287,0.8153084027270018,0,0,0.7319932998324958,0.2142272351530403,ATP1B1,1,GO_Biological_Process_2021
GO_Biological_Process_2021,negative regulation of inflammatory response to antigenic stimulus (GO:0002862),1/136,0.7462737148219287,0.8153084027270018,0,0,0.7319932998324958,0.2142272351530403,ADM2,1,GO_Biological_Process_2021
GO_Biological_Process_2021,regulation of inflammatory response to antigenic stimulus (GO:0002861),1/137,0.7488283343138599,0.8168752162089586,0,0,0.7265740467041087,0.210158284256341,ADM2,1,GO_Biological_Process_2021
GO_Biological_Process_2021,negative regulation of signal transduction (GO:0009968),2/267,0.7494589336279407,0.8168752162089586,0,0,0.7446159710310654,0.2147500418036741,SMPDL3B;LTF,1,GO_Biological_Process_2021
GO_Biological_Process_2021,central nervous system development (GO:0007417),2/268,0.7513088273379281,0.8179359812208715,0,0,0.7417786891471102,0.2121030784801347,ADGRG1;MARCKSL1,1,GO_Biological_Process_2021
GO_Biological_Process_2021,regulation of cellular component organization (GO:0051128),1/139,0.7538610468365632,0.819757991490109,0,0,0.715971160148569,0.202295658016559,CD22,1,GO_Biological_Process_2021
GO_Biological_Process_2021,protein localization to cell periphery (GO:1990778),1/140,0.7563396476796467,0.8214957989349364,0,0,0.7107841365098876,0.1984969430102926,ATP1B1,1,GO_Biological_Process_2021
GO_Biological_Process_2021,regulation of small GTPase mediated signal transduction (GO:0051056),1/141,0.758793412472914,0.8232026207409637,0,0,0.7056712132089017,0.1947834064490234,ARHGAP40,1,GO_Biological_Process_2021
GO_Biological_Process_2021,Ras protein signal transduction (GO:0007265),1/142,0.7612225890637079,0.8236582486286729,0,0,0.7006308136426815,0.1911527324338831,ADGRG1,1,GO_Biological_Process_2021
GO_Biological_Process_2021,chromatin organization (GO:0006325),1/142,0.7612225890637079,0.8236582486286729,0,0,0.7006308136426815,0.1911527324338831,FOXP3,1,GO_Biological_Process_2021
GO_Biological_Process_2021,inorganic cation transmembrane transport (GO:0098662),2/274,0.762164086287342,0.8236582486286729,0,0,0.7251931075460487,0.1969576690898598,KCNQ3;ATP1B1,1,GO_Biological_Process_2021
GO_Biological_Process_2021,receptor-mediated endocytosis (GO:0006898),1/143,0.76362742236206,0.8236582486286729,0,0,0.6956614056196475,0.1876026814442347,MX2,1,GO_Biological_Process_2021
GO_Biological_Process_2021,negative regulation of DNA-binding transcription factor activity (GO:0043433),1/143,0.76362742236206,0.8236582486286729,0,0,0.6956614056196475,0.1876026814442347,FOXP3,1,GO_Biological_Process_2021
GO_Biological_Process_2021,regulation of cell migration (GO:0030334),3/408,0.7778563172562745,0.838036886836148,0,0,0.7292724196277496,0.1832030434777085,CEACAM6;PLXNB3;FUT3,1,GO_Biological_Process_2021
GO_Biological_Process_2021,brain development (GO:0007420),1/150,0.7797997353776313,0.8381948768517627,0,0,0.6627432464335098,0.164836268730291,ADGRG1,1,GO_Biological_Process_2021
GO_Biological_Process_2021,cellular response to organic cyclic compound (GO:0071407),1/150,0.7797997353776313,0.8381948768517627,0,0,0.6627432464335098,0.164836268730291,AOC1,1,GO_Biological_Process_2021
GO_Biological_Process_2021,positive regulation of programmed cell death (GO:0043068),2/286,0.7826525179384374,0.8402932097083569,0,0,0.694124342011666,0.1701065983904068,FCER2;SPDEF,1,GO_Biological_Process_2021
GO_Biological_Process_2021,actin filament organization (GO:0007015),1/152,0.7842147458452606,0.8410027101995726,0,0,0.6538986322340178,0.1589447004917271,MARCKSL1,1,GO_Biological_Process_2021
GO_Biological_Process_2021,peptidyl-serine phosphorylation (GO:0018105),1/156,0.7927822517353202,0.8492145130528745,0,0,0.6368941481601557,0.1478910775849179,SBK1,1,GO_Biological_Process_2021
GO_Biological_Process_2021,cellular response to starvation (GO:0009267),1/158,0.7969382105229577,0.85171059612591,0,0,0.6287168325704958,0.1427049714417737,AOC1,1,GO_Biological_Process_2021
GO_Biological_Process_2021,skeletal system development (GO:0001501),1/158,0.7969382105229577,0.85171059612591,0,0,0.6287168325704958,0.1427049714417737,COL10A1,1,GO_Biological_Process_2021
GO_Biological_Process_2021,positive regulation of transcription by RNA polymerase II (GO:0045944),7/908,0.8080889679917623,0.8625344843918236,0,0,0.7607724290224448,0.1621077609768773,SPIB;POU2AF1;SERPINF2;LIF;FOXP3;ETV4;BARX2,1,GO_Biological_Process_2021
GO_Biological_Process_2021,heart development (GO:0007507),1/164,0.8089149773235216,0.8625344843918236,0,0,0.6053889077288281,0.128379657736663,STRA6,1,GO_Biological_Process_2021
GO_Biological_Process_2021,cellular protein modification process (GO:0006464),8/1025,0.8099087828018386,0.8626083268882596,0,0,0.769542772861357,0.1622455127739094,FUT6;ST6GALNAC1;B3GNT6;GOLM1;ADM2;B3GNT3;FUT2;LOXL1,1,GO_Biological_Process_2021
GO_Biological_Process_2021,chemical synaptic transmission (GO:0007268),2/306,0.813381380876817,0.8653190745245954,0,0,0.6477937267410951,0.1338051474066782,KCNQ3;SLC1A4,1,GO_Biological_Process_2021
GO_Biological_Process_2021,peptidyl-serine modification (GO:0018209),1/169,0.8183567646763946,0.8696205711196767,0,0,0.5872218234027279,0.1177126632932345,SBK1,1,GO_Biological_Process_2021
GO_Biological_Process_2021,cation transport (GO:0006812),1/174,0.8273342321436886,0.87816022592726,0,0,0.5701048595579051,0.1080613895941531,ATP1B1,1,GO_Biological_Process_2021
GO_Biological_Process_2021,mitochondrion organization (GO:0007005),1/175,0.8290760267785648,0.8790090147550012,0,0,0.5667995148154565,0.1062428389619336,MX2,1,GO_Biological_Process_2021
GO_Biological_Process_2021,regulation of translation (GO:0006417),1/178,0.8341972043024418,0.8834347237391355,0,0,0.5571075717570906,0.1009954960513889,ENC1,1,GO_Biological_Process_2021
GO_Biological_Process_2021,positive regulation of cellular biosynthetic process (GO:0031328),1/180,0.8375262086141492,0.8859545948265319,0,0,0.5508267594958031,0.0976630837566713,CCL19,1,GO_Biological_Process_2021
GO_Biological_Process_2021,protein localization to membrane (GO:0072657),1/195,0.8604625122844586,0.9091863238520947,0,0,0.5078485209552919,0.0763221314305349,ATP1B1,1,GO_Biological_Process_2021
GO_Biological_Process_2021,positive regulation of multicellular organismal process (GO:0051240),2/345,0.8623889482892236,0.9101910506265224,0,0,0.5729893689077362,0.0848304423250972,LCN2;ETV4,1,GO_Biological_Process_2021
GO_Biological_Process_2021,negative regulation of intracellular signal transduction (GO:1902532),1/198,0.8646474640160556,0.9115435976576044,0,0,0.5000382623778793,0.0727222702154346,CD22,1,GO_Biological_Process_2021
GO_Biological_Process_2021,regulation of apoptotic process (GO:0042981),5/742,0.8681262072300194,0.9141780489228084,0,0,0.663222349789514,0.0937916942314465,FCMR;CEACAM5;CD27;SPDEF;LTF,1,GO_Biological_Process_2021
GO_Biological_Process_2021,generation of neurons (GO:0048699),1/202,0.8700337449207012,0.9151538714893058,0,0,0.489987249681242,0.0682176324608558,ITM2C,1,GO_Biological_Process_2021
GO_Biological_Process_2021,proteasomal protein catabolic process (GO:0010498),1/205,0.8739329998369425,0.9182201450989496,0,0,0.4827076559266923,0.065045612310389,ENC1,1,GO_Biological_Process_2021
GO_Biological_Process_2021,regulation of inflammatory response (GO:0050727),1/206,0.875206707312448,0.9185240246597458,0,0,0.4803284716264248,0.064025471811619,SMPDL3B,1,GO_Biological_Process_2021
GO_Biological_Process_2021,protein phosphorylation (GO:0006468),3/496,0.8763872671224144,0.9187295732867558,0,0,0.5963797736843731,0.0786906412627657,BLK;SBK1;ADM2,1,GO_Biological_Process_2021
GO_Biological_Process_2021,phosphate-containing compound metabolic process (GO:0006796),1/212,0.8825844796760208,0.924187788482298,0,0,0.4665269475338779,0.0582695736095748,PLPP2,1,GO_Biological_Process_2021
GO_Biological_Process_2021,negative regulation of multicellular organismal process (GO:0051241),1/214,0.8849459769149011,0.9256217449121106,0,0,0.4620992285370514,0.0564817782115859,FOXP3,1,GO_Biological_Process_2021
GO_Biological_Process_2021,regulation of cell growth (GO:0001558),1/217,0.8883998988689175,0.9281938473064948,0,0,0.4556113902847571,0.0539139996930819,SLC44A4,1,GO_Biological_Process_2021
GO_Biological_Process_2021,"transcription, DNA-templated (GO:0006351)",1/221,0.8928451496713368,0.931794770294583,0,0,0.4472361809045226,0.0506906958849928,PAX5,1,GO_Biological_Process_2021
GO_Biological_Process_2021,negative regulation of cell population proliferation (GO:0008285),2/379,0.8952205959760556,0.93322996206219,0,0,0.5204029686788307,0.0576008625004347,ADGRG1;FOXP3,1,GO_Biological_Process_2021
GO_Biological_Process_2021,positive regulation of macromolecule metabolic process (GO:0010604),2/384,0.8993873416769104,0.936333118785252,0,0,0.5134591993230737,0.0544479728668411,ADM2;AGR2,1,GO_Biological_Process_2021
GO_Biological_Process_2021,cilium organization (GO:0044782),1/228,0.9002045097002905,0.936333118785252,0,0,0.4332897970026343,0.0455531898856198,UBXN10,1,GO_Biological_Process_2021
GO_Biological_Process_2021,axonogenesis (GO:0007409),1/240,0.911669143034964,0.9461904665379968,0,0,0.4112823531885368,0.0380346255936602,VSTM2L,1,GO_Biological_Process_2021
GO_Biological_Process_2021,phosphorylation (GO:0016310),2/400,0.911709785013568,0.9461904665379968,0,0,0.4924115527130602,0.0455153516879865,ADM2;DGKA,1,GO_Biological_Process_2021
GO_Biological_Process_2021,anterograde trans-synaptic signaling (GO:0098916),1/244,0.915191548398542,0.9487485718398218,0,0,0.404429555183324,0.0358413128074068,KCNQ3,1,GO_Biological_Process_2021
GO_Biological_Process_2021,protein modification by small protein conjugation (GO:0032446),2/409,0.9180076918680656,0.9506117386380746,0,0,0.4812994812994813,0.041174934526358,ENC1;RNF39,1,GO_Biological_Process_2021
GO_Biological_Process_2021,regulation of gene expression (GO:0010468),7/1079,0.919266100856057,0.9508595034353672,0,0,0.6336323563529502,0.0533389460230615,ADM2;TMPRSS4;AGR2;RNF39;ATP1B1;FOXP3;LTF,1,GO_Biological_Process_2021
GO_Biological_Process_2021,positive regulation of signal transduction (GO:0009967),1/252,0.921822498998488,0.9524478311911286,0,0,0.3913792067909267,0.0318592816194369,CD180,1,GO_Biological_Process_2021
GO_Biological_Process_2021,cellular component assembly (GO:0022607),1/261,0.92866746518439,0.9584587887356592,0,0,0.3776575183610359,0.0279483760059464,FBLIM1,1,GO_Biological_Process_2021
GO_Biological_Process_2021,protein-containing complex assembly (GO:0065003),1/267,0.9328960361865728,0.9617591179691408,0,0,0.3690255790229342,0.0256330754014875,MZB1,1,GO_Biological_Process_2021
GO_Biological_Process_2021,positive regulation of cell migration (GO:0030335),1/269,0.934249374162972,0.9620912429294184,0,0,0.3662341558538963,0.024908273642412,CEACAM6,1,GO_Biological_Process_2021
GO_Biological_Process_2021,plasma membrane bounded cell projection assembly (GO:0120031),1/278,0.9400110115831296,0.9669573029846306,0,0,0.3541715799212669,0.021910360592089,UBXN10,1,GO_Biological_Process_2021
GO_Biological_Process_2021,regulation of cell cycle (GO:0051726),1/296,0.9500701265174428,0.976228444978826,0,0,0.332254492802998,0.0170179022577091,MX2,1,GO_Biological_Process_2021
GO_Biological_Process_2021,MAPK cascade (GO:0000165),1/303,0.9535118636316956,0.9783734416128737,0,0,0.3244367533029385,0.0154442963787638,ZDHHC9,1,GO_Biological_Process_2021
GO_Biological_Process_2021,"positive regulation of transcription, DNA-templated (GO:0045893)",7/1183,0.9551903237010724,0.9783734416128737,0,0,0.5743893412287194,0.0263326878034573,SPIB;POU2AF1;SERPINF2;LIF;FOXP3;ETV4;BARX2,1,GO_Biological_Process_2021
GO_Biological_Process_2021,positive regulation of gene expression (GO:0010628),2/482,0.9555613024100876,0.9783734416128737,0,0,0.4065656565656566,0.0184809948260223,ADM2;AGR2,1,GO_Biological_Process_2021
GO_Biological_Process_2021,positive regulation of apoptotic process (GO:0043065),1/310,0.9567174492841332,0.9783734416128737,0,0,0.3169732155925257,0.0140251701108881,SPDEF,1,GO_Biological_Process_2021
GO_Biological_Process_2021,cellular macromolecule biosynthetic process (GO:0034645),1/314,0.9584494379787424,0.9783734416128737,0,0,0.3128582208165428,0.0132772239317099,B3GNT6,1,GO_Biological_Process_2021
GO_Biological_Process_2021,cilium assembly (GO:0060271),1/314,0.9584494379787424,0.9783734416128737,0,0,0.3128582208165428,0.0132772239317099,UBXN10,1,GO_Biological_Process_2021
GO_Biological_Process_2021,transcription by RNA polymerase II (GO:0006366),1/320,0.9609189451734752,0.9791571067719288,0,0,0.3068792237047305,0.0122338070978475,PAX5,1,GO_Biological_Process_2021
GO_Biological_Process_2021,proteasome-mediated ubiquitin-dependent protein catabolic process (GO:0043161),1/321,0.9613160876774778,0.9791571067719288,0,0,0.3059045226130653,0.0120685478922295,DERL3,1,GO_Biological_Process_2021
GO_Biological_Process_2021,protein ubiquitination (GO:0016567),2/525,0.9692978103332056,0.985575995356527,0,0,0.3723081677192575,0.0116098257697995,ENC1;RNF39,1,GO_Biological_Process_2021
GO_Biological_Process_2021,post-translational protein modification (GO:0043687),1/345,0.9697307221192838,0.985575995356527,0,0,0.2842117564567021,0.0087357747195956,GOLM1,1,GO_Biological_Process_2021
GO_Biological_Process_2021,cellular response to DNA damage stimulus (GO:0006974),1/350,0.9712397625459068,0.986035580473701,0,0,0.2800679615844264,0.0081729202471232,BLK,1,GO_Biological_Process_2021
GO_Biological_Process_2021,negative regulation of cellular macromolecule biosynthetic process (GO:2000113),2/547,0.9746470676437434,0.9884192544691442,0,0,0.3568714669632101,0.0091644076749268,ENC1;FOXP3,1,GO_Biological_Process_2021
GO_Biological_Process_2021,transmembrane receptor protein tyrosine kinase signaling pathway (GO:0007169),1/404,0.9834585245220536,0.996272316372504,0,0,0.2418669027519732,0.004034294792654,BLK,1,GO_Biological_Process_2021
GO_Biological_Process_2021,cellular protein metabolic process (GO:0044267),1/417,0.9855240386302742,0.9967582461322224,0,0,0.2341515268650947,0.0034143414545368,GOLM1,1,GO_Biological_Process_2021
GO_Biological_Process_2021,organelle assembly (GO:0070925),1/425,0.986665349547521,0.9967582461322224,0,0,0.2296387598369204,0.0030827522914693,UBXN10,1,GO_Biological_Process_2021
GO_Biological_Process_2021,regulation of nucleic acid-templated transcription (GO:1903506),1/430,0.9873327194590372,0.9967582461322224,0,0,0.2269037495168148,0.0028926131480677,FOXP3,1,GO_Biological_Process_2021
GO_Biological_Process_2021,regulation of intracellular signal transduction (GO:1902531),1/437,0.9882115516316248,0.9967582461322224,0,0,0.2231801207874233,0.0026465776839799,ARHGAP40,1,GO_Biological_Process_2021
GO_Biological_Process_2021,nervous system development (GO:0007399),1/447,0.9893627722451296,0.9967706092314286,0,0,0.2180634112265362,0.0023320153663366,MARCKSL1,1,GO_Biological_Process_2021
GO_Biological_Process_2021,negative regulation of nucleic acid-templated transcription (GO:1903507),1/464,0.9910687816293344,0.9967706092314286,0,0,0.209872255445695,0.0018828355227679,FOXP3,1,GO_Biological_Process_2021
GO_Biological_Process_2021,regulation of cellular macromolecule biosynthetic process (GO:2000112),1/468,0.991428858914004,0.9967706092314286,0,0,0.2080315926527713,0.0017907535419016,FOXP3,1,GO_Biological_Process_2021
GO_Biological_Process_2021,negative regulation of transcription by RNA polymerase II (GO:0000122),2/684,0.9925240272930214,0.996797543018718,0,0,0.2831541218637993,0.0021248049121647,FOXP3;SPDEF,1,GO_Biological_Process_2021
GO_Biological_Process_2021,positive regulation of nucleic acid-templated transcription (GO:1903508),1/511,0.9944957377613,0.9977037885282718,0,0,0.1900679869937925,0.0010490738884462,FOXP3,1,GO_Biological_Process_2021
GO_Biological_Process_2021,regulation of transcription by RNA polymerase II (GO:0006357),10/2206,0.9991438766055633,0.999976961938158,0,0,0.4219154443485763,0.0003613663915732622,SPIB;TBX15;POU2AF1;SERPINF2;LIF;PAX5;FOXP3;ETV4;BARX2;SPDEF,1,GO_Biological_Process_2021
GO_Biological_Process_2021,"negative regulation of transcription, DNA-templated (GO:0045892)",2/948,0.9993598565465244,0.999976961938158,0,0,0.2013154803852478,0.0001289120523586714,FOXP3;SPDEF,1,GO_Biological_Process_2021
GO_Biological_Process_2021,"regulation of transcription, DNA-templated (GO:0006355)",7/2244,0.999976961938158,0.999976961938158,0,0,0.2847563701385784,6.560310433866833e-06,SPIB;TBX15;PAX5;FOXP3;ETV4;BARX2;SPDEF,1,GO_Biological_Process_2021
KEGG_2021_Human,Cytokine-cytokine receptor interaction,12/295,4.410680166908072e-05,0.0034403305301882,0,0,4.401999849635366,44.14720112511645,CCL22;TNFRSF13B;LIF;LTA;CD27;CCR7;TNFRSF13C;CCL19;LTB;CXCL13;CXCL14;TNFRSF21,1,KEGG_2021_Human
KEGG_2021_Human,B cell receptor signaling pathway,6/81,0.00016146440379841284,0.0062971117481381,0,0,8.1340206185567,71.01997108520867,CD79B;CD79A;CR2;CD19;CARD11;CD22,1,KEGG_2021_Human
KEGG_2021_Human,Viral protein interaction with cytokine and cytokine receptor,6/100,0.0005070298275322483,0.0107031920557169,0,0,6.483658697082694,49.19113421381613,CCL22;LTA;CCR7;CCL19;CXCL13;CXCL14,1,KEGG_2021_Human
KEGG_2021_Human,Primary immunodeficiency,4/38,0.0005488816438829229,0.0107031920557169,0,0,11.864345738295318,89.07309099917518,CD79A;TNFRSF13B;CD19;TNFRSF13C,1,KEGG_2021_Human
KEGG_2021_Human,Glycosphingolipid biosynthesis,4/45,0.001049157683368,0.0163668598605416,0,0,9.835241413638624,67.46747081104573,FUT6;B3GNT3;FUT2;FUT3,1,KEGG_2021_Human
KEGG_2021_Human,Hematopoietic cell lineage,5/99,0.0031829814394319,0.0413787587126155,0,0,5.375340971085652,30.90787173221737,FCER2;CR2;CD19;MS4A1;CD22,1,KEGG_2021_Human
KEGG_2021_Human,NF-kappa B signaling pathway,5/104,0.0039322638791335,0.0438166546532024,0,0,5.102564102564102,28.260755222784237,LTA;TNFRSF13C;LTB;CCL19;CARD11,1,KEGG_2021_Human
KEGG_2021_Human,Mucin type O-glycan biosynthesis,3/36,0.0055172885597211,0.0537935634572815,0,0,9.121827411167512,47.43230522818489,ST6GALNAC1;B3GNT6;B3GNT3,1,KEGG_2021_Human
KEGG_2021_Human,Chemokine signaling pathway,5/192,0.0440298872906311,0.3815923565188036,0,0,2.689291101055807,8.398351194214666,CCL22;CCR7;CCL19;CXCL13;CXCL14,1,KEGG_2021_Human
KEGG_2021_Human,Choline metabolism in cancer,3/98,0.0752775128137596,0.560423098677062,0,0,3.158696232968208,8.170200992229566,SLC44A4;DGKA;PLPP2,1,KEGG_2021_Human
KEGG_2021_Human,Intestinal immune network for IgA production,2/48,0.0832284276217124,0.560423098677062,0,0,4.337725076855512,10.784305954054672,TNFRSF13B;TNFRSF13C,1,KEGG_2021_Human
KEGG_2021_Human,Sphingolipid metabolism,2/49,0.0862189382580095,0.560423098677062,0,0,4.24521813883516,10.404458354124063,PLPP2;SGPP2,1,KEGG_2021_Human
KEGG_2021_Human,Glycosaminoglycan biosynthesis,2/53,0.0984917971521169,0.5909507829127016,0,0,3.9114676173499694,9.065929283683165,CHPF;HS3ST1,1,KEGG_2021_Human
KEGG_2021_Human,Glycerolipid metabolism,2/61,0.1243457655234195,0.6927835507733376,0,0,3.379729498373566,7.045685456427677,DGKA;PLPP2,1,KEGG_2021_Human
KEGG_2021_Human,Adherens junction,2/71,0.1585864433775845,0.8146264349230993,0,0,2.888449714536671,5.318951469597782,NECTIN4;NECTIN1,1,KEGG_2021_Human
KEGG_2021_Human,Steroid biosynthesis,1/20,0.182171186958547,0.8146264349230993,0,0,5.231684739486909,8.908556962758436,CYP24A1,1,KEGG_2021_Human
KEGG_2021_Human,Cell adhesion molecules,3/148,0.1849990407589495,0.8146264349230993,0,0,2.0642394538771223,3.483207230487368,CLDN10;CD22;NECTIN1,1,KEGG_2021_Human
KEGG_2021_Human,Histidine metabolism,1/22,0.1984625719282345,0.8146264349230993,0,0,4.732950466618808,7.653913334056085,AOC1,1,KEGG_2021_Human
KEGG_2021_Human,Proximal tubule bicarbonate reclamation,1/23,0.2064867613185778,0.8146264349230993,0,0,4.517587939698492,7.126580711797677,ATP1B1,1,KEGG_2021_Human
KEGG_2021_Human,Complement and coagulation cascades,2/85,0.2088785730572049,0.8146264349230993,0,0,2.3995375441158573,3.7576810395091074,CR2;SERPINF2,1,KEGG_2021_Human
KEGG_2021_Human,Salivary secretion,2/93,0.2383084712706434,0.8346492039285721,0,0,2.187701187701188,3.1375777372613727,ATP1B1;MUC5B,1,KEGG_2021_Human
KEGG_2021_Human,IL-17 signaling pathway,2/94,0.2420054666899618,0.8346492039285721,0,0,2.163812033377251,3.070005614813883,LCN2;MUC5B,1,KEGG_2021_Human
KEGG_2021_Human,Fc gamma R-mediated phagocytosis,2/97,0.253110289845866,0.8346492039285721,0,0,2.095162147793727,2.878606039624586,MARCKSL1;PLPP2,1,KEGG_2021_Human
KEGG_2021_Human,Glycerophospholipid metabolism,2/98,0.2568151396703299,0.8346492039285721,0,0,2.073232323232323,2.818349436543183,DGKA;PLPP2,1,KEGG_2021_Human
KEGG_2021_Human,Protein digestion and absorption,2/103,0.2753460863759224,0.8590797894928781,0,0,1.97009700970097,2.5408862749711147,COL10A1;ATP1B1,1,KEGG_2021_Human
KEGG_2021_Human,TNF signaling pathway,2/112,0.3086170575351828,0.8836474113360869,0,0,1.808080808080808,2.1256775548508937,LIF;LTA,1,KEGG_2021_Human
KEGG_2021_Human,Aldosterone-regulated sodium reabsorption,1/37,0.3107825442509396,0.8836474113360869,0,0,2.758793969849246,3.2240971983470845,ATP1B1,1,KEGG_2021_Human
KEGG_2021_Human,Epstein-Barr virus infection,3/202,0.3287725222024483,0.8836474113360869,0,0,1.4999617376221208,1.6685412211987425,FCER2;CR2;CD19,1,KEGG_2021_Human
KEGG_2021_Human,Tryptophan metabolism,1/42,0.344625677945044,0.8836474113360869,0,0,2.4217428606446867,2.579874053958348,AOC1,1,KEGG_2021_Human
KEGG_2021_Human,Type I diabetes mellitus,1/43,0.3511932019412653,0.8836474113360869,0,0,2.363962670495334,2.473694919601735,LTA,1,KEGG_2021_Human
KEGG_2021_Human,Fat digestion and absorption,1/43,0.3511932019412653,0.8836474113360869,0,0,2.363962670495334,2.473694919601735,PLPP2,1,KEGG_2021_Human
KEGG_2021_Human,Carbohydrate digestion and absorption,1/47,0.376814886705751,0.9070210631935954,0,0,2.1579637317019884,2.1061752538856453,ATP1B1,1,KEGG_2021_Human
KEGG_2021_Human,Ether lipid metabolism,1/49,0.3892456229672477,0.9070210631935954,0,0,2.0678391959799,1.9510987409424116,PLPP2,1,KEGG_2021_Human
KEGG_2021_Human,Arginine and proline metabolism,1/50,0.3953681557510544,0.9070210631935954,0,0,2.025535842477695,1.8795714928238212,AOC1,1,KEGG_2021_Human
KEGG_2021_Human,Endocrine and other factor-regulated calcium reabsorption,1/53,0.4133717413870322,0.9161121123502944,0,0,1.9083880943177425,1.6858852917962188,ATP1B1,1,KEGG_2021_Human
KEGG_2021_Human,Phospholipase D signaling pathway,2/148,0.436861177553996,0.9161121123502944,0,0,1.35976200359762,1.1260730416696714,DGKA;PLPP2,1,KEGG_2021_Human
KEGG_2021_Human,Mineral absorption,1/60,0.4533325962584122,0.9161121123502944,0,0,1.681372966527553,1.330183274831934,ATP1B1,1,KEGG_2021_Human
KEGG_2021_Human,Hepatitis C,2/157,0.4669832454160993,0.9161121123502944,0,0,1.280221570544151,0.9748399482603152,CLDN10;MX2,1,KEGG_2021_Human
KEGG_2021_Human,Inflammatory bowel disease,1/65,0.4802063242660991,0.9161121123502944,0,0,1.5496231155778897,1.1367096495006708,FOXP3,1,KEGG_2021_Human
KEGG_2021_Human,Influenza A,2/172,0.5150032547861086,0.9161121123502944,0,0,1.166369578134284,0.7739819254730677,MX2;TMPRSS4,1,KEGG_2021_Human
KEGG_2021_Human,Thyroid hormone synthesis,1/75,0.5300733603880184,0.9161121123502944,0,0,1.3395355154149124,0.8502565938086776,ATP1B1,1,KEGG_2021_Human
KEGG_2021_Human,Gastric acid secretion,1/76,0.5347903032317255,0.9161121123502944,0,0,1.321608040201005,0.8271687875669174,ATP1B1,1,KEGG_2021_Human
KEGG_2021_Human,Leishmaniasis,1/77,0.5394601334395485,0.9161121123502944,0,0,1.3041523406506217,0.8049050782659102,MARCKSL1,1,KEGG_2021_Human
KEGG_2021_Human,Transcriptional misregulation in cancer,2/192,0.5744500370339674,0.9161121123502944,0,0,1.0425305688463584,0.5779186403259151,PAX5;ETV4,1,KEGG_2021_Human
KEGG_2021_Human,Insulin secretion,1/86,0.5794442849420854,0.9161121123502944,0,0,1.1655335501034585,0.636015065932131,ATP1B1,1,KEGG_2021_Human
KEGG_2021_Human,Cardiac muscle contraction,1/87,0.5836679914950987,0.9161121123502944,0,0,1.1519224027112305,0.6202214761277236,ATP1B1,1,KEGG_2021_Human
KEGG_2021_Human,Bile secretion,1/90,0.5960875287025766,0.9161121123502944,0,0,1.1129241714188922,0.5757910883551692,ATP1B1,1,KEGG_2021_Human
KEGG_2021_Human,Rheumatoid arthritis,1/93,0.6081383763355012,0.9161121123502944,0,0,1.0764693030369237,0.5353850545471538,LTB,1,KEGG_2021_Human
KEGG_2021_Human,Phosphatidylinositol signaling system,1/97,0.6236514348962008,0.9161121123502944,0,0,1.0314070351758795,0.4869929254325685,DGKA,1,KEGG_2021_Human
KEGG_2021_Human,Aldosterone synthesis and secretion,1/98,0.6274332493027582,0.9161121123502944,0,0,1.0207221675387246,0.4757769643136218,ATP1B1,1,KEGG_2021_Human
KEGG_2021_Human,Pancreatic secretion,1/102,0.642186106799596,0.9161121123502944,0,0,0.9800985123637992,0.4340632175669919,ATP1B1,1,KEGG_2021_Human
KEGG_2021_Human,Human T-cell leukemia virus 1 infection,2/219,0.6460487750415385,0.9161121123502944,0,0,0.9115579760741052,0.3982416991649523,LTA;TNFRSF13C,1,KEGG_2021_Human
KEGG_2021_Human,T cell receptor signaling pathway,1/104,0.6493430720264805,0.9161121123502944,0,0,0.9609698980338586,0.4149411183845573,CARD11,1,KEGG_2021_Human
KEGG_2021_Human,C-type lectin receptor signaling pathway,1/104,0.6493430720264805,0.9161121123502944,0,0,0.9609698980338586,0.4149411183845573,CCL22,1,KEGG_2021_Human
KEGG_2021_Human,"Parathyroid hormone synthesis, secretion and action",1/106,0.6563575850020138,0.9161121123502944,0,0,0.9425699928212492,0.3968686613882323,CYP24A1,1,KEGG_2021_Human
KEGG_2021_Human,Th17 cell differentiation,1/107,0.6598123057378238,0.9161121123502944,0,0,0.933630416232104,0.388203405372955,FOXP3,1,KEGG_2021_Human
KEGG_2021_Human,Cholinergic synapse,1/113,0.6798268039735822,0.9161121123502944,0,0,0.8833452979181622,0.3408981557475202,KCNQ3,1,KEGG_2021_Human
KEGG_2021_Human,Leukocyte transendothelial migration,1/114,0.683046714602197,0.9161121123502944,0,0,0.8754836127540356,0.3337273716848506,CLDN10,1,KEGG_2021_Human
KEGG_2021_Human,Sphingolipid signaling pathway,1/119,0.6986693101557254,0.9161121123502944,0,0,0.8381739204497062,0.3005505089455322,SGPP2,1,KEGG_2021_Human
KEGG_2021_Human,Thyroid hormone signaling pathway,1/121,0.7047016248848418,0.9161121123502944,0,0,0.8241206030150754,0.2884263820632575,ATP1B1,1,KEGG_2021_Human
KEGG_2021_Human,Lysosome,1/128,0.7248839094130396,0.9269007366265096,0,0,0.7784196573418273,0.2504516688872366,CTSE,1,KEGG_2021_Human
KEGG_2021_Human,Measles,1/139,0.7538610468365632,0.9292198466830546,0,0,0.715971160148569,0.202295658016559,MX2,1,KEGG_2021_Human
KEGG_2021_Human,Signaling pathways regulating pluripotency of stem cells,1/143,0.76362742236206,0.9292198466830546,0,0,0.6956614056196475,0.1876026814442347,LIF,1,KEGG_2021_Human
KEGG_2021_Human,Adrenergic signaling in cardiomyocytes,1/150,0.7797997353776313,0.9292198466830546,0,0,0.6627432464335098,0.164836268730291,ATP1B1,1,KEGG_2021_Human
KEGG_2021_Human,JAK-STAT signaling pathway,1/162,0.8050029422478624,0.9292198466830546,0,0,0.6129716907518962,0.1329592889277211,LIF,1,KEGG_2021_Human
KEGG_2021_Human,Wnt signaling pathway,1/166,0.8127489127472175,0.9292198466830546,0,0,0.5979899497487438,0.1239830846623929,SERPINF1,1,KEGG_2021_Human
KEGG_2021_Human,cGMP-PKG signaling pathway,1/167,0.8146370791826294,0.9292198466830546,0,0,0.5943573288127384,0.1218507214181255,ATP1B1,1,KEGG_2021_Human
KEGG_2021_Human,Tight junction,1/169,0.8183567646763946,0.9292198466830546,0,0,0.5872218234027279,0.1177126632932345,CLDN10,1,KEGG_2021_Human
KEGG_2021_Human,Protein processing in endoplasmic reticulum,1/171,0.8220021720657791,0.9292198466830546,0,0,0.5802542122376588,0.1137369287884457,DERL3,1,KEGG_2021_Human
KEGG_2021_Human,Axon guidance,1/182,0.840788699468915,0.9368788365510768,0,0,0.544684749715428,0.0944564512523902,PLXNB3,1,KEGG_2021_Human
KEGG_2021_Human,Pathogenic Escherichia coli infection,1/197,0.8632665450936166,0.948377331229607,0,0,0.5026151163983181,0.0739003936329984,CLDN10,1,KEGG_2021_Human
KEGG_2021_Human,cAMP signaling pathway,1/216,0.8872602108098877,0.9611985617107116,0,0,0.4577538857076078,0.0547551369988808,ATP1B1,1,KEGG_2021_Human
KEGG_2021_Human,Coronavirus disease,1/232,0.9041817280923152,0.9661119834411038,0,0,0.425699928212491,0.0428785878681947,MX2,1,KEGG_2021_Human
KEGG_2021_Human,MicroRNAs in cancer,1/310,0.9567174492841332,0.9723929008190164,0,0,0.3169732155925257,0.0140251701108881,CYP24A1,1,KEGG_2021_Human
KEGG_2021_Human,Herpes simplex virus 1 infection,2/498,0.9612461416543346,0.9723929008190164,0,0,0.3931247963506028,0.0155381679645311,LTA;NECTIN1,1,KEGG_2021_Human
KEGG_2021_Human,Human papillomavirus infection,1/331,0.9650731654782848,0.9723929008190164,0,0,0.2964824120603015,0.0105403533706479,MX2,1,KEGG_2021_Human
KEGG_2021_Human,Neuroactive ligand-receptor interaction,1/341,0.9684669690459604,0.9723929008190164,0,0,0.2876145433047591,0.009215429391986,CNR2,1,KEGG_2021_Human
KEGG_2021_Human,PI3K-Akt signaling pathway,1/354,0.9723929008190164,0.9723929008190164,0,0,0.2768374450154455,0.0077501576356843,CD19,1,KEGG_2021_Human
Reactome_2022,CD22 Mediated BCR Regulation R-HSA-5690714,4/6,1.4329382790286753e-07,3.238440510604806e-05,0,0,202.0204081632653,3183.512051346897,CD79B;CD79A;IGLL5;CD22,1,Reactome_2022
Reactome_2022,Antigen Activates B Cell Receptor Leading To Second Messenger Generation R-HSA-983695,6/31,5.545240890163118e-07,6.266122205884324e-05,0,0,24.463917525773194,352.4065382588108,BLK;CD79B;CD79A;IGLL5;CD19;CD22,1,Reactome_2022
Reactome_2022,Signaling By B Cell Receptor (BCR) R-HSA-983705,7/109,0.00011340232057807951,0.0085429748168819,0,0,7.004266991770802,63.6307447024975,BLK;CD79B;CD79A;IGLL5;CD19;CARD11;CD22,1,Reactome_2022
Reactome_2022,TNF Receptor Superfamily (TNFSF) Members Mediating Non-Canonical NF-kB Pathway R-HSA-5676594,3/17,0.0006040394207294829,0.0325226295616941,0,0,21.5221174764322,159.51916044937724,LTA;TNFRSF13C;LTB,1,Reactome_2022
Reactome_2022,Lewis Blood Group Biosynthesis R-HSA-9037629,3/18,0.0007195272026923491,0.0325226295616941,0,0,20.086294416243653,145.36282995258424,FUT6;FUT2;FUT3,1,Reactome_2022
Reactome_2022,Interleukin-10 Signaling R-HSA-6783783,4/45,0.001049157683368,0.0365007774592169,0,0,9.835241413638624,67.46747081104573,FCER2;CCL22;LIF;CCL19,1,Reactome_2022
Reactome_2022,Blood Group Systems Biosynthesis R-HSA-9033658,3/22,0.0013185462203513,0.0365007774592169,0,0,15.854394870424793,105.13406751270358,FUT6;FUT2;FUT3,1,Reactome_2022
Reactome_2022,RUNX1 Regulates Transcription Of Genes Involved In BCR Signaling R-HSA-8939245,2/6,0.0014535707837741,0.0365007774592169,0,0,49.98989898989899,326.6206097208578,BLK;PAX5,1,Reactome_2022
Reactome_2022,Metal Sequestration By Antimicrobial Proteins R-HSA-6799990,2/6,0.0014535707837741,0.0365007774592169,0,0,49.98989898989899,326.6206097208578,LCN2;LTF,1,Reactome_2022
Reactome_2022,Nectin/Necl Trans Heterodimerization R-HSA-420597,2/7,0.0020216133697869,0.0456884621571848,0,0,39.98989898989899,248.09171029141777,NECTIN4;NECTIN1,1,Reactome_2022
Reactome_2022,Chemokine Receptors Bind Chemokines R-HSA-380108,4/56,0.0023746314270888,0.0487878820474616,0,0,7.750392464678179,46.83494770645078,CCL22;CCR7;CCL19;CXCL13,1,Reactome_2022
Reactome_2022,O-linked Glycosylation Of Mucins R-HSA-913709,4/59,0.0028749370578511,0.0516650752645117,0,0,7.326530612244898,42.87283866824234,B3GNT6;B3GNT3;MUC5B;MUC4,1,Reactome_2022
Reactome_2022,TNFs Bind Their Physiological Receptors R-HSA-5669034,3/29,0.002971884860348,0.0516650752645117,0,0,11.581803982819212,67.38940857682955,TNFRSF13B;LTA;CD27,1,Reactome_2022
Reactome_2022,TNFR2 Non-Canonical NF-kB Pathway R-HSA-5668541,5/100,0.0033238214487381,0.0536559748153444,0,0,5.318488529014845,30.350700013257832,TNFRSF13B;LTA;CD27;TNFRSF13C;LTB,1,Reactome_2022
Reactome_2022,Immune System R-HSA-168256,31/1943,0.0061353328721559,0.0924390152738164,0,0,1.7161248793047956,8.741409757176159,BLK;TNFRSF13B;TNFRSF13C;CD79B;CD79A;BPIFA1;CD19;CCL19;CTSE;MUC4;AOC1;CR2;CCL22;MX2;CD180;LIF;MUC5B;FCER2;IGLL5;BPIFB1;CEACAM6;LCN2;LTA;CD27;TLR10;LTB;CD22;CRLF1;CARD11;ITM2C;LTF,1,Reactome_2022
Reactome_2022,Regulation Of Complement Cascade R-HSA-977606,3/45,0.0102691253206439,0.1385343938859725,0,0,7.163886874546773,32.800668633723014,IGLL5;CR2;CD19,1,Reactome_2022
Reactome_2022,Cell Junction Organization R-HSA-446728,4/86,0.0108943363724642,0.1385343938859725,0,0,4.90741662518666,22.179129424034084,CLDN10;FBLIM1;NECTIN4;NECTIN1,1,Reactome_2022
Reactome_2022,Cell Surface Interactions At Vascular Wall R-HSA-202733,5/134,0.0112437387052382,0.1385343938859725,0,0,3.909958258795468,17.54767317919629,VPREB3;IGLL5;CEACAM6;CEACAM5;ATP1B1,1,Reactome_2022
Reactome_2022,Antimicrobial Peptides R-HSA-6803157,4/89,0.0122413166965711,0.1385343938859725,0,0,4.733493397358943,20.841280008372543,BPIFA1;BPIFB1;LCN2;LTF,1,Reactome_2022
Reactome_2022,IL-6-type Cytokine Receptor Ligand Interactions R-HSA-6788467,2/17,0.0122596808748648,0.1385343938859725,0,0,13.323232323232324,58.64139939765107,LIF;CRLF1,1,Reactome_2022
Reactome_2022,Defective GALNT12 Causes CRCS1 R-HSA-5083636,2/18,0.0137022045657748,0.1407590105393235,0,0,12.48989898989899,53.58414643474309,MUC5B;MUC4,1,Reactome_2022
Reactome_2022,Defective GALNT3 Causes HFTC R-HSA-5083625,2/18,0.0137022045657748,0.1407590105393235,0,0,12.48989898989899,53.58414643474309,MUC5B;MUC4,1,Reactome_2022
Reactome_2022,Defective C1GALT1C1 Causes TNPS R-HSA-5083632,2/19,0.0152144484017713,0.1494984929913184,0,0,11.754604872251932,49.19901329869125,MUC5B;MUC4,1,Reactome_2022
Reactome_2022,Potential Therapeutics For SARS R-HSA-9679191,4/97,0.0163398709129806,0.1538671177639013,0,0,4.324555628703094,17.79185795383184,CD79B;CD79A;IGLL5;ATP1B1,1,Reactome_2022
Reactome_2022,Complement Cascade R-HSA-166658,3/55,0.0176580617409628,0.1596288781383044,0,0,5.783287778211636,23.34460456181631,IGLL5;CR2;CD19,1,Reactome_2022
Reactome_2022,O-linked Glycosylation R-HSA-5173105,4/107,0.0225498972268369,0.1852337494142333,0,0,3.902714483851793,14.799189995392384,B3GNT6;B3GNT3;MUC5B;MUC4,1,Reactome_2022
Reactome_2022,Interleukin-4 And Interleukin-13 Signaling R-HSA-6785807,4/107,0.0225498972268369,0.1852337494142333,0,0,3.902714483851793,14.799189995392384,FCER2;CCL22;LIF;LCN2,1,Reactome_2022
Reactome_2022,Cell-cell Junction Organization R-HSA-421270,3/61,0.0231968013804758,0.1852337494142333,0,0,5.183441274286714,19.50912983009035,CLDN10;NECTIN4;NECTIN1,1,Reactome_2022
Reactome_2022,Interleukin-6 Family Signaling R-HSA-6783589,2/24,0.0237689324469591,0.1852337494142333,0,0,9.08080808080808,33.956554984338226,LIF;CRLF1,1,Reactome_2022
Reactome_2022,Termination Of O-glycan Biosynthesis R-HSA-977068,2/25,0.0256682933201663,0.1933678096785864,0,0,8.685551163812033,31.810820468950148,MUC5B;MUC4,1,Reactome_2022
Reactome_2022,Cell-Cell Communication R-HSA-1500931,4/120,0.032520123575247,0.2318037597438576,0,0,3.4630541871921183,11.8640641606701,CLDN10;FBLIM1;NECTIN4;NECTIN1,1,Reactome_2022
Reactome_2022,Adherens Junctions Interactions R-HSA-418990,2/29,0.0338474516440146,0.2318037597438576,0,0,7.397306397306397,25.046477343523872,NECTIN4;NECTIN1,1,Reactome_2022
Reactome_2022,Dectin-2 Family R-HSA-5621480,2/29,0.0338474516440146,0.2318037597438576,0,0,7.397306397306397,25.046477343523872,MUC5B;MUC4,1,Reactome_2022
Reactome_2022,Cytokine Signaling In Immune System R-HSA-1280215,12/702,0.0501444865275571,0.3306760287995958,0,0,1.7678075855689177,5.290777116821331,FCER2;CCL22;TNFRSF13B;MX2;LIF;LCN2;LTA;CD27;TNFRSF13C;CCL19;LTB;CRLF1,1,Reactome_2022
Reactome_2022,C-type Lectin Receptors (CLRs) R-HSA-5621481,4/141,0.0533069082548428,0.3306760287995958,0,0,2.929092805005214,8.58719016819202,CCL22;MUC5B;MUC4;CARD11,1,Reactome_2022
Reactome_2022,Innate Immune System R-HSA-168249,16/1035,0.0560407842085471,0.3306760287995958,0,0,1.6026795238298417,4.618402420555627,AOC1;CR2;CCL22;CD180;MUC5B;IGLL5;BPIFA1;BPIFB1;CEACAM6;CD19;LCN2;TLR10;MUC4;CARD11;ITM2C;LTF,1,Reactome_2022
Reactome_2022,Fibronectin Matrix Formation R-HSA-1566977,1/6,0.0585267307609904,0.3306760287995958,0,0,19.894472361809044,56.46591775214154,CEACAM6,1,Reactome_2022
Reactome_2022,Vitamins R-HSA-211916,1/6,0.0585267307609904,0.3306760287995958,0,0,19.894472361809044,56.46591775214154,CYP24A1,1,Reactome_2022
Reactome_2022,RUNX1 Regulates Transcription Of Genes Involved In WNT Signaling R-HSA-8939256,1/6,0.0585267307609904,0.3306760287995958,0,0,19.894472361809044,56.46591775214154,FOXP3,1,Reactome_2022
Reactome_2022,Classical Antibody-Mediated Complement Activation R-HSA-173623,1/6,0.0585267307609904,0.3306760287995958,0,0,19.894472361809044,56.46591775214154,IGLL5,1,Reactome_2022
Reactome_2022,Hemostasis R-HSA-109582,10/576,0.0645562159869277,0.3558464588547727,0,0,1.7885437976566858,4.90100146252279,VPREB3;IGLL5;CEACAM6;CEACAM5;KIF26B;DGKA;SERPINF2;ATP1B1;SGPP2;MANF,1,Reactome_2022
Reactome_2022,Metabolism Of Carbohydrates R-HSA-71387,6/285,0.0671808252875744,0.3614968217855198,0,0,2.1639507815098105,5.84346216756244,FUT6;CHPF;B3GNT3;FUT2;HS3ST1;FUT3,1,Reactome_2022
Reactome_2022,Sphingolipid De Novo Biosynthesis R-HSA-1660661,2/44,0.0716056114889121,0.3763457720114919,0,0,4.751803751803752,12.52851945708889,SGPP2;PLPP2,1,Reactome_2022
Reactome_2022,Role Of ABL In ROBO-SLIT Signaling R-HSA-428890,1/8,0.0772680713380291,0.3968769118726043,0,0,14.208901651112706,36.38152974515558,TMPRSS4,1,Reactome_2022
Reactome_2022,CHL1 Interactions R-HSA-447041,1/9,0.0864990660572792,0.4249736723683718,0,0,12.4321608040201,30.429226090981548,CHL1,1,Reactome_2022
Reactome_2022,Serine Biosynthesis R-HSA-977347,1/9,0.0864990660572792,0.4249736723683718,0,0,12.4321608040201,30.429226090981548,SERINC2,1,Reactome_2022
Reactome_2022,Calcitonin-like Ligand Receptors R-HSA-419812,1/10,0.0956381720564831,0.4322845376953038,0,0,11.050251256281408,25.93696464958489,ADM2,1,Reactome_2022
Reactome_2022,RUNX1 And FOXP3 Control Development Of Regulatory T Lymphocytes (Tregs) R-HSA-8877330,1/10,0.0956381720564831,0.4322845376953038,0,0,11.050251256281408,25.93696464958489,FOXP3,1,Reactome_2022
Reactome_2022,Reactions Specific To Complex N-glycan Synthesis Pathway R-HSA-975578,1/10,0.0956381720564831,0.4322845376953038,0,0,11.050251256281408,25.93696464958489,FUT3,1,Reactome_2022
Reactome_2022,Crosslinking Of Collagen Fibrils R-HSA-2243919,1/10,0.0956381720564831,0.4322845376953038,0,0,11.050251256281408,25.93696464958489,LOXL1,1,Reactome_2022
Reactome_2022,Ion Transport By P-type ATPases R-HSA-936837,2/53,0.0984917971521169,0.4364538462034986,0,0,3.9114676173499694,9.065929283683165,ATP10B;ATP1B1,1,Reactome_2022
Reactome_2022,Interleukin-27 Signaling R-HSA-9020956,1/11,0.1046862992439068,0.4549827620985181,0,0,9.944723618090451,22.4431232477853,CRLF1,1,Reactome_2022
Reactome_2022,Assembly Of Collagen Fibrils And Other Multimeric Structures R-HSA-2022090,2/57,0.111218880351375,0.4586361215618666,0,0,3.6262626262626254,7.964197874788815,COL10A1;LOXL1,1,Reactome_2022
Reactome_2022,Vitamin D (Calciferol) Metabolism R-HSA-196791,1/12,0.1136443487055952,0.4586361215618666,0,0,9.040201005025123,19.659557478207127,CYP24A1,1,Reactome_2022
Reactome_2022,Scavenging Of Heme From Plasma R-HSA-2168880,1/12,0.1136443487055952,0.4586361215618666,0,0,9.040201005025123,19.659557478207127,IGLL5,1,Reactome_2022
Reactome_2022,NOTCH2 Intracellular Domain Regulates Transcription R-HSA-2197563,1/12,0.1136443487055952,0.4586361215618666,0,0,9.040201005025123,19.659557478207127,FCER2,1,Reactome_2022
Reactome_2022,Glycosaminoglycan Metabolism R-HSA-1630316,3/120,0.1191064405928344,0.4614664341672201,0,0,2.561889886762984,5.451029764221877,CHPF;B3GNT3;HS3ST1,1,Reactome_2022
Reactome_2022,Diseases Associated With Visual Transduction R-HSA-2474795,1/13,0.1225132126107664,0.4614664341672201,0,0,8.28643216080402,17.397665920944878,STRA6,1,Reactome_2022
Reactome_2022,Dissolution Of Fibrin Clot R-HSA-75205,1/13,0.1225132126107664,0.4614664341672201,0,0,8.28643216080402,17.397665920944878,SERPINF2,1,Reactome_2022
Reactome_2022,FCGR Activation R-HSA-2029481,1/13,0.1225132126107664,0.4614664341672201,0,0,8.28643216080402,17.397665920944878,IGLL5,1,Reactome_2022
Reactome_2022,Immunoregulatory Interactions Between A Lymphoid And A non-Lymphoid Cell R-HSA-198933,3/123,0.1256888427302304,0.4636311407753169,0,0,2.49746192893401,5.179600998900278,IGLL5;CD19;CD22,1,Reactome_2022
Reactome_2022,Platelet Degranulation R-HSA-114608,3/125,0.1301487308762109,0.4636311407753169,0,0,2.456270283764667,5.008525221038258,SERPINF2;SGPP2;MANF,1,Reactome_2022
Reactome_2022,Creation Of C4 And C2 Activators R-HSA-166786,1/14,0.1312937743788508,0.4636311407753169,0,0,7.648627754155393,15.529145947074284,IGLL5,1,Reactome_2022
Reactome_2022,Role Of LAT2/NTAL/LAB On Calcium Mobilization R-HSA-2730905,1/14,0.1312937743788508,0.4636311407753169,0,0,7.648627754155393,15.529145947074284,IGLL5,1,Reactome_2022
Reactome_2022,Peptide Ligand-Binding Receptors R-HSA-375276,4/196,0.1338866309236116,0.4655135167497881,0,0,2.084183673469388,4.19079707112378,CCL22;CCR7;CCL19;CXCL13,1,Reactome_2022
Reactome_2022,Response To Elevated Platelet Cytosolic Ca2+ R-HSA-76005,3/130,0.1415370182821212,0.4846570626024152,0,0,2.3589671849394462,4.612238445645575,SERPINF2;SGPP2;MANF,1,Reactome_2022
Reactome_2022,Cell-extracellular Matrix Interactions R-HSA-446353,1/16,0.1485934818111902,0.501225774467597,0,0,6.628140703517588,12.636822082241835,FBLIM1,1,Reactome_2022
Reactome_2022,Diseases Associated With O-glycosylation Of Proteins R-HSA-3906995,2/69,0.1515987898971927,0.5038430370112581,0,0,2.974973616764661,5.612340646899519,MUC5B;MUC4,1,Reactome_2022
Reactome_2022,Other Semaphorin Interactions R-HSA-416700,1/19,0.1739023671527052,0.5614562139501628,0,0,5.522613065326633,9.66049300943,PLXNB3,1,Reactome_2022
Reactome_2022,RAS Processing R-HSA-9648002,1/19,0.1739023671527052,0.5614562139501628,0,0,5.522613065326633,9.66049300943,ZDHHC9,1,Reactome_2022
Reactome_2022,Chondroitin Sulfate Biosynthesis R-HSA-2022870,1/20,0.182171186958547,0.575906465989959,0,0,5.231684739486909,8.908556962758436,CHPF,1,Reactome_2022
Reactome_2022,FCERI Mediated NF-kB Activation R-HSA-2871837,2/78,0.1834746263330842,0.575906465989959,0,0,2.621477937267411,4.445184817601474,IGLL5;CARD11,1,Reactome_2022
Reactome_2022,Initial Triggering Of Complement R-HSA-166663,1/21,0.1903576498347592,0.589326422776104,0,0,4.969849246231155,8.244237447277422,IGLL5,1,Reactome_2022
Reactome_2022,Canonical Retinoid Cycle In Rods (Twilight Vision) R-HSA-2453902,1/23,0.2064867613185778,0.6306217305134946,0,0,4.517587939698492,7.126580711797677,STRA6,1,Reactome_2022
Reactome_2022,Basigin Interactions R-HSA-210991,1/25,0.2222961348450487,0.633093909993606,0,0,4.14070351758794,6.226561570384656,ATP1B1,1,Reactome_2022
Reactome_2022,Sphingolipid Metabolism R-HSA-428157,2/89,0.2235550003741977,0.633093909993606,0,0,2.2887495646116336,3.428770706989903,PLPP2;SGPP2,1,Reactome_2022
Reactome_2022,Collagen Formation R-HSA-1474290,2/90,0.2272373036176318,0.633093909993606,0,0,2.2626262626262625,3.352670034774279,COL10A1;LOXL1,1,Reactome_2022
Reactome_2022,Attenuation Phase R-HSA-3371568,1/26,0.2300828957266827,0.633093909993606,0,0,3.974874371859297,5.840344997302112,TNFRSF21,1,Reactome_2022
Reactome_2022,Infection With Mycobacterium Tuberculosis R-HSA-9635486,1/26,0.2300828957266827,0.633093909993606,0,0,3.974874371859297,5.840344997302112,LTF,1,Reactome_2022
Reactome_2022,Role Of Phospholipids In Phagocytosis R-HSA-2029485,1/26,0.2300828957266827,0.633093909993606,0,0,3.974874371859297,5.840344997302112,IGLL5,1,Reactome_2022
Reactome_2022,N-glycan Antennae Elongation In medial/trans-Golgi R-HSA-975576,1/26,0.2300828957266827,0.633093909993606,0,0,3.974874371859297,5.840344997302112,FUT3,1,Reactome_2022
Reactome_2022,Synthesis Of PC R-HSA-1483191,1/27,0.2377920775242915,0.633093909993606,0,0,3.821801314263626,5.489477227235043,SLC44A4,1,Reactome_2022
Reactome_2022,Effects Of PIP2 Hydrolysis R-HSA-114508,1/27,0.2377920775242915,0.633093909993606,0,0,3.821801314263626,5.489477227235043,DGKA,1,Reactome_2022
Reactome_2022,Keratan Sulfate Biosynthesis R-HSA-2022854,1/28,0.2454244493195781,0.633093909993606,0,0,3.680067001675042,5.169633447658624,B3GNT3,1,Reactome_2022
Reactome_2022,"Platelet Activation, Signaling And Aggregation R-HSA-76002",4/254,0.2498506869204261,0.633093909993606,0,0,1.5959183673469388,2.213366084159102,DGKA;SERPINF2;SGPP2;MANF,1,Reactome_2022
Reactome_2022,HSF1 Activation R-HSA-3371511,1/29,0.252980772589684,0.633093909993606,0,0,3.548456568557071,4.877147000705543,TNFRSF21,1,Reactome_2022
Reactome_2022,Interaction Between L1 And Ankyrins R-HSA-445095,1/29,0.252980772589684,0.633093909993606,0,0,3.548456568557071,4.877147000705543,KCNQ3,1,Reactome_2022
Reactome_2022,FCERI Mediated Ca+2 Mobilization R-HSA-2871809,1/29,0.252980772589684,0.633093909993606,0,0,3.548456568557071,4.877147000705543,IGLL5,1,Reactome_2022
Reactome_2022,FCERI Mediated MAPK Activation R-HSA-2871796,1/29,0.252980772589684,0.633093909993606,0,0,3.548456568557071,4.877147000705543,IGLL5,1,Reactome_2022
Reactome_2022,Tight Junction Interactions R-HSA-420029,1/30,0.2604618012849767,0.633093909993606,0,0,3.425922717033443,4.608890626901229,CLDN10,1,Reactome_2022
Reactome_2022,HS-GAG Biosynthesis R-HSA-2022928,1/30,0.2604618012849767,0.633093909993606,0,0,3.425922717033443,4.608890626901229,HS3ST1,1,Reactome_2022
Reactome_2022,CLEC7A (Dectin-1) Signaling R-HSA-5607764,2/99,0.2605209452628556,0.633093909993606,0,0,2.0517546600020826,2.7597577787968723,CCL22;CARD11,1,Reactome_2022
Reactome_2022,L1CAM Interactions R-HSA-373760,2/99,0.2605209452628556,0.633093909993606,0,0,2.0517546600020826,2.7597577787968723,CHL1;KCNQ3,1,Reactome_2022
Reactome_2022,Diseases Associated With TLR Signaling Cascade R-HSA-5602358,1/31,0.2678682819607093,0.6383608398345978,0,0,3.3115577889447234,4.362182296847866,TLR10,1,Reactome_2022
Reactome_2022,Signaling By NOTCH2 R-HSA-1980145,1/32,0.2752009537742224,0.6383608398345978,0,0,3.204571243313341,4.1347099266061775,FCER2,1,Reactome_2022
Reactome_2022,Phase I - Functionalization Of Compounds R-HSA-211945,2/104,0.2790510068326582,0.6383608398345978,0,0,1.95068330362448,2.4897754945672688,AOC1;CYP24A1,1,Reactome_2022
Reactome_2022,Striated Muscle Contraction R-HSA-390522,1/33,0.2824605485993796,0.6383608398345978,0,0,3.1042713567839195,3.9244707255325473,MYBPC2,1,Reactome_2022
Reactome_2022,Amino Acid Transport Across Plasma Membrane R-HSA-352230,1/33,0.2824605485993796,0.6383608398345978,0,0,3.1042713567839195,3.9244707255325473,SLC1A4,1,Reactome_2022
Reactome_2022,Keratan Sulfate/Keratin Metabolism R-HSA-1638074,1/33,0.2824605485993796,0.6383608398345978,0,0,3.1042713567839195,3.9244707255325473,B3GNT3,1,Reactome_2022
Reactome_2022,Sialic Acid Metabolism R-HSA-4085001,1/33,0.2824605485993796,0.6383608398345978,0,0,3.1042713567839195,3.9244707255325473,ST6GALNAC1,1,Reactome_2022
Reactome_2022,Post-translational Protein Phosphorylation R-HSA-8957275,2/106,0.2864567291305087,0.6409823839949996,0,0,1.912975912975913,2.3915408635892965,GOLM1;SGPP2,1,Reactome_2022
Reactome_2022,Metabolic Disorders Of Biological Oxidation Enzymes R-HSA-5579029,1/34,0.2896477910754225,0.641768635127897,0,0,3.010050251256281,3.7297219848476746,CYP24A1,1,Reactome_2022
Reactome_2022,Signaling By Interleukins R-HSA-449147,6/453,0.3008344699650889,0.6600834001175736,0,0,1.3390299591780253,1.608436224610526,FCER2;CCL22;LIF;LCN2;CCL19;CRLF1,1,Reactome_2022
Reactome_2022,HSF1-dependent Transactivation R-HSA-3371571,1/36,0.3038080819844295,0.6601983320046255,0,0,2.8377602297200286,3.380791434126185,TNFRSF21,1,Reactome_2022
Reactome_2022,SARS-CoV Infections R-HSA-9679506,5/369,0.3099607146035578,0.6671535380990863,0,0,1.3691180614257537,1.603661288546278,CD79B;CD79A;IGLL5;ZDHHC9;ATP1B1,1,Reactome_2022
Reactome_2022,FCGR3A-mediated IL10 Synthesis R-HSA-9664323,1/38,0.3176874819497763,0.6773336879306553,0,0,2.684096156457965,3.07781854672427,IGLL5,1,Reactome_2022
Reactome_2022,Elastic Fibre Formation R-HSA-1566948,1/39,0.3245235847719431,0.6854423379295247,0,0,2.6133298069293835,2.941033694945818,LOXL1,1,Reactome_2022
Reactome_2022,Extracellular Matrix Organization R-HSA-1474244,4/291,0.332339749401649,0.6930114083506541,0,0,1.3875417762923985,1.5285125404640607,CEACAM6;CAPN5;COL10A1;LOXL1,1,Reactome_2022
Reactome_2022,Transcriptional Regulation By RUNX1 R-HSA-8878171,3/204,0.3342400155319526,0.6930114083506541,0,0,1.484885218577165,1.6272796745414015,BLK;PAX5;FOXP3,1,Reactome_2022
Reactome_2022,Binding And Uptake Of Ligands By Scavenger Receptors R-HSA-2173782,1/41,0.3379920100397979,0.6944199478999485,0,0,2.4824120603015074,2.6927543377926204,IGLL5,1,Reactome_2022
Reactome_2022,Kinesins R-HSA-983189,1/42,0.344625677945044,0.7016702992394591,0,0,2.4217428606446867,2.579874053958348,KIF26B,1,Reactome_2022
Reactome_2022,Regulation Of IGF Transport And Uptake By IGFBPs R-HSA-381426,2/123,0.3488455825927885,0.7023864038825306,0,0,1.642791551882461,1.73006635039327,GOLM1;SGPP2,1,Reactome_2022
Reactome_2022,Voltage Gated Potassium Channels R-HSA-1296072,1/43,0.3511932019412653,0.7023864038825306,0,0,2.363962670495334,2.473694919601735,KCNQ3,1,Reactome_2022
Reactome_2022,Collagen Chain Trimerization R-HSA-8948216,1/44,0.3576952382847675,0.7091151215119075,0,0,2.308869931050602,2.373689018141451,COL10A1,1,Reactome_2022
Reactome_2022,Fc Epsilon Receptor (FCERI) Signaling R-HSA-2454202,2/130,0.3740455278662269,0.7350807765023243,0,0,1.5523989898989898,1.5265946362115397,IGLL5;CARD11,1,Reactome_2022
Reactome_2022,Chondroitin Sulfate/Dermatan Sulfate Metabolism R-HSA-1793185,1/50,0.3953681557510544,0.7637025914507547,0,0,2.025535842477695,1.8795714928238212,CHPF,1,Reactome_2022
Reactome_2022,Ion Homeostasis R-HSA-5578775,1/50,0.3953681557510544,0.7637025914507547,0,0,2.025535842477695,1.8795714928238212,ATP1B1,1,Reactome_2022
Reactome_2022,Heparan Sulfate/Heparin (HS-GAG) Metabolism R-HSA-1638091,1/53,0.4133717413870322,0.7839692812178111,0,0,1.9083880943177425,1.6858852917962188,HS3ST1,1,Reactome_2022
Reactome_2022,Class A/1 (Rhodopsin-like Receptors) R-HSA-373076,4/327,0.41379861386708,0.7839692812178111,0,0,1.2306185632147597,1.085868117284006,CCL22;CCR7;CCL19;CXCL13,1,Reactome_2022
Reactome_2022,Interleukin-12 Family Signaling R-HSA-447115,1/54,0.4192535996279672,0.7839692812178111,0,0,1.8722859580923483,1.627539412897697,CRLF1,1,Reactome_2022
Reactome_2022,Diseases Of Glycosylation R-HSA-3781865,2/143,0.4197357656077661,0.7839692812178111,0,0,1.4083387062110466,1.2226209334221314,MUC5B;MUC4,1,Reactome_2022
Reactome_2022,Late SARS-CoV-2 Infection Events R-HSA-9772573,1/58,0.4421999998339941,0.8067178484598516,0,0,1.740544829410209,1.4202724160163902,ZDHHC9,1,Reactome_2022
Reactome_2022,Iron Uptake And Transport R-HSA-917937,1/59,0.4477942115947188,0.8067178484598516,0,0,1.7104487957026513,1.3742113392020114,LCN2,1,Reactome_2022
Reactome_2022,Diseases Of Metabolism R-HSA-5668914,3/247,0.4498174108345097,0.8067178484598516,0,0,1.220520928684364,0.9750906863314656,CYP24A1;MUC5B;MUC4,1,Reactome_2022
Reactome_2022,Adaptive Immune System R-HSA-1280218,8/733,0.451455921166543,0.8067178484598516,0,0,1.096264367816092,0.8718344279042995,CD79B;BLK;CD79A;IGLL5;CD19;CTSE;CD22;CARD11,1,Reactome_2022
Reactome_2022,Defective CFTR Causes Cystic Fibrosis R-HSA-5678895,1/60,0.4533325962584122,0.8067178484598516,0,0,1.681372966527553,1.330183274831934,DERL3,1,Reactome_2022
Reactome_2022,FCGR3A-mediated Phagocytosis R-HSA-9664422,1/60,0.4533325962584122,0.8067178484598516,0,0,1.681372966527553,1.330183274831934,IGLL5,1,Reactome_2022
Reactome_2022,Dectin-1 Mediated Noncanonical NF-kB Signaling R-HSA-5607761,1/61,0.4588157080798082,0.8100964845784113,0,0,1.6532663316582914,1.288070804786777,CCL22,1,Reactome_2022
Reactome_2022,Regulation Of Actin Dynamics For Phagocytic Cup Formation R-HSA-2029482,1/62,0.4642440960951576,0.8126310419653429,0,0,1.6260812258011368,1.2477649663473405,IGLL5,1,Reactome_2022
Reactome_2022,Synthesis Of Substrates In N-glycan Biosythesis R-HSA-446219,1/63,0.4696183035751055,0.8126310419653429,0,0,1.5997730588426,1.2091645247691418,ST6GALNAC1,1,Reactome_2022
Reactome_2022,Semaphorin Interactions R-HSA-373755,1/64,0.4749388686968527,0.8126310419653429,0,0,1.574300071787509,1.1721753146425786,PLXNB3,1,Reactome_2022
Reactome_2022,Cytochrome P450 - Arranged By Substrate Type R-HSA-211897,1/65,0.4802063242660991,0.8126310419653429,0,0,1.5496231155778897,1.1367096495006708,CYP24A1,1,Reactome_2022
Reactome_2022,Toll-like Receptor Cascades R-HSA-168898,2/162,0.4833030570302441,0.8126310419653429,0,0,1.2398989898989898,0.9015446591892284,CD180;TLR10,1,Reactome_2022
Reactome_2022,GPCR Ligand Binding R-HSA-500792,5/458,0.4848041457931882,0.8126310419653429,0,0,1.0950925454236713,0.7928582743567208,CCL22;ADM2;CCR7;CCL19;CXCL13,1,Reactome_2022
Reactome_2022,Activation Of NF-kappaB In B Cells R-HSA-1169091,1/66,0.4854211976341649,0.8126310419653429,0,0,1.525705450328566,1.1026857881843173,CARD11,1,Reactome_2022
Reactome_2022,Collagen Biosynthesis And Modifying Enzymes R-HSA-1650814,1/67,0.4905840112592053,0.8131820953639762,0,0,1.5025125628140703,1.0700274503610792,COL10A1,1,Reactome_2022
Reactome_2022,Anti-inflammatory Response Favoring Leishmania Infection R-HSA-9662851,2/165,0.4929466684286051,0.8131820953639762,0,0,1.2168928549296647,0.8607743794829743,IGLL5;ADM2,1,Reactome_2022
Reactome_2022,Neutrophil Degranulation R-HSA-6798695,5/468,0.5037987915945336,0.8250617891330767,0,0,1.0708866367613668,0.7341766545392672,AOC1;CEACAM6;LCN2;ITM2C;LTF,1,Reactome_2022
Reactome_2022,Interferon Alpha/Beta Signaling R-HSA-909733,1/72,0.5156351033007534,0.838370743496189,0,0,1.396347936867436,0.9248793332622998,MX2,1,Reactome_2022
Reactome_2022,Ion Channel Transport R-HSA-983712,2/175,0.5242613328384474,0.8435185935598302,0,0,1.1459683540608396,0.7400262452135655,ATP10B;ATP1B1,1,Reactome_2022
Reactome_2022,ISG15 Antiviral Mechanism R-HSA-1169408,1/75,0.5300733603880184,0.8435185935598302,0,0,1.3395355154149124,0.8502565938086776,MX2,1,Reactome_2022
Reactome_2022,ABC Transporter Disorders R-HSA-5619084,1/77,0.5394601334395485,0.8435185935598302,0,0,1.3041523406506217,0.8049050782659102,DERL3,1,Reactome_2022
Reactome_2022,Biosynthesis Of N-glycan Precursor (Dolichol LLO) And Transfer To Protein R-HSA-446193,1/77,0.5394601334395485,0.8435185935598302,0,0,1.3041523406506217,0.8049050782659102,ST6GALNAC1,1,Reactome_2022
Reactome_2022,COPI-dependent Golgi-to-ER Retrograde Traffic R-HSA-6811434,1/78,0.544083319204552,0.8435185935598302,0,0,1.2871500358937544,0.7834275809102157,KIF26B,1,Reactome_2022
Reactome_2022,Constitutive Signaling By Aberrant PI3K In Cancer R-HSA-2219530,1/78,0.544083319204552,0.8435185935598302,0,0,1.2871500358937544,0.7834275809102157,CD19,1,Reactome_2022
Reactome_2022,Amyloid Fiber Formation R-HSA-977225,1/79,0.5486603241296241,0.8435185935598302,0,0,1.2705836876691148,0.7627005714660321,LTF,1,Reactome_2022
Reactome_2022,Downstream Signaling Events Of B Cell Receptor (BCR) R-HSA-1168372,1/79,0.5486603241296241,0.8435185935598302,0,0,1.2705836876691148,0.7627005714660321,CARD11,1,Reactome_2022
Reactome_2022,Regulation Of HSF1-mediated Heat Shock Response R-HSA-3371453,1/81,0.5576776229377498,0.8515888025941314,0,0,1.2386934673366834,0.7233650516865618,TNFRSF21,1,Reactome_2022
Reactome_2022,Antiviral Mechanism By IFN-stimulated Genes R-HSA-1169410,1/83,0.5665156476761636,0.8592787676161945,0,0,1.208358867508273,0.6866506239569532,MX2,1,Reactome_2022
Reactome_2022,"Transport Of Bile Salts And Organic Acids, Metal Ions And Amine Compounds R-HSA-425366",1/86,0.5794442849420854,0.8708257089837799,0,0,1.1655335501034585,0.636015065932131,SLC44A4,1,Reactome_2022
Reactome_2022,Fcgamma Receptor (FCGR) Dependent Phagocytosis R-HSA-2029480,1/87,0.5836679914950987,0.8708257089837799,0,0,1.1519224027112305,0.6202214761277236,IGLL5,1,Reactome_2022
Reactome_2022,Muscle Contraction R-HSA-397014,2/196,0.5856880874581174,0.8708257089837799,0,0,1.0208268249505363,0.5461095879886158,MYBPC2;ATP1B1,1,Reactome_2022
Reactome_2022,MAPK6/MAPK4 Signaling R-HSA-5687128,1/90,0.5960875287025766,0.878277357371639,0,0,1.1129241714188922,0.5757910883551692,ETV4,1,Reactome_2022
Reactome_2022,Post-translational Modification: Synthesis Of GPI-anchored Proteins R-HSA-163125,1/92,0.6041617136020576,0.878277357371639,0,0,1.0883538571980782,0.5484360698708618,CEACAM5,1,Reactome_2022
Reactome_2022,Class B/2 (Secretin Family Receptors) R-HSA-373080,1/92,0.6041617136020576,0.878277357371639,0,0,1.0883538571980782,0.5484360698708618,ADM2,1,Reactome_2022
Reactome_2022,G Alpha (I) Signaling Events R-HSA-418594,3/312,0.6062445475662641,0.878277357371639,0,0,0.960573653343847,0.4807400545960321,CCR7;CCL19;CXCL13,1,Reactome_2022
Reactome_2022,Downstream TCR Signaling R-HSA-202424,1/94,0.6120752863236749,0.8810765268098759,0,0,1.0648403306856864,0.5227301046685241,CARD11,1,Reactome_2022
Reactome_2022,MyD88 Cascade Initiated On Plasma Membrane R-HSA-975871,1/96,0.6198314260741546,0.886594318308601,0,0,1.0423168473948692,0.4985482066164667,TLR10,1,Reactome_2022
Reactome_2022,Visual Phototransduction R-HSA-2187338,1/98,0.6274332493027582,0.8882443964697911,0,0,1.0207221675387246,0.4757769643136218,STRA6,1,Reactome_2022
Reactome_2022,Cellular Response To Heat Stress R-HSA-3371556,1/99,0.6311772493570809,0.8882443964697911,0,0,1.0102553584247769,0.464887747030177,TNFRSF21,1,Reactome_2022
Reactome_2022,ABC-family Proteins Mediated Transport R-HSA-382556,1/102,0.642186106799596,0.8882443964697911,0,0,0.9800985123637992,0.4340632175669919,DERL3,1,Reactome_2022
Reactome_2022,Potassium Channels R-HSA-1296071,1/102,0.642186106799596,0.8882443964697911,0,0,0.9800985123637992,0.4340632175669919,KCNQ3,1,Reactome_2022
Reactome_2022,Biological Oxidations R-HSA-211859,2/218,0.6435745701424557,0.8882443964697911,0,0,0.915824915824916,0.4036199542746232,AOC1;CYP24A1,1,Reactome_2022
Reactome_2022,Transport Of Inorganic Cations/Anions And Amino Acids/Oligopeptides R-HSA-425393,1/104,0.6493430720264805,0.8882443964697911,0,0,0.9609698980338586,0.4149411183845573,SLC1A4,1,Reactome_2022
Reactome_2022,MHC Class II Antigen Presentation R-HSA-2132295,1/104,0.6493430720264805,0.8882443964697911,0,0,0.9609698980338586,0.4149411183845573,CTSE,1,Reactome_2022
Reactome_2022,PI3K/AKT Signaling In Cancer R-HSA-2219528,1/105,0.6528679573920863,0.8882443964697911,0,0,0.9516814843448008,0.4057783123183748,CD19,1,Reactome_2022
Reactome_2022,"PI5P, PP2A And IER3 Regulate PI3K/AKT Signaling R-HSA-6811558",1/106,0.6563575850020138,0.8882443964697911,0,0,0.9425699928212492,0.3968686613882323,CD19,1,Reactome_2022
Reactome_2022,Degradation Of Extracellular Matrix R-HSA-1474228,1/109,0.6666184129739804,0.8967604841197594,0,0,0.916247906197655,0.3715728772578474,CAPN5,1,Reactome_2022
Reactome_2022,Golgi-to-ER Retrograde Transport R-HSA-8856688,1/112,0.6765743473112501,0.902215946269687,0,0,0.8913486350672281,0.3482614435144341,KIF26B,1,Reactome_2022
Reactome_2022,Negative Regulation Of PI3K/AKT Network R-HSA-199418,1/113,0.6798268039735822,0.902215946269687,0,0,0.8833452979181622,0.3408981557475202,CD19,1,Reactome_2022
Reactome_2022,PPARA Activates Gene Expression R-HSA-1989781,1/116,0.6893901914288371,0.902215946269687,0,0,0.8601704173039109,0.3199385396662478,TNFRSF21,1,Reactome_2022
Reactome_2022,TCR Signaling R-HSA-202403,1/116,0.6893901914288371,0.902215946269687,0,0,0.8601704173039109,0.3199385396662478,CARD11,1,Reactome_2022
Reactome_2022,Signaling By GPCR R-HSA-372790,6/689,0.6906343305515746,0.902215946269687,0,0,0.8656624050957722,0.3204204240085406,CCL22;ADM2;DGKA;CCR7;CCL19;CXCL13,1,Reactome_2022
Reactome_2022,Regulation Of Lipid Metabolism By PPARalpha R-HSA-400206,1/118,0.6956073317848006,0.9034899826630168,0,0,0.845380749903363,0.3068478138715934,TNFRSF21,1,Reactome_2022
Reactome_2022,Leishmania Infection R-HSA-9658195,2/247,0.7099322090701349,0.9101664653207436,0,0,0.8062255205112348,0.2762014098360295,IGLL5;ADM2,1,Reactome_2022
Reactome_2022,SLC-mediated Transmembrane Transport R-HSA-425407,2/247,0.7099322090701349,0.9101664653207436,0,0,0.8062255205112348,0.2762014098360295,SLC44A4;SLC1A4,1,Reactome_2022
Reactome_2022,Transport Of Small Molecules R-HSA-382551,6/706,0.7128294883264231,0.9101664653207436,0,0,0.8438880706921944,0.2856671111455429,SLC44A4;DERL3;LCN2;ATP10B;SLC1A4;ATP1B1,1,Reactome_2022
Reactome_2022,Cardiac Conduction R-HSA-5576891,1/126,0.7192618685309876,0.9116853055760412,0,0,0.7909547738693468,0.2606431490060761,ATP1B1,1,Reactome_2022
Reactome_2022,Glycerophospholipid Biosynthesis R-HSA-1483206,1/127,0.7220870340624399,0.9116853055760412,0,0,0.7846374730796841,0.2554854949797123,SLC44A4,1,Reactome_2022
Reactome_2022,ADORA2B Mediated Anti-Inflammatory Cytokine Production R-HSA-9660821,1/131,0.7331076000158043,0.9204573200198432,0,0,0.7603401623502126,0.2360573310794884,ADM2,1,Reactome_2022
Reactome_2022,GPCR Downstream Signaling R-HSA-388396,5/619,0.74525499113285,0.9266915359876696,0,0,0.8012194103399315,0.2355816211682196,ADM2;DGKA;CCR7;CCL19;CXCL13,1,Reactome_2022
Reactome_2022,Factors Involved In Megakaryocyte Development And Platelet Production R-HSA-983231,1/136,0.7462737148219287,0.9266915359876696,0,0,0.7319932998324958,0.2142272351530403,KIF26B,1,Reactome_2022
Reactome_2022,Toll Like Receptor 4 (TLR4) Cascade R-HSA-166016,1/140,0.7563396476796467,0.9340587998666676,0,0,0.7107841365098876,0.1984969430102926,CD180,1,Reactome_2022
Reactome_2022,Axon Guidance R-HSA-422475,4/519,0.7657890126653406,0.939723277473498,0,0,0.7642163661581137,0.2039300579047927,CHL1;TMPRSS4;KCNQ3;PLXNB3,1,Reactome_2022
Reactome_2022,RHOA GTPase Cycle R-HSA-8980692,1/147,0.7730081424044016,0.939723277473498,0,0,0.6764645143525848,0.1741664076420715,ARHGAP40,1,Reactome_2022
Reactome_2022,Asparagine N-linked Glycosylation R-HSA-446203,2/282,0.7760004087050795,0.939723277473498,0,0,0.7041847041847041,0.1785828128040688,ST6GALNAC1;FUT3,1,Reactome_2022
Reactome_2022,CDC42 GTPase Cycle R-HSA-9013148,1/149,0.777558641095328,0.939723277473498,0,0,0.6672551948933858,0.1678788815691765,ARHGAP40,1,Reactome_2022
Reactome_2022,G Alpha (S) Signaling Events R-HSA-418555,1/153,0.7863891079150508,0.940338298353447,0,0,0.6495636075112404,0.1560924478581284,ADM2,1,Reactome_2022
Reactome_2022,Metabolism Of Steroids R-HSA-8957322,1/153,0.7863891079150508,0.940338298353447,0,0,0.6495636075112404,0.1560924478581284,CYP24A1,1,Reactome_2022
Reactome_2022,Nervous System Development R-HSA-9675108,4/545,0.7978965506855353,0.9490769497627946,0,0,0.7265079784224225,0.1640283019368305,CHL1;TMPRSS4;KCNQ3;PLXNB3,1,Reactome_2022
Reactome_2022,Transport To Golgi And Subsequent Modification R-HSA-948021,1/164,0.8089149773235216,0.9571454705503448,0,0,0.6053889077288281,0.128379657736663,FUT3,1,Reactome_2022
Reactome_2022,MAPK Family Signaling Cascades R-HSA-5683057,2/318,0.8299103868936373,0.9725715117268372,0,0,0.6228103823040532,0.1161152427993131,ZDHHC9;ETV4,1,Reactome_2022
Reactome_2022,Disorders Of Transmembrane Transporters R-HSA-5619115,1/176,0.8308003376270978,0.9725715117268372,0,0,0.5635319454414932,0.1044595389554742,DERL3,1,Reactome_2022
Reactome_2022,Disease R-HSA-1643685,14/1736,0.834988624145279,0.9725715117268372,0,0,0.7901914503015998,0.1425008962288523,DERL3;ATP1B1;MUC5B;CD79B;CD79A;IGLL5;CYP24A1;ZDHHC9;CD19;ADM2;TLR10;MUC4;STRA6;LTF,1,Reactome_2022
Reactome_2022,Intra-Golgi And Retrograde Golgi-to-ER Traffic R-HSA-6811442,1/181,0.8391656848970497,0.9725715117268372,0,0,0.5477386934673367,0.0960443985736259,KIF26B,1,Reactome_2022
Reactome_2022,Infectious Disease R-HSA-5663205,7/961,0.8510675951644663,0.9813330434039256,0,0,0.7164923257405416,0.1155442201559558,CD79B;CD79A;IGLL5;ZDHHC9;ADM2;ATP1B1;LTF,1,Reactome_2022
Reactome_2022,Metabolism Of Lipids R-HSA-556833,5/732,0.8604195974924498,0.9870803504228104,0,0,0.672697774485945,0.1011300903319479,SLC44A4;CYP24A1;PLPP2;SGPP2;TNFRSF21,1,Reactome_2022
Reactome_2022,Interferon Signaling R-HSA-913531,1/200,0.8673678080217752,0.987446002013766,0,0,0.49496224842807,0.0704292481681379,MX2,1,Reactome_2022
Reactome_2022,Signaling By NOTCH R-HSA-157118,1/203,0.8713466499544589,0.987446002013766,0,0,0.4875366933678292,0.0671413061317208,FCER2,1,Reactome_2022
Reactome_2022,Phospholipid Metabolism R-HSA-1483257,1/208,0.8777158345777357,0.987446002013766,0,0,0.4756390648896657,0.0620387393240423,SLC44A4,1,Reactome_2022
Reactome_2022,Signaling By ROBO Receptors R-HSA-376176,1/209,0.8789515090950901,0.987446002013766,0,0,0.4733281793583301,0.0610714281081504,TMPRSS4,1,Reactome_2022
Reactome_2022,G Alpha (Q) Signaling Events R-HSA-416476,1/212,0.8825844796760208,0.987446002013766,0,0,0.4665269475338779,0.0582695736095748,DGKA,1,Reactome_2022
Reactome_2022,PIP3 Activates AKT Signaling R-HSA-1257604,1/268,0.933576134641518,0.9999580795495454,0,0,0.3676246400542036,0.0252678565445525,CD19,1,Reactome_2022
Reactome_2022,RAF/MAP Kinase Cascade R-HSA-5673001,1/271,0.9355755511631364,0.9999580795495454,0,0,0.3634840871021775,0.0242056326035099,ZDHHC9,1,Reactome_2022
Reactome_2022,MAPK1/MAPK3 Signaling R-HSA-5684996,1/277,0.9393964860819424,0.9999580795495454,0,0,0.3554730172602141,0.02222333625369,ZDHHC9,1,Reactome_2022
Reactome_2022,Post-translational Protein Modification R-HSA-597592,9/1383,0.9401112193666202,0.9999580795495454,0,0,0.6319074510162556,0.0390247667408421,ST6GALNAC1;B3GNT6;GOLM1;CEACAM5;B3GNT3;MUC5B;MUC4;SGPP2;FUT3,1,Reactome_2022
Reactome_2022,SARS-CoV-2 Infection R-HSA-9694516,1/283,0.942991863401127,0.9999580795495454,0,0,0.3478028440072704,0.0204152008435275,ZDHHC9,1,Reactome_2022
Reactome_2022,Intracellular Signaling By Second Messengers R-HSA-9006925,1/306,0.9549136361159888,0.9999580795495454,0,0,0.3211961446577148,0.0148181837000505,CD19,1,Reactome_2022
Reactome_2022,Metabolism Of Amino Acids And Derivatives R-HSA-71291,1/364,0.9750783988975512,0.9999580795495454,0,0,0.2690726359068067,0.006790694304129,SERINC2,1,Reactome_2022
Reactome_2022,Metabolism R-HSA-1430728,13/2049,0.9755012242722184,0.9999580795495454,0,0,0.6065473876637635,0.0150447188522365,AOC1;SLC44A4;CHPF;FUT2;SGPP2;HS3ST1;FUT3;FUT6;CYP24A1;B3GNT3;PLPP2;SERINC2;TNFRSF21,1,Reactome_2022
Reactome_2022,Neuronal System R-HSA-112316,1/386,0.9801061448426408,0.9999580795495454,0,0,0.2534099066762383,0.0050921205656449,KCNQ3,1,Reactome_2022
Reactome_2022,Diseases Of Signal Transduction By Growth Factor Receptors And Second Messengers R-HSA-5663202,1/424,0.98652773464236,0.9999580795495454,0,0,0.2301935207954667,0.0031223080231431,CD19,1,Reactome_2022
Reactome_2022,Vesicle-mediated Transport R-HSA-5653656,2/637,0.9885749286253334,0.9999580795495454,0,0,0.3048596198202497,0.0035030927830569,IGLL5;KIF26B,1,Reactome_2022
Reactome_2022,RHO GTPase Cycle R-HSA-9012999,1/441,0.9886862133493428,0.9999580795495454,0,0,0.2211055276381909,0.0025157993640764,ARHGAP40,1,Reactome_2022
Reactome_2022,Metabolism Of Proteins R-HSA-392499,10/1890,0.9931523845452294,0.9999580795495454,0,0,0.5016797312430011,0.0034471256925032,ST6GALNAC1;B3GNT6;GOLM1;CEACAM5;B3GNT3;MUC5B;MUC4;SGPP2;FUT3;LTF,1,Reactome_2022
Reactome_2022,Developmental Biology R-HSA-1266738,4/1073,0.9950280535393028,0.9999580795495454,0,0,0.3575914930986426,0.0017823603394341,CHL1;TMPRSS4;KCNQ3;PLXNB3,1,Reactome_2022
Reactome_2022,Membrane Trafficking R-HSA-199991,1/599,0.997782241395536,0.9999580795495454,0,0,0.161358632628023,0.0003582519010335302,KIF26B,1,Reactome_2022
Reactome_2022,Sensory Perception R-HSA-9709957,1/616,0.9981401114368308,0.9999580795495454,0,0,0.1567594067900478,0.0002918264944395384,STRA6,1,Reactome_2022
Reactome_2022,Signaling By Rho GTPases R-HSA-194315,1/644,0.998608413586697,0.9999580795495454,0,0,0.1497143571668607,0.00020848556181539356,ARHGAP40,1,Reactome_2022
Reactome_2022,"Signaling By Rho GTPases, Miro GTPases And RHOBTB3 R-HSA-9716542",1/660,0.9988211013048393,0.9999580795495454,0,0,0.1459574046255557,0.00017217049960280287,ARHGAP40,1,Reactome_2022
Reactome_2022,Cellular Responses To Stress R-HSA-2262752,1/722,0.9993803608029316,0.9999580795495454,0,0,0.1329741634664306,8.242154232832102e-05,TNFRSF21,1,Reactome_2022
Reactome_2022,Cellular Responses To Stimuli R-HSA-8953897,1/736,0.9994641440762926,0.9999580795495454,0,0,0.1303456055789149,6.986518538763234e-05,TNFRSF21,1,Reactome_2022
Reactome_2022,Generic Transcription Pathway R-HSA-212436,3/1190,0.999577435979656,0.9999580795495454,0,0,0.2387925025337946,0.00010092644534302036,BLK;PAX5;FOXP3,1,Reactome_2022
Reactome_2022,Signal Transduction R-HSA-162582,11/2465,0.9996222377731808,0.9999580795495454,0,0,0.4113918319297292,0.00015543765561122527,FCER2;CCL22;ZDHHC9;ARHGAP40;CD19;ADM2;DGKA;CCR7;CCL19;CXCL13;ETV4,1,Reactome_2022
Reactome_2022,RNA Polymerase II Transcription R-HSA-73857,3/1312,0.9998590171456324,0.9999580795495454,0,0,0.2151175190888538,3.033001992222833e-05,BLK;PAX5;FOXP3,1,Reactome_2022
Reactome_2022,Gene Expression (Transcription) R-HSA-74160,3/1449,0.9999580795495454,0.9999580795495454,0,0,0.1932935947932683,8.103124408220337e-06,BLK;PAX5;FOXP3,1,Reactome_2022
MSigDB_Hallmark_2020,Allograft Rejection,6/200,0.0154939907818328,0.3544611094210277,0,0,3.1256244021681368,13.025424015927582,CD79A;CCL22;LIF;CCL19;LTB;CXCL13,1,MSigDB_Hallmark_2020
MSigDB_Hallmark_2020,IL-2/STAT5 Signaling,5/199,0.0499602474440714,0.3544611094210277,0,0,2.591329632566746,7.764990870652189,CD79B;LIF;LTB;ETV4;TNFRSF21,1,MSigDB_Hallmark_2020
MSigDB_Hallmark_2020,Estrogen Response Late,5/200,0.0508439984704279,0.3544611094210277,0,0,2.5779092702169626,7.679574154313181,AGR2;DNAJC12;SLC1A4;CXCL14;LTF,1,MSigDB_Hallmark_2020
MSigDB_Hallmark_2020,IL-6/JAK/STAT3 Signaling,3/87,0.0567137775073644,0.3544611094210277,0,0,3.574329224075417,10.257388785645556,LTB;CXCL13;TNFRSF21,1,MSigDB_Hallmark_2020
MSigDB_Hallmark_2020,Inflammatory Response,4/200,0.1410458258534753,0.7052291292673765,0,0,2.041232819658476,3.998102375539297,CCL22;LIF;LTA;CCR7,1,MSigDB_Hallmark_2020
MSigDB_Hallmark_2020,Hedgehog Signaling,1/36,0.3038080819844295,0.8673678080217752,0,0,2.8377602297200286,3.380791434126185,ADGRG1,1,MSigDB_Hallmark_2020
MSigDB_Hallmark_2020,Angiogenesis,1/36,0.3038080819844295,0.8673678080217752,0,0,2.8377602297200286,3.380791434126185,TNFRSF21,1,MSigDB_Hallmark_2020
MSigDB_Hallmark_2020,Glycolysis,3/200,0.3233044834418361,0.8673678080217752,0,0,1.5153443788811871,1.711067359910169,CHPF;CAPN5;B3GNT3,1,MSigDB_Hallmark_2020
MSigDB_Hallmark_2020,KRAS Signaling Up,3/200,0.3233044834418361,0.8673678080217752,0,0,1.5153443788811871,1.711067359910169,LIF;TSPAN1;ETV4,1,MSigDB_Hallmark_2020
MSigDB_Hallmark_2020,Coagulation,2/138,0.4023513546797184,0.8673678080217752,0,0,1.4604872251931076,1.329670735212419,CAPN5;CTSE,1,MSigDB_Hallmark_2020
MSigDB_Hallmark_2020,Estrogen Response Early,2/200,0.5967065753140588,0.8673678080217752,0,0,1.0,0.516329785050999,FCMR;SLC1A4,1,MSigDB_Hallmark_2020
MSigDB_Hallmark_2020,Apical Junction,2/200,0.5967065753140588,0.8673678080217752,0,0,1.0,0.516329785050999,NECTIN4;NECTIN1,1,MSigDB_Hallmark_2020
MSigDB_Hallmark_2020,Complement,2/200,0.5967065753140588,0.8673678080217752,0,0,1.0,0.516329785050999,CR2;LTF,1,MSigDB_Hallmark_2020
MSigDB_Hallmark_2020,Epithelial Mesenchymal Transition,2/200,0.5967065753140588,0.8673678080217752,0,0,1.0,0.516329785050999,CRLF1;LOXL1,1,MSigDB_Hallmark_2020
MSigDB_Hallmark_2020,p53 Pathway,2/200,0.5967065753140588,0.8673678080217752,0,0,1.0,0.516329785050999,DGKA;LIF,1,MSigDB_Hallmark_2020
MSigDB_Hallmark_2020,Androgen Response,1/100,0.6348838112697764,0.8673678080217752,0,0,1.0,0.454313271209604,SPDEF,1,MSigDB_Hallmark_2020
MSigDB_Hallmark_2020,Unfolded Protein Response,1/113,0.6798268039735822,0.8673678080217752,0,0,0.8833452979181622,0.3408981557475202,SLC1A4,1,MSigDB_Hallmark_2020
MSigDB_Hallmark_2020,TNF-alpha Signaling via NF-kB,1/200,0.8673678080217752,0.8673678080217752,0,0,0.49496224842807,0.0704292481681379,LIF,1,MSigDB_Hallmark_2020
MSigDB_Hallmark_2020,Hypoxia,1/200,0.8673678080217752,0.8673678080217752,0,0,0.49496224842807,0.0704292481681379,HS3ST1,1,MSigDB_Hallmark_2020
MSigDB_Hallmark_2020,Myogenesis,1/200,0.8673678080217752,0.8673678080217752,0,0,0.49496224842807,0.0704292481681379,SPDEF,1,MSigDB_Hallmark_2020
MSigDB_Hallmark_2020,Interferon Gamma Response,1/200,0.8673678080217752,0.8673678080217752,0,0,0.49496224842807,0.0704292481681379,MX2,1,MSigDB_Hallmark_2020
MSigDB_Hallmark_2020,mTORC1 Signaling,1/200,0.8673678080217752,0.8673678080217752,0,0,0.49496224842807,0.0704292481681379,SLC1A4,1,MSigDB_Hallmark_2020
MSigDB_Hallmark_2020,Oxidative Phosphorylation,1/200,0.8673678080217752,0.8673678080217752,0,0,0.49496224842807,0.0704292481681379,ATP1B1,1,MSigDB_Hallmark_2020
MSigDB_Hallmark_2020,heme Metabolism,1/200,0.8673678080217752,0.8673678080217752,0,0,0.49496224842807,0.0704292481681379,CTSE,1,MSigDB_Hallmark_2020
MSigDB_Hallmark_2020,KRAS Signaling Dn,1/200,0.8673678080217752,0.8673678080217752,0,0,0.49496224842807,0.0704292481681379,SIDT1,1,MSigDB_Hallmark_2020
GO_Biological_Process_2021,regulation of lamellipodium morphogenesis (GO:2000392),2/11,0.0051570205394645,0.6260247419238466,0,0,22.21212121212121,117.00004466783103,CD44;CORO1C,2,GO_Biological_Process_2021
GO_Biological_Process_2021,antifungal innate immune response (GO:0061760),2/13,0.0072181010363148,0.6260247419238466,0,0,18.171717171717173,89.6077061786221,CLEC4D;CLEC6A,2,GO_Biological_Process_2021
GO_Biological_Process_2021,defense response to fungus (GO:0050832),2/24,0.0237689324469591,0.6260247419238466,0,0,9.08080808080808,33.956554984338226,CLEC4D;CLEC6A,2,GO_Biological_Process_2021
GO_Biological_Process_2021,retinoic acid metabolic process (GO:0042573),2/26,0.0276271829006745,0.6260247419238466,0,0,8.323232323232324,29.871707121892776,ADH1A;CYP3A7,2,GO_Biological_Process_2021
GO_Biological_Process_2021,negative regulation of cell-matrix adhesion (GO:0001953),2/32,0.0405554933220173,0.6260247419238466,0,0,6.656565656565657,21.334852328849312,MYOC;CORO1C,2,GO_Biological_Process_2021
GO_Biological_Process_2021,regulation of T cell proliferation (GO:0042129),3/76,0.0406838872546084,0.6260247419238466,0,0,4.115221472776581,13.17662292356699,TFRC;ARG1;IL27,2,GO_Biological_Process_2021
GO_Biological_Process_2021,establishment of protein localization to telomere (GO:0070200),1/5,0.049014519870416,0.6260247419238466,0,0,24.86934673366834,74.99696447567176,POT1,2,GO_Biological_Process_2021
GO_Biological_Process_2021,regulation of adherens junction organization (GO:1903391),1/5,0.049014519870416,0.6260247419238466,0,0,24.86934673366834,74.99696447567176,RDX,2,GO_Biological_Process_2021
GO_Biological_Process_2021,regulation of antifungal innate immune response (GO:1905034),1/5,0.049014519870416,0.6260247419238466,0,0,24.86934673366834,74.99696447567176,USP15,2,GO_Biological_Process_2021
GO_Biological_Process_2021,positive regulation of dopamine receptor signaling pathway (GO:0060161),1/5,0.049014519870416,0.6260247419238466,0,0,24.86934673366834,74.99696447567176,CAV2,2,GO_Biological_Process_2021
GO_Biological_Process_2021,caveola assembly (GO:0070836),1/5,0.049014519870416,0.6260247419238466,0,0,24.86934673366834,74.99696447567176,CAV2,2,GO_Biological_Process_2021
GO_Biological_Process_2021,positive regulation of mitochondrial depolarization (GO:0051901),1/5,0.049014519870416,0.6260247419238466,0,0,24.86934673366834,74.99696447567176,MYOC,2,GO_Biological_Process_2021
GO_Biological_Process_2021,non-canonical Wnt signaling pathway via MAPK cascade (GO:0038030),1/5,0.049014519870416,0.6260247419238466,0,0,24.86934673366834,74.99696447567176,MYOC,2,GO_Biological_Process_2021
GO_Biological_Process_2021,transition metal ion transport (GO:0000041),2/36,0.0501995008461569,0.6260247419238466,0,0,5.872251931075461,17.568310863627904,TFRC;SLC31A2,2,GO_Biological_Process_2021
GO_Biological_Process_2021,negative regulation of cell size (GO:0045792),1/6,0.0585267307609904,0.6260247419238466,0,0,19.894472361809044,56.46591775214154,RDX,2,GO_Biological_Process_2021
GO_Biological_Process_2021,regulation of T-helper cell differentiation (GO:0045622),1/6,0.0585267307609904,0.6260247419238466,0,0,19.894472361809044,56.46591775214154,IL27,2,GO_Biological_Process_2021
GO_Biological_Process_2021,negative regulation of sequestering of triglyceride (GO:0010891),1/6,0.0585267307609904,0.6260247419238466,0,0,19.894472361809044,56.46591775214154,ABHD5,2,GO_Biological_Process_2021
GO_Biological_Process_2021,striated muscle hypertrophy (GO:0014897),1/6,0.0585267307609904,0.6260247419238466,0,0,19.894472361809044,56.46591775214154,MYOC,2,GO_Biological_Process_2021
GO_Biological_Process_2021,type B pancreatic cell proliferation (GO:0044342),1/6,0.0585267307609904,0.6260247419238466,0,0,19.894472361809044,56.46591775214154,ANGPTL8,2,GO_Biological_Process_2021
GO_Biological_Process_2021,monoubiquitinated protein deubiquitination (GO:0035520),1/6,0.0585267307609904,0.6260247419238466,0,0,19.894472361809044,56.46591775214154,USP15,2,GO_Biological_Process_2021
GO_Biological_Process_2021,plasma membrane raft assembly (GO:0044854),1/6,0.0585267307609904,0.6260247419238466,0,0,19.894472361809044,56.46591775214154,CAV2,2,GO_Biological_Process_2021
GO_Biological_Process_2021,negative regulation of cell-substrate adhesion (GO:0010812),2/40,0.0605735018773766,0.6260247419238466,0,0,5.253056884635832,14.729034349424168,MYOC;CORO1C,2,GO_Biological_Process_2021
GO_Biological_Process_2021,regulation of peptidyl-tyrosine phosphorylation (GO:0050730),3/92,0.0648498030509546,0.6260247419238466,0,0,3.3726686819141047,9.226546999073705,VTN;CLEC6A;CD44,2,GO_Biological_Process_2021
GO_Biological_Process_2021,positive regulation of adenylate cyclase activity (GO:0045762),1/7,0.0679442688885301,0.6260247419238466,0,0,16.57788944723618,44.57906348265406,AKAP5,2,GO_Biological_Process_2021
GO_Biological_Process_2021,receptor-mediated endocytosis of virus by host cell (GO:0019065),1/7,0.0679442688885301,0.6260247419238466,0,0,16.57788944723618,44.57906348265406,CAV2,2,GO_Biological_Process_2021
GO_Biological_Process_2021,regulation of T-helper 1 cell differentiation (GO:0045625),1/7,0.0679442688885301,0.6260247419238466,0,0,16.57788944723618,44.57906348265406,IL27,2,GO_Biological_Process_2021
GO_Biological_Process_2021,arginine catabolic process (GO:0006527),1/7,0.0679442688885301,0.6260247419238466,0,0,16.57788944723618,44.57906348265406,ARG1,2,GO_Biological_Process_2021
GO_Biological_Process_2021,negative regulation of interferon-gamma-mediated signaling pathway (GO:0060336),1/7,0.0679442688885301,0.6260247419238466,0,0,16.57788944723618,44.57906348265406,ARG1,2,GO_Biological_Process_2021
GO_Biological_Process_2021,positive regulation of helicase activity (GO:0051096),1/7,0.0679442688885301,0.6260247419238466,0,0,16.57788944723618,44.57906348265406,POT1,2,GO_Biological_Process_2021
GO_Biological_Process_2021,positive regulation of lamellipodium morphogenesis (GO:2000394),1/7,0.0679442688885301,0.6260247419238466,0,0,16.57788944723618,44.57906348265406,CORO1C,2,GO_Biological_Process_2021
GO_Biological_Process_2021,positive regulation of membrane depolarization (GO:1904181),1/7,0.0679442688885301,0.6260247419238466,0,0,16.57788944723618,44.57906348265406,MYOC,2,GO_Biological_Process_2021
GO_Biological_Process_2021,negative regulation of protein kinase activity by regulation of protein phosphorylation (GO:0044387),1/7,0.0679442688885301,0.6260247419238466,0,0,16.57788944723618,44.57906348265406,CORO1C,2,GO_Biological_Process_2021
GO_Biological_Process_2021,negative regulation of response to interferon-gamma (GO:0060331),1/7,0.0679442688885301,0.6260247419238466,0,0,16.57788944723618,44.57906348265406,ARG1,2,GO_Biological_Process_2021
GO_Biological_Process_2021,lipid hydroxylation (GO:0002933),1/7,0.0679442688885301,0.6260247419238466,0,0,16.57788944723618,44.57906348265406,CYP3A7,2,GO_Biological_Process_2021
GO_Biological_Process_2021,membrane fission (GO:0090148),1/7,0.0679442688885301,0.6260247419238466,0,0,16.57788944723618,44.57906348265406,CORO1C,2,GO_Biological_Process_2021
GO_Biological_Process_2021,cellular transition metal ion homeostasis (GO:0046916),3/96,0.0717230639353225,0.6260247419238466,0,0,3.2269526772556083,8.502836079014903,TFRC;FRRS1;SLC31A2,2,GO_Biological_Process_2021
GO_Biological_Process_2021,positive regulation of response to biotic stimulus (GO:0002833),2/45,0.0744584746361064,0.6260247419238466,0,0,4.641061780596664,12.055221541075596,USP15;FPR2,2,GO_Biological_Process_2021
GO_Biological_Process_2021,positive regulation of early endosome to late endosome transport (GO:2000643),1/8,0.0772680713380291,0.6260247419238466,0,0,14.208901651112706,36.38152974515558,RDX,2,GO_Biological_Process_2021
GO_Biological_Process_2021,positive regulation of endocytic recycling (GO:2001137),1/8,0.0772680713380291,0.6260247419238466,0,0,14.208901651112706,36.38152974515558,AKAP5,2,GO_Biological_Process_2021
GO_Biological_Process_2021,"regulation of CD4-positive, alpha-beta T cell activation (GO:2000514)",1/8,0.0772680713380291,0.6260247419238466,0,0,14.208901651112706,36.38152974515558,TARM1,2,GO_Biological_Process_2021
GO_Biological_Process_2021,negative regulation of mitochondrial fusion (GO:0010637),1/8,0.0772680713380291,0.6260247419238466,0,0,14.208901651112706,36.38152974515558,TFRC,2,GO_Biological_Process_2021
GO_Biological_Process_2021,regulation of dopamine receptor signaling pathway (GO:0060159),1/8,0.0772680713380291,0.6260247419238466,0,0,14.208901651112706,36.38152974515558,CAV2,2,GO_Biological_Process_2021
GO_Biological_Process_2021,leukocyte aggregation (GO:0070486),1/8,0.0772680713380291,0.6260247419238466,0,0,14.208901651112706,36.38152974515558,CD44,2,GO_Biological_Process_2021
GO_Biological_Process_2021,positive regulation of protein localization to early endosome (GO:1902966),1/8,0.0772680713380291,0.6260247419238466,0,0,14.208901651112706,36.38152974515558,RDX,2,GO_Biological_Process_2021
GO_Biological_Process_2021,positive regulation of protein localization to endosome (GO:1905668),1/8,0.0772680713380291,0.6260247419238466,0,0,14.208901651112706,36.38152974515558,RDX,2,GO_Biological_Process_2021
GO_Biological_Process_2021,telomeric D-loop disassembly (GO:0061820),1/8,0.0772680713380291,0.6260247419238466,0,0,14.208901651112706,36.38152974515558,POT1,2,GO_Biological_Process_2021
GO_Biological_Process_2021,positive regulation of triglyceride catabolic process (GO:0010898),1/8,0.0772680713380291,0.6260247419238466,0,0,14.208901651112706,36.38152974515558,ABHD5,2,GO_Biological_Process_2021
GO_Biological_Process_2021,regulation of protein localization to early endosome (GO:1902965),1/8,0.0772680713380291,0.6260247419238466,0,0,14.208901651112706,36.38152974515558,RDX,2,GO_Biological_Process_2021
GO_Biological_Process_2021,cell-matrix adhesion (GO:0007160),3/100,0.0789086435328542,0.6260247419238466,0,0,3.0932544874143075,7.855209980826792,SGCE;VTN;CD44,2,GO_Biological_Process_2021
GO_Biological_Process_2021,myelination (GO:0042552),2/48,0.0832284276217124,0.6260247419238466,0,0,4.337725076855512,10.784305954054672,MYOC;ACER3,2,GO_Biological_Process_2021
GO_Biological_Process_2021,regulation of T-helper 1 type immune response (GO:0002825),1/9,0.0864990660572792,0.6260247419238466,0,0,12.4321608040201,30.429226090981548,IL27,2,GO_Biological_Process_2021
GO_Biological_Process_2021,regulation of actin filament organization (GO:0110053),1/9,0.0864990660572792,0.6260247419238466,0,0,12.4321608040201,30.429226090981548,RDX,2,GO_Biological_Process_2021
GO_Biological_Process_2021,inner ear receptor cell development (GO:0060119),1/9,0.0864990660572792,0.6260247419238466,0,0,12.4321608040201,30.429226090981548,GRXCR1,2,GO_Biological_Process_2021
GO_Biological_Process_2021,Schwann cell development (GO:0014044),1/9,0.0864990660572792,0.6260247419238466,0,0,12.4321608040201,30.429226090981548,MYOC,2,GO_Biological_Process_2021
GO_Biological_Process_2021,skeletal muscle fiber development (GO:0048741),1/9,0.0864990660572792,0.6260247419238466,0,0,12.4321608040201,30.429226090981548,CAV2,2,GO_Biological_Process_2021
GO_Biological_Process_2021,regulation of helicase activity (GO:0051095),1/9,0.0864990660572792,0.6260247419238466,0,0,12.4321608040201,30.429226090981548,POT1,2,GO_Biological_Process_2021
GO_Biological_Process_2021,neuronal ion channel clustering (GO:0045161),1/9,0.0864990660572792,0.6260247419238466,0,0,12.4321608040201,30.429226090981548,MYOC,2,GO_Biological_Process_2021
GO_Biological_Process_2021,ornithine metabolic process (GO:0006591),1/9,0.0864990660572792,0.6260247419238466,0,0,12.4321608040201,30.429226090981548,ARG1,2,GO_Biological_Process_2021
GO_Biological_Process_2021,peripheral nervous system axon ensheathment (GO:0032292),1/9,0.0864990660572792,0.6260247419238466,0,0,12.4321608040201,30.429226090981548,MYOC,2,GO_Biological_Process_2021
GO_Biological_Process_2021,negative regulation of alpha-beta T cell activation (GO:0046636),1/9,0.0864990660572792,0.6260247419238466,0,0,12.4321608040201,30.429226090981548,TARM1,2,GO_Biological_Process_2021
GO_Biological_Process_2021,regulation of substrate adhesion-dependent cell spreading (GO:1900024),2/51,0.0922950442929787,0.6260247419238466,0,0,4.071531642960214,9.7015024039535,MYOC;CORO1C,2,GO_Biological_Process_2021
GO_Biological_Process_2021,regulation of T-helper 17 type immune response (GO:2000316),1/10,0.0956381720564831,0.6260247419238466,0,0,11.050251256281408,25.93696464958489,CLEC6A,2,GO_Biological_Process_2021
GO_Biological_Process_2021,arginine metabolic process (GO:0006525),1/10,0.0956381720564831,0.6260247419238466,0,0,11.050251256281408,25.93696464958489,ARG1,2,GO_Biological_Process_2021
GO_Biological_Process_2021,inner ear receptor cell stereocilium organization (GO:0060122),1/10,0.0956381720564831,0.6260247419238466,0,0,11.050251256281408,25.93696464958489,GRXCR1,2,GO_Biological_Process_2021
GO_Biological_Process_2021,negative regulation of telomerase activity (GO:0051974),1/10,0.0956381720564831,0.6260247419238466,0,0,11.050251256281408,25.93696464958489,POT1,2,GO_Biological_Process_2021
GO_Biological_Process_2021,positive regulation of RIG-I signaling pathway (GO:1900246),1/10,0.0956381720564831,0.6260247419238466,0,0,11.050251256281408,25.93696464958489,USP15,2,GO_Biological_Process_2021
GO_Biological_Process_2021,telomeric loop disassembly (GO:0090657),1/10,0.0956381720564831,0.6260247419238466,0,0,11.050251256281408,25.93696464958489,POT1,2,GO_Biological_Process_2021
GO_Biological_Process_2021,urea cycle (GO:0000050),1/10,0.0956381720564831,0.6260247419238466,0,0,11.050251256281408,25.93696464958489,ARG1,2,GO_Biological_Process_2021
GO_Biological_Process_2021,positive regulation of vascular endothelial growth factor receptor signaling pathway (GO:0030949),1/10,0.0956381720564831,0.6260247419238466,0,0,11.050251256281408,25.93696464958489,VTN,2,GO_Biological_Process_2021
GO_Biological_Process_2021,regulation of focal adhesion assembly (GO:0051893),2/54,0.1016331727713355,0.6260247419238466,0,0,3.836052836052836,8.77069478933889,MYOC;CORO1C,2,GO_Biological_Process_2021
GO_Biological_Process_2021,regulation of stress-activated protein kinase signaling cascade (GO:0070302),1/11,0.1046862992439068,0.6260247419238466,0,0,9.944723618090451,22.4431232477853,RNF13,2,GO_Biological_Process_2021
GO_Biological_Process_2021,positive regulation of cytoplasmic transport (GO:1903651),1/11,0.1046862992439068,0.6260247419238466,0,0,9.944723618090451,22.4431232477853,RDX,2,GO_Biological_Process_2021
GO_Biological_Process_2021,negative regulation of homotypic cell-cell adhesion (GO:0034111),1/11,0.1046862992439068,0.6260247419238466,0,0,9.944723618090451,22.4431232477853,RDX,2,GO_Biological_Process_2021
GO_Biological_Process_2021,positive regulation of histone exchange (GO:1900051),1/11,0.1046862992439068,0.6260247419238466,0,0,9.944723618090451,22.4431232477853,POT1,2,GO_Biological_Process_2021
GO_Biological_Process_2021,regulation of histone exchange (GO:1900049),1/11,0.1046862992439068,0.6260247419238466,0,0,9.944723618090451,22.4431232477853,POT1,2,GO_Biological_Process_2021
GO_Biological_Process_2021,complement receptor mediated signaling pathway (GO:0002430),1/11,0.1046862992439068,0.6260247419238466,0,0,9.944723618090451,22.4431232477853,FPR2,2,GO_Biological_Process_2021
GO_Biological_Process_2021,copper ion transport (GO:0006825),1/11,0.1046862992439068,0.6260247419238466,0,0,9.944723618090451,22.4431232477853,SLC31A2,2,GO_Biological_Process_2021
GO_Biological_Process_2021,regulation of mitochondrial depolarization (GO:0051900),1/11,0.1046862992439068,0.6260247419238466,0,0,9.944723618090451,22.4431232477853,MYOC,2,GO_Biological_Process_2021
GO_Biological_Process_2021,regulation of mitochondrial fusion (GO:0010635),1/11,0.1046862992439068,0.6260247419238466,0,0,9.944723618090451,22.4431232477853,TFRC,2,GO_Biological_Process_2021
GO_Biological_Process_2021,positive regulation of viral release from host cell (GO:1902188),1/11,0.1046862992439068,0.6260247419238466,0,0,9.944723618090451,22.4431232477853,CAV2,2,GO_Biological_Process_2021
GO_Biological_Process_2021,myotube cell development (GO:0014904),1/11,0.1046862992439068,0.6260247419238466,0,0,9.944723618090451,22.4431232477853,CAV2,2,GO_Biological_Process_2021
GO_Biological_Process_2021,positive regulation by host of viral process (GO:0044794),1/11,0.1046862992439068,0.6260247419238466,0,0,9.944723618090451,22.4431232477853,CAV2,2,GO_Biological_Process_2021
GO_Biological_Process_2021,ethanol oxidation (GO:0006069),1/12,0.1136443487055952,0.6260247419238466,0,0,9.040201005025123,19.659557478207127,ADH1A,2,GO_Biological_Process_2021
GO_Biological_Process_2021,regulation of triglyceride catabolic process (GO:0010896),1/12,0.1136443487055952,0.6260247419238466,0,0,9.040201005025123,19.659557478207127,ABHD5,2,GO_Biological_Process_2021
GO_Biological_Process_2021,negative regulation of hemostasis (GO:1900047),1/12,0.1136443487055952,0.6260247419238466,0,0,9.040201005025123,19.659557478207127,VTN,2,GO_Biological_Process_2021
GO_Biological_Process_2021,cellular response to thyroid hormone stimulus (GO:0097067),1/12,0.1136443487055952,0.6260247419238466,0,0,9.040201005025123,19.659557478207127,RDX,2,GO_Biological_Process_2021
GO_Biological_Process_2021,positive regulation of protein maturation (GO:1903319),1/12,0.1136443487055952,0.6260247419238466,0,0,9.040201005025123,19.659557478207127,ANGPTL8,2,GO_Biological_Process_2021
GO_Biological_Process_2021,positive regulation of T-helper 17 type immune response (GO:2000318),1/12,0.1136443487055952,0.6260247419238466,0,0,9.040201005025123,19.659557478207127,CLEC6A,2,GO_Biological_Process_2021
GO_Biological_Process_2021,depurination (GO:0045007),1/12,0.1136443487055952,0.6260247419238466,0,0,9.040201005025123,19.659557478207127,POT1,2,GO_Biological_Process_2021
GO_Biological_Process_2021,modulation by host of viral process (GO:0044788),1/12,0.1136443487055952,0.6260247419238466,0,0,9.040201005025123,19.659557478207127,CAV2,2,GO_Biological_Process_2021
GO_Biological_Process_2021,cellular iron ion homeostasis (GO:0006879),2/58,0.1144651666427582,0.6260247419238466,0,0,3.561327561327561,7.719123085387519,TFRC;FRRS1,2,GO_Biological_Process_2021
GO_Biological_Process_2021,adenylate cyclase-inhibiting G protein-coupled receptor signaling pathway (GO:0007193),2/60,0.1210294038464434,0.6260247419238466,0,0,3.438174851967956,7.260468635528234,AKAP5;FPR2,2,GO_Biological_Process_2021
GO_Biological_Process_2021,positive regulation of adaptive immune response based on somatic recombination of immune receptors built from immunoglobulin superfamily domains (GO:0002824),1/13,0.1225132126107664,0.6260247419238466,0,0,8.28643216080402,17.397665920944878,CLEC6A,2,GO_Biological_Process_2021
GO_Biological_Process_2021,establishment of protein localization to chromosome (GO:0070199),1/13,0.1225132126107664,0.6260247419238466,0,0,8.28643216080402,17.397665920944878,POT1,2,GO_Biological_Process_2021
GO_Biological_Process_2021,"negative regulation of CD4-positive, alpha-beta T cell activation (GO:2000515)",1/13,0.1225132126107664,0.6260247419238466,0,0,8.28643216080402,17.397665920944878,TARM1,2,GO_Biological_Process_2021
GO_Biological_Process_2021,negative regulation of cell morphogenesis involved in differentiation (GO:0010771),1/13,0.1225132126107664,0.6260247419238466,0,0,8.28643216080402,17.397665920944878,CORO1C,2,GO_Biological_Process_2021
GO_Biological_Process_2021,negative regulation of intrinsic apoptotic signaling pathway in response to DNA damage by p53 class mediator (GO:1902166),1/13,0.1225132126107664,0.6260247419238466,0,0,8.28643216080402,17.397665920944878,CD44,2,GO_Biological_Process_2021
GO_Biological_Process_2021,response to thyroid hormone (GO:0097066),1/13,0.1225132126107664,0.6260247419238466,0,0,8.28643216080402,17.397665920944878,RDX,2,GO_Biological_Process_2021
GO_Biological_Process_2021,negative regulation of substrate adhesion-dependent cell spreading (GO:1900025),1/13,0.1225132126107664,0.6260247419238466,0,0,8.28643216080402,17.397665920944878,CORO1C,2,GO_Biological_Process_2021
GO_Biological_Process_2021,sphingoid biosynthetic process (GO:0046520),1/13,0.1225132126107664,0.6260247419238466,0,0,8.28643216080402,17.397665920944878,ACER3,2,GO_Biological_Process_2021
GO_Biological_Process_2021,sphingosine biosynthetic process (GO:0046512),1/13,0.1225132126107664,0.6260247419238466,0,0,8.28643216080402,17.397665920944878,ACER3,2,GO_Biological_Process_2021
GO_Biological_Process_2021,regulation of homotypic cell-cell adhesion (GO:0034110),1/13,0.1225132126107664,0.6260247419238466,0,0,8.28643216080402,17.397665920944878,RDX,2,GO_Biological_Process_2021
GO_Biological_Process_2021,pathway-restricted SMAD protein phosphorylation (GO:0060389),1/13,0.1225132126107664,0.6260247419238466,0,0,8.28643216080402,17.397665920944878,USP15,2,GO_Biological_Process_2021
GO_Biological_Process_2021,myelination in peripheral nervous system (GO:0022011),1/13,0.1225132126107664,0.6260247419238466,0,0,8.28643216080402,17.397665920944878,MYOC,2,GO_Biological_Process_2021
GO_Biological_Process_2021,negative regulation of adenylate cyclase activity (GO:0007194),1/13,0.1225132126107664,0.6260247419238466,0,0,8.28643216080402,17.397665920944878,AKAP5,2,GO_Biological_Process_2021
GO_Biological_Process_2021,iron ion homeostasis (GO:0055072),2/61,0.1243457655234195,0.6260247419238466,0,0,3.379729498373566,7.045685456427677,TFRC;FRRS1,2,GO_Biological_Process_2021
GO_Biological_Process_2021,negative regulation of coagulation (GO:0050819),1/14,0.1312937743788508,0.6260247419238466,0,0,7.648627754155393,15.529145947074284,VTN,2,GO_Biological_Process_2021
GO_Biological_Process_2021,negative regulation of cyclase activity (GO:0031280),1/14,0.1312937743788508,0.6260247419238466,0,0,7.648627754155393,15.529145947074284,AKAP5,2,GO_Biological_Process_2021
GO_Biological_Process_2021,"negative regulation of DNA damage response, signal transduction by p53 class mediator (GO:0043518)",1/14,0.1312937743788508,0.6260247419238466,0,0,7.648627754155393,15.529145947074284,CD44,2,GO_Biological_Process_2021
GO_Biological_Process_2021,positive regulation of cyclase activity (GO:0031281),1/14,0.1312937743788508,0.6260247419238466,0,0,7.648627754155393,15.529145947074284,AKAP5,2,GO_Biological_Process_2021
GO_Biological_Process_2021,immune response-regulating cell surface receptor signaling pathway (GO:0002768),1/14,0.1312937743788508,0.6260247419238466,0,0,7.648627754155393,15.529145947074284,FPR2,2,GO_Biological_Process_2021
GO_Biological_Process_2021,positive regulation of long-term synaptic potentiation (GO:1900273),1/14,0.1312937743788508,0.6260247419238466,0,0,7.648627754155393,15.529145947074284,AKAP5,2,GO_Biological_Process_2021
GO_Biological_Process_2021,cellular copper ion homeostasis (GO:0006878),1/14,0.1312937743788508,0.6260247419238466,0,0,7.648627754155393,15.529145947074284,SLC31A2,2,GO_Biological_Process_2021
GO_Biological_Process_2021,sodium-independent organic anion transport (GO:0043252),1/14,0.1312937743788508,0.6260247419238466,0,0,7.648627754155393,15.529145947074284,SLCO1A2,2,GO_Biological_Process_2021
GO_Biological_Process_2021,regulation of intrinsic apoptotic signaling pathway in response to DNA damage by p53 class mediator (GO:1902165),1/14,0.1312937743788508,0.6260247419238466,0,0,7.648627754155393,15.529145947074284,CD44,2,GO_Biological_Process_2021
GO_Biological_Process_2021,regulation of lamellipodium organization (GO:1902743),1/14,0.1312937743788508,0.6260247419238466,0,0,7.648627754155393,15.529145947074284,CD44,2,GO_Biological_Process_2021
GO_Biological_Process_2021,regulation of lipase activity (GO:0060191),1/14,0.1312937743788508,0.6260247419238466,0,0,7.648627754155393,15.529145947074284,ANGPTL8,2,GO_Biological_Process_2021
GO_Biological_Process_2021,positive regulation of superoxide anion generation (GO:0032930),1/14,0.1312937743788508,0.6260247419238466,0,0,7.648627754155393,15.529145947074284,FPR2,2,GO_Biological_Process_2021
GO_Biological_Process_2021,tRNA wobble base modification (GO:0002097),1/14,0.1312937743788508,0.6260247419238466,0,0,7.648627754155393,15.529145947074284,ELP4,2,GO_Biological_Process_2021
GO_Biological_Process_2021,tRNA wobble uridine modification (GO:0002098),1/14,0.1312937743788508,0.6260247419238466,0,0,7.648627754155393,15.529145947074284,ELP4,2,GO_Biological_Process_2021
GO_Biological_Process_2021,regulation of cell-matrix adhesion (GO:0001952),2/65,0.137821576382599,0.6260247419238466,0,0,3.1645021645021645,6.271395690931595,MYOC;CORO1C,2,GO_Biological_Process_2021
GO_Biological_Process_2021,protein autoubiquitination (GO:0051865),2/65,0.137821576382599,0.6260247419238466,0,0,3.1645021645021645,6.271395690931595,RNF13;UBE2D3,2,GO_Biological_Process_2021
GO_Biological_Process_2021,regulation of sequestering of triglyceride (GO:0010889),1/15,0.139986908731619,0.6260247419238466,0,0,7.101938262742283,13.963876250165317,ABHD5,2,GO_Biological_Process_2021
GO_Biological_Process_2021,regulation of superoxide anion generation (GO:0032928),1/15,0.139986908731619,0.6260247419238466,0,0,7.101938262742283,13.963876250165317,FPR2,2,GO_Biological_Process_2021
GO_Biological_Process_2021,positive regulation of chromatin organization (GO:1905269),1/15,0.139986908731619,0.6260247419238466,0,0,7.101938262742283,13.963876250165317,POT1,2,GO_Biological_Process_2021
GO_Biological_Process_2021,positive regulation of heterotypic cell-cell adhesion (GO:0034116),1/15,0.139986908731619,0.6260247419238466,0,0,7.101938262742283,13.963876250165317,CD44,2,GO_Biological_Process_2021
GO_Biological_Process_2021,positive regulation of lyase activity (GO:0051349),1/15,0.139986908731619,0.6260247419238466,0,0,7.101938262742283,13.963876250165317,AKAP5,2,GO_Biological_Process_2021
GO_Biological_Process_2021,interleukin-27-mediated signaling pathway (GO:0070106),1/15,0.139986908731619,0.6260247419238466,0,0,7.101938262742283,13.963876250165317,IL27,2,GO_Biological_Process_2021
GO_Biological_Process_2021,regulation of extracellular matrix organization (GO:1903053),1/15,0.139986908731619,0.6260247419238466,0,0,7.101938262742283,13.963876250165317,ANGPTL7,2,GO_Biological_Process_2021
GO_Biological_Process_2021,positive regulation of pattern recognition receptor signaling pathway (GO:0062208),1/15,0.139986908731619,0.6260247419238466,0,0,7.101938262742283,13.963876250165317,USP15,2,GO_Biological_Process_2021
GO_Biological_Process_2021,protein kinase A signaling (GO:0010737),1/15,0.139986908731619,0.6260247419238466,0,0,7.101938262742283,13.963876250165317,RDX,2,GO_Biological_Process_2021
GO_Biological_Process_2021,"protein localization to chromosome, telomeric region (GO:0070198)",1/15,0.139986908731619,0.6260247419238466,0,0,7.101938262742283,13.963876250165317,POT1,2,GO_Biological_Process_2021
GO_Biological_Process_2021,epiboly involved in wound healing (GO:0090505),1/16,0.1485934818111902,0.6260247419238466,0,0,6.628140703517588,12.636822082241835,CD44,2,GO_Biological_Process_2021
GO_Biological_Process_2021,negative regulation of cell-substrate junction organization (GO:0150118),1/16,0.1485934818111902,0.6260247419238466,0,0,6.628140703517588,12.636822082241835,CORO1C,2,GO_Biological_Process_2021
GO_Biological_Process_2021,negative regulation of focal adhesion assembly (GO:0051895),1/16,0.1485934818111902,0.6260247419238466,0,0,6.628140703517588,12.636822082241835,CORO1C,2,GO_Biological_Process_2021
GO_Biological_Process_2021,glutamine family amino acid catabolic process (GO:0009065),1/16,0.1485934818111902,0.6260247419238466,0,0,6.628140703517588,12.636822082241835,ARG1,2,GO_Biological_Process_2021
GO_Biological_Process_2021,negative regulation of lyase activity (GO:0051350),1/16,0.1485934818111902,0.6260247419238466,0,0,6.628140703517588,12.636822082241835,AKAP5,2,GO_Biological_Process_2021
GO_Biological_Process_2021,positive regulation of immunoglobulin mediated immune response (GO:0002891),1/16,0.1485934818111902,0.6260247419238466,0,0,6.628140703517588,12.636822082241835,TFRC,2,GO_Biological_Process_2021
GO_Biological_Process_2021,positive regulation of isotype switching (GO:0045830),1/16,0.1485934818111902,0.6260247419238466,0,0,6.628140703517588,12.636822082241835,TFRC,2,GO_Biological_Process_2021
GO_Biological_Process_2021,sphingolipid catabolic process (GO:0030149),1/16,0.1485934818111902,0.6260247419238466,0,0,6.628140703517588,12.636822082241835,ACER3,2,GO_Biological_Process_2021
GO_Biological_Process_2021,ceramide catabolic process (GO:0046514),1/16,0.1485934818111902,0.6260247419238466,0,0,6.628140703517588,12.636822082241835,ACER3,2,GO_Biological_Process_2021
GO_Biological_Process_2021,regulation of isotype switching (GO:0045191),1/16,0.1485934818111902,0.6260247419238466,0,0,6.628140703517588,12.636822082241835,TFRC,2,GO_Biological_Process_2021
GO_Biological_Process_2021,polyol biosynthetic process (GO:0046173),1/16,0.1485934818111902,0.6260247419238466,0,0,6.628140703517588,12.636822082241835,ACER3,2,GO_Biological_Process_2021
GO_Biological_Process_2021,positive regulation of peptidyl-tyrosine phosphorylation (GO:0050731),3/134,0.1508793106612941,0.6260247419238466,0,0,2.286472662455923,4.32434865075451,VTN;CLEC6A;CD44,2,GO_Biological_Process_2021
GO_Biological_Process_2021,regulation of plasma membrane bounded cell projection assembly (GO:0120032),2/70,0.1550849226995339,0.6260247419238466,0,0,2.931075460487225,5.462886925837976,RDX;TBC1D15,2,GO_Biological_Process_2021
GO_Biological_Process_2021,positive regulation of cyclin-dependent protein serine/threonine kinase activity (GO:0045737),1/17,0.157114351192228,0.6260247419238466,0,0,6.21356783919598,11.499955704952034,CCNYL1,2,GO_Biological_Process_2021
GO_Biological_Process_2021,negative regulation of intrinsic apoptotic signaling pathway by p53 class mediator (GO:1902254),1/17,0.157114351192228,0.6260247419238466,0,0,6.21356783919598,11.499955704952034,CD44,2,GO_Biological_Process_2021
GO_Biological_Process_2021,positive regulation of smooth muscle cell migration (GO:0014911),1/17,0.157114351192228,0.6260247419238466,0,0,6.21356783919598,11.499955704952034,VTN,2,GO_Biological_Process_2021
GO_Biological_Process_2021,copper ion homeostasis (GO:0055070),1/17,0.157114351192228,0.6260247419238466,0,0,6.21356783919598,11.499955704952034,SLC31A2,2,GO_Biological_Process_2021
GO_Biological_Process_2021,diol biosynthetic process (GO:0034312),1/17,0.157114351192228,0.6260247419238466,0,0,6.21356783919598,11.499955704952034,ACER3,2,GO_Biological_Process_2021
GO_Biological_Process_2021,regulation of telomere maintenance via telomere lengthening (GO:1904356),1/18,0.1655503660358053,0.6260247419238466,0,0,5.847768253029855,10.51709310132786,POT1,2,GO_Biological_Process_2021
GO_Biological_Process_2021,regulation of cellular protein catabolic process (GO:1903362),1/18,0.1655503660358053,0.6260247419238466,0,0,5.847768253029855,10.51709310132786,RDX,2,GO_Biological_Process_2021
GO_Biological_Process_2021,hyaluronan catabolic process (GO:0030214),1/18,0.1655503660358053,0.6260247419238466,0,0,5.847768253029855,10.51709310132786,CD44,2,GO_Biological_Process_2021
GO_Biological_Process_2021,regulation of early endosome to late endosome transport (GO:2000641),1/18,0.1655503660358053,0.6260247419238466,0,0,5.847768253029855,10.51709310132786,RDX,2,GO_Biological_Process_2021
GO_Biological_Process_2021,negative regulation of Rho protein signal transduction (GO:0035024),1/18,0.1655503660358053,0.6260247419238466,0,0,5.847768253029855,10.51709310132786,MYOC,2,GO_Biological_Process_2021
GO_Biological_Process_2021,negative regulation of signal transduction by p53 class mediator (GO:1901797),1/18,0.1655503660358053,0.6260247419238466,0,0,5.847768253029855,10.51709310132786,CD44,2,GO_Biological_Process_2021
GO_Biological_Process_2021,positive regulation of stress-activated protein kinase signaling cascade (GO:0070304),1/18,0.1655503660358053,0.6260247419238466,0,0,5.847768253029855,10.51709310132786,RNF13,2,GO_Biological_Process_2021
GO_Biological_Process_2021,positive chemotaxis (GO:0050918),1/18,0.1655503660358053,0.6260247419238466,0,0,5.847768253029855,10.51709310132786,FPR2,2,GO_Biological_Process_2021
GO_Biological_Process_2021,regulation of hydrolase activity (GO:0051336),2/73,0.1656330532612982,0.6260247419238466,0,0,2.806800398349694,5.046572271238703,RDX;TBC1D15,2,GO_Biological_Process_2021
GO_Biological_Process_2021,positive regulation of cellular catabolic process (GO:0031331),3/141,0.1676812164532034,0.6260247419238466,0,0,2.1697197086735818,3.874448138890792,RDX;PRXL2C;ABHD5,2,GO_Biological_Process_2021
GO_Biological_Process_2021,receptor-mediated endocytosis (GO:0006898),3/143,0.1725795861644545,0.6260247419238466,0,0,2.1385061638868748,3.7571345929995696,TFRC;CAV2;FPR2,2,GO_Biological_Process_2021
GO_Biological_Process_2021,regulation of RIG-I signaling pathway (GO:0039535),1/19,0.1739023671527052,0.6260247419238466,0,0,5.522613065326633,9.66049300943,USP15,2,GO_Biological_Process_2021
GO_Biological_Process_2021,ethanol metabolic process (GO:0006067),1/19,0.1739023671527052,0.6260247419238466,0,0,5.522613065326633,9.66049300943,ADH1A,2,GO_Biological_Process_2021
GO_Biological_Process_2021,positive regulation of cellular protein catabolic process (GO:1903364),1/19,0.1739023671527052,0.6260247419238466,0,0,5.522613065326633,9.66049300943,RDX,2,GO_Biological_Process_2021
GO_Biological_Process_2021,positive regulation of focal adhesion assembly (GO:0051894),1/19,0.1739023671527052,0.6260247419238466,0,0,5.522613065326633,9.66049300943,MYOC,2,GO_Biological_Process_2021
GO_Biological_Process_2021,histone deubiquitination (GO:0016578),1/19,0.1739023671527052,0.6260247419238466,0,0,5.522613065326633,9.66049300943,USP15,2,GO_Biological_Process_2021
GO_Biological_Process_2021,positive regulation of leukocyte activation (GO:0002696),1/19,0.1739023671527052,0.6260247419238466,0,0,5.522613065326633,9.66049300943,CLEC4D,2,GO_Biological_Process_2021
GO_Biological_Process_2021,positive regulation of monocyte chemotaxis (GO:0090026),1/19,0.1739023671527052,0.6260247419238466,0,0,5.522613065326633,9.66049300943,FPR2,2,GO_Biological_Process_2021
GO_Biological_Process_2021,sphingosine metabolic process (GO:0006670),1/19,0.1739023671527052,0.6260247419238466,0,0,5.522613065326633,9.66049300943,ACER3,2,GO_Biological_Process_2021
GO_Biological_Process_2021,telomere capping (GO:0016233),1/19,0.1739023671527052,0.6260247419238466,0,0,5.522613065326633,9.66049300943,POT1,2,GO_Biological_Process_2021
GO_Biological_Process_2021,regulation of lymphocyte proliferation (GO:0050670),1/19,0.1739023671527052,0.6260247419238466,0,0,5.522613065326633,9.66049300943,IL27,2,GO_Biological_Process_2021
GO_Biological_Process_2021,positive regulation of triglyceride metabolic process (GO:0090208),1/19,0.1739023671527052,0.6260247419238466,0,0,5.522613065326633,9.66049300943,ABHD5,2,GO_Biological_Process_2021
GO_Biological_Process_2021,regulation of organelle assembly (GO:1902115),2/77,0.1798830098073791,0.6260247419238466,0,0,2.656565656565657,4.557201796283064,RDX;TBC1D15,2,GO_Biological_Process_2021
GO_Biological_Process_2021,regulation of smooth muscle cell migration (GO:0014910),1/20,0.182171186958547,0.6260247419238466,0,0,5.231684739486909,8.908556962758436,VTN,2,GO_Biological_Process_2021
GO_Biological_Process_2021,positive regulation of cyclin-dependent protein kinase activity (GO:1904031),1/20,0.182171186958547,0.6260247419238466,0,0,5.231684739486909,8.908556962758436,CCNYL1,2,GO_Biological_Process_2021
GO_Biological_Process_2021,"base-excision repair, AP site formation (GO:0006285)",1/20,0.182171186958547,0.6260247419238466,0,0,5.231684739486909,8.908556962758436,POT1,2,GO_Biological_Process_2021
GO_Biological_Process_2021,negative regulation of lipid storage (GO:0010888),1/20,0.182171186958547,0.6260247419238466,0,0,5.231684739486909,8.908556962758436,ABHD5,2,GO_Biological_Process_2021
GO_Biological_Process_2021,negative regulation of telomere maintenance via telomerase (GO:0032211),1/20,0.182171186958547,0.6260247419238466,0,0,5.231684739486909,8.908556962758436,POT1,2,GO_Biological_Process_2021
GO_Biological_Process_2021,positive regulation of protein processing (GO:0010954),1/20,0.182171186958547,0.6260247419238466,0,0,5.231684739486909,8.908556962758436,ANGPTL8,2,GO_Biological_Process_2021
GO_Biological_Process_2021,regulation of nuclear division (GO:0051783),1/20,0.182171186958547,0.6260247419238466,0,0,5.231684739486909,8.908556962758436,CAV2,2,GO_Biological_Process_2021
GO_Biological_Process_2021,regulation of protein kinase A signaling (GO:0010738),1/20,0.182171186958547,0.6260247419238466,0,0,5.231684739486909,8.908556962758436,AKAP5,2,GO_Biological_Process_2021
GO_Biological_Process_2021,positive regulation of glycolytic process (GO:0045821),1/21,0.1903576498347592,0.6298003095596824,0,0,4.969849246231155,8.244237447277422,PRXL2C,2,GO_Biological_Process_2021
GO_Biological_Process_2021,regulation of cell-substrate junction assembly (GO:0090109),1/21,0.1903576498347592,0.6298003095596824,0,0,4.969849246231155,8.244237447277422,CORO1C,2,GO_Biological_Process_2021
GO_Biological_Process_2021,hydrogen peroxide catabolic process (GO:0042744),1/21,0.1903576498347592,0.6298003095596824,0,0,4.969849246231155,8.244237447277422,HBD,2,GO_Biological_Process_2021
GO_Biological_Process_2021,retinol metabolic process (GO:0042572),1/21,0.1903576498347592,0.6298003095596824,0,0,4.969849246231155,8.244237447277422,ADH1A,2,GO_Biological_Process_2021
GO_Biological_Process_2021,regulation of fibroblast migration (GO:0010762),1/21,0.1903576498347592,0.6298003095596824,0,0,4.969849246231155,8.244237447277422,CORO1C,2,GO_Biological_Process_2021
GO_Biological_Process_2021,positive regulation of purine nucleotide metabolic process (GO:1900544),1/21,0.1903576498347592,0.6298003095596824,0,0,4.969849246231155,8.244237447277422,PRXL2C,2,GO_Biological_Process_2021
GO_Biological_Process_2021,regulation of lipoprotein lipase activity (GO:0051004),1/21,0.1903576498347592,0.6298003095596824,0,0,4.969849246231155,8.244237447277422,ANGPTL8,2,GO_Biological_Process_2021
GO_Biological_Process_2021,negative regulation of DNA recombination at telomere (GO:0048239),1/22,0.1984625719282345,0.6383680895768628,0,0,4.732950466618808,7.653913334056085,POT1,2,GO_Biological_Process_2021
GO_Biological_Process_2021,regulation of adenylate cyclase activity (GO:0045761),1/22,0.1984625719282345,0.6383680895768628,0,0,4.732950466618808,7.653913334056085,AKAP5,2,GO_Biological_Process_2021
GO_Biological_Process_2021,positive regulation of lipid catabolic process (GO:0050996),1/22,0.1984625719282345,0.6383680895768628,0,0,4.732950466618808,7.653913334056085,ABHD5,2,GO_Biological_Process_2021
GO_Biological_Process_2021,regulation of DNA recombination at telomere (GO:0072695),1/22,0.1984625719282345,0.6383680895768628,0,0,4.732950466618808,7.653913334056085,POT1,2,GO_Biological_Process_2021
GO_Biological_Process_2021,microglial cell activation (GO:0001774),1/22,0.1984625719282345,0.6383680895768628,0,0,4.732950466618808,7.653913334056085,FPR2,2,GO_Biological_Process_2021
GO_Biological_Process_2021,negative regulation of GTPase activity (GO:0034260),1/23,0.2064867613185778,0.6383680895768628,0,0,4.517587939698492,7.126580711797677,RDX,2,GO_Biological_Process_2021
GO_Biological_Process_2021,hyaluronan metabolic process (GO:0030212),1/23,0.2064867613185778,0.6383680895768628,0,0,4.517587939698492,7.126580711797677,CD44,2,GO_Biological_Process_2021
GO_Biological_Process_2021,regulation of interferon-gamma-mediated signaling pathway (GO:0060334),1/23,0.2064867613185778,0.6383680895768628,0,0,4.517587939698492,7.126580711797677,ARG1,2,GO_Biological_Process_2021
GO_Biological_Process_2021,neutrophil degranulation (GO:0043312),7/481,0.2076831314549932,0.6383680895768628,0,0,1.4787827113530532,2.324264552210508,CLEC4D;CLEC12A;ARG1;TARM1;FPR2;CD58;CD44,2,GO_Biological_Process_2021
GO_Biological_Process_2021,neutrophil activation involved in immune response (GO:0002283),7/485,0.213368260994665,0.6383680895768628,0,0,1.4661044507555228,2.2647438575731726,CLEC4D;CLEC12A;ARG1;TARM1;FPR2;CD58;CD44,2,GO_Biological_Process_2021
GO_Biological_Process_2021,regulation of ruffle assembly (GO:1900027),1/24,0.2144310182188985,0.6383680895768628,0,0,4.320952589032117,6.653261007649563,RDX,2,GO_Biological_Process_2021
GO_Biological_Process_2021,positive regulation of carbohydrate metabolic process (GO:0045913),1/24,0.2144310182188985,0.6383680895768628,0,0,4.320952589032117,6.653261007649563,PRXL2C,2,GO_Biological_Process_2021
GO_Biological_Process_2021,positive regulation of cell-substrate junction organization (GO:0150117),1/24,0.2144310182188985,0.6383680895768628,0,0,4.320952589032117,6.653261007649563,MYOC,2,GO_Biological_Process_2021
GO_Biological_Process_2021,regulation of vascular endothelial growth factor receptor signaling pathway (GO:0030947),1/24,0.2144310182188985,0.6383680895768628,0,0,4.320952589032117,6.653261007649563,VTN,2,GO_Biological_Process_2021
GO_Biological_Process_2021,regulation of cell size (GO:0008361),1/24,0.2144310182188985,0.6383680895768628,0,0,4.320952589032117,6.653261007649563,RDX,2,GO_Biological_Process_2021
GO_Biological_Process_2021,immune response-activating cell surface receptor signaling pathway (GO:0002429),1/24,0.2144310182188985,0.6383680895768628,0,0,4.320952589032117,6.653261007649563,FPR2,2,GO_Biological_Process_2021
GO_Biological_Process_2021,negative regulation of stress fiber assembly (GO:0051497),1/24,0.2144310182188985,0.6383680895768628,0,0,4.320952589032117,6.653261007649563,MYOC,2,GO_Biological_Process_2021
GO_Biological_Process_2021,"wound healing, spreading of cells (GO:0044319)",1/24,0.2144310182188985,0.6383680895768628,0,0,4.320952589032117,6.653261007649563,CD44,2,GO_Biological_Process_2021
GO_Biological_Process_2021,neutrophil mediated immunity (GO:0002446),7/488,0.2176698445277413,0.6383680895768628,0,0,1.4567341354906125,2.2211930133692954,CLEC4D;CLEC12A;ARG1;TARM1;FPR2;CD58;CD44,2,GO_Biological_Process_2021
GO_Biological_Process_2021,acylglycerol homeostasis (GO:0055090),1/25,0.2222961348450487,0.6383680895768628,0,0,4.14070351758794,6.226561570384656,ANGPTL8,2,GO_Biological_Process_2021
GO_Biological_Process_2021,negative regulation of cell junction assembly (GO:1901889),1/25,0.2222961348450487,0.6383680895768628,0,0,4.14070351758794,6.226561570384656,CORO1C,2,GO_Biological_Process_2021
GO_Biological_Process_2021,regulation of heterotypic cell-cell adhesion (GO:0034114),1/25,0.2222961348450487,0.6383680895768628,0,0,4.14070351758794,6.226561570384656,CD44,2,GO_Biological_Process_2021
GO_Biological_Process_2021,regulation of protein processing (GO:0070613),1/25,0.2222961348450487,0.6383680895768628,0,0,4.14070351758794,6.226561570384656,ANGPTL8,2,GO_Biological_Process_2021
GO_Biological_Process_2021,adenylate cyclase-modulating G protein-coupled receptor signaling pathway (GO:0007188),3/165,0.228781647349473,0.6383680895768628,0,0,1.8460236886632824,2.72286137688983,FPR2;AKAP5;RXFP2,2,GO_Biological_Process_2021
GO_Biological_Process_2021,regulation of actin filament bundle assembly (GO:0032231),1/26,0.2300828957266827,0.6383680895768628,0,0,3.974874371859297,5.840344997302112,RDX,2,GO_Biological_Process_2021
GO_Biological_Process_2021,positive regulation of G1/S transition of mitotic cell cycle (GO:1900087),1/26,0.2300828957266827,0.6383680895768628,0,0,3.974874371859297,5.840344997302112,RDX,2,GO_Biological_Process_2021
GO_Biological_Process_2021,negative regulation of intrinsic apoptotic signaling pathway in response to DNA damage (GO:1902230),1/26,0.2300828957266827,0.6383680895768628,0,0,3.974874371859297,5.840344997302112,CD44,2,GO_Biological_Process_2021
GO_Biological_Process_2021,cellular response to drug (GO:0035690),1/26,0.2300828957266827,0.6383680895768628,0,0,3.974874371859297,5.840344997302112,TFRC,2,GO_Biological_Process_2021
GO_Biological_Process_2021,negative regulation of telomere maintenance via telomere lengthening (GO:1904357),1/26,0.2300828957266827,0.6383680895768628,0,0,3.974874371859297,5.840344997302112,POT1,2,GO_Biological_Process_2021
GO_Biological_Process_2021,regulation of monocyte chemotaxis (GO:0090025),1/26,0.2300828957266827,0.6383680895768628,0,0,3.974874371859297,5.840344997302112,FPR2,2,GO_Biological_Process_2021
GO_Biological_Process_2021,organelle fission (GO:0048285),1/26,0.2300828957266827,0.6383680895768628,0,0,3.974874371859297,5.840344997302112,CORO1C,2,GO_Biological_Process_2021
GO_Biological_Process_2021,DNA geometric change (GO:0032392),1/26,0.2300828957266827,0.6383680895768628,0,0,3.974874371859297,5.840344997302112,POT1,2,GO_Biological_Process_2021
GO_Biological_Process_2021,DNA modification (GO:0006304),1/26,0.2300828957266827,0.6383680895768628,0,0,3.974874371859297,5.840344997302112,POT1,2,GO_Biological_Process_2021
GO_Biological_Process_2021,endothelial cell development (GO:0001885),1/26,0.2300828957266827,0.6383680895768628,0,0,3.974874371859297,5.840344997302112,RDX,2,GO_Biological_Process_2021
GO_Biological_Process_2021,retinoid metabolic process (GO:0001523),2/92,0.234614487227205,0.6383680895768628,0,0,2.212121212121212,3.2071589757618537,ADH1A;CYP3A7,2,GO_Biological_Process_2021
GO_Biological_Process_2021,regulation of blood coagulation (GO:0030193),1/27,0.2377920775242915,0.6383680895768628,0,0,3.821801314263626,5.489477227235043,VTN,2,GO_Biological_Process_2021
GO_Biological_Process_2021,negative regulation of actin filament bundle assembly (GO:0032232),1/27,0.2377920775242915,0.6383680895768628,0,0,3.821801314263626,5.489477227235043,MYOC,2,GO_Biological_Process_2021
GO_Biological_Process_2021,positive regulation of peptidyl-serine phosphorylation (GO:0033138),2/93,0.2383084712706434,0.6383680895768628,0,0,2.187701187701188,3.1375777372613727,TFRC;CD44,2,GO_Biological_Process_2021
GO_Biological_Process_2021,bile acid and bile salt transport (GO:0015721),1/28,0.2454244493195781,0.6383680895768628,0,0,3.680067001675042,5.169633447658624,SLCO1A2,2,GO_Biological_Process_2021
GO_Biological_Process_2021,"regulation of DNA damage response, signal transduction by p53 class mediator (GO:0043516)",1/28,0.2454244493195781,0.6383680895768628,0,0,3.680067001675042,5.169633447658624,CD44,2,GO_Biological_Process_2021
GO_Biological_Process_2021,positive regulation of phosphatidylinositol 3-kinase activity (GO:0043552),1/28,0.2454244493195781,0.6383680895768628,0,0,3.680067001675042,5.169633447658624,FPR2,2,GO_Biological_Process_2021
GO_Biological_Process_2021,positive regulation of response to wounding (GO:1903036),1/28,0.2454244493195781,0.6383680895768628,0,0,3.680067001675042,5.169633447658624,VTN,2,GO_Biological_Process_2021
GO_Biological_Process_2021,positive regulation of ERK1 and ERK2 cascade (GO:0070374),3/172,0.2473527954934082,0.6383680895768628,0,0,1.7689304057910071,2.471089003542929,PRXL2C;FPR2;CD44,2,GO_Biological_Process_2021
GO_Biological_Process_2021,establishment of endothelial barrier (GO:0061028),1/29,0.252980772589684,0.6383680895768628,0,0,3.548456568557071,4.877147000705543,RDX,2,GO_Biological_Process_2021
GO_Biological_Process_2021,hydrogen peroxide metabolic process (GO:0042743),1/29,0.252980772589684,0.6383680895768628,0,0,3.548456568557071,4.877147000705543,HBD,2,GO_Biological_Process_2021
GO_Biological_Process_2021,regulation of DNA biosynthetic process (GO:2000278),1/29,0.252980772589684,0.6383680895768628,0,0,3.548456568557071,4.877147000705543,POT1,2,GO_Biological_Process_2021
GO_Biological_Process_2021,regulation of double-strand break repair via nonhomologous end joining (GO:2001032),1/29,0.252980772589684,0.6383680895768628,0,0,3.548456568557071,4.877147000705543,POT1,2,GO_Biological_Process_2021
GO_Biological_Process_2021,negative regulation of transferase activity (GO:0051348),1/29,0.252980772589684,0.6383680895768628,0,0,3.548456568557071,4.877147000705543,POT1,2,GO_Biological_Process_2021
GO_Biological_Process_2021,negative regulation of wound healing (GO:0061045),1/29,0.252980772589684,0.6383680895768628,0,0,3.548456568557071,4.877147000705543,VTN,2,GO_Biological_Process_2021
GO_Biological_Process_2021,telomere maintenance via telomerase (GO:0007004),1/29,0.252980772589684,0.6383680895768628,0,0,3.548456568557071,4.877147000705543,POT1,2,GO_Biological_Process_2021
GO_Biological_Process_2021,protein K11-linked ubiquitination (GO:0070979),1/29,0.252980772589684,0.6383680895768628,0,0,3.548456568557071,4.877147000705543,UBE2D3,2,GO_Biological_Process_2021
GO_Biological_Process_2021,regulation of peptidyl-serine phosphorylation (GO:0033135),2/98,0.2568151396703299,0.6383680895768628,0,0,2.073232323232323,2.818349436543183,TFRC;CD44,2,GO_Biological_Process_2021
GO_Biological_Process_2021,positive regulation of B cell proliferation (GO:0030890),1/30,0.2604618012849767,0.6383680895768628,0,0,3.425922717033443,4.608890626901229,TFRC,2,GO_Biological_Process_2021
GO_Biological_Process_2021,estrogen metabolic process (GO:0008210),1/30,0.2604618012849767,0.6383680895768628,0,0,3.425922717033443,4.608890626901229,CYP3A7,2,GO_Biological_Process_2021
GO_Biological_Process_2021,positive regulation of DNA recombination (GO:0045911),1/30,0.2604618012849767,0.6383680895768628,0,0,3.425922717033443,4.608890626901229,TFRC,2,GO_Biological_Process_2021
GO_Biological_Process_2021,regulation of cation transmembrane transport (GO:1904062),1/30,0.2604618012849767,0.6383680895768628,0,0,3.425922717033443,4.608890626901229,DPP6,2,GO_Biological_Process_2021
GO_Biological_Process_2021,heterotypic cell-cell adhesion (GO:0034113),1/30,0.2604618012849767,0.6383680895768628,0,0,3.425922717033443,4.608890626901229,CD58,2,GO_Biological_Process_2021
GO_Biological_Process_2021,RNA-dependent DNA biosynthetic process (GO:0006278),1/30,0.2604618012849767,0.6383680895768628,0,0,3.425922717033443,4.608890626901229,POT1,2,GO_Biological_Process_2021
GO_Biological_Process_2021,regulation of long-term synaptic potentiation (GO:1900271),1/30,0.2604618012849767,0.6383680895768628,0,0,3.425922717033443,4.608890626901229,AKAP5,2,GO_Biological_Process_2021
GO_Biological_Process_2021,TRIF-dependent toll-like receptor signaling pathway (GO:0035666),1/30,0.2604618012849767,0.6383680895768628,0,0,3.425922717033443,4.608890626901229,UBE2D3,2,GO_Biological_Process_2021
GO_Biological_Process_2021,sensory perception of chemical stimulus (GO:0007606),2/99,0.2605209452628556,0.6383680895768628,0,0,2.0517546600020826,2.7597577787968723,SLC24A4;OR51J1,2,GO_Biological_Process_2021
GO_Biological_Process_2021,purine nucleoside bisphosphate metabolic process (GO:0034032),1/31,0.2678682819607093,0.6383680895768628,0,0,3.3115577889447234,4.362182296847866,ACSM2B,2,GO_Biological_Process_2021
GO_Biological_Process_2021,regulation of cellular component size (GO:0032535),1/31,0.2678682819607093,0.6383680895768628,0,0,3.3115577889447234,4.362182296847866,RDX,2,GO_Biological_Process_2021
GO_Biological_Process_2021,positive regulation of leukocyte cell-cell adhesion (GO:1903039),1/31,0.2678682819607093,0.6383680895768628,0,0,3.3115577889447234,4.362182296847866,CD44,2,GO_Biological_Process_2021
GO_Biological_Process_2021,ribonucleoside bisphosphate metabolic process (GO:0033875),1/31,0.2678682819607093,0.6383680895768628,0,0,3.3115577889447234,4.362182296847866,ACSM2B,2,GO_Biological_Process_2021
GO_Biological_Process_2021,cellular nitrogen compound biosynthetic process (GO:0044271),1/31,0.2678682819607093,0.6383680895768628,0,0,3.3115577889447234,4.362182296847866,ACER3,2,GO_Biological_Process_2021
GO_Biological_Process_2021,positive regulation of mononuclear cell migration (GO:0071677),1/31,0.2678682819607093,0.6383680895768628,0,0,3.3115577889447234,4.362182296847866,FPR2,2,GO_Biological_Process_2021
GO_Biological_Process_2021,negative regulation of response to DNA damage stimulus (GO:2001021),1/31,0.2678682819607093,0.6383680895768628,0,0,3.3115577889447234,4.362182296847866,CD44,2,GO_Biological_Process_2021
GO_Biological_Process_2021,positive regulation of protein targeting to mitochondrion (GO:1903955),1/31,0.2678682819607093,0.6383680895768628,0,0,3.3115577889447234,4.362182296847866,UBE2D3,2,GO_Biological_Process_2021
GO_Biological_Process_2021,triglyceride homeostasis (GO:0070328),1/31,0.2678682819607093,0.6383680895768628,0,0,3.3115577889447234,4.362182296847866,ANGPTL8,2,GO_Biological_Process_2021
GO_Biological_Process_2021,peptide cross-linking (GO:0018149),1/31,0.2678682819607093,0.6383680895768628,0,0,3.3115577889447234,4.362182296847866,EPB42,2,GO_Biological_Process_2021
GO_Biological_Process_2021,MyD88-independent toll-like receptor signaling pathway (GO:0002756),1/31,0.2678682819607093,0.6383680895768628,0,0,3.3115577889447234,4.362182296847866,UBE2D3,2,GO_Biological_Process_2021
GO_Biological_Process_2021,regulation of potassium ion transport (GO:0043266),1/31,0.2678682819607093,0.6383680895768628,0,0,3.3115577889447234,4.362182296847866,DPP6,2,GO_Biological_Process_2021
GO_Biological_Process_2021,ERBB2 signaling pathway (GO:0038128),1/32,0.2752009537742224,0.643515012208896,0,0,3.204571243313341,4.1347099266061775,MYOC,2,GO_Biological_Process_2021
GO_Biological_Process_2021,negative regulation of DNA biosynthetic process (GO:2000279),1/32,0.2752009537742224,0.643515012208896,0,0,3.204571243313341,4.1347099266061775,POT1,2,GO_Biological_Process_2021
GO_Biological_Process_2021,regulation of cell morphogenesis (GO:0022604),1/32,0.2752009537742224,0.643515012208896,0,0,3.204571243313341,4.1347099266061775,CD44,2,GO_Biological_Process_2021
GO_Biological_Process_2021,positive regulation of lamellipodium organization (GO:1902745),1/32,0.2752009537742224,0.643515012208896,0,0,3.204571243313341,4.1347099266061775,CORO1C,2,GO_Biological_Process_2021
GO_Biological_Process_2021,endodermal cell differentiation (GO:0035987),1/32,0.2752009537742224,0.643515012208896,0,0,3.204571243313341,4.1347099266061775,VTN,2,GO_Biological_Process_2021
GO_Biological_Process_2021,positive regulation of ATP metabolic process (GO:1903580),1/33,0.2824605485993796,0.6513829782146994,0,0,3.1042713567839195,3.9244707255325473,PRXL2C,2,GO_Biological_Process_2021
GO_Biological_Process_2021,positive regulation of telomere maintenance via telomerase (GO:0032212),1/33,0.2824605485993796,0.6513829782146994,0,0,3.1042713567839195,3.9244707255325473,POT1,2,GO_Biological_Process_2021
GO_Biological_Process_2021,primary alcohol metabolic process (GO:0034308),1/33,0.2824605485993796,0.6513829782146994,0,0,3.1042713567839195,3.9244707255325473,ADH1A,2,GO_Biological_Process_2021
GO_Biological_Process_2021,activation of GTPase activity (GO:0090630),2/105,0.2827546689999499,0.6513829782146994,0,0,1.931646562714524,2.440008904942008,TBC1D15;CORO1C,2,GO_Biological_Process_2021
GO_Biological_Process_2021,negative regulation of mitochondrion organization (GO:0010823),1/34,0.2896477910754225,0.6561410659524831,0,0,3.010050251256281,3.7297219848476746,TFRC,2,GO_Biological_Process_2021
GO_Biological_Process_2021,positive regulation of telomerase activity (GO:0051973),1/34,0.2896477910754225,0.6561410659524831,0,0,3.010050251256281,3.7297219848476746,POT1,2,GO_Biological_Process_2021
GO_Biological_Process_2021,regulation of GTPase activity (GO:0043087),3/189,0.2932709854088831,0.6561410659524831,0,0,1.6058621254298346,1.969843996438265,CAV2;RDX;TBC1D15,2,GO_Biological_Process_2021
GO_Biological_Process_2021,positive regulation of MAPK cascade (GO:0043410),4/274,0.2940329466256148,0.6561410659524831,0,0,1.4761904761904765,1.8069508138885344,CAV2;PRXL2C;FPR2;CD44,2,GO_Biological_Process_2021
GO_Biological_Process_2021,positive regulation of cell cycle G1/S phase transition (GO:1902808),1/35,0.2967633987534311,0.6561410659524831,0,0,2.9213715637008573,3.54894088012851,RDX,2,GO_Biological_Process_2021
GO_Biological_Process_2021,negative regulation of epithelial cell migration (GO:0010633),1/35,0.2967633987534311,0.6561410659524831,0,0,2.9213715637008573,3.54894088012851,CORO1C,2,GO_Biological_Process_2021
GO_Biological_Process_2021,positive regulation of immunoglobulin production (GO:0002639),1/35,0.2967633987534311,0.6561410659524831,0,0,2.9213715637008573,3.54894088012851,TFRC,2,GO_Biological_Process_2021
GO_Biological_Process_2021,cellular response to amyloid-beta (GO:1904646),1/35,0.2967633987534311,0.6561410659524831,0,0,2.9213715637008573,3.54894088012851,FPR2,2,GO_Biological_Process_2021
GO_Biological_Process_2021,negative regulation of Ras protein signal transduction (GO:0046580),1/35,0.2967633987534311,0.6561410659524831,0,0,2.9213715637008573,3.54894088012851,MYOC,2,GO_Biological_Process_2021
GO_Biological_Process_2021,negative regulation of T cell proliferation (GO:0042130),1/35,0.2967633987534311,0.6561410659524831,0,0,2.9213715637008573,3.54894088012851,ARG1,2,GO_Biological_Process_2021
GO_Biological_Process_2021,activation of adenylate cyclase activity (GO:0007190),1/36,0.3038080819844295,0.6561410659524831,0,0,2.8377602297200286,3.380791434126185,RXFP2,2,GO_Biological_Process_2021
GO_Biological_Process_2021,positive regulation of innate immune response (GO:0045089),1/36,0.3038080819844295,0.6561410659524831,0,0,2.8377602297200286,3.380791434126185,FPR2,2,GO_Biological_Process_2021
GO_Biological_Process_2021,macrophage activation (GO:0042116),1/36,0.3038080819844295,0.6561410659524831,0,0,2.8377602297200286,3.380791434126185,FPR2,2,GO_Biological_Process_2021
GO_Biological_Process_2021,telomere maintenance via telomere lengthening (GO:0010833),1/36,0.3038080819844295,0.6561410659524831,0,0,2.8377602297200286,3.380791434126185,POT1,2,GO_Biological_Process_2021
GO_Biological_Process_2021,positive regulation of substrate adhesion-dependent cell spreading (GO:1900026),1/36,0.3038080819844295,0.6561410659524831,0,0,2.8377602297200286,3.380791434126185,MYOC,2,GO_Biological_Process_2021
GO_Biological_Process_2021,transferrin transport (GO:0033572),1/36,0.3038080819844295,0.6561410659524831,0,0,2.8377602297200286,3.380791434126185,TFRC,2,GO_Biological_Process_2021
GO_Biological_Process_2021,positive regulation of telomere maintenance via telomere lengthening (GO:1904358),1/36,0.3038080819844295,0.6561410659524831,0,0,2.8377602297200286,3.380791434126185,POT1,2,GO_Biological_Process_2021
GO_Biological_Process_2021,endoderm formation (GO:0001706),1/36,0.3038080819844295,0.6561410659524831,0,0,2.8377602297200286,3.380791434126185,VTN,2,GO_Biological_Process_2021
GO_Biological_Process_2021,sensory perception of smell (GO:0007608),2/111,0.3049314473928455,0.656288443869723,0,0,1.8247613752200909,2.167211222684004,SLC24A4;OR51J1,2,GO_Biological_Process_2021
GO_Biological_Process_2021,acyl-CoA metabolic process (GO:0006637),1/37,0.3107825442509396,0.6597499744849299,0,0,2.758793969849246,3.2240971983470845,ACSM2B,2,GO_Biological_Process_2021
GO_Biological_Process_2021,negative regulation of endothelial cell proliferation (GO:0001937),1/37,0.3107825442509396,0.6597499744849299,0,0,2.758793969849246,3.2240971983470845,CAV2,2,GO_Biological_Process_2021
GO_Biological_Process_2021,skeletal muscle tissue development (GO:0007519),1/37,0.3107825442509396,0.6597499744849299,0,0,2.758793969849246,3.2240971983470845,CAV2,2,GO_Biological_Process_2021
GO_Biological_Process_2021,neural crest cell migration (GO:0001755),1/37,0.3107825442509396,0.6597499744849299,0,0,2.758793969849246,3.2240971983470845,CORO1C,2,GO_Biological_Process_2021
GO_Biological_Process_2021,positive regulation of protein phosphorylation (GO:0001934),5/371,0.3138732997992071,0.6640448723643089,0,0,1.3614964270701977,1.5776556031539388,VTN;TFRC;CLEC6A;FPR2;CD44,2,GO_Biological_Process_2021
GO_Biological_Process_2021,negative regulation of innate immune response (GO:0045824),1/38,0.3176874819497763,0.666183728475738,0,0,2.684096156457965,3.07781854672427,USP15,2,GO_Biological_Process_2021
GO_Biological_Process_2021,connective tissue development (GO:0061448),1/38,0.3176874819497763,0.666183728475738,0,0,2.684096156457965,3.07781854672427,CD44,2,GO_Biological_Process_2021
GO_Biological_Process_2021,cellular response to lectin (GO:1990858),2/115,0.3196498104363898,0.666183728475738,0,0,1.759810494323769,2.007115298893896,CLEC4D;CLEC6A,2,GO_Biological_Process_2021
GO_Biological_Process_2021,stimulatory C-type lectin receptor signaling pathway (GO:0002223),2/115,0.3196498104363898,0.666183728475738,0,0,1.759810494323769,2.007115298893896,CLEC4D;CLEC6A,2,GO_Biological_Process_2021
GO_Biological_Process_2021,regulation of protein targeting to mitochondrion (GO:1903214),1/39,0.3245235847719431,0.666183728475738,0,0,2.6133298069293835,2.941033694945818,UBE2D3,2,GO_Biological_Process_2021
GO_Biological_Process_2021,protein monoubiquitination (GO:0006513),1/39,0.3245235847719431,0.666183728475738,0,0,2.6133298069293835,2.941033694945818,UBE2D3,2,GO_Biological_Process_2021
GO_Biological_Process_2021,regulation of receptor-mediated endocytosis (GO:0048259),1/39,0.3245235847719431,0.666183728475738,0,0,2.6133298069293835,2.941033694945818,VTN,2,GO_Biological_Process_2021
GO_Biological_Process_2021,negative regulation of lymphocyte proliferation (GO:0050672),1/39,0.3245235847719431,0.666183728475738,0,0,2.6133298069293835,2.941033694945818,ARG1,2,GO_Biological_Process_2021
GO_Biological_Process_2021,regulation of cellular component biogenesis (GO:0044087),1/39,0.3245235847719431,0.666183728475738,0,0,2.6133298069293835,2.941033694945818,RDX,2,GO_Biological_Process_2021
GO_Biological_Process_2021,negative regulation of blood coagulation (GO:0030195),1/40,0.3312915354401823,0.6668716344459332,0,0,2.54619250096637,2.8129227654318845,VTN,2,GO_Biological_Process_2021
GO_Biological_Process_2021,positive regulation of catalytic activity (GO:0043085),1/40,0.3312915354401823,0.6668716344459332,0,0,2.54619250096637,2.8129227654318845,POT1,2,GO_Biological_Process_2021
GO_Biological_Process_2021,bone development (GO:0060348),1/40,0.3312915354401823,0.6668716344459332,0,0,2.54619250096637,2.8129227654318845,MYOC,2,GO_Biological_Process_2021
GO_Biological_Process_2021,detection of chemical stimulus involved in sensory perception of bitter taste (GO:0001580),1/40,0.3312915354401823,0.6668716344459332,0,0,2.54619250096637,2.8129227654318845,TAS2R42,2,GO_Biological_Process_2021
GO_Biological_Process_2021,organic hydroxy compound transport (GO:0015850),1/40,0.3312915354401823,0.6668716344459332,0,0,2.54619250096637,2.8129227654318845,SLCO1A2,2,GO_Biological_Process_2021
GO_Biological_Process_2021,positive regulation of wound healing (GO:0090303),1/40,0.3312915354401823,0.6668716344459332,0,0,2.54619250096637,2.8129227654318845,VTN,2,GO_Biological_Process_2021
GO_Biological_Process_2021,innate immune response activating cell surface receptor signaling pathway (GO:0002220),2/119,0.3342934948533607,0.6707437219315817,0,0,1.6993006993006994,1.8619848571697335,CLEC4D;CLEC6A,2,GO_Biological_Process_2021
GO_Biological_Process_2021,negative regulation of cell-cell adhesion (GO:0022408),1/41,0.3379920100397979,0.6716646333698222,0,0,2.4824120603015074,2.6927543377926204,RDX,2,GO_Biological_Process_2021
GO_Biological_Process_2021,sensory perception of bitter taste (GO:0050913),1/41,0.3379920100397979,0.6716646333698222,0,0,2.4824120603015074,2.6927543377926204,TAS2R42,2,GO_Biological_Process_2021
GO_Biological_Process_2021,endosome organization (GO:0007032),1/41,0.3379920100397979,0.6716646333698222,0,0,2.4824120603015074,2.6927543377926204,CORO1C,2,GO_Biological_Process_2021
GO_Biological_Process_2021,cellular response to interferon-gamma (GO:0071346),2/121,0.3415819885568875,0.6766369327464459,0,0,1.6705712588065529,1.794473428095151,CD58;CD44,2,GO_Biological_Process_2021
GO_Biological_Process_2021,positive regulation of ATPase activity (GO:0032781),1/42,0.344625677945044,0.6783454800057513,0,0,2.4217428606446867,2.579874053958348,POT1,2,GO_Biological_Process_2021
GO_Biological_Process_2021,regulation of double-strand break repair (GO:2000779),1/42,0.344625677945044,0.6783454800057513,0,0,2.4217428606446867,2.579874053958348,POT1,2,GO_Biological_Process_2021
GO_Biological_Process_2021,anion transport (GO:0006820),1/43,0.3511932019412653,0.6847716978290502,0,0,2.363962670495334,2.473694919601735,SLCO1A2,2,GO_Biological_Process_2021
GO_Biological_Process_2021,regulation of cell-substrate adhesion (GO:0010810),1/43,0.3511932019412653,0.6847716978290502,0,0,2.363962670495334,2.473694919601735,CORO1C,2,GO_Biological_Process_2021
GO_Biological_Process_2021,lipid modification (GO:0030258),1/43,0.3511932019412653,0.6847716978290502,0,0,2.363962670495334,2.473694919601735,CYP3A7,2,GO_Biological_Process_2021
GO_Biological_Process_2021,positive regulation of cell-matrix adhesion (GO:0001954),1/44,0.3576952382847675,0.6866865376948315,0,0,2.308869931050602,2.373689018141451,MYOC,2,GO_Biological_Process_2021
GO_Biological_Process_2021,response to amyloid-beta (GO:1904645),1/44,0.3576952382847675,0.6866865376948315,0,0,2.308869931050602,2.373689018141451,FPR2,2,GO_Biological_Process_2021
GO_Biological_Process_2021,positive regulation of receptor-mediated endocytosis (GO:0048260),1/44,0.3576952382847675,0.6866865376948315,0,0,2.308869931050602,2.373689018141451,VTN,2,GO_Biological_Process_2021
GO_Biological_Process_2021,positive regulation of stress fiber assembly (GO:0051496),1/44,0.3576952382847675,0.6866865376948315,0,0,2.308869931050602,2.373689018141451,MYOC,2,GO_Biological_Process_2021
GO_Biological_Process_2021,detection of chemical stimulus involved in sensory perception of taste (GO:0050912),1/44,0.3576952382847675,0.6866865376948315,0,0,2.308869931050602,2.373689018141451,TAS2R42,2,GO_Biological_Process_2021
GO_Biological_Process_2021,positive regulation of GTPase activity (GO:0043547),3/214,0.3615321644905319,0.6905194378464709,0,0,1.4137897851661174,1.43839575902822,CAV2;TBC1D15;CORO1C,2,GO_Biological_Process_2021
GO_Biological_Process_2021,negative regulation of T cell activation (GO:0050868),1/45,0.3641324366778817,0.6905194378464709,0,0,2.256281407035176,2.279380404926681,ARG1,2,GO_Biological_Process_2021
GO_Biological_Process_2021,neural crest cell development (GO:0014032),1/45,0.3641324366778817,0.6905194378464709,0,0,2.256281407035176,2.279380404926681,CORO1C,2,GO_Biological_Process_2021
GO_Biological_Process_2021,zymogen activation (GO:0031638),1/45,0.3641324366778817,0.6905194378464709,0,0,2.256281407035176,2.279380404926681,CD5L,2,GO_Biological_Process_2021
GO_Biological_Process_2021,regulation of telomerase activity (GO:0051972),1/46,0.3705054405101429,0.6928171282033863,0,0,2.2060301507537687,2.1903389894516705,POT1,2,GO_Biological_Process_2021
GO_Biological_Process_2021,regulation of B cell proliferation (GO:0030888),1/46,0.3705054405101429,0.6928171282033863,0,0,2.2060301507537687,2.1903389894516705,TFRC,2,GO_Biological_Process_2021
GO_Biological_Process_2021,vesicle organization (GO:0016050),1/46,0.3705054405101429,0.6928171282033863,0,0,2.2060301507537687,2.1903389894516705,CAV2,2,GO_Biological_Process_2021
GO_Biological_Process_2021,positive regulation of cell-cell adhesion (GO:0022409),1/47,0.376814886705751,0.6928171282033863,0,0,2.1579637317019884,2.1061752538856453,CD44,2,GO_Biological_Process_2021
GO_Biological_Process_2021,regulation of T cell activation (GO:0050863),1/47,0.376814886705751,0.6928171282033863,0,0,2.1579637317019884,2.1061752538856453,IL27,2,GO_Biological_Process_2021
GO_Biological_Process_2021,regulation of wound healing (GO:0061041),1/47,0.376814886705751,0.6928171282033863,0,0,2.1579637317019884,2.1061752538856453,VTN,2,GO_Biological_Process_2021
GO_Biological_Process_2021,regulation of cellular metabolic process (GO:0031323),1/47,0.376814886705751,0.6928171282033863,0,0,2.1579637317019884,2.1061752538856453,ANGPTL8,2,GO_Biological_Process_2021
GO_Biological_Process_2021,telomere organization (GO:0032200),1/47,0.376814886705751,0.6928171282033863,0,0,2.1579637317019884,2.1061752538856453,POT1,2,GO_Biological_Process_2021
GO_Biological_Process_2021,regulation of protein localization to nucleus (GO:1900180),1/47,0.376814886705751,0.6928171282033863,0,0,2.1579637317019884,2.1061752538856453,TFRC,2,GO_Biological_Process_2021
GO_Biological_Process_2021,positive regulation of endocytosis (GO:0045807),1/48,0.3830614060395898,0.6928171282033863,0,0,2.111942692184326,2.026535673888961,VTN,2,GO_Biological_Process_2021
GO_Biological_Process_2021,phosphatidic acid biosynthetic process (GO:0006654),1/48,0.3830614060395898,0.6928171282033863,0,0,2.111942692184326,2.026535673888961,ABHD5,2,GO_Biological_Process_2021
GO_Biological_Process_2021,regulation of protein metabolic process (GO:0051246),1/48,0.3830614060395898,0.6928171282033863,0,0,2.111942692184326,2.026535673888961,ANGPTL8,2,GO_Biological_Process_2021
GO_Biological_Process_2021,receptor internalization (GO:0031623),1/49,0.3892456229672477,0.6928171282033863,0,0,2.0678391959799,1.9510987409424116,TFRC,2,GO_Biological_Process_2021
GO_Biological_Process_2021,cellular defense response (GO:0006968),1/49,0.3892456229672477,0.6928171282033863,0,0,2.0678391959799,1.9510987409424116,CD5L,2,GO_Biological_Process_2021
GO_Biological_Process_2021,positive regulation of reactive oxygen species metabolic process (GO:2000379),1/49,0.3892456229672477,0.6928171282033863,0,0,2.0678391959799,1.9510987409424116,FPR2,2,GO_Biological_Process_2021
GO_Biological_Process_2021,protein localization to plasma membrane (GO:0072659),2/136,0.3953292015314795,0.6928171282033863,0,0,1.4824363033318255,1.375754908856019,DPP6;RDX,2,GO_Biological_Process_2021
GO_Biological_Process_2021,cellular calcium ion homeostasis (GO:0006874),2/136,0.3953292015314795,0.6928171282033863,0,0,1.4824363033318255,1.375754908856019,SLC24A4;CAV2,2,GO_Biological_Process_2021
GO_Biological_Process_2021,positive regulation of cell morphogenesis involved in differentiation (GO:0010770),1/50,0.3953681557510544,0.6928171282033863,0,0,2.025535842477695,1.8795714928238212,MYOC,2,GO_Biological_Process_2021
GO_Biological_Process_2021,regulation of complement activation (GO:0030449),1/50,0.3953681557510544,0.6928171282033863,0,0,2.025535842477695,1.8795714928238212,VTN,2,GO_Biological_Process_2021
GO_Biological_Process_2021,iron ion transport (GO:0006826),1/50,0.3953681557510544,0.6928171282033863,0,0,2.025535842477695,1.8795714928238212,TFRC,2,GO_Biological_Process_2021
GO_Biological_Process_2021,phosphatidic acid metabolic process (GO:0046473),1/50,0.3953681557510544,0.6928171282033863,0,0,2.025535842477695,1.8795714928238212,ABHD5,2,GO_Biological_Process_2021
GO_Biological_Process_2021,regulation of epithelial cell migration (GO:0010632),1/51,0.4014296166851454,0.6928171282033863,0,0,1.984924623115578,1.8116864795932897,CORO1C,2,GO_Biological_Process_2021
GO_Biological_Process_2021,DNA duplex unwinding (GO:0032508),1/51,0.4014296166851454,0.6928171282033863,0,0,1.984924623115578,1.8116864795932897,POT1,2,GO_Biological_Process_2021
GO_Biological_Process_2021,regulation of protein modification process (GO:0031399),1/51,0.4014296166851454,0.6928171282033863,0,0,1.984924623115578,1.8116864795932897,CORO1C,2,GO_Biological_Process_2021
GO_Biological_Process_2021,positive regulation of actin filament bundle assembly (GO:0032233),1/51,0.4014296166851454,0.6928171282033863,0,0,1.984924623115578,1.8116864795932897,MYOC,2,GO_Biological_Process_2021
GO_Biological_Process_2021,regulation of cellular component organization (GO:0051128),2/139,0.4058480895063414,0.6928171282033863,0,0,1.44975300449753,1.3073529773997317,TFRC;ANGPTL7,2,GO_Biological_Process_2021
GO_Biological_Process_2021,positive regulation of response to external stimulus (GO:0032103),2/139,0.4058480895063414,0.6928171282033863,0,0,1.44975300449753,1.3073529773997317,USP15;FPR2,2,GO_Biological_Process_2021
GO_Biological_Process_2021,negative regulation of BMP signaling pathway (GO:0030514),1/52,0.4074306117999475,0.6928171282033863,0,0,1.9459060005911912,1.7471991060741807,UBE2D3,2,GO_Biological_Process_2021
GO_Biological_Process_2021,ameboidal-type cell migration (GO:0001667),1/52,0.4074306117999475,0.6928171282033863,0,0,1.9459060005911912,1.7471991060741807,CORO1C,2,GO_Biological_Process_2021
GO_Biological_Process_2021,amide biosynthetic process (GO:0043604),1/52,0.4074306117999475,0.6928171282033863,0,0,1.9459060005911912,1.7471991060741807,ARG1,2,GO_Biological_Process_2021
GO_Biological_Process_2021,regulation of telomere maintenance via telomerase (GO:0032210),1/52,0.4074306117999475,0.6928171282033863,0,0,1.9459060005911912,1.7471991060741807,POT1,2,GO_Biological_Process_2021
GO_Biological_Process_2021,cartilage development (GO:0051216),1/52,0.4074306117999475,0.6928171282033863,0,0,1.9459060005911912,1.7471991060741807,CD44,2,GO_Biological_Process_2021
GO_Biological_Process_2021,positive regulation of protein localization to cell periphery (GO:1904377),1/52,0.4074306117999475,0.6928171282033863,0,0,1.9459060005911912,1.7471991060741807,AKAP5,2,GO_Biological_Process_2021
GO_Biological_Process_2021,positive regulation of protein localization to plasma membrane (GO:1903078),1/52,0.4074306117999475,0.6928171282033863,0,0,1.9459060005911912,1.7471991060741807,AKAP5,2,GO_Biological_Process_2021
GO_Biological_Process_2021,endocytic recycling (GO:0032456),1/52,0.4074306117999475,0.6928171282033863,0,0,1.9459060005911912,1.7471991060741807,VPS29,2,GO_Biological_Process_2021
GO_Biological_Process_2021,protein localization to cell periphery (GO:1990778),2/140,0.4093350504017323,0.6928171282033863,0,0,1.4391743522178304,1.28550113423387,DPP6;RDX,2,GO_Biological_Process_2021
GO_Biological_Process_2021,positive regulation of B cell activation (GO:0050871),1/53,0.4133717413870322,0.6928171282033863,0,0,1.9083880943177425,1.6858852917962188,TFRC,2,GO_Biological_Process_2021
GO_Biological_Process_2021,negative regulation of cysteine-type endopeptidase activity (GO:2000117),1/53,0.4133717413870322,0.6928171282033863,0,0,1.9083880943177425,1.6858852917962188,CD44,2,GO_Biological_Process_2021
GO_Biological_Process_2021,positive regulation of phagocytosis (GO:0050766),1/53,0.4133717413870322,0.6928171282033863,0,0,1.9083880943177425,1.6858852917962188,FPR2,2,GO_Biological_Process_2021
GO_Biological_Process_2021,regulation of immune effector process (GO:0002697),1/53,0.4133717413870322,0.6928171282033863,0,0,1.9083880943177425,1.6858852917962188,VTN,2,GO_Biological_Process_2021
GO_Biological_Process_2021,positive regulation of leukocyte chemotaxis (GO:0002690),1/54,0.4192535996279672,0.6928171282033863,0,0,1.8722859580923483,1.627539412897697,FPR2,2,GO_Biological_Process_2021
GO_Biological_Process_2021,regulation of humoral immune response (GO:0002920),1/54,0.4192535996279672,0.6928171282033863,0,0,1.8722859580923483,1.627539412897697,VTN,2,GO_Biological_Process_2021
GO_Biological_Process_2021,regulation of potassium ion transmembrane transport (GO:1901379),1/54,0.4192535996279672,0.6928171282033863,0,0,1.8722859580923483,1.627539412897697,DPP6,2,GO_Biological_Process_2021
GO_Biological_Process_2021,neuron development (GO:0048666),2/143,0.4197357656077661,0.6928171282033863,0,0,1.4083387062110466,1.2226209334221314,GRXCR1;MYOC,2,GO_Biological_Process_2021
GO_Biological_Process_2021,monocarboxylic acid metabolic process (GO:0032787),2/143,0.4197357656077661,0.6928171282033863,0,0,1.4083387062110466,1.2226209334221314,ADH1A;CYP3A7,2,GO_Biological_Process_2021
GO_Biological_Process_2021,negative regulation of cysteine-type endopeptidase activity involved in apoptotic process (GO:0043154),1/55,0.4250767749174149,0.6928171282033863,0,0,1.8375209380234503,1.5719724807707876,CD44,2,GO_Biological_Process_2021
GO_Biological_Process_2021,negative regulation of cytokine-mediated signaling pathway (GO:0001960),1/55,0.4250767749174149,0.6928171282033863,0,0,1.8375209380234503,1.5719724807707876,ARG1,2,GO_Biological_Process_2021
GO_Biological_Process_2021,ceramide metabolic process (GO:0006672),1/55,0.4250767749174149,0.6928171282033863,0,0,1.8375209380234503,1.5719724807707876,ACER3,2,GO_Biological_Process_2021
GO_Biological_Process_2021,regulation of ERK1 and ERK2 cascade (GO:0070372),3/238,0.426138772012098,0.6928171282033863,0,0,1.2678474997299924,1.0814615302256056,PRXL2C;FPR2;CD44,2,GO_Biological_Process_2021
GO_Biological_Process_2021,positive regulation of establishment of protein localization to mitochondrion (GO:1903749),1/56,0.4308418497249187,0.6928171282033863,0,0,1.8040201005025125,1.5190105312629705,UBE2D3,2,GO_Biological_Process_2021
GO_Biological_Process_2021,glycosaminoglycan catabolic process (GO:0006027),1/56,0.4308418497249187,0.6928171282033863,0,0,1.8040201005025125,1.5190105312629705,CD44,2,GO_Biological_Process_2021
GO_Biological_Process_2021,telomere maintenance (GO:0000723),1/56,0.4308418497249187,0.6928171282033863,0,0,1.8040201005025125,1.5190105312629705,POT1,2,GO_Biological_Process_2021
GO_Biological_Process_2021,positive regulation of cell junction assembly (GO:1901890),1/57,0.4365494010474847,0.6928171282033863,0,0,1.7717157214644652,1.4684931926330618,MYOC,2,GO_Biological_Process_2021
GO_Biological_Process_2021,negative regulation of DNA recombination (GO:0045910),1/57,0.4365494010474847,0.6928171282033863,0,0,1.7717157214644652,1.4684931926330618,POT1,2,GO_Biological_Process_2021
GO_Biological_Process_2021,positive regulation of interferon-gamma production (GO:0032729),1/57,0.4365494010474847,0.6928171282033863,0,0,1.7717157214644652,1.4684931926330618,IL27,2,GO_Biological_Process_2021
GO_Biological_Process_2021,cellular response to peptide (GO:1901653),1/57,0.4365494010474847,0.6928171282033863,0,0,1.7717157214644652,1.4684931926330618,FPR2,2,GO_Biological_Process_2021
GO_Biological_Process_2021,positive regulation of proteolysis (GO:0045862),1/57,0.4365494010474847,0.6928171282033863,0,0,1.7717157214644652,1.4684931926330618,ANGPTL8,2,GO_Biological_Process_2021
GO_Biological_Process_2021,regulation of mitotic nuclear division (GO:0007088),1/57,0.4365494010474847,0.6928171282033863,0,0,1.7717157214644652,1.4684931926330618,CAV2,2,GO_Biological_Process_2021
GO_Biological_Process_2021,monocarboxylic acid transport (GO:0015718),1/57,0.4365494010474847,0.6928171282033863,0,0,1.7717157214644652,1.4684931926330618,SLCO1A2,2,GO_Biological_Process_2021
GO_Biological_Process_2021,protein K48-linked ubiquitination (GO:0070936),1/57,0.4365494010474847,0.6928171282033863,0,0,1.7717157214644652,1.4684931926330618,UBE2D3,2,GO_Biological_Process_2021
GO_Biological_Process_2021,positive regulation of intracellular protein transport (GO:0090316),2/148,0.436861177553996,0.6928171282033863,0,0,1.35976200359762,1.1260730416696714,UBE2D3;AKAP5,2,GO_Biological_Process_2021
GO_Biological_Process_2021,regulation of cytosolic calcium ion concentration (GO:0051480),2/148,0.436861177553996,0.6928171282033863,0,0,1.35976200359762,1.1260730416696714,CAV2;FPR2,2,GO_Biological_Process_2021
GO_Biological_Process_2021,receptor metabolic process (GO:0043112),1/58,0.4421999998339941,0.6928171282033863,0,0,1.740544829410209,1.4202724160163902,TFRC,2,GO_Biological_Process_2021
GO_Biological_Process_2021,negative regulation of hydrolase activity (GO:0051346),1/58,0.4421999998339941,0.6928171282033863,0,0,1.740544829410209,1.4202724160163902,RDX,2,GO_Biological_Process_2021
GO_Biological_Process_2021,positive regulation of mitotic cell cycle phase transition (GO:1901992),1/58,0.4421999998339941,0.6928171282033863,0,0,1.740544829410209,1.4202724160163902,RDX,2,GO_Biological_Process_2021
GO_Biological_Process_2021,positive regulation of protein binding (GO:0032092),1/58,0.4421999998339941,0.6928171282033863,0,0,1.740544829410209,1.4202724160163902,VTN,2,GO_Biological_Process_2021
GO_Biological_Process_2021,membrane lipid biosynthetic process (GO:0046467),1/58,0.4421999998339941,0.6928171282033863,0,0,1.740544829410209,1.4202724160163902,ACER3,2,GO_Biological_Process_2021
GO_Biological_Process_2021,regulation of phagocytosis (GO:0050764),1/58,0.4421999998339941,0.6928171282033863,0,0,1.740544829410209,1.4202724160163902,FPR2,2,GO_Biological_Process_2021
GO_Biological_Process_2021,muscle organ development (GO:0007517),1/58,0.4421999998339941,0.6928171282033863,0,0,1.740544829410209,1.4202724160163902,SGCE,2,GO_Biological_Process_2021
GO_Biological_Process_2021,positive regulation of DNA biosynthetic process (GO:2000573),1/61,0.4588157080798082,0.7152465424201522,0,0,1.6532663316582914,1.288070804786777,POT1,2,GO_Biological_Process_2021
GO_Biological_Process_2021,positive regulation of interleukin-8 production (GO:0032757),1/61,0.4588157080798082,0.7152465424201522,0,0,1.6532663316582914,1.288070804786777,CD58,2,GO_Biological_Process_2021
GO_Biological_Process_2021,positive regulation of signal transduction (GO:0009967),3/252,0.4628031466485777,0.7169335678856658,0,0,1.195706684606446,0.921236381632643,VTN;CAV2;CLEC6A,2,GO_Biological_Process_2021
GO_Biological_Process_2021,positive regulation of phosphorylation (GO:0042327),3/253,0.4653846376484244,0.7169335678856658,0,0,1.1908629441624363,0.9108803929750248,TFRC;PRXL2C;FPR2,2,GO_Biological_Process_2021
GO_Biological_Process_2021,positive regulation of intracellular signal transduction (GO:1902533),6/546,0.4656828486095584,0.7169335678856658,0,0,1.1030927835051547,0.8430391660480295,USP15;TFRC;MYOC;RNF13;CAV2;CLEC6A,2,GO_Biological_Process_2021
GO_Biological_Process_2021,negative regulation of endopeptidase activity (GO:0010951),1/63,0.4696183035751055,0.7169335678856658,0,0,1.5997730588426,1.2091645247691418,VTN,2,GO_Biological_Process_2021
GO_Biological_Process_2021,positive regulation of DNA metabolic process (GO:0051054),1/63,0.4696183035751055,0.7169335678856658,0,0,1.5997730588426,1.2091645247691418,POT1,2,GO_Biological_Process_2021
GO_Biological_Process_2021,negative regulation of peptidase activity (GO:0010466),1/63,0.4696183035751055,0.7169335678856658,0,0,1.5997730588426,1.2091645247691418,VTN,2,GO_Biological_Process_2021
GO_Biological_Process_2021,monocarboxylic acid biosynthetic process (GO:0072330),1/63,0.4696183035751055,0.7169335678856658,0,0,1.5997730588426,1.2091645247691418,ACSM2B,2,GO_Biological_Process_2021
GO_Biological_Process_2021,skeletal system development (GO:0001501),2/158,0.470271536490919,0.7169335678856658,0,0,1.271950271950272,0.9596165405879008,MYOC;CD44,2,GO_Biological_Process_2021
GO_Biological_Process_2021,organonitrogen compound biosynthetic process (GO:1901566),2/158,0.470271536490919,0.7169335678856658,0,0,1.271950271950272,0.9596165405879008,ARG1;ACER3,2,GO_Biological_Process_2021
GO_Biological_Process_2021,regulation of cilium assembly (GO:1902017),1/64,0.4749388686968527,0.7187639326750422,0,0,1.574300071787509,1.1721753146425786,TBC1D15,2,GO_Biological_Process_2021
GO_Biological_Process_2021,lipid homeostasis (GO:0055088),1/64,0.4749388686968527,0.7187639326750422,0,0,1.574300071787509,1.1721753146425786,ABHD5,2,GO_Biological_Process_2021
GO_Biological_Process_2021,regulation of innate immune response (GO:0045088),1/64,0.4749388686968527,0.7187639326750422,0,0,1.574300071787509,1.1721753146425786,FPR2,2,GO_Biological_Process_2021
GO_Biological_Process_2021,BMP signaling pathway (GO:0030509),1/65,0.4802063242660991,0.720601396010622,0,0,1.5496231155778897,1.1367096495006708,USP15,2,GO_Biological_Process_2021
GO_Biological_Process_2021,regulation of cellular catabolic process (GO:0031329),1/65,0.4802063242660991,0.720601396010622,0,0,1.5496231155778897,1.1367096495006708,VPS29,2,GO_Biological_Process_2021
GO_Biological_Process_2021,chemical homeostasis (GO:0048878),1/65,0.4802063242660991,0.720601396010622,0,0,1.5496231155778897,1.1367096495006708,ABHD5,2,GO_Biological_Process_2021
GO_Biological_Process_2021,extracellular matrix disassembly (GO:0022617),1/66,0.4854211976341649,0.720601396010622,0,0,1.525705450328566,1.1026857881843173,CD44,2,GO_Biological_Process_2021
GO_Biological_Process_2021,positive regulation of cell cycle (GO:0045787),1/66,0.4854211976341649,0.720601396010622,0,0,1.525705450328566,1.1026857881843173,CCNYL1,2,GO_Biological_Process_2021
GO_Biological_Process_2021,cell-cell junction assembly (GO:0007043),1/66,0.4854211976341649,0.720601396010622,0,0,1.525705450328566,1.1026857881843173,LIM2,2,GO_Biological_Process_2021
GO_Biological_Process_2021,cellular component disassembly (GO:0022411),1/66,0.4854211976341649,0.720601396010622,0,0,1.525705450328566,1.1026857881843173,CD44,2,GO_Biological_Process_2021
GO_Biological_Process_2021,positive regulation of T cell proliferation (GO:0042102),1/66,0.4854211976341649,0.720601396010622,0,0,1.525705450328566,1.1026857881843173,TFRC,2,GO_Biological_Process_2021
GO_Biological_Process_2021,transcription elongation from RNA polymerase II promoter (GO:0006368),1/67,0.4905840112592053,0.7265315595314898,0,0,1.5025125628140703,1.0700274503610792,ELP4,2,GO_Biological_Process_2021
GO_Biological_Process_2021,interferon-gamma-mediated signaling pathway (GO:0060333),1/68,0.4956952821636893,0.7295428195168677,0,0,1.4800120003000077,1.0386633811930914,CD44,2,GO_Biological_Process_2021
GO_Biological_Process_2021,positive regulation of protein localization to nucleus (GO:1900182),1/68,0.4956952821636893,0.7295428195168677,0,0,1.4800120003000077,1.0386633811930914,TFRC,2,GO_Biological_Process_2021
GO_Biological_Process_2021,regulation of MAPK cascade (GO:0043408),2/166,0.4961360332084165,0.7295428195168677,0,0,1.209411185020941,0.8476825030852104,MYOC;CAV2,2,GO_Biological_Process_2021
GO_Biological_Process_2021,regulation of protein phosphorylation (GO:0001932),3/266,0.4984290000410134,0.7311859387394113,0,0,1.1312462604466234,0.7876801272531928,TFRC;FPR2;CORO1C,2,GO_Biological_Process_2021
GO_Biological_Process_2021,"DNA-templated transcription, elongation (GO:0006354)",1/69,0.500755522308534,0.7319453515708562,0,0,1.4581732190363583,1.0085269537658983,ELP4,2,GO_Biological_Process_2021
GO_Biological_Process_2021,positive regulation of cell-substrate adhesion (GO:0010811),1/70,0.5057652387756465,0.7319453515708562,0,0,1.4369674459252786,0.9795558086095748,MYOC,2,GO_Biological_Process_2021
GO_Biological_Process_2021,positive regulation of cell migration (GO:0030335),3/269,0.5059101526715422,0.7319453515708562,0,0,1.1183160948055415,0.7620163254906543,VTN;MYOC;RDX,2,GO_Biological_Process_2021
GO_Biological_Process_2021,fatty acid biosynthetic process (GO:0006633),1/71,0.5107249334696091,0.7319453515708562,0,0,1.416367552045944,0.9516915272016224,ACSM2B,2,GO_Biological_Process_2021
GO_Biological_Process_2021,positive regulation of cellular protein localization (GO:1903829),1/71,0.5107249334696091,0.7319453515708562,0,0,1.416367552045944,0.9516915272016224,TFRC,2,GO_Biological_Process_2021
GO_Biological_Process_2021,regulation of endopeptidase activity (GO:0052548),1/71,0.5107249334696091,0.7319453515708562,0,0,1.416367552045944,0.9516915272016224,VTN,2,GO_Biological_Process_2021
GO_Biological_Process_2021,cellular response to BMP stimulus (GO:0071773),1/71,0.5107249334696091,0.7319453515708562,0,0,1.416367552045944,0.9516915272016224,USP15,2,GO_Biological_Process_2021
GO_Biological_Process_2021,regulation of G1/S transition of mitotic cell cycle (GO:2000045),1/71,0.5107249334696091,0.7319453515708562,0,0,1.416367552045944,0.9516915272016224,RDX,2,GO_Biological_Process_2021
GO_Biological_Process_2021,regulation of glycolytic process (GO:0006110),1/71,0.5107249334696091,0.7319453515708562,0,0,1.416367552045944,0.9516915272016224,PRXL2C,2,GO_Biological_Process_2021
GO_Biological_Process_2021,positive regulation of I-kappaB kinase/NF-kappaB signaling (GO:0043123),2/171,0.5118910416934445,0.7319453515708562,0,0,1.1733309425617118,0.7857134223531504,TFRC;CLEC6A,2,GO_Biological_Process_2021
GO_Biological_Process_2021,neuron projection development (GO:0031175),2/171,0.5118910416934445,0.7319453515708562,0,0,1.1733309425617118,0.7857134223531504,GRXCR1;MYOC,2,GO_Biological_Process_2021
GO_Biological_Process_2021,negative regulation of epithelial cell proliferation (GO:0050680),1/72,0.5156351033007534,0.7356078767272215,0,0,1.396347936867436,0.9248793332622998,CAV2,2,GO_Biological_Process_2021
GO_Biological_Process_2021,regulation of Rho protein signal transduction (GO:0035023),1/73,0.5204962404113022,0.7357924125814317,0,0,1.3768844221105527,0.8990678202624621,MYOC,2,GO_Biological_Process_2021
GO_Biological_Process_2021,insulin receptor signaling pathway (GO:0008286),1/73,0.5204962404113022,0.7357924125814317,0,0,1.3768844221105527,0.8990678202624621,CAV2,2,GO_Biological_Process_2021
GO_Biological_Process_2021,positive regulation of synaptic transmission (GO:0050806),1/73,0.5204962404113022,0.7357924125814317,0,0,1.3768844221105527,0.8990678202624621,AKAP5,2,GO_Biological_Process_2021
GO_Biological_Process_2021,endoplasmic reticulum organization (GO:0007029),1/73,0.5204962404113022,0.7357924125814317,0,0,1.3768844221105527,0.8990678202624621,CAV2,2,GO_Biological_Process_2021
GO_Biological_Process_2021,regulation of stress fiber assembly (GO:0051492),1/74,0.5253088319278648,0.7392355055636469,0,0,1.3579541543333105,0.8742087038575203,MYOC,2,GO_Biological_Process_2021
GO_Biological_Process_2021,sphingolipid biosynthetic process (GO:0030148),1/74,0.5253088319278648,0.7392355055636469,0,0,1.3579541543333105,0.8742087038575203,ACER3,2,GO_Biological_Process_2021
GO_Biological_Process_2021,positive regulation of immune response (GO:0050778),1/75,0.5300733603880184,0.7396604138868276,0,0,1.3395355154149124,0.8502565938086776,FPR2,2,GO_Biological_Process_2021
GO_Biological_Process_2021,positive regulation of lymphocyte proliferation (GO:0050671),1/75,0.5300733603880184,0.7396604138868276,0,0,1.3395355154149124,0.8502565938086776,TFRC,2,GO_Biological_Process_2021
GO_Biological_Process_2021,positive regulation of T cell activation (GO:0050870),1/75,0.5300733603880184,0.7396604138868276,0,0,1.3395355154149124,0.8502565938086776,TFRC,2,GO_Biological_Process_2021
GO_Biological_Process_2021,positive regulation of developmental process (GO:0051094),2/177,0.5303674350378217,0.7396604138868276,0,0,1.1327561327561328,0.7183772187612621,TFRC;CORO1C,2,GO_Biological_Process_2021
GO_Biological_Process_2021,regulation of BMP signaling pathway (GO:0030510),1/76,0.5347903032317255,0.7424990370761904,0,0,1.321608040201005,0.8271687875669174,UBE2D3,2,GO_Biological_Process_2021
GO_Biological_Process_2021,cellular response to hormone stimulus (GO:0032870),1/76,0.5347903032317255,0.7424990370761904,0,0,1.321608040201005,0.8271687875669174,RDX,2,GO_Biological_Process_2021
GO_Biological_Process_2021,purine ribonucleotide metabolic process (GO:0009150),1/77,0.5394601334395485,0.7440004501095324,0,0,1.3041523406506217,0.8049050782659102,ACSM2B,2,GO_Biological_Process_2021
GO_Biological_Process_2021,negative regulation of developmental process (GO:0051093),1/77,0.5394601334395485,0.7440004501095324,0,0,1.3041523406506217,0.8049050782659102,TFRC,2,GO_Biological_Process_2021
GO_Biological_Process_2021,positive regulation of phosphatidylinositol 3-kinase signaling (GO:0014068),1/77,0.5394601334395485,0.7440004501095324,0,0,1.3041523406506217,0.8049050782659102,MYOC,2,GO_Biological_Process_2021
GO_Biological_Process_2021,protein modification process (GO:0036211),1/78,0.544083319204552,0.7487164259850251,0,0,1.2871500358937544,0.7834275809102157,UBE2D3,2,GO_Biological_Process_2021
GO_Biological_Process_2021,negative regulation of cell cycle (GO:0045786),1/80,0.5531916072648388,0.7496409144198906,0,0,1.254436740665352,0.7426903392796255,THAP5,2,GO_Biological_Process_2021
GO_Biological_Process_2021,negative regulation of cellular component organization (GO:0051129),1/80,0.5531916072648388,0.7496409144198906,0,0,1.254436740665352,0.7426903392796255,RDX,2,GO_Biological_Process_2021
GO_Biological_Process_2021,negative regulation of cellular response to growth factor stimulus (GO:0090288),1/80,0.5531916072648388,0.7496409144198906,0,0,1.254436740665352,0.7426903392796255,UBE2D3,2,GO_Biological_Process_2021
GO_Biological_Process_2021,response to interferon-gamma (GO:0034341),1/80,0.5531916072648388,0.7496409144198906,0,0,1.254436740665352,0.7426903392796255,CD58,2,GO_Biological_Process_2021
GO_Biological_Process_2021,lipid biosynthetic process (GO:0008610),1/80,0.5531916072648388,0.7496409144198906,0,0,1.254436740665352,0.7426903392796255,ACSM2B,2,GO_Biological_Process_2021
GO_Biological_Process_2021,regulation of organelle organization (GO:0033043),1/80,0.5531916072648388,0.7496409144198906,0,0,1.254436740665352,0.7426903392796255,RDX,2,GO_Biological_Process_2021
GO_Biological_Process_2021,regulation of protein localization to plasma membrane (GO:1903076),1/80,0.5531916072648388,0.7496409144198906,0,0,1.254436740665352,0.7426903392796255,AKAP5,2,GO_Biological_Process_2021
GO_Biological_Process_2021,negative regulation of protein modification process (GO:0031400),1/81,0.5576776229377498,0.7508127304486588,0,0,1.2386934673366834,0.7233650516865618,CORO1C,2,GO_Biological_Process_2021
GO_Biological_Process_2021,regulation of interleukin-8 production (GO:0032677),1/81,0.5576776229377498,0.7508127304486588,0,0,1.2386934673366834,0.7233650516865618,CD58,2,GO_Biological_Process_2021
GO_Biological_Process_2021,phospholipase C-activating G protein-coupled receptor signaling pathway (GO:0007200),1/81,0.5576776229377498,0.7508127304486588,0,0,1.2386934673366834,0.7233650516865618,FPR2,2,GO_Biological_Process_2021
GO_Biological_Process_2021,regulation of cyclin-dependent protein serine/threonine kinase activity (GO:0000079),1/82,0.5621188211968801,0.7535299715182314,0,0,1.2233389168062534,0.7046946278996441,CCNYL1,2,GO_Biological_Process_2021
GO_Biological_Process_2021,cell-cell junction organization (GO:0045216),1/82,0.5621188211968801,0.7535299715182314,0,0,1.2233389168062534,0.7046946278996441,LIM2,2,GO_Biological_Process_2021
GO_Biological_Process_2021,vascular transport (GO:0010232),1/84,0.5708685433147935,0.7591688603242017,0,0,1.1937397832536174,0.6692061267801053,TFRC,2,GO_Biological_Process_2021
GO_Biological_Process_2021,negative regulation of defense response (GO:0031348),1/85,0.5751779449472499,0.7591688603242017,0,0,1.1794687724335966,0.6523356544527062,FPR2,2,GO_Biological_Process_2021
GO_Biological_Process_2021,positive regulation of protein catabolic process (GO:0045732),1/85,0.5751779449472499,0.7591688603242017,0,0,1.1794687724335966,0.6523356544527062,RDX,2,GO_Biological_Process_2021
GO_Biological_Process_2021,regulation of Ras protein signal transduction (GO:0046578),1/86,0.5794442849420854,0.7591688603242017,0,0,1.1655335501034585,0.636015065932131,RDX,2,GO_Biological_Process_2021
GO_Biological_Process_2021,negative regulation of phosphorylation (GO:0042326),1/86,0.5794442849420854,0.7591688603242017,0,0,1.1655335501034585,0.636015065932131,CORO1C,2,GO_Biological_Process_2021
GO_Biological_Process_2021,regulation of interferon-gamma production (GO:0032649),1/86,0.5794442849420854,0.7591688603242017,0,0,1.1655335501034585,0.636015065932131,IL27,2,GO_Biological_Process_2021
GO_Biological_Process_2021,transport across blood-brain barrier (GO:0150104),1/86,0.5794442849420854,0.7591688603242017,0,0,1.1655335501034585,0.636015065932131,TFRC,2,GO_Biological_Process_2021
GO_Biological_Process_2021,protein localization to membrane (GO:0072657),2/195,0.5828991415938182,0.7591688603242017,0,0,1.0261684199508034,0.5538652785208128,DPP6;RDX,2,GO_Biological_Process_2021
GO_Biological_Process_2021,calcium ion transmembrane transport (GO:0070588),1/87,0.5836679914950987,0.7591688603242017,0,0,1.1519224027112305,0.6202214761277236,SLC24A4,2,GO_Biological_Process_2021
GO_Biological_Process_2021,sodium ion transmembrane transport (GO:0035725),1/87,0.5836679914950987,0.7591688603242017,0,0,1.1519224027112305,0.6202214761277236,SLC24A4,2,GO_Biological_Process_2021
GO_Biological_Process_2021,"retrograde transport, endosome to Golgi (GO:0042147)",1/88,0.5878494885157634,0.7591688603242017,0,0,1.138624155259054,0.6049331780092367,VPS29,2,GO_Biological_Process_2021
GO_Biological_Process_2021,sensory perception of mechanical stimulus (GO:0050954),1/88,0.5878494885157634,0.7591688603242017,0,0,1.138624155259054,0.6049331780092367,GRXCR1,2,GO_Biological_Process_2021
GO_Biological_Process_2021,regulation of cysteine-type endopeptidase activity involved in apoptotic process (GO:0043281),1/89,0.591989195722158,0.7591688603242017,0,0,1.1256281407035176,0.5901295699518402,CD44,2,GO_Biological_Process_2021
GO_Biological_Process_2021,second-messenger-mediated signaling (GO:0019932),1/89,0.591989195722158,0.7591688603242017,0,0,1.1256281407035176,0.5901295699518402,FPR2,2,GO_Biological_Process_2021
GO_Biological_Process_2021,transforming growth factor beta receptor signaling pathway (GO:0007179),1/89,0.591989195722158,0.7591688603242017,0,0,1.1256281407035176,0.5901295699518402,USP15,2,GO_Biological_Process_2021
GO_Biological_Process_2021,mitochondrial translational elongation (GO:0070125),1/89,0.591989195722158,0.7591688603242017,0,0,1.1256281407035176,0.5901295699518402,MRPS18C,2,GO_Biological_Process_2021
GO_Biological_Process_2021,mitochondrial translational termination (GO:0070126),1/89,0.591989195722158,0.7591688603242017,0,0,1.1256281407035176,0.5901295699518402,MRPS18C,2,GO_Biological_Process_2021
GO_Biological_Process_2021,positive regulation of binding (GO:0051099),1/90,0.5960875287025766,0.7591688603242017,0,0,1.1129241714188922,0.5757910883551692,VTN,2,GO_Biological_Process_2021
GO_Biological_Process_2021,cellular amino acid catabolic process (GO:0009063),1/90,0.5960875287025766,0.7591688603242017,0,0,1.1129241714188922,0.5757910883551692,ARG1,2,GO_Biological_Process_2021
GO_Biological_Process_2021,negative regulation of protein kinase activity (GO:0006469),1/90,0.5960875287025766,0.7591688603242017,0,0,1.1129241714188922,0.5757910883551692,CORO1C,2,GO_Biological_Process_2021
GO_Biological_Process_2021,sodium ion transport (GO:0006814),1/90,0.5960875287025766,0.7591688603242017,0,0,1.1129241714188922,0.5757910883551692,SLC24A4,2,GO_Biological_Process_2021
GO_Biological_Process_2021,modification-dependent protein catabolic process (GO:0019941),2/201,0.599426855548892,0.7591688603242017,0,0,0.9949241155271306,0.5091835781900128,RNF13;RNF149,2,GO_Biological_Process_2021
GO_Biological_Process_2021,sensory perception of sound (GO:0007605),1/91,0.6001448988156681,0.7591688603242017,0,0,1.100502512562814,0.5618991453376235,GRXCR1,2,GO_Biological_Process_2021
GO_Biological_Process_2021,toll-like receptor signaling pathway (GO:0002224),1/91,0.6001448988156681,0.7591688603242017,0,0,1.100502512562814,0.5618991453376235,UBE2D3,2,GO_Biological_Process_2021
GO_Biological_Process_2021,positive regulation of transport (GO:0051050),1/91,0.6001448988156681,0.7591688603242017,0,0,1.100502512562814,0.5618991453376235,FPR2,2,GO_Biological_Process_2021
GO_Biological_Process_2021,positive regulation of cellular component biogenesis (GO:0044089),1/92,0.6041617136020576,0.7591688603242017,0,0,1.0883538571980782,0.5484360698708618,TFRC,2,GO_Biological_Process_2021
GO_Biological_Process_2021,regulation of endothelial cell proliferation (GO:0001936),1/92,0.6041617136020576,0.7591688603242017,0,0,1.0883538571980782,0.5484360698708618,CAV2,2,GO_Biological_Process_2021
GO_Biological_Process_2021,cellular response to fibroblast growth factor stimulus (GO:0044344),1/92,0.6041617136020576,0.7591688603242017,0,0,1.0883538571980782,0.5484360698708618,CD44,2,GO_Biological_Process_2021
GO_Biological_Process_2021,T cell activation (GO:0042110),1/92,0.6041617136020576,0.7591688603242017,0,0,1.0883538571980782,0.5484360698708618,CD44,2,GO_Biological_Process_2021
GO_Biological_Process_2021,regulation of lipid metabolic process (GO:0019216),1/92,0.6041617136020576,0.7591688603242017,0,0,1.0883538571980782,0.5484360698708618,ANGPTL8,2,GO_Biological_Process_2021
GO_Biological_Process_2021,Wnt signaling pathway (GO:0016055),1/92,0.6041617136020576,0.7591688603242017,0,0,1.0883538571980782,0.5484360698708618,VPS29,2,GO_Biological_Process_2021
GO_Biological_Process_2021,translational termination (GO:0006415),1/96,0.6198314260741546,0.7772886028591214,0,0,1.0423168473948692,0.4985482066164667,MRPS18C,2,GO_Biological_Process_2021
GO_Biological_Process_2021,calcium ion homeostasis (GO:0055074),1/97,0.6236514348962008,0.7805054175159696,0,0,1.0314070351758795,0.4869929254325685,SLC24A4,2,GO_Biological_Process_2021
GO_Biological_Process_2021,positive regulation of defense response (GO:0031349),1/98,0.6274332493027582,0.7833511851545478,0,0,1.0207221675387246,0.4757769643136218,FPR2,2,GO_Biological_Process_2021
GO_Biological_Process_2021,negative regulation of inflammatory response (GO:0050728),2/212,0.6284441179937611,0.7833511851545478,0,0,0.9422799422799424,0.4376967299204192,FPR2;RXFP2,2,GO_Biological_Process_2021
GO_Biological_Process_2021,organic anion transport (GO:0015711),1/99,0.6311772493570809,0.784753945833691,0,0,1.0102553584247769,0.464887747030177,SLCO1A2,2,GO_Biological_Process_2021
GO_Biological_Process_2021,positive regulation of protein modification process (GO:0031401),2/214,0.6335420505971561,0.784753945833691,0,0,0.9332952163140842,0.4259829119553461,TFRC;FPR2,2,GO_Biological_Process_2021
GO_Biological_Process_2021,organic acid transport (GO:0015849),1/100,0.6348838112697764,0.784753945833691,0,0,1.0,0.454313271209604,SLCO1A2,2,GO_Biological_Process_2021
GO_Biological_Process_2021,positive regulation of protein localization to membrane (GO:1905477),1/101,0.6385533074411538,0.784753945833691,0,0,0.9899497487437184,0.4440420770500481,AKAP5,2,GO_Biological_Process_2021
GO_Biological_Process_2021,extracellular structure organization (GO:0043062),2/216,0.6385854884672146,0.784753945833691,0,0,0.9244784291513264,0.4146283193368318,VTN;CD44,2,GO_Biological_Process_2021
GO_Biological_Process_2021,external encapsulating structure organization (GO:0045229),2/217,0.6410868145146278,0.784753945833691,0,0,0.9201315480385248,0.409081648552525,VTN;CD44,2,GO_Biological_Process_2021
GO_Biological_Process_2021,positive regulation of cellular protein metabolic process (GO:0032270),1/102,0.642186106799596,0.784753945833691,0,0,0.9800985123637992,0.4340632175669919,RDX,2,GO_Biological_Process_2021
GO_Biological_Process_2021,regulation of cell death (GO:0010941),1/102,0.642186106799596,0.784753945833691,0,0,0.9800985123637992,0.4340632175669919,ACER3,2,GO_Biological_Process_2021
GO_Biological_Process_2021,calcium-mediated signaling (GO:0019722),1/102,0.642186106799596,0.784753945833691,0,0,0.9800985123637992,0.4340632175669919,FPR2,2,GO_Biological_Process_2021
GO_Biological_Process_2021,cell junction assembly (GO:0034329),1/102,0.642186106799596,0.784753945833691,0,0,0.9800985123637992,0.4340632175669919,LIM2,2,GO_Biological_Process_2021
GO_Biological_Process_2021,cellular metal ion homeostasis (GO:0006875),1/104,0.6493430720264805,0.7866173754744751,0,0,0.9609698980338586,0.4149411183845573,SLC24A4,2,GO_Biological_Process_2021
GO_Biological_Process_2021,steroid metabolic process (GO:0008202),1/104,0.6493430720264805,0.7866173754744751,0,0,0.9609698980338586,0.4149411183845573,CYP3A7,2,GO_Biological_Process_2021
GO_Biological_Process_2021,translational elongation (GO:0006414),1/104,0.6493430720264805,0.7866173754744751,0,0,0.9609698980338586,0.4149411183845573,MRPS18C,2,GO_Biological_Process_2021
GO_Biological_Process_2021,positive regulation of cell motility (GO:2000147),2/221,0.6509566170228185,0.7866173754744751,0,0,0.90314099903141,0.3877295210150006,MYOC;RDX,2,GO_Biological_Process_2021
GO_Biological_Process_2021,mitochondrial translation (GO:0032543),1/105,0.6528679573920863,0.7866173754744751,0,0,0.9516814843448008,0.4057783123183748,MRPS18C,2,GO_Biological_Process_2021
GO_Biological_Process_2021,positive regulation of cytokine production (GO:0001819),3/335,0.6540881747867144,0.7866173754744751,0,0,0.8929729068558498,0.3790787083175441,CLEC6A;IL27;CD58,2,GO_Biological_Process_2021
GO_Biological_Process_2021,protein processing (GO:0016485),1/106,0.6563575850020138,0.7866173754744751,0,0,0.9425699928212492,0.3968686613882323,CD5L,2,GO_Biological_Process_2021
GO_Biological_Process_2021,regulation of cell cycle process (GO:0010564),1/106,0.6563575850020138,0.7866173754744751,0,0,0.9425699928212492,0.3968686613882323,CAV2,2,GO_Biological_Process_2021
GO_Biological_Process_2021,positive regulation of protein serine/threonine kinase activity (GO:0071902),1/106,0.6563575850020138,0.7866173754744751,0,0,0.9425699928212492,0.3968686613882323,CCNYL1,2,GO_Biological_Process_2021
GO_Biological_Process_2021,regulation of phosphatidylinositol 3-kinase signaling (GO:0014066),1/106,0.6563575850020138,0.7866173754744751,0,0,0.9425699928212492,0.3968686613882323,MYOC,2,GO_Biological_Process_2021
GO_Biological_Process_2021,regulation of I-kappaB kinase/NF-kappaB signaling (GO:0043122),2/224,0.6582172994486138,0.7873291543404574,0,0,0.8907998907998907,0.3725504727262002,TFRC;CLEC6A,2,GO_Biological_Process_2021
GO_Biological_Process_2021,negative regulation of transmembrane receptor protein serine/threonine kinase signaling pathway (GO:0090101),1/108,0.6632324670568477,0.7918053637415725,0,0,0.9248579345324754,0.3797741558133871,UBE2D3,2,GO_Biological_Process_2021
GO_Biological_Process_2021,lipid transport (GO:0006869),1/109,0.6666184129739804,0.7943230897889192,0,0,0.916247906197655,0.3715728772578474,SLCO1A2,2,GO_Biological_Process_2021
GO_Biological_Process_2021,response to tumor necrosis factor (GO:0034612),1/110,0.6699704840956059,0.7967909007790954,0,0,0.9077958600341156,0.3635918695397154,CD58,2,GO_Biological_Process_2021
GO_Biological_Process_2021,inflammatory response (GO:0006954),2/230,0.6723772715757,0.7976871789467319,0,0,0.8670919723551302,0.3441797416335511,FPR2;CD44,2,GO_Biological_Process_2021
GO_Biological_Process_2021,cellular divalent inorganic cation homeostasis (GO:0072503),1/111,0.6732890175997336,0.7976871789467319,0,0,0.8994974874371859,0.3558237511616551,SLC24A4,2,GO_Biological_Process_2021
GO_Biological_Process_2021,positive regulation of cellular component organization (GO:0051130),1/114,0.683046714602197,0.8041568368117038,0,0,0.8754836127540356,0.3337273716848506,TFRC,2,GO_Biological_Process_2021
GO_Biological_Process_2021,cellular response to transforming growth factor beta stimulus (GO:0071560),1/114,0.683046714602197,0.8041568368117038,0,0,0.8754836127540356,0.3337273716848506,USP15,2,GO_Biological_Process_2021
GO_Biological_Process_2021,calcium ion transport (GO:0006816),1/115,0.6862344035181568,0.8041568368117038,0,0,0.8677598518910341,0.326742835332831,SLC24A4,2,GO_Biological_Process_2021
GO_Biological_Process_2021,cellular amide metabolic process (GO:0043603),1/115,0.6862344035181568,0.8041568368117038,0,0,0.8677598518910341,0.326742835332831,ACSM2B,2,GO_Biological_Process_2021
GO_Biological_Process_2021,regulation of protein-containing complex assembly (GO:0043254),1/116,0.6893901914288371,0.8041568368117038,0,0,0.8601704173039109,0.3199385396662478,TFRC,2,GO_Biological_Process_2021
GO_Biological_Process_2021,ion transport (GO:0006811),1/116,0.6893901914288371,0.8041568368117038,0,0,0.8601704173039109,0.3199385396662478,SLC24A4,2,GO_Biological_Process_2021
GO_Biological_Process_2021,sphingolipid metabolic process (GO:0006665),1/116,0.6893901914288371,0.8041568368117038,0,0,0.8601704173039109,0.3199385396662478,ACER3,2,GO_Biological_Process_2021
GO_Biological_Process_2021,cytosolic transport (GO:0016482),1/116,0.6893901914288371,0.8041568368117038,0,0,0.8601704173039109,0.3199385396662478,VPS29,2,GO_Biological_Process_2021
GO_Biological_Process_2021,ubiquitin-dependent protein catabolic process (GO:0006511),3/354,0.6903854515393084,0.8041568368117038,0,0,0.8438110113237017,0.3126363775917088,RNF13;RNF149;UBE2D3,2,GO_Biological_Process_2021
GO_Biological_Process_2021,adenylate cyclase-activating G protein-coupled receptor signaling pathway (GO:0007189),1/118,0.6956073317848006,0.8042151679742491,0,0,0.845380749903363,0.3068478138715934,RXFP2,2,GO_Biological_Process_2021
GO_Biological_Process_2021,negative regulation of response to external stimulus (GO:0032102),1/118,0.6956073317848006,0.8042151679742491,0,0,0.845380749903363,0.3068478138715934,FPR2,2,GO_Biological_Process_2021
GO_Biological_Process_2021,positive regulation of protein-containing complex assembly (GO:0031334),1/118,0.6956073317848006,0.8042151679742491,0,0,0.845380749903363,0.3068478138715934,TFRC,2,GO_Biological_Process_2021
GO_Biological_Process_2021,regulation of protein binding (GO:0043393),1/118,0.6956073317848006,0.8042151679742491,0,0,0.845380749903363,0.3068478138715934,VTN,2,GO_Biological_Process_2021
GO_Biological_Process_2021,membrane organization (GO:0061024),2/242,0.6992740996180559,0.8069545268319679,0,0,0.8232323232323232,0.294480478051793,TFRC;CORO1C,2,GO_Biological_Process_2021
GO_Biological_Process_2021,potassium ion transport (GO:0006813),1/122,0.7076725687660174,0.8151339588378941,0,0,0.8172681589767017,0.2825898889623316,SLC24A4,2,GO_Biological_Process_2021
GO_Biological_Process_2021,fatty acid metabolic process (GO:0006631),1/124,0.7135255255654438,0.8203565192268133,0,0,0.8038975364628018,0.2713452170770706,ACSM2B,2,GO_Biological_Process_2021
GO_Biological_Process_2021,regulation of phosphorylation (GO:0042325),1/125,0.7164081282131235,0.8212911841607596,0,0,0.7973739666072297,0.2659284143992235,CORO1C,2,GO_Biological_Process_2021
GO_Biological_Process_2021,protein transport (GO:0015031),3/369,0.7169792813493449,0.8212911841607596,0,0,0.8086044769909295,0.2690294492980863,VPS29;TFRC;TBC1D15,2,GO_Biological_Process_2021
GO_Biological_Process_2021,plasma membrane bounded cell projection organization (GO:0120036),1/128,0.7248839094130396,0.8288194699538798,0,0,0.7784196573418273,0.2504516688872366,MYOC,2,GO_Biological_Process_2021
GO_Biological_Process_2021,cellular response to insulin stimulus (GO:0032869),1/129,0.7276527766729426,0.8304587653037987,0,0,0.7722989949748744,0.2455380232172469,CAV2,2,GO_Biological_Process_2021
GO_Biological_Process_2021,regulation of primary metabolic process (GO:0080090),1/130,0.7303939147263233,0.8320604669592914,0,0,0.7662732265981068,0.2407410413206643,ANGPTL8,2,GO_Biological_Process_2021
GO_Biological_Process_2021,transmembrane receptor protein serine/threonine kinase signaling pathway (GO:0007178),1/133,0.7384537036728938,0.839704211489104,0,0,0.7487437185929648,0.2270167509014778,USP15,2,GO_Biological_Process_2021
GO_Biological_Process_2021,negative regulation of inflammatory response to antigenic stimulus (GO:0002862),1/136,0.7462737148219287,0.8455050102354092,0,0,0.7319932998324958,0.2142272351530403,RXFP2,2,GO_Biological_Process_2021
GO_Biological_Process_2021,organic substance transport (GO:0071702),1/136,0.7462737148219287,0.8455050102354092,0,0,0.7319932998324958,0.2142272351530403,SLCO1A2,2,GO_Biological_Process_2021
GO_Biological_Process_2021,regulation of inflammatory response to antigenic stimulus (GO:0002861),1/137,0.7488283343138599,0.8468567708058561,0,0,0.7265740467041087,0.210158284256341,RXFP2,2,GO_Biological_Process_2021
GO_Biological_Process_2021,potassium ion transmembrane transport (GO:0071805),1/139,0.7538610468365632,0.8510010365378262,0,0,0.715971160148569,0.202295658016559,SLC24A4,2,GO_Biological_Process_2021
GO_Biological_Process_2021,negative regulation of cell migration (GO:0030336),1/144,0.7660081552523519,0.863146870592324,0,0,0.690761499806726,0.1841310865645969,CORO1C,2,GO_Biological_Process_2021
GO_Biological_Process_2021,positive regulation of cytosolic calcium ion concentration (GO:0007204),1/147,0.7730081424044016,0.8694594296121841,0,0,0.6764645143525848,0.1741664076420715,FPR2,2,GO_Biological_Process_2021
GO_Biological_Process_2021,positive regulation of transferase activity (GO:0051347),1/148,0.7752948529641656,0.8701917793766235,0,0,0.6718285304071377,0.1709883332727604,POT1,2,GO_Biological_Process_2021
GO_Biological_Process_2021,positive regulation of hydrolase activity (GO:0051345),1/149,0.777558641095328,0.8701917793766235,0,0,0.6672551948933858,0.1678788815691765,CAV2,2,GO_Biological_Process_2021
GO_Biological_Process_2021,regulation of cell migration (GO:0030334),3/408,0.7778563172562745,0.8701917793766235,0,0,0.7292724196277496,0.1832030434777085,MYOC;RDX;CORO1C,2,GO_Biological_Process_2021
GO_Biological_Process_2021,regulation of cytokine production (GO:0001817),1/150,0.7797997353776313,0.8707997044971035,0,0,0.6627432464335098,0.164836268730291,CLEC6A,2,GO_Biological_Process_2021
GO_Biological_Process_2021,actin filament organization (GO:0007015),1/152,0.7842147458452606,0.8725967297240645,0,0,0.6538986322340178,0.1589447004917271,CORO1C,2,GO_Biological_Process_2021
GO_Biological_Process_2021,negative regulation of protein phosphorylation (GO:0001933),1/152,0.7842147458452606,0.8725967297240645,0,0,0.6538986322340178,0.1589447004917271,CORO1C,2,GO_Biological_Process_2021
GO_Biological_Process_2021,positive regulation of NF-kappaB transcription factor activity (GO:0051092),1/155,0.7906726445156229,0.8782114015869955,0,0,0.6410624551328069,0.1505671382701188,TFRC,2,GO_Biological_Process_2021
GO_Biological_Process_2021,cellular response to growth factor stimulus (GO:0071363),1/158,0.7969382105229577,0.8835928109541527,0,0,0.6287168325704958,0.1427049714417737,CD44,2,GO_Biological_Process_2021
GO_Biological_Process_2021,positive regulation of protein kinase B signaling (GO:0051897),1/161,0.803017144047044,0.8877869327627136,0,0,0.6168341708542714,0.1353205963518587,MYOC,2,GO_Biological_Process_2021
GO_Biological_Process_2021,extracellular matrix organization (GO:0030198),2/300,0.804592980118748,0.8877869327627136,0,0,0.6610399294963053,0.1437224713299629,VTN;CD44,2,GO_Biological_Process_2021
GO_Biological_Process_2021,peptide biosynthetic process (GO:0043043),1/162,0.8050029422478624,0.8877869327627136,0,0,0.6129716907518962,0.1329592889277211,MRPS18C,2,GO_Biological_Process_2021
GO_Biological_Process_2021,innate immune response (GO:0045087),2/302,0.8075623384422789,0.8890332292231814,0,0,0.6565656565656566,0.1403310786981967,CLEC4D;CLEC6A,2,GO_Biological_Process_2021
GO_Biological_Process_2021,regulation of intracellular signal transduction (GO:1902531),3/437,0.8158405227307426,0.8965597263931483,0,0,0.6795246672436782,0.1383079915359873,MYOC;CLEC6A;AKAP5,2,GO_Biological_Process_2021
GO_Biological_Process_2021,mitochondrion organization (GO:0007005),1/175,0.8290760267785648,0.9087051857725372,0,0,0.5667995148154565,0.1062428389619336,CAV2,2,GO_Biological_Process_2021
GO_Biological_Process_2021,defense response to bacterium (GO:0042742),1/176,0.8308003376270978,0.9087051857725372,0,0,0.5635319454414932,0.1044595389554742,FPR2,2,GO_Biological_Process_2021
GO_Biological_Process_2021,glycerophospholipid biosynthetic process (GO:0046474),1/177,0.8325073391839022,0.9087051857725372,0,0,0.5603015075376885,0.1027106854687509,ABHD5,2,GO_Biological_Process_2021
GO_Biological_Process_2021,negative regulation of immune response (GO:0050777),1/178,0.8341972043024418,0.9087051857725372,0,0,0.5571075717570906,0.1009954960513889,RXFP2,2,GO_Biological_Process_2021
GO_Biological_Process_2021,regulation of mitotic cell cycle (GO:0007346),1/178,0.8341972043024418,0.9087051857725372,0,0,0.5571075717570906,0.1009954960513889,CAV2,2,GO_Biological_Process_2021
GO_Biological_Process_2021,cellular protein localization (GO:0034613),2/329,0.8438964464609883,0.9176636183544312,0,0,0.6015197850060235,0.1020932376564434,VPS29;TBC1D15,2,GO_Biological_Process_2021
GO_Biological_Process_2021,intracellular protein transport (GO:0006886),2/336,0.8522476024395564,0.9251274148645796,0,0,0.5887013851085707,0.0941205067097099,VPS29;TBC1D15,2,GO_Biological_Process_2021
GO_Biological_Process_2021,cellular response to tumor necrosis factor (GO:0071356),1/194,0.8590391139870378,0.9292562241738044,0,0,0.51050589736246,0.0775666865527218,CD58,2,GO_Biological_Process_2021
GO_Biological_Process_2021,regulation of programmed cell death (GO:0043067),1/194,0.8590391139870378,0.9292562241738044,0,0,0.51050589736246,0.0775666865527218,ACER3,2,GO_Biological_Process_2021
GO_Biological_Process_2021,positive regulation of multicellular organismal process (GO:0051240),2/345,0.8623889482892236,0.9312328692559758,0,0,0.5729893689077362,0.0848304423250972,TFRC;CLEC6A,2,GO_Biological_Process_2021
GO_Biological_Process_2021,positive regulation of gene expression (GO:0010628),3/482,0.8638607163355274,0.9312328692559758,0,0,0.6142555874654261,0.0898924545300583,TFRC;CLEC6A;RDX,2,GO_Biological_Process_2021
GO_Biological_Process_2021,endomembrane system organization (GO:0010256),1/199,0.8660145054493834,0.9319394851029698,0,0,0.4974874371859296,0.0715653690513794,CAV2,2,GO_Biological_Process_2021
GO_Biological_Process_2021,proteasomal protein catabolic process (GO:0010498),1/205,0.8739329998369425,0.9383181637406868,0,0,0.4827076559266923,0.065045612310389,UBE2D3,2,GO_Biological_Process_2021
GO_Biological_Process_2021,regulation of inflammatory response (GO:0050727),1/206,0.875206707312448,0.9383181637406868,0,0,0.4803284716264248,0.064025471811619,FPR2,2,GO_Biological_Process_2021
GO_Biological_Process_2021,regulation of protein kinase B signaling (GO:0051896),1/207,0.8764676095391304,0.9383181637406868,0,0,0.477972386202859,0.0630233021279371,MYOC,2,GO_Biological_Process_2021
GO_Biological_Process_2021,negative regulation of multicellular organismal process (GO:0051241),1/214,0.8849459769149011,0.9441447643929132,0,0,0.4620992285370514,0.0564817782115859,CORO1C,2,GO_Biological_Process_2021
GO_Biological_Process_2021,translation (GO:0006412),1/214,0.8849459769149011,0.9441447643929132,0,0,0.4620992285370514,0.0564817782115859,MRPS18C,2,GO_Biological_Process_2021
GO_Biological_Process_2021,regulation of cell growth (GO:0001558),1/217,0.8883998988689175,0.9462067416035388,0,0,0.4556113902847571,0.0539139996930819,TFRC,2,GO_Biological_Process_2021
GO_Biological_Process_2021,negative regulation of programmed cell death (GO:0043069),2/381,0.8969061122738662,0.9536335074091364,0,0,0.5176034753871166,0.0563173756340477,TFRC;CD44,2,GO_Biological_Process_2021
GO_Biological_Process_2021,positive regulation of macromolecule metabolic process (GO:0010604),2/384,0.8993873416769104,0.9546398063533076,0,0,0.5134591993230737,0.0544479728668411,TFRC;RDX,2,GO_Biological_Process_2021
GO_Biological_Process_2021,regulation of autophagy (GO:0010506),1/231,0.9032024612713536,0.9570561003590834,0,0,0.427572645837885,0.04353054728426,VPS29,2,GO_Biological_Process_2021
GO_Biological_Process_2021,anterograde trans-synaptic signaling (GO:0098916),1/244,0.915191548398542,0.9681107875916548,0,0,0.404429555183324,0.0358413128074068,AKAP5,2,GO_Biological_Process_2021
GO_Biological_Process_2021,positive regulation of DNA-binding transcription factor activity (GO:0051091),1/246,0.9168999781627214,0.96827128423975,0,0,0.4010870679930263,0.0347970657329219,TFRC,2,GO_Biological_Process_2021
GO_Biological_Process_2021,cellular protein metabolic process (GO:0044267),2/417,0.9232506108992092,0.9733252203039122,0,0,0.4718267007423634,0.0376775152666955,UBE2D3;MRPS18C,2,GO_Biological_Process_2021
GO_Biological_Process_2021,cellular component assembly (GO:0022607),1/261,0.92866746518439,0.9773792949994764,0,0,0.3776575183610359,0.0279483760059464,POT1,2,GO_Biological_Process_2021
GO_Biological_Process_2021,protein deubiquitination (GO:0016579),1/267,0.9328960361865728,0.9801711731554869,0,0,0.3690255790229342,0.0256330754014875,USP15,2,GO_Biological_Process_2021
GO_Biological_Process_2021,inorganic cation transmembrane transport (GO:0098662),1/274,0.9375150731680164,0.9820245619209548,0,0,0.3594345353139323,0.0231915943964372,SLC24A4,2,GO_Biological_Process_2021
GO_Biological_Process_2021,protein modification by small protein removal (GO:0070646),1/276,0.938775696982069,0.9820245619209548,0,0,0.3567839195979899,0.0225411451710038,USP15,2,GO_Biological_Process_2021
GO_Biological_Process_2021,DNA metabolic process (GO:0006259),1/277,0.9393964860819424,0.9820245619209548,0,0,0.3554730172602141,0.02222333625369,POT1,2,GO_Biological_Process_2021
GO_Biological_Process_2021,regulation of cell cycle (GO:0051726),1/296,0.9500701265174428,0.9915161387480697,0,0,0.332254492802998,0.0170179022577091,THAP5,2,GO_Biological_Process_2021
GO_Biological_Process_2021,chemical synaptic transmission (GO:0007268),1/306,0.9549136361159888,0.9932534992282246,0,0,0.3211961446577148,0.0148181837000505,AKAP5,2,GO_Biological_Process_2021
GO_Biological_Process_2021,negative regulation of apoptotic process (GO:0043066),2/485,0.9566844269152492,0.9932534992282246,0,0,0.4039776648472301,0.0178888154786401,TFRC;CD44,2,GO_Biological_Process_2021
GO_Biological_Process_2021,protein polyubiquitination (GO:0000209),1/314,0.9584494379787424,0.9932534992282246,0,0,0.3128582208165428,0.0132772239317099,UBE2D3,2,GO_Biological_Process_2021
GO_Biological_Process_2021,cellular macromolecule biosynthetic process (GO:0034645),1/314,0.9584494379787424,0.9932534992282246,0,0,0.3128582208165428,0.0132772239317099,MRPS18C,2,GO_Biological_Process_2021
GO_Biological_Process_2021,transcription by RNA polymerase II (GO:0006366),1/320,0.9609189451734752,0.9932534992282246,0,0,0.3068792237047305,0.0122338070978475,ELP4,2,GO_Biological_Process_2021
GO_Biological_Process_2021,proteasome-mediated ubiquitin-dependent protein catabolic process (GO:0043161),1/321,0.9613160876774778,0.9932534992282246,0,0,0.3059045226130653,0.0120685478922295,UBE2D3,2,GO_Biological_Process_2021
GO_Biological_Process_2021,negative regulation of transcription by RNA polymerase II (GO:0000122),3/684,0.9692163667987708,0.9981841689192944,0,0,0.4275363939265189,0.0133679528400364,THAP5;UBE2D3;ZNF705A,2,GO_Biological_Process_2021
GO_Biological_Process_2021,protein ubiquitination (GO:0016567),2/525,0.9692978103332056,0.9981841689192944,0,0,0.3723081677192575,0.0116098257697995,RNF13;UBE2D3,2,GO_Biological_Process_2021
GO_Biological_Process_2021,supramolecular fiber organization (GO:0097435),1/351,0.971532463962775,0.9986406017531329,0,0,0.2792534099066762,0.0080650044648875,CORO1C,2,GO_Biological_Process_2021
GO_Biological_Process_2021,gene expression (GO:0010467),1/356,0.9729520975279716,0.9986406017531329,0,0,0.2752494868709746,0.0075474592148238,MRPS18C,2,GO_Biological_Process_2021
GO_Biological_Process_2021,transmembrane receptor protein tyrosine kinase signaling pathway (GO:0007169),1/404,0.9834585245220536,0.999995732325538,0,0,0.2418669027519732,0.004034294792654,CAV2,2,GO_Biological_Process_2021
GO_Biological_Process_2021,protein modification by small protein conjugation (GO:0032446),1/409,0.9842855528222344,0.999995732325538,0,0,0.2388412651492757,0.0037830612714729,UBE2D3,2,GO_Biological_Process_2021
GO_Biological_Process_2021,organelle organization (GO:0006996),1/420,0.9859629968410084,0.999995732325538,0,0,0.2324390448663364,0.003285863782467,CAV2,2,GO_Biological_Process_2021
GO_Biological_Process_2021,cytokine-mediated signaling pathway (GO:0019221),2/621,0.986815686369103,0.999995732325538,0,0,0.3130007669587637,0.0041541456326868,IL27;CD44,2,GO_Biological_Process_2021
GO_Biological_Process_2021,positive regulation of cellular process (GO:0048522),2/625,0.9872786571476224,0.999995732325538,0,0,0.310926277218412,0.0039807742001742,ACER3;FPR2,2,GO_Biological_Process_2021
GO_Biological_Process_2021,positive regulation of cell population proliferation (GO:0008284),1/474,0.9919420586538026,0.999995732325538,0,0,0.2053289704335631,0.0016612308760119,ACER3,2,GO_Biological_Process_2021
GO_Biological_Process_2021,cellular response to cytokine stimulus (GO:0071345),1/482,0.9925790515720656,0.999995732325538,0,0,0.201830357609252,0.0015033577701897,CD58,2,GO_Biological_Process_2021
GO_Biological_Process_2021,protein phosphorylation (GO:0006468),1/496,0.9935755116556476,0.999995732325538,0,0,0.1959798994974874,0.0012631324283928,USP15,2,GO_Biological_Process_2021
GO_Biological_Process_2021,regulation of apoptotic process (GO:0042981),2/742,0.9955988474398108,0.999995732325538,0,0,0.2601692601692602,0.0011475717811914,TFRC;CD44,2,GO_Biological_Process_2021
GO_Biological_Process_2021,regulation of cell population proliferation (GO:0042127),2/764,0.9964062695570802,0.999995732325538,0,0,0.2523661815000397,0.000908569585911699,TFRC;ACER3,2,GO_Biological_Process_2021
GO_Biological_Process_2021,"negative regulation of transcription, DNA-templated (GO:0045892)",3/948,0.9964646050890532,0.999995732325538,0,0,0.3038433647570703,0.0010761096446128,THAP5;UBE2D3;ZNF705A,2,GO_Biological_Process_2021
GO_Biological_Process_2021,negative regulation of cellular process (GO:0048523),1/566,0.996880168492041,0.999995732325538,0,0,0.1710766220482945,0.0005345645456674033,THAP5,2,GO_Biological_Process_2021
GO_Biological_Process_2021,cellular protein modification process (GO:0006464),2/1025,0.9996925564058172,0.999995732325538,0,0,0.1854024112088628,5.700954773143568e-05,EPB42;UBE2D3,2,GO_Biological_Process_2021
GO_Biological_Process_2021,regulation of gene expression (GO:0010468),2/1079,0.999816392492179,0.999995732325538,0,0,0.1756000112546073,3.224444069108598e-05,TFRC;RDX,2,GO_Biological_Process_2021
GO_Biological_Process_2021,regulation of transcription by RNA polymerase II (GO:0006357),4/2206,0.9999955720974758,0.999995732325538,0,0,0.1630984818995718,7.221857785808737e-07,THAP5;UBE2D3;ZNF705A;ELP4,2,GO_Biological_Process_2021
GO_Biological_Process_2021,"regulation of transcription, DNA-templated (GO:0006355)",2/2244,0.999995732325538,0.999995732325538,0,0,0.0791050559114787,3.375953473060151e-07,ZNF705A;ELP4,2,GO_Biological_Process_2021
KEGG_2021_Human,C-type lectin receptor signaling pathway,4/104,0.0205564585653846,0.9937065420195442,0,0,4.020408163265306,15.617597552926842,CLEC4D;PPP3R2;CLEC6A;CLEC1B,2,KEGG_2021_Human
KEGG_2021_Human,Mitophagy,2/68,0.1481287080780672,0.9937065420195442,0,0,3.0202020202020203,5.767600469255814,USP15;TBC1D15,2,KEGG_2021_Human
KEGG_2021_Human,Retinol metabolism,2/68,0.1481287080780672,0.9937065420195442,0,0,3.0202020202020203,5.767600469255814,ADH1A;CYP3A7,2,KEGG_2021_Human
KEGG_2021_Human,Proteoglycans in cancer,4/205,0.1502043308201809,0.9937065420195442,0,0,1.9899482180932075,3.7724616596919134,VTN;CAV2;RDX;CD44,2,KEGG_2021_Human
KEGG_2021_Human,Arginine biosynthesis,1/22,0.1984625719282345,0.9937065420195442,0,0,4.732950466618808,7.653913334056085,ARG1,2,KEGG_2021_Human
KEGG_2021_Human,ECM-receptor interaction,2/88,0.2198775013707891,0.9937065420195442,0,0,2.315480385247827,3.5072227118932733,VTN;CD44,2,KEGG_2021_Human
KEGG_2021_Human,Butanoate metabolism,1/28,0.2454244493195781,0.9937065420195442,0,0,3.680067001675042,5.169633447658624,ACSM2B,2,KEGG_2021_Human
KEGG_2021_Human,Hematopoietic cell lineage,2/99,0.2605209452628556,0.9937065420195442,0,0,2.0517546600020826,2.7597577787968723,TFRC;CD44,2,KEGG_2021_Human
KEGG_2021_Human,Tyrosine metabolism,1/36,0.3038080819844295,0.9937065420195442,0,0,2.8377602297200286,3.380791434126185,ADH1A,2,KEGG_2021_Human
KEGG_2021_Human,Ferroptosis,1/41,0.3379920100397979,0.9937065420195442,0,0,2.4824120603015074,2.6927543377926204,TFRC,2,KEGG_2021_Human
KEGG_2021_Human,Fatty acid degradation,1/43,0.3511932019412653,0.9937065420195442,0,0,2.363962670495334,2.473694919601735,ADH1A,2,KEGG_2021_Human
KEGG_2021_Human,Pyruvate metabolism,1/47,0.376814886705751,0.9937065420195442,0,0,2.1579637317019884,2.1061752538856453,ADH1A,2,KEGG_2021_Human
KEGG_2021_Human,Sphingolipid metabolism,1/49,0.3892456229672477,0.9937065420195442,0,0,2.0678391959799,1.9510987409424116,ACER3,2,KEGG_2021_Human
KEGG_2021_Human,Arginine and proline metabolism,1/50,0.3953681557510544,0.9937065420195442,0,0,2.025535842477695,1.8795714928238212,ARG1,2,KEGG_2021_Human
KEGG_2021_Human,Malaria,1/50,0.3953681557510544,0.9937065420195442,0,0,2.025535842477695,1.8795714928238212,GYPB,2,KEGG_2021_Human
KEGG_2021_Human,Cholesterol metabolism,1/50,0.3953681557510544,0.9937065420195442,0,0,2.025535842477695,1.8795714928238212,ANGPTL8,2,KEGG_2021_Human
KEGG_2021_Human,Regulation of lipolysis in adipocytes,1/55,0.4250767749174149,0.9937065420195442,0,0,1.8375209380234503,1.5719724807707876,ABHD5,2,KEGG_2021_Human
KEGG_2021_Human,VEGF signaling pathway,1/59,0.4477942115947188,0.9937065420195442,0,0,1.7104487957026513,1.3742113392020114,PPP3R2,2,KEGG_2021_Human
KEGG_2021_Human,Steroid hormone biosynthesis,1/61,0.4588157080798082,0.9937065420195442,0,0,1.6532663316582914,1.288070804786777,CYP3A7,2,KEGG_2021_Human
KEGG_2021_Human,Endocytosis,3/252,0.4628031466485777,0.9937065420195442,0,0,1.195706684606446,0.921236381632643,VPS29;TFRC;CAV2,2,KEGG_2021_Human
KEGG_2021_Human,Long-term potentiation,1/67,0.4905840112592053,0.9937065420195442,0,0,1.5025125628140703,1.0700274503610792,PPP3R2,2,KEGG_2021_Human
KEGG_2021_Human,Glycolysis / Gluconeogenesis,1/67,0.4905840112592053,0.9937065420195442,0,0,1.5025125628140703,1.0700274503610792,ADH1A,2,KEGG_2021_Human
KEGG_2021_Human,Amphetamine addiction,1/69,0.500755522308534,0.9937065420195442,0,0,1.4581732190363583,1.0085269537658983,PPP3R2,2,KEGG_2021_Human
KEGG_2021_Human,Renin secretion,1/69,0.500755522308534,0.9937065420195442,0,0,1.4581732190363583,1.0085269537658983,PPP3R2,2,KEGG_2021_Human
KEGG_2021_Human,Metabolism of xenobiotics by cytochrome P450,1/76,0.5347903032317255,0.9937065420195442,0,0,1.321608040201005,0.8271687875669174,ADH1A,2,KEGG_2021_Human
KEGG_2021_Human,Bacterial invasion of epithelial cells,1/77,0.5394601334395485,0.9937065420195442,0,0,1.3041523406506217,0.8049050782659102,CAV2,2,KEGG_2021_Human
KEGG_2021_Human,B cell receptor signaling pathway,1/81,0.5576776229377498,0.9937065420195442,0,0,1.2386934673366834,0.7233650516865618,PPP3R2,2,KEGG_2021_Human
KEGG_2021_Human,Complement and coagulation cascades,1/85,0.5751779449472499,0.9937065420195442,0,0,1.1794687724335966,0.6523356544527062,VTN,2,KEGG_2021_Human
KEGG_2021_Human,Taste transduction,1/86,0.5794442849420854,0.9937065420195442,0,0,1.1655335501034585,0.636015065932131,TAS2R42,2,KEGG_2021_Human
KEGG_2021_Human,PD-L1 expression and PD-1 checkpoint pathway in cancer,1/89,0.591989195722158,0.9937065420195442,0,0,1.1256281407035176,0.5901295699518402,PPP3R2,2,KEGG_2021_Human
KEGG_2021_Human,Bile secretion,1/90,0.5960875287025766,0.9937065420195442,0,0,1.1129241714188922,0.5757910883551692,SLCO1A2,2,KEGG_2021_Human
KEGG_2021_Human,Focal adhesion,2/201,0.599426855548892,0.9937065420195442,0,0,0.9949241155271306,0.5091835781900128,VTN;CAV2,2,KEGG_2021_Human
KEGG_2021_Human,Epstein-Barr virus infection,2/202,0.6021333969171315,0.9937065420195442,0,0,0.98989898989899,0.5021522659436054,CD58;CD44,2,KEGG_2021_Human
KEGG_2021_Human,Th1 and Th2 cell differentiation,1/92,0.6041617136020576,0.9937065420195442,0,0,1.0883538571980782,0.5484360698708618,PPP3R2,2,KEGG_2021_Human
KEGG_2021_Human,Staphylococcus aureus infection,1/95,0.6159728391110465,0.9937065420195442,0,0,1.0534587832780926,0.5104559909803796,FPR2,2,KEGG_2021_Human
KEGG_2021_Human,Amoebiasis,1/102,0.642186106799596,0.9937065420195442,0,0,0.9800985123637992,0.4340632175669919,ARG1,2,KEGG_2021_Human
KEGG_2021_Human,T cell receptor signaling pathway,1/104,0.6493430720264805,0.9937065420195442,0,0,0.9609698980338586,0.4149411183845573,PPP3R2,2,KEGG_2021_Human
KEGG_2021_Human,Th17 cell differentiation,1/107,0.6598123057378238,0.9937065420195442,0,0,0.933630416232104,0.388203405372955,PPP3R2,2,KEGG_2021_Human
KEGG_2021_Human,Glucagon signaling pathway,1/107,0.6598123057378238,0.9937065420195442,0,0,0.933630416232104,0.388203405372955,PPP3R2,2,KEGG_2021_Human
KEGG_2021_Human,Drug metabolism,1/108,0.6632324670568477,0.9937065420195442,0,0,0.9248579345324754,0.3797741558133871,ADH1A,2,KEGG_2021_Human
KEGG_2021_Human,HIF-1 signaling pathway,1/109,0.6666184129739804,0.9937065420195442,0,0,0.916247906197655,0.3715728772578474,TFRC,2,KEGG_2021_Human
KEGG_2021_Human,Glutamatergic synapse,1/114,0.683046714602197,0.9937065420195442,0,0,0.8754836127540356,0.3337273716848506,PPP3R2,2,KEGG_2021_Human
KEGG_2021_Human,Shigellosis,2/246,0.7078260186562699,0.9937065420195442,0,0,0.8095711210465308,0.2797529288928009,UBE2D3;CD44,2,KEGG_2021_Human
KEGG_2021_Human,Osteoclast differentiation,1/127,0.7220870340624399,0.9937065420195442,0,0,0.7846374730796841,0.2554854949797123,PPP3R2,2,KEGG_2021_Human
KEGG_2021_Human,Oocyte meiosis,1/129,0.7276527766729426,0.9937065420195442,0,0,0.7722989949748744,0.2455380232172469,PPP3R2,2,KEGG_2021_Human
KEGG_2021_Human,Relaxin signaling pathway,1/129,0.7276527766729426,0.9937065420195442,0,0,0.7722989949748744,0.2455380232172469,RXFP2,2,KEGG_2021_Human
KEGG_2021_Human,Natural killer cell mediated cytotoxicity,1/131,0.7331076000158043,0.9937065420195442,0,0,0.7603401623502126,0.2360573310794884,PPP3R2,2,KEGG_2021_Human
KEGG_2021_Human,Fluid shear stress and atherosclerosis,1/139,0.7538610468365632,0.9937065420195442,0,0,0.715971160148569,0.202295658016559,CAV2,2,KEGG_2021_Human
KEGG_2021_Human,Ubiquitin mediated proteolysis,1/140,0.7563396476796467,0.9937065420195442,0,0,0.7107841365098876,0.1984969430102926,UBE2D3,2,KEGG_2021_Human
KEGG_2021_Human,Prion disease,2/273,0.7603836959122781,0.9937065420195442,0,0,0.7279063699727907,0.1993969278525846,PPP3R2;CAV2,2,KEGG_2021_Human
KEGG_2021_Human,Cell adhesion molecules,1/148,0.7752948529641656,0.9937065420195442,0,0,0.6718285304071377,0.1709883332727604,CD58,2,KEGG_2021_Human
KEGG_2021_Human,Phagosome,1/152,0.7842147458452606,0.9937065420195442,0,0,0.6538986322340178,0.1589447004917271,TFRC,2,KEGG_2021_Human
KEGG_2021_Human,Oxytocin signaling pathway,1/154,0.7885416683216506,0.9937065420195442,0,0,0.6452852497783033,0.1533004354551218,PPP3R2,2,KEGG_2021_Human
KEGG_2021_Human,Cellular senescence,1/156,0.7927822517353202,0.9937065420195442,0,0,0.6368941481601557,0.1478910775849179,PPP3R2,2,KEGG_2021_Human
KEGG_2021_Human,Ribosome,1/158,0.7969382105229577,0.9937065420195442,0,0,0.6287168325704958,0.1427049714417737,MRPS18C,2,KEGG_2021_Human
KEGG_2021_Human,Wnt signaling pathway,1/166,0.8127489127472175,0.9937065420195442,0,0,0.5979899497487438,0.1239830846623929,PPP3R2,2,KEGG_2021_Human
KEGG_2021_Human,cGMP-PKG signaling pathway,1/167,0.8146370791826294,0.9937065420195442,0,0,0.5943573288127384,0.1218507214181255,PPP3R2,2,KEGG_2021_Human
KEGG_2021_Human,Tight junction,1/169,0.8183567646763946,0.9937065420195442,0,0,0.5872218234027279,0.1177126632932345,RDX,2,KEGG_2021_Human
KEGG_2021_Human,MicroRNAs in cancer,2/310,0.819043571600042,0.9937065420195442,0,0,0.6392496392496393,0.1276057316541563,RDX;CD44,2,KEGG_2021_Human
KEGG_2021_Human,Protein processing in endoplasmic reticulum,1/171,0.8220021720657791,0.9937065420195442,0,0,0.5802542122376588,0.1137369287884457,UBE2D3,2,KEGG_2021_Human
KEGG_2021_Human,Tuberculosis,1/180,0.8375262086141492,0.9937065420195442,0,0,0.5508267594958031,0.0976630837566713,PPP3R2,2,KEGG_2021_Human
KEGG_2021_Human,Axon guidance,1/182,0.840788699468915,0.9937065420195442,0,0,0.544684749715428,0.0944564512523902,PPP3R2,2,KEGG_2021_Human
KEGG_2021_Human,Neutrophil extracellular trap formation,1/189,0.8517024816274591,0.9937065420195442,0,0,0.5242168288249759,0.0841462437992407,FPR2,2,KEGG_2021_Human
KEGG_2021_Human,Kaposi sarcoma-associated herpesvirus infection,1/193,0.8576012689701117,0.9937065420195442,0,0,0.5131909547738693,0.0788343463225011,PPP3R2,2,KEGG_2021_Human
KEGG_2021_Human,Neuroactive ligand-receptor interaction,2/341,0.8579625155978091,0.9937065420195442,0,0,0.5798694913739162,0.0888330305147032,FPR2;RXFP2,2,KEGG_2021_Human
KEGG_2021_Human,Human immunodeficiency virus 1 infection,1/212,0.8825844796760208,0.9937065420195442,0,0,0.4665269475338779,0.0582695736095748,PPP3R2,2,KEGG_2021_Human
KEGG_2021_Human,Lipid and atherosclerosis,1/215,0.8861089424910463,0.9937065420195442,0,0,0.4599164044521673,0.0556109649792641,PPP3R2,2,KEGG_2021_Human
KEGG_2021_Human,Regulation of actin cytoskeleton,1/218,0.8895281226354582,0.9937065420195442,0,0,0.4534886413634995,0.053087265123602,RDX,2,KEGG_2021_Human
KEGG_2021_Human,Human T-cell leukemia virus 1 infection,1/219,0.890644996754936,0.9937065420195442,0,0,0.4513853672029874,0.0522746519698697,PPP3R2,2,KEGG_2021_Human
KEGG_2021_Human,Human cytomegalovirus infection,1/225,0.8971141839201324,0.9937065420195442,0,0,0.4391600861450108,0.0476805458252078,PPP3R2,2,KEGG_2021_Human
KEGG_2021_Human,Chemical carcinogenesis,1/239,0.9107660305427376,0.9937065420195442,0,0,0.4130315442760018,0.0386057452722416,CYP3A7,2,KEGG_2021_Human
KEGG_2021_Human,Calcium signaling pathway,1/240,0.911669143034964,0.9937065420195442,0,0,0.4112823531885368,0.0380346255936602,PPP3R2,2,KEGG_2021_Human
KEGG_2021_Human,Olfactory transduction,2/440,0.936625096566434,0.9937065420195442,0,0,0.4465199944651999,0.029234640664938,SLC24A4;OR51J1,2,KEGG_2021_Human
KEGG_2021_Human,MAPK signaling pathway,1/294,0.9490410077191068,0.9937065420195442,0,0,0.3345567427581594,0.0174984115798528,PPP3R2,2,KEGG_2021_Human
KEGG_2021_Human,Cytokine-cytokine receptor interaction,1/295,0.9495581785718222,0.9937065420195442,0,0,0.3334017023894985,0.0172563645969773,IL27,2,KEGG_2021_Human
KEGG_2021_Human,Human papillomavirus infection,1/331,0.9650731654782848,0.9937065420195442,0,0,0.2964824120603015,0.0105403533706479,VTN,2,KEGG_2021_Human
KEGG_2021_Human,PI3K-Akt signaling pathway,1/354,0.9723929008190164,0.9937065420195442,0,0,0.2768374450154455,0.0077501576356843,VTN,2,KEGG_2021_Human
KEGG_2021_Human,Amyotrophic lateral sclerosis,1/364,0.9750783988975512,0.9937065420195442,0,0,0.2690726359068067,0.006790694304129,PPP3R2,2,KEGG_2021_Human
KEGG_2021_Human,Alzheimer disease,1/369,0.9763219916792903,0.9937065420195442,0,0,0.2653484815381254,0.0063585025359431,PPP3R2,2,KEGG_2021_Human
KEGG_2021_Human,Pathways of neurodegeneration,1/475,0.9920245671614012,0.9937065420195442,0,0,0.2048851854207747,0.0016405990106176,PPP3R2,2,KEGG_2021_Human
KEGG_2021_Human,Herpes simplex virus 1 infection,1/498,0.9937065420195442,0.9937065420195442,0,0,0.1951710261569416,0.0012321820750093,ZNF705A,2,KEGG_2021_Human
Reactome_2022,Dectin-2 Family R-HSA-5621480,2/29,0.0338474516440146,0.9999958088554096,0,0,7.397306397306397,25.046477343523872,CLEC4D;CLEC6A,2,Reactome_2022
Reactome_2022,Abacavir Metabolism R-HSA-2161541,1/5,0.049014519870416,0.9999958088554096,0,0,24.86934673366834,74.99696447567176,ADH1A,2,Reactome_2022
Reactome_2022,Conjugation Of Benzoate With Glycine R-HSA-177135,1/6,0.0585267307609904,0.9999958088554096,0,0,19.894472361809044,56.46591775214154,ACSM2B,2,Reactome_2022
Reactome_2022,Insulin-like Growth Factor-2 mRNA Binding Proteins (IGF2BPs/IMPs/VICKZs) Bind RNA R-HSA-428359,1/7,0.0679442688885301,0.9999958088554096,0,0,16.57788944723618,44.57906348265406,CD44,2,Reactome_2022
Reactome_2022,Formyl Peptide Receptors Bind Formyl Peptides And Many Other Ligands R-HSA-444473,1/8,0.0772680713380291,0.9999958088554096,0,0,14.208901651112706,36.38152974515558,FPR2,2,Reactome_2022
Reactome_2022,ROBO Receptors Bind AKAP5 R-HSA-9010642,1/8,0.0772680713380291,0.9999958088554096,0,0,14.208901651112706,36.38152974515558,AKAP5,2,Reactome_2022
Reactome_2022,Conjugation Of Salicylate With Glycine R-HSA-177128,1/8,0.0772680713380291,0.9999958088554096,0,0,14.208901651112706,36.38152974515558,ACSM2B,2,Reactome_2022
Reactome_2022,Relaxin Receptors R-HSA-444821,1/8,0.0772680713380291,0.9999958088554096,0,0,14.208901651112706,36.38152974515558,RXFP2,2,Reactome_2022
Reactome_2022,Amino Acid Conjugation R-HSA-156587,1/9,0.0864990660572792,0.9999958088554096,0,0,12.4321608040201,30.429226090981548,ACSM2B,2,Reactome_2022
Reactome_2022,Sodium/Calcium Exchangers R-HSA-425561,1/10,0.0956381720564831,0.9999958088554096,0,0,11.050251256281408,25.93696464958489,SLC24A4,2,Reactome_2022
Reactome_2022,Abacavir ADME R-HSA-2161522,1/10,0.0956381720564831,0.9999958088554096,0,0,11.050251256281408,25.93696464958489,ADH1A,2,Reactome_2022
Reactome_2022,Sensory Processing Of Sound By Outer Hair Cells Of Cochlea R-HSA-9662361,2/53,0.0984917971521169,0.9999958088554096,0,0,3.9114676173499694,9.065929283683165,GRXCR1;RDX,2,Reactome_2022
Reactome_2022,Transport Of Organic Anions R-HSA-879518,1/11,0.1046862992439068,0.9999958088554096,0,0,9.944723618090451,22.4431232477853,SLCO1A2,2,Reactome_2022
Reactome_2022,Interleukin-27 Signaling R-HSA-9020956,1/11,0.1046862992439068,0.9999958088554096,0,0,9.944723618090451,22.4431232477853,IL27,2,Reactome_2022
Reactome_2022,Ethanol Oxidation R-HSA-71384,1/11,0.1046862992439068,0.9999958088554096,0,0,9.944723618090451,22.4431232477853,ADH1A,2,Reactome_2022
Reactome_2022,Telomere C-strand Synthesis Initiation R-HSA-174430,1/12,0.1136443487055952,0.9999958088554096,0,0,9.040201005025123,19.659557478207127,POT1,2,Reactome_2022
Reactome_2022,Hyaluronan Uptake And Degradation R-HSA-2160916,1/12,0.1136443487055952,0.9999958088554096,0,0,9.040201005025123,19.659557478207127,CD44,2,Reactome_2022
Reactome_2022,Integrin Cell Surface Interactions R-HSA-216083,2/66,0.1412394085870013,0.9999958088554096,0,0,3.11489898989899,6.096788351656931,VTN;CD44,2,Reactome_2022
Reactome_2022,Sensory Processing Of Sound By Inner Hair Cells Of Cochlea R-HSA-9662360,2/67,0.1446753520694938,0.9999958088554096,0,0,3.0668220668220667,5.928973623253177,GRXCR1;RDX,2,Reactome_2022
Reactome_2022,Hyaluronan Metabolism R-HSA-2142845,1/16,0.1485934818111902,0.9999958088554096,0,0,6.628140703517588,12.636822082241835,CD44,2,Reactome_2022
Reactome_2022,Cell Surface Interactions At Vascular Wall R-HSA-202733,3/134,0.1508793106612941,0.9999958088554096,0,0,2.286472662455923,4.32434865075451,GYPB;CD58;CD44,2,Reactome_2022
Reactome_2022,Removal Of Flap Intermediate From C-strand R-HSA-174437,1/17,0.157114351192228,0.9999958088554096,0,0,6.21356783919598,11.499955704952034,POT1,2,Reactome_2022
Reactome_2022,Recycling Of Bile Acids And Salts R-HSA-159418,1/18,0.1655503660358053,0.9999958088554096,0,0,5.847768253029855,10.51709310132786,SLCO1A2,2,Reactome_2022
Reactome_2022,Sensory Processing Of Sound R-HSA-9659379,2/75,0.1727335422229741,0.9999958088554096,0,0,2.72962501729625,4.793235424721277,GRXCR1;RDX,2,Reactome_2022
Reactome_2022,"TICAM1, RIP1-mediated IKK Complex Recruitment R-HSA-168927",1/19,0.1739023671527052,0.9999958088554096,0,0,5.522613065326633,9.66049300943,UBE2D3,2,Reactome_2022
Reactome_2022,Assembly Of Active LPL And LIPC Lipase Complexes R-HSA-8963889,1/19,0.1739023671527052,0.9999958088554096,0,0,5.522613065326633,9.66049300943,ANGPTL8,2,Reactome_2022
Reactome_2022,Processive Synthesis On C-strand Of Telomere R-HSA-174414,1/19,0.1739023671527052,0.9999958088554096,0,0,5.522613065326633,9.66049300943,POT1,2,Reactome_2022
Reactome_2022,Syndecan Interactions R-HSA-3000170,1/20,0.182171186958547,0.9999958088554096,0,0,5.231684739486909,8.908556962758436,VTN,2,Reactome_2022
Reactome_2022,RA Biosynthesis Pathway R-HSA-5365859,1/22,0.1984625719282345,0.9999958088554096,0,0,4.732950466618808,7.653913334056085,ADH1A,2,Reactome_2022
Reactome_2022,Telomere Extension By Telomerase R-HSA-171319,1/23,0.2064867613185778,0.9999958088554096,0,0,4.517587939698492,7.126580711797677,POT1,2,Reactome_2022
Reactome_2022,IKK Complex Recruitment Mediated By RIP1 R-HSA-937041,1/23,0.2064867613185778,0.9999958088554096,0,0,4.517587939698492,7.126580711797677,UBE2D3,2,Reactome_2022
Reactome_2022,Triglyceride Catabolism R-HSA-163560,1/23,0.2064867613185778,0.9999958088554096,0,0,4.517587939698492,7.126580711797677,ABHD5,2,Reactome_2022
Reactome_2022,Polymerase Switching On C-strand Of Telomere R-HSA-174411,1/25,0.2222961348450487,0.9999958088554096,0,0,4.14070351758794,6.226561570384656,POT1,2,Reactome_2022
Reactome_2022,Inactivation Of CSF3 (G-CSF) Signaling R-HSA-9705462,1/25,0.2222961348450487,0.9999958088554096,0,0,4.14070351758794,6.226561570384656,UBE2D3,2,Reactome_2022
Reactome_2022,WNT Ligand Biogenesis And Trafficking R-HSA-3238698,1/26,0.2300828957266827,0.9999958088554096,0,0,3.974874371859297,5.840344997302112,VPS29,2,Reactome_2022
Reactome_2022,Downregulation Of TGF-beta Receptor Signaling R-HSA-2173788,1/26,0.2300828957266827,0.9999958088554096,0,0,3.974874371859297,5.840344997302112,USP15,2,Reactome_2022
Reactome_2022,Signaling By TGF-beta Receptor Complex R-HSA-170834,2/91,0.2309239500321694,0.9999958088554096,0,0,2.237090001134945,3.2788286401533377,USP15;UBE2D3,2,Reactome_2022
Reactome_2022,Signaling By BMP R-HSA-201451,1/27,0.2377920775242915,0.9999958088554096,0,0,3.821801314263626,5.489477227235043,UBE2D3,2,Reactome_2022
Reactome_2022,Recycling Pathway Of L1 R-HSA-437239,1/28,0.2454244493195781,0.9999958088554096,0,0,3.680067001675042,5.169633447658624,RDX,2,Reactome_2022
Reactome_2022,Molecules Associated With Elastic Fibres R-HSA-2129379,1/28,0.2454244493195781,0.9999958088554096,0,0,3.680067001675042,5.169633447658624,VTN,2,Reactome_2022
Reactome_2022,Drug ADME R-HSA-9748784,2/95,0.2457050463032076,0.9999958088554096,0,0,2.140436624307592,3.004367063071291,ADH1A;ACSM2B,2,Reactome_2022
Reactome_2022,Signaling By CSF3 (G-CSF) R-HSA-9674555,1/30,0.2604618012849767,0.9999958088554096,0,0,3.425922717033443,4.608890626901229,UBE2D3,2,Reactome_2022
Reactome_2022,"Glutamate Binding, Activation Of AMPA Receptors And Synaptic Plasticity R-HSA-399721",1/31,0.2678682819607093,0.9999958088554096,0,0,3.3115577889447234,4.362182296847866,AKAP5,2,Reactome_2022
Reactome_2022,Transferrin Endocytosis And Recycling R-HSA-917977,1/31,0.2678682819607093,0.9999958088554096,0,0,3.3115577889447234,4.362182296847866,TFRC,2,Reactome_2022
Reactome_2022,Downregulation Of SMAD2/3:SMAD4 Transcriptional Activity R-HSA-2173795,1/31,0.2678682819607093,0.9999958088554096,0,0,3.3115577889447234,4.362182296847866,UBE2D3,2,Reactome_2022
Reactome_2022,GPVI-mediated Activation Cascade R-HSA-114604,1/32,0.2752009537742224,0.9999958088554096,0,0,3.204571243313341,4.1347099266061775,CLEC1B,2,Reactome_2022
Reactome_2022,Packaging Of Telomere Ends R-HSA-171306,1/33,0.2824605485993796,0.9999958088554096,0,0,3.1042713567839195,3.9244707255325473,POT1,2,Reactome_2022
Reactome_2022,Plasma Lipoprotein Remodeling R-HSA-8963899,1/33,0.2824605485993796,0.9999958088554096,0,0,3.1042713567839195,3.9244707255325473,ANGPTL8,2,Reactome_2022
Reactome_2022,Telomere C-strand (Lagging Strand) Synthesis R-HSA-174417,1/33,0.2824605485993796,0.9999958088554096,0,0,3.1042713567839195,3.9244707255325473,POT1,2,Reactome_2022
Reactome_2022,Negative Regulators Of DDX58/IFIH1 Signaling R-HSA-936440,1/35,0.2967633987534311,0.9999958088554096,0,0,2.9213715637008573,3.54894088012851,UBE2D3,2,Reactome_2022
Reactome_2022,RHOH GTPase Cycle R-HSA-9013407,1/36,0.3038080819844295,0.9999958088554096,0,0,2.8377602297200286,3.380791434126185,TFRC,2,Reactome_2022
Reactome_2022,Triglyceride Metabolism R-HSA-8979227,1/37,0.3107825442509396,0.9999958088554096,0,0,2.758793969849246,3.2240971983470845,ABHD5,2,Reactome_2022
Reactome_2022,Cleavage Of Damaged Purine R-HSA-110331,1/37,0.3107825442509396,0.9999958088554096,0,0,2.758793969849246,3.2240971983470845,POT1,2,Reactome_2022
Reactome_2022,Elastic Fibre Formation R-HSA-1566948,1/39,0.3245235847719431,0.9999958088554096,0,0,2.6133298069293835,2.941033694945818,VTN,2,Reactome_2022
Reactome_2022,Neutrophil Degranulation R-HSA-6798695,6/468,0.3271107256453361,0.9999958088554096,0,0,1.2945508100147276,1.4466042882558428,CLEC4D;CLEC12A;TARM1;FPR2;CD58;CD44,2,Reactome_2022
Reactome_2022,Class C/3 (Metabotropic Glutamate/Pheromone Receptors) R-HSA-420499,1/40,0.3312915354401823,0.9999958088554096,0,0,2.54619250096637,2.8129227654318845,TAS2R42,2,Reactome_2022
Reactome_2022,Signaling By TGFB Family Members R-HSA-9006936,2/119,0.3342934948533607,0.9999958088554096,0,0,1.6993006993006994,1.8619848571697335,USP15;UBE2D3,2,Reactome_2022
Reactome_2022,Non-integrin membrane-ECM Interactions R-HSA-3000171,1/41,0.3379920100397979,0.9999958088554096,0,0,2.4824120603015074,2.6927543377926204,VTN,2,Reactome_2022
Reactome_2022,Signaling By Retinoic Acid R-HSA-5362517,1/41,0.3379920100397979,0.9999958088554096,0,0,2.4824120603015074,2.6927543377926204,ADH1A,2,Reactome_2022
Reactome_2022,Glucagon-like Peptide-1 (GLP1) Regulates Insulin Secretion R-HSA-381676,1/42,0.344625677945044,0.9999958088554096,0,0,2.4217428606446867,2.579874053958348,AKAP5,2,Reactome_2022
Reactome_2022,RND1 GTPase Cycle R-HSA-9696273,1/42,0.344625677945044,0.9999958088554096,0,0,2.4217428606446867,2.579874053958348,TFRC,2,Reactome_2022
Reactome_2022,Cleavage Of Damaged Pyrimidine R-HSA-110329,1/42,0.344625677945044,0.9999958088554096,0,0,2.4217428606446867,2.579874053958348,POT1,2,Reactome_2022
Reactome_2022,"Transport Of Vitamins, Nucleosides, And Related Molecules R-HSA-425397",1/43,0.3511932019412653,0.9999958088554096,0,0,2.363962670495334,2.473694919601735,SLCO1A2,2,Reactome_2022
Reactome_2022,RND2 GTPase Cycle R-HSA-9696270,1/43,0.3511932019412653,0.9999958088554096,0,0,2.363962670495334,2.473694919601735,TFRC,2,Reactome_2022
Reactome_2022,Sphingolipid De Novo Biosynthesis R-HSA-1660661,1/44,0.3576952382847675,0.9999958088554096,0,0,2.308869931050602,2.373689018141451,ACER3,2,Reactome_2022
Reactome_2022,TGF-beta Receptor Signaling Activates SMADs R-HSA-2173789,1/44,0.3576952382847675,0.9999958088554096,0,0,2.308869931050602,2.373689018141451,USP15,2,Reactome_2022
Reactome_2022,Aspirin ADME R-HSA-9749641,1/44,0.3576952382847675,0.9999958088554096,0,0,2.308869931050602,2.373689018141451,ACSM2B,2,Reactome_2022
Reactome_2022,"Base-Excision Repair, AP Site Formation R-HSA-73929",1/44,0.3576952382847675,0.9999958088554096,0,0,2.308869931050602,2.373689018141451,POT1,2,Reactome_2022
Reactome_2022,TBC/RABGAPs R-HSA-8854214,1/45,0.3641324366778817,0.9999958088554096,0,0,2.256281407035176,2.279380404926681,TBC1D15,2,Reactome_2022
Reactome_2022,Bile Acid And Bile Salt Metabolism R-HSA-194068,1/45,0.3641324366778817,0.9999958088554096,0,0,2.256281407035176,2.279380404926681,SLCO1A2,2,Reactome_2022
Reactome_2022,Heme Signaling R-HSA-9707616,1/45,0.3641324366778817,0.9999958088554096,0,0,2.256281407035176,2.279380404926681,CLEC1B,2,Reactome_2022
Reactome_2022,Regulation Of Complement Cascade R-HSA-977606,1/45,0.3641324366778817,0.9999958088554096,0,0,2.256281407035176,2.279380404926681,VTN,2,Reactome_2022
Reactome_2022,Inhibition Of DNA Recombination At Telomere R-HSA-9670095,1/48,0.3830614060395898,0.9999958088554096,0,0,2.111942692184326,2.026535673888961,POT1,2,Reactome_2022
Reactome_2022,Extension Of Telomeres R-HSA-180786,1/50,0.3953681557510544,0.9999958088554096,0,0,2.025535842477695,1.8795714928238212,POT1,2,Reactome_2022
Reactome_2022,Transcriptional Activity Of SMAD2/SMAD3:SMAD4 Heterotrimer R-HSA-2173793,1/51,0.4014296166851454,0.9999958088554096,0,0,1.984924623115578,1.8116864795932897,UBE2D3,2,Reactome_2022
Reactome_2022,C-type Lectin Receptors (CLRs) R-HSA-5621481,2/141,0.4128120829524558,0.9999958088554096,0,0,1.4287479107622991,1.264102994197814,CLEC4D;CLEC6A,2,Reactome_2022
Reactome_2022,RHOJ GTPase Cycle R-HSA-9013409,1/54,0.4192535996279672,0.9999958088554096,0,0,1.8722859580923483,1.627539412897697,TFRC,2,Reactome_2022
Reactome_2022,Interleukin-12 Family Signaling R-HSA-447115,1/54,0.4192535996279672,0.9999958088554096,0,0,1.8722859580923483,1.627539412897697,IL27,2,Reactome_2022
Reactome_2022,Golgi Associated Vesicle Biogenesis R-HSA-432722,1/55,0.4250767749174149,0.9999958088554096,0,0,1.8375209380234503,1.5719724807707876,TFRC,2,Reactome_2022
Reactome_2022,Complement Cascade R-HSA-166658,1/55,0.4250767749174149,0.9999958088554096,0,0,1.8375209380234503,1.5719724807707876,VTN,2,Reactome_2022
Reactome_2022,ECM Proteoglycans R-HSA-3000178,1/55,0.4250767749174149,0.9999958088554096,0,0,1.8375209380234503,1.5719724807707876,VTN,2,Reactome_2022
Reactome_2022,E3 Ubiquitin Ligases Ubiquitinate Target Proteins R-HSA-8866654,1/56,0.4308418497249187,0.9999958088554096,0,0,1.8040201005025125,1.5190105312629705,UBE2D3,2,Reactome_2022
Reactome_2022,RHOQ GTPase Cycle R-HSA-9013406,1/59,0.4477942115947188,0.9999958088554096,0,0,1.7104487957026513,1.3742113392020114,TFRC,2,Reactome_2022
Reactome_2022,Iron Uptake And Transport R-HSA-917937,1/59,0.4477942115947188,0.9999958088554096,0,0,1.7104487957026513,1.3742113392020114,TFRC,2,Reactome_2022
Reactome_2022,Meiotic Synapsis R-HSA-1221632,1/60,0.4533325962584122,0.9999958088554096,0,0,1.681372966527553,1.330183274831934,POT1,2,Reactome_2022
Reactome_2022,DNA Damage/Telomere Stress Induced Senescence R-HSA-2559586,1/61,0.4588157080798082,0.9999958088554096,0,0,1.6532663316582914,1.288070804786777,POT1,2,Reactome_2022
Reactome_2022,Peroxisomal Protein Import R-HSA-9033241,1/63,0.4696183035751055,0.9999958088554096,0,0,1.5997730588426,1.2091645247691418,UBE2D3,2,Reactome_2022
Reactome_2022,Oxygen-dependent Proline Hydroxylation Of Hypoxia-inducible Factor Alpha R-HSA-1234176,1/64,0.4749388686968527,0.9999958088554096,0,0,1.574300071787509,1.1721753146425786,UBE2D3,2,Reactome_2022
Reactome_2022,RHOB GTPase Cycle R-HSA-9013026,1/69,0.500755522308534,0.9999958088554096,0,0,1.4581732190363583,1.0085269537658983,TFRC,2,Reactome_2022
Reactome_2022,"Plasma Lipoprotein Assembly, Remodeling, And Clearance R-HSA-174824",1/71,0.5107249334696091,0.9999958088554096,0,0,1.416367552045944,0.9516915272016224,ANGPTL8,2,Reactome_2022
Reactome_2022,trans-Golgi Network Vesicle Budding R-HSA-199992,1/71,0.5107249334696091,0.9999958088554096,0,0,1.416367552045944,0.9516915272016224,TFRC,2,Reactome_2022
Reactome_2022,Base Excision Repair R-HSA-73884,1/72,0.5156351033007534,0.9999958088554096,0,0,1.396347936867436,0.9248793332622998,POT1,2,Reactome_2022
Reactome_2022,RHOC GTPase Cycle R-HSA-9013106,1/73,0.5204962404113022,0.9999958088554096,0,0,1.3768844221105527,0.8990678202624621,TFRC,2,Reactome_2022
Reactome_2022,Cellular Response To Hypoxia R-HSA-1234174,1/73,0.5204962404113022,0.9999958088554096,0,0,1.3768844221105527,0.8990678202624621,UBE2D3,2,Reactome_2022
Reactome_2022,Extra-nuclear Estrogen Signaling R-HSA-9009391,1/73,0.5204962404113022,0.9999958088554096,0,0,1.3768844221105527,0.8990678202624621,CAV2,2,Reactome_2022
Reactome_2022,Formation Of Cornified Envelope R-HSA-6809371,1/74,0.5253088319278648,0.9999958088554096,0,0,1.3579541543333105,0.8742087038575203,LIPN,2,Reactome_2022
Reactome_2022,RHOG GTPase Cycle R-HSA-9013408,1/74,0.5253088319278648,0.9999958088554096,0,0,1.3579541543333105,0.8742087038575203,TFRC,2,Reactome_2022
Reactome_2022,Protein Ubiquitination R-HSA-8852135,1/76,0.5347903032317255,0.9999958088554096,0,0,1.321608040201005,0.8271687875669174,UBE2D3,2,Reactome_2022
Reactome_2022,Regulation Of Insulin Secretion R-HSA-422356,1/77,0.5394601334395485,0.9999958088554096,0,0,1.3041523406506217,0.8049050782659102,AKAP5,2,Reactome_2022
Reactome_2022,DDX58/IFIH1-mediated Induction Of Interferon-Alpha/Beta R-HSA-168928,1/81,0.5576776229377498,0.9999958088554096,0,0,1.2386934673366834,0.7233650516865618,UBE2D3,2,Reactome_2022
Reactome_2022,Mitochondrial Translation Elongation R-HSA-5389840,1/82,0.5621188211968801,0.9999958088554096,0,0,1.2233389168062534,0.7046946278996441,MRPS18C,2,Reactome_2022
Reactome_2022,Mitochondrial Translation Initiation R-HSA-5368286,1/82,0.5621188211968801,0.9999958088554096,0,0,1.2233389168062534,0.7046946278996441,MRPS18C,2,Reactome_2022
Reactome_2022,Mitochondrial Translation Termination R-HSA-5419276,1/82,0.5621188211968801,0.9999958088554096,0,0,1.2233389168062534,0.7046946278996441,MRPS18C,2,Reactome_2022
Reactome_2022,RAC2 GTPase Cycle R-HSA-9013404,1/87,0.5836679914950987,0.9999958088554096,0,0,1.1519224027112305,0.6202214761277236,TFRC,2,Reactome_2022
Reactome_2022,Peptide Ligand-Binding Receptors R-HSA-375276,2/196,0.5856880874581174,0.9999958088554096,0,0,1.0208268249505363,0.5461095879886158,FPR2;RXFP2,2,Reactome_2022
Reactome_2022,Meiosis R-HSA-1500620,1/88,0.5878494885157634,0.9999958088554096,0,0,1.138624155259054,0.6049331780092367,POT1,2,Reactome_2022
Reactome_2022,Mitochondrial Translation R-HSA-5368287,1/88,0.5878494885157634,0.9999958088554096,0,0,1.138624155259054,0.6049331780092367,MRPS18C,2,Reactome_2022
Reactome_2022,Sphingolipid Metabolism R-HSA-428157,1/89,0.591989195722158,0.9999958088554096,0,0,1.1256281407035176,0.5901295699518402,ACER3,2,Reactome_2022
Reactome_2022,Interferon Gamma Signaling R-HSA-877300,1/89,0.591989195722158,0.9999958088554096,0,0,1.1256281407035176,0.5901295699518402,CD44,2,Reactome_2022
Reactome_2022,Telomere Maintenance R-HSA-157579,1/92,0.6041617136020576,0.9999958088554096,0,0,1.0883538571980782,0.5484360698708618,POT1,2,Reactome_2022
Reactome_2022,RAC3 GTPase Cycle R-HSA-9013423,1/93,0.6081383763355012,0.9999958088554096,0,0,1.0764693030369237,0.5353850545471538,TFRC,2,Reactome_2022
Reactome_2022,UCH Proteinases R-HSA-5689603,1/95,0.6159728391110465,0.9999958088554096,0,0,1.0534587832780926,0.5104559909803796,USP15,2,Reactome_2022
Reactome_2022,L1CAM Interactions R-HSA-373760,1/99,0.6311772493570809,0.9999958088554096,0,0,1.0102553584247769,0.464887747030177,RDX,2,Reactome_2022
Reactome_2022,SLC Transporter Disorders R-HSA-5619102,1/99,0.6311772493570809,0.9999958088554096,0,0,1.0102553584247769,0.464887747030177,SLC24A4,2,Reactome_2022
Reactome_2022,Biological Oxidations R-HSA-211859,2/218,0.6435745701424557,0.9999958088554096,0,0,0.915824915824916,0.4036199542746232,ADH1A;ACSM2B,2,Reactome_2022
Reactome_2022,Toll Like Receptor 3 (TLR3) Cascade R-HSA-168164,1/103,0.6457825744876868,0.9999958088554096,0,0,0.9704404374815252,0.4243662317025385,UBE2D3,2,Reactome_2022
Reactome_2022,Phase I - Functionalization Of Compounds R-HSA-211945,1/104,0.6493430720264805,0.9999958088554096,0,0,0.9609698980338586,0.4149411183845573,ADH1A,2,Reactome_2022
Reactome_2022,Transport Of Inorganic Cations/Anions And Amino Acids/Oligopeptides R-HSA-425393,1/104,0.6493430720264805,0.9999958088554096,0,0,0.9609698980338586,0.4149411183845573,SLC24A4,2,Reactome_2022
Reactome_2022,Cargo Recognition For Clathrin-Mediated Endocytosis R-HSA-8856825,1/104,0.6493430720264805,0.9999958088554096,0,0,0.9609698980338586,0.4149411183845573,TFRC,2,Reactome_2022
Reactome_2022,Integration Of Energy Metabolism R-HSA-163685,1/105,0.6528679573920863,0.9999958088554096,0,0,0.9516814843448008,0.4057783123183748,AKAP5,2,Reactome_2022
Reactome_2022,Phase II - Conjugation Of Compounds R-HSA-156580,1/107,0.6598123057378238,0.9999958088554096,0,0,0.933630416232104,0.388203405372955,ACSM2B,2,Reactome_2022
Reactome_2022,MyD88-independent TLR4 Cascade R-HSA-166166,1/107,0.6598123057378238,0.9999958088554096,0,0,0.933630416232104,0.388203405372955,UBE2D3,2,Reactome_2022
Reactome_2022,Degradation Of Extracellular Matrix R-HSA-1474228,1/109,0.6666184129739804,0.9999958088554096,0,0,0.916247906197655,0.3715728772578474,CD44,2,Reactome_2022
Reactome_2022,Reproduction R-HSA-1474165,1/113,0.6798268039735822,0.9999958088554096,0,0,0.8833452979181622,0.3408981557475202,POT1,2,Reactome_2022
Reactome_2022,Hemostasis R-HSA-109582,5/576,0.6865252311174872,0.9999958088554096,0,0,0.8634873591090754,0.3247682176768984,GYPB;HBD;CD58;CLEC1B;CD44,2,Reactome_2022
Reactome_2022,Chromosome Maintenance R-HSA-73886,1/118,0.6956073317848006,0.9999958088554096,0,0,0.845380749903363,0.3068478138715934,POT1,2,Reactome_2022
Reactome_2022,Glycosaminoglycan Metabolism R-HSA-1630316,1/120,0.701700639474265,0.9999958088554096,0,0,0.8310882141801444,0.294411674622422,CD44,2,Reactome_2022
Reactome_2022,Rab Regulation Of Trafficking R-HSA-9007101,1/122,0.7076725687660174,0.9999958088554096,0,0,0.8172681589767017,0.2825898889623316,TBC1D15,2,Reactome_2022
Reactome_2022,SLC-mediated Transmembrane Transport R-HSA-425407,2/247,0.7099322090701349,0.9999958088554096,0,0,0.8062255205112348,0.2762014098360295,SLC24A4;SLCO1A2,2,Reactome_2022
Reactome_2022,Immunoregulatory Interactions Between A Lymphoid And A non-Lymphoid Cell R-HSA-198933,1/123,0.7106137702230504,0.9999958088554096,0,0,0.8105280500864981,0.2768976317492876,CLEC1B,2,Reactome_2022
Reactome_2022,Innate Immune System R-HSA-168249,9/1035,0.7129476444414805,0.9999958088554096,0,0,0.8622209975199779,0.2917301389437185,VTN;CLEC4D;CLEC12A;CLEC6A;UBE2D3;TARM1;FPR2;CD58;CD44,2,Reactome_2022
Reactome_2022,ADORA2B Mediated Anti-Inflammatory Cytokine Production R-HSA-9660821,1/131,0.7331076000158043,0.9999958088554096,0,0,0.7603401623502126,0.2360573310794884,RXFP2,2,Reactome_2022
Reactome_2022,Signaling By Nuclear Receptors R-HSA-9006931,2/260,0.7361780170388152,0.9999958088554096,0,0,0.7650927883486023,0.2343351581931792,CAV2;ADH1A,2,Reactome_2022
Reactome_2022,Factors Involved In Megakaryocyte Development And Platelet Production R-HSA-983231,1/136,0.7462737148219287,0.9999958088554096,0,0,0.7319932998324958,0.2142272351530403,HBD,2,Reactome_2022
Reactome_2022,Toll Like Receptor 4 (TLR4) Cascade R-HSA-166016,1/140,0.7563396476796467,0.9999958088554096,0,0,0.7107841365098876,0.1984969430102926,UBE2D3,2,Reactome_2022
Reactome_2022,Clathrin-mediated Endocytosis R-HSA-8856828,1/142,0.7612225890637079,0.9999958088554096,0,0,0.7006308136426815,0.1911527324338831,TFRC,2,Reactome_2022
Reactome_2022,RHOA GTPase Cycle R-HSA-8980692,1/147,0.7730081424044016,0.9999958088554096,0,0,0.6764645143525848,0.1741664076420715,TFRC,2,Reactome_2022
Reactome_2022,CDC42 GTPase Cycle R-HSA-9013148,1/149,0.777558641095328,0.9999958088554096,0,0,0.6672551948933858,0.1678788815691765,TFRC,2,Reactome_2022
Reactome_2022,G Alpha (S) Signaling Events R-HSA-418555,1/153,0.7863891079150508,0.9999958088554096,0,0,0.6495636075112404,0.1560924478581284,RXFP2,2,Reactome_2022
Reactome_2022,Metabolism Of Steroids R-HSA-8957322,1/153,0.7863891079150508,0.9999958088554096,0,0,0.6495636075112404,0.1560924478581284,SLCO1A2,2,Reactome_2022
Reactome_2022,Extracellular Matrix Organization R-HSA-1474244,2/291,0.7907246116547657,0.9999958088554096,0,0,0.6819405123903394,0.1601233993327284,VTN;CD44,2,Reactome_2022
Reactome_2022,Toll-like Receptor Cascades R-HSA-168898,1/162,0.8050029422478624,0.9999958088554096,0,0,0.6129716907518962,0.1329592889277211,UBE2D3,2,Reactome_2022
Reactome_2022,Protein Localization R-HSA-9609507,1/164,0.8089149773235216,0.9999958088554096,0,0,0.6053889077288281,0.128379657736663,UBE2D3,2,Reactome_2022
Reactome_2022,Anti-inflammatory Response Favoring Leishmania Infection R-HSA-9662851,1/165,0.8108416098036432,0.9999958088554096,0,0,0.6016668709400662,0.1261590415104338,RXFP2,2,Reactome_2022
Reactome_2022,Cellular Senescence R-HSA-2559583,1/165,0.8108416098036432,0.9999958088554096,0,0,0.6016668709400662,0.1261590415104338,POT1,2,Reactome_2022
Reactome_2022,G Alpha (I) Signaling Events R-HSA-418594,2/312,0.8218168636483638,0.9999958088554096,0,0,0.6350602802215706,0.1246227702528558,TAS2R42;FPR2,2,Reactome_2022
Reactome_2022,Disorders Of Transmembrane Transporters R-HSA-5619115,1/176,0.8308003376270978,0.9999958088554096,0,0,0.5635319454414932,0.1044595389554742,SLC24A4,2,Reactome_2022
Reactome_2022,RAC1 GTPase Cycle R-HSA-9013149,1/178,0.8341972043024418,0.9999958088554096,0,0,0.5571075717570906,0.1009954960513889,TFRC,2,Reactome_2022
Reactome_2022,GPCR Ligand Binding R-HSA-500792,3/458,0.8398015942151279,0.9999958088554096,0,0,0.6474591398449266,0.1130396402747082,TAS2R42;FPR2;RXFP2,2,Reactome_2022
Reactome_2022,Neurotransmitter Receptors And Postsynaptic Signal Transmission R-HSA-112314,1/182,0.840788699468915,0.9999958088554096,0,0,0.544684749715428,0.0944564512523902,AKAP5,2,Reactome_2022
Reactome_2022,Class A/1 (Rhodopsin-like Receptors) R-HSA-373076,2/327,0.8414332967958356,0.9999958088554096,0,0,0.6052836052836053,0.1045013280272035,FPR2;RXFP2,2,Reactome_2022
Reactome_2022,ESR-mediated Signaling R-HSA-8939211,1/188,0.8501901851438446,0.9999958088554096,0,0,0.5270469997044044,0.0855372020724991,CAV2,2,Reactome_2022
Reactome_2022,Interferon Signaling R-HSA-913531,1/200,0.8673678080217752,0.9999958088554096,0,0,0.49496224842807,0.0704292481681379,CD44,2,Reactome_2022
Reactome_2022,Ub-specific Processing Proteases R-HSA-5689880,1/201,0.8687075091835524,0.9999958088554096,0,0,0.4924623115577889,0.0693134762410876,USP15,2,Reactome_2022
Reactome_2022,Keratinization R-HSA-6805567,1/208,0.8777158345777357,0.9999958088554096,0,0,0.4756390648896657,0.0620387393240423,LIPN,2,Reactome_2022
Reactome_2022,Signaling By ROBO Receptors R-HSA-376176,1/209,0.8789515090950901,0.9999958088554096,0,0,0.4733281793583301,0.0610714281081504,AKAP5,2,Reactome_2022
Reactome_2022,G Alpha (Q) Signaling Events R-HSA-416476,1/212,0.8825844796760208,0.9999958088554096,0,0,0.4665269475338779,0.0582695736095748,FPR2,2,Reactome_2022
Reactome_2022,Neddylation R-HSA-8951664,1/237,0.9089321509767926,0.9999958088554096,0,0,0.4165743974107827,0.0397765350942703,UBE2D3,2,Reactome_2022
Reactome_2022,Transmission Across Chemical Synapses R-HSA-112315,1/246,0.9168999781627214,0.9999958088554096,0,0,0.4010870679930263,0.0347970657329219,AKAP5,2,Reactome_2022
Reactome_2022,Leishmania Infection R-HSA-9658195,1/247,0.9177413070177284,0.9999958088554096,0,0,0.3994362054173305,0.0342874955096515,RXFP2,2,Reactome_2022
Reactome_2022,"Platelet Activation, Signaling And Aggregation R-HSA-76002",1/254,0.9233979821458576,0.9999958088554096,0,0,0.38824557570461,0.0309412133568371,CLEC1B,2,Reactome_2022
Reactome_2022,Transport Of Small Molecules R-HSA-382551,4/706,0.9259287920653824,0.9999958088554096,0,0,0.5552066980638409,0.0427275669275954,SLC24A4;TFRC;ANGPTL8;SLCO1A2,2,Reactome_2022
Reactome_2022,Deubiquitination R-HSA-5688426,1/279,0.9406193363144986,0.9999958088554096,0,0,0.3528795054408734,0.0216021372611157,USP15,2,Reactome_2022
Reactome_2022,Translation R-HSA-72766,1/281,0.941817631809925,0.9999958088554096,0,0,0.3503230437903805,0.0209996313976804,MRPS18C,2,Reactome_2022
Reactome_2022,Metabolism Of Carbohydrates R-HSA-71387,1/285,0.9441425117939012,0.9999958088554096,0,0,0.3453181399957534,0.0198482507309292,CD44,2,Reactome_2022
Reactome_2022,Signaling By WNT R-HSA-195721,1/294,0.9490410077191068,0.9999958088554096,0,0,0.3345567427581594,0.0174984115798528,VPS29,2,Reactome_2022
Reactome_2022,GPCR Downstream Signaling R-HSA-388396,3/619,0.9493336806505196,0.9999958088554096,0,0,0.4742567077592458,0.024658943973237,TAS2R42;FPR2;RXFP2,2,Reactome_2022
Reactome_2022,Antigen Processing: Ubiquitination And Proteasome Degradation R-HSA-983168,1/307,0.9553714830383324,0.9999958088554096,0,0,0.3201300620750812,0.0146155465195783,UBE2D3,2,Reactome_2022
Reactome_2022,DNA Repair R-HSA-73894,1/310,0.9567174492841332,0.9999958088554096,0,0,0.3169732155925257,0.0140251701108881,POT1,2,Reactome_2022
Reactome_2022,Axon Guidance R-HSA-422475,2/519,0.967660510164384,0.9999958088554096,0,0,0.3767461852568236,0.0123851412319126,RDX;AKAP5,2,Reactome_2022
Reactome_2022,Signaling By GPCR R-HSA-372790,3/689,0.9703936174707236,0.9999958088554096,0,0,0.4243092450903494,0.0127519772985216,TAS2R42;FPR2;RXFP2,2,Reactome_2022
Reactome_2022,Cytokine Signaling In Immune System R-HSA-1280215,3/702,0.9732592385186264,0.9999958088554096,0,0,0.4161347247336659,0.011279248526573,UBE2D3;IL27;CD44,2,Reactome_2022
Reactome_2022,Nervous System Development R-HSA-9675108,2/545,0.9742004382053844,0.9999958088554096,0,0,0.3582231151291924,0.0093633102217596,RDX;AKAP5,2,Reactome_2022
Reactome_2022,Cellular Responses To Stress R-HSA-2262752,3/722,0.977162098501666,0.9999958088554096,0,0,0.4041357497370149,0.0093366375599258,UBE2D3;POT1;CLEC1B,2,Reactome_2022
Reactome_2022,Class I MHC Mediated Antigen Processing And Presentation R-HSA-983169,1/378,0.9784068619537668,0.9999958088554096,0,0,0.2588939391919811,0.0056515721544826,UBE2D3,2,Reactome_2022
Reactome_2022,Metabolism Of Lipids R-HSA-556833,3/732,0.9789051392136716,0.9999958088554096,0,0,0.3983831547283324,0.0084937426870247,ACER3;SLCO1A2;ABHD5,2,Reactome_2022
Reactome_2022,Cellular Responses To Stimuli R-HSA-8953897,3/736,0.9795664155980656,0.9999958088554096,0,0,0.3961260656089639,0.0081781170146453,UBE2D3;POT1;CLEC1B,2,Reactome_2022
Reactome_2022,Neuronal System R-HSA-112316,1/386,0.9801061448426408,0.9999958088554096,0,0,0.2534099066762383,0.0050921205656449,AKAP5,2,Reactome_2022
Reactome_2022,Membrane Trafficking R-HSA-199991,2/599,0.9839625575502956,0.9999958088554096,0,0,0.3249073651083701,0.0052529183567703,TFRC;TBC1D15,2,Reactome_2022
Reactome_2022,Sensory Perception R-HSA-9709957,2/616,0.9862139658124416,0.9999958088554096,0,0,0.3156318889217912,0.0043815842239424,GRXCR1;RDX,2,Reactome_2022
Reactome_2022,Vesicle-mediated Transport R-HSA-5653656,2/637,0.9885749286253334,0.9999958088554096,0,0,0.3048596198202497,0.0035030927830569,TFRC;TBC1D15,2,Reactome_2022
Reactome_2022,RHO GTPase Cycle R-HSA-9012999,1/441,0.9886862133493428,0.9999958088554096,0,0,0.2211055276381909,0.0025157993640764,TFRC,2,Reactome_2022
Reactome_2022,Immune System R-HSA-168256,11/1943,0.9890235050386066,0.9999958088554096,0,0,0.5382694140458115,0.0059409770422069,VTN;CLEC4D;CLEC12A;CLEC6A;UBE2D3;TARM1;IL27;FPR2;CD58;CLEC1B;CD44,2,Reactome_2022
Reactome_2022,Signaling By Interleukins R-HSA-449147,1/453,0.989999053625604,0.9999958088554096,0,0,0.2151020589674034,0.0021620535588146,IL27,2,Reactome_2022
Reactome_2022,Adaptive Immune System R-HSA-1280218,2/733,0.9952196305074617,0.9999958088554096,0,0,0.2634968011165001,0.0012626324043823,UBE2D3;CLEC1B,2,Reactome_2022
Reactome_2022,Signaling By Rho GTPases R-HSA-194315,1/644,0.998608413586697,0.9999958088554096,0,0,0.1497143571668607,0.00020848556181539356,TFRC,2,Reactome_2022
Reactome_2022,Cell Cycle R-HSA-1640170,1/654,0.9987454362962488,0.9999958088554096,0,0,0.1473446866799541,0.00018496934804040945,POT1,2,Reactome_2022
Reactome_2022,Developmental Biology R-HSA-1266738,3/1073,0.998804832262765,0.9999958088554096,0,0,0.2665686227999431,0.00031878475632700744,RDX;LIPN;AKAP5,2,Reactome_2022
Reactome_2022,"Signaling By Rho GTPases, Miro GTPases And RHOBTB3 R-HSA-9716542",1/660,0.9988211013048393,0.9999958088554096,0,0,0.1459574046255557,0.00017217049960280287,TFRC,2,Reactome_2022
Reactome_2022,Metabolism Of RNA R-HSA-8953854,1/666,0.9988922129779778,0.9999958088554096,0,0,0.1445951562322892,0.00016026942611573885,CD44,2,Reactome_2022
Reactome_2022,Metabolism R-HSA-1430728,7/2049,0.9999014764233004,0.9999958088554096,0,0,0.315412604730707,3.107710889330511e-05,ADH1A;ACER3;SLCO1A2;AKAP5;ABHD5;CD44;ACSM2B,2,Reactome_2022
Reactome_2022,Generic Transcription Pathway R-HSA-212436,2/1190,0.9999357296590669,0.9999958088554096,0,0,0.1582491582491582,1.017105420513659e-05,UBE2D3;ZNF705A,2,Reactome_2022
Reactome_2022,Infectious Disease R-HSA-5663205,1/961,0.9999465390752365,0.9999958088554096,0,0,0.0986180904522613,5.272355247753508e-06,RXFP2,2,Reactome_2022
Reactome_2022,Signal Transduction R-HSA-162582,9/2465,0.9999544766962584,0.9999958088554096,0,0,0.3327591793577434,1.5148642005414549e-05,VPS29;USP15;TFRC;TAS2R42;CAV2;ADH1A;UBE2D3;FPR2;RXFP2,2,Reactome_2022
Reactome_2022,RNA Polymerase II Transcription R-HSA-73857,2/1312,0.999978289683985,0.9999958088554096,0,0,0.1425707456241807,3.095289541965873e-06,UBE2D3;ZNF705A,2,Reactome_2022
Reactome_2022,Post-translational Protein Modification R-HSA-597592,2/1383,0.9999874480122128,0.9999958088554096,0,0,0.1347215822233925,1.6910342676924093e-06,USP15;UBE2D3,2,Reactome_2022
Reactome_2022,Gene Expression (Transcription) R-HSA-74160,2/1449,0.9999917117896572,0.9999958088554096,0,0,0.1281159905900749,1.0618566787413357e-06,UBE2D3;ZNF705A,2,Reactome_2022
Reactome_2022,Metabolism Of Proteins R-HSA-392499,3/1890,0.9999954201950884,0.9999958088554096,0,0,0.1445611033547731,6.62063167237791e-07,USP15;UBE2D3;MRPS18C,2,Reactome_2022
Reactome_2022,Disease R-HSA-1643685,2/1736,0.9999958088554096,0.9999958088554096,0,0,0.1052392436475481,4.41073811023697e-07,SLC24A4;RXFP2,2,Reactome_2022
MSigDB_Hallmark_2020,heme Metabolism,5/200,0.0508439984704279,0.8673678080217752,0,0,2.5779092702169626,7.679574154313181,USP15;TFRC;EPB42;GYPB;HBD,2,MSigDB_Hallmark_2020
MSigDB_Hallmark_2020,Angiogenesis,1/36,0.3038080819844295,0.8673678080217752,0,0,2.8377602297200286,3.380791434126185,VTN,2,MSigDB_Hallmark_2020
MSigDB_Hallmark_2020,Pancreas Beta Cells,1/40,0.3312915354401823,0.8673678080217752,0,0,2.54619250096637,2.8129227654318845,ELP4,2,MSigDB_Hallmark_2020
MSigDB_Hallmark_2020,TGF-beta Signaling,1/54,0.4192535996279672,0.8673678080217752,0,0,1.8722859580923483,1.627539412897697,UBE2D3,2,MSigDB_Hallmark_2020
MSigDB_Hallmark_2020,IL-6/JAK/STAT3 Signaling,1/87,0.5836679914950987,0.8673678080217752,0,0,1.1519224027112305,0.6202214761277236,CD44,2,MSigDB_Hallmark_2020
MSigDB_Hallmark_2020,Xenobiotic Metabolism,2/200,0.5967065753140588,0.8673678080217752,0,0,1.0,0.516329785050999,VTN;ARG1,2,MSigDB_Hallmark_2020
MSigDB_Hallmark_2020,mTORC1 Signaling,2/200,0.5967065753140588,0.8673678080217752,0,0,1.0,0.516329785050999,TFRC;UBE2D3,2,MSigDB_Hallmark_2020
MSigDB_Hallmark_2020,Protein Secretion,1/96,0.6198314260741546,0.8673678080217752,0,0,1.0423168473948692,0.4985482066164667,CAV2,2,MSigDB_Hallmark_2020
MSigDB_Hallmark_2020,PI3K/AKT/mTOR  Signaling,1/105,0.6528679573920863,0.8673678080217752,0,0,0.9516814843448008,0.4057783123183748,UBE2D3,2,MSigDB_Hallmark_2020
MSigDB_Hallmark_2020,Bile Acid Metabolism,1/112,0.6765743473112501,0.8673678080217752,0,0,0.8913486350672281,0.3482614435144341,SLCO1A2,2,MSigDB_Hallmark_2020
MSigDB_Hallmark_2020,UV Response Up,1/158,0.7969382105229577,0.8673678080217752,0,0,0.6287168325704958,0.1427049714417737,TFRC,2,MSigDB_Hallmark_2020
MSigDB_Hallmark_2020,Apoptosis,1/161,0.803017144047044,0.8673678080217752,0,0,0.6168341708542714,0.1353205963518587,CD44,2,MSigDB_Hallmark_2020
MSigDB_Hallmark_2020,IL-2/STAT5 Signaling,1/199,0.8660145054493834,0.8673678080217752,0,0,0.4974874371859296,0.0715653690513794,CD44,2,MSigDB_Hallmark_2020
MSigDB_Hallmark_2020,TNF-alpha Signaling via NF-kB,1/200,0.8673678080217752,0.8673678080217752,0,0,0.49496224842807,0.0704292481681379,CD44,2,MSigDB_Hallmark_2020
MSigDB_Hallmark_2020,Glycolysis,1/200,0.8673678080217752,0.8673678080217752,0,0,0.49496224842807,0.0704292481681379,CD44,2,MSigDB_Hallmark_2020
MSigDB_Hallmark_2020,Estrogen Response Early,1/200,0.8673678080217752,0.8673678080217752,0,0,0.49496224842807,0.0704292481681379,CD44,2,MSigDB_Hallmark_2020
MSigDB_Hallmark_2020,Estrogen Response Late,1/200,0.8673678080217752,0.8673678080217752,0,0,0.49496224842807,0.0704292481681379,CD44,2,MSigDB_Hallmark_2020
MSigDB_Hallmark_2020,KRAS Signaling Up,1/200,0.8673678080217752,0.8673678080217752,0,0,0.49496224842807,0.0704292481681379,ARG1,2,MSigDB_Hallmark_2020
MSigDB_Hallmark_2020,Apical Junction,1/200,0.8673678080217752,0.8673678080217752,0,0,0.49496224842807,0.0704292481681379,SGCE,2,MSigDB_Hallmark_2020
MSigDB_Hallmark_2020,Complement,1/200,0.8673678080217752,0.8673678080217752,0,0,0.49496224842807,0.0704292481681379,USP15,2,MSigDB_Hallmark_2020
MSigDB_Hallmark_2020,E2F Targets,1/200,0.8673678080217752,0.8673678080217752,0,0,0.49496224842807,0.0704292481681379,TFRC,2,MSigDB_Hallmark_2020
MSigDB_Hallmark_2020,Epithelial Mesenchymal Transition,1/200,0.8673678080217752,0.8673678080217752,0,0,0.49496224842807,0.0704292481681379,CD44,2,MSigDB_Hallmark_2020
MSigDB_Hallmark_2020,Inflammatory Response,1/200,0.8673678080217752,0.8673678080217752,0,0,0.49496224842807,0.0704292481681379,SLC31A2,2,MSigDB_Hallmark_2020
GO_Biological_Process_2021,poly-N-acetyllactosamine biosynthetic process (GO:0030311),3/12,0.00020276702349047895,0.1028316313943326,0,0,33.48730964467005,284.75776049641166,B3GALNT1;B4GAT1;B3GALT1,3,GO_Biological_Process_2021
GO_Biological_Process_2021,poly-N-acetyllactosamine metabolic process (GO:0030309),3/13,0.00026165809515097364,0.1028316313943326,0,0,30.13705583756345,248.5846578261998,B3GALNT1;B4GAT1;B3GALT1,3,GO_Biological_Process_2021
GO_Biological_Process_2021,negative regulation of organ growth (GO:0046621),2/5,0.0009754681839454336,0.2555726641937036,0,0,66.65656565656566,462.1028413784856,WWC2;SLC6A4,3,GO_Biological_Process_2021
GO_Biological_Process_2021,cellular polysaccharide biosynthetic process (GO:0033692),3/25,0.0019263332020576,0.3046127425463484,0,0,13.690355329949238,85.59397680666795,B3GALNT1;B4GAT1;B3GALT1,3,GO_Biological_Process_2021
GO_Biological_Process_2021,cardiac muscle tissue development (GO:0048738),4/53,0.001937740092534,0.3046127425463484,0,0,8.226155768429821,51.382484683548725,TBX20;ANKRD1;MSX1;SGCG,3,GO_Biological_Process_2021
GO_Biological_Process_2021,regulation of organ growth (GO:0046620),2/10,0.0042472321345398,0.4932039703868426,0,0,24.98989898989899,136.4820277236255,WWC2;SLC6A4,3,GO_Biological_Process_2021
GO_Biological_Process_2021,striated muscle tissue development (GO:0014706),3/34,0.0046920695585813,0.4932039703868426,0,0,9.711314884558703,52.07091984713094,POPDC3;BVES;SGCG,3,GO_Biological_Process_2021
GO_Biological_Process_2021,neurotransmitter transport (GO:0006836),4/73,0.0061707911267906,0.4932039703868426,0,0,5.835847382431234,29.692372629986004,NRXN1;LIN7A;SYN2;SLC6A4,3,GO_Biological_Process_2021
GO_Biological_Process_2021,regulation of filopodium assembly (GO:0051489),3/41,0.0079423435743089,0.4932039703868426,0,0,7.919583222014427,38.29551599382337,GPM6A;SRGAP2C;RALA,3,GO_Biological_Process_2021
GO_Biological_Process_2021,signal release from synapse (GO:0099643),3/43,0.0090618828226133,0.4932039703868426,0,0,7.522842639593908,35.3850321555175,NRXN1;LIN7A;SYN2,3,GO_Biological_Process_2021
GO_Biological_Process_2021,"positive regulation of DNA damage response, signal transduction by p53 class mediator (GO:0043517)",2/15,0.0095900084936835,0.4932039703868426,0,0,15.374514374514376,71.44588341233826,ANKRD1;MSX1,3,GO_Biological_Process_2021
GO_Biological_Process_2021,neurotransmitter secretion (GO:0007269),3/44,0.0096544592002155,0.4932039703868426,0,0,7.338987247740498,34.05536215760635,NRXN1;LIN7A;SYN2,3,GO_Biological_Process_2021
GO_Biological_Process_2021,positive regulation of nervous system development (GO:0051962),3/45,0.0102691253206439,0.4932039703868426,0,0,7.163886874546773,32.800668633723014,MME;BDNF;NRXN1,3,GO_Biological_Process_2021
GO_Biological_Process_2021,odontogenesis of dentin-containing tooth (GO:0042475),2/16,0.0108884250018907,0.4932039703868426,0,0,14.275613275613276,64.52655688502057,ODAM;MSX1,3,GO_Biological_Process_2021
GO_Biological_Process_2021,muscle tissue morphogenesis (GO:0060415),2/17,0.0122596808748648,0.4932039703868426,0,0,13.323232323232324,58.64139939765107,TBX20;ANKRD1,3,GO_Biological_Process_2021
GO_Biological_Process_2021,aminoglycan biosynthetic process (GO:0006023),3/49,0.0129514996055504,0.4932039703868426,0,0,6.539615978812624,28.42472661929245,B3GALNT1;B4GAT1;B3GALT1,3,GO_Biological_Process_2021
GO_Biological_Process_2021,actin polymerization or depolymerization (GO:0008154),3/50,0.0136786260429923,0.4932039703868426,0,0,6.400151204233719,27.468942123223947,DIAPH3;CFL2;WASF3,3,GO_Biological_Process_2021
GO_Biological_Process_2021,embryonic heart tube development (GO:0035050),2/18,0.0137022045657748,0.4932039703868426,0,0,12.48989898989899,53.58414643474309,NDRG4;TBX20,3,GO_Biological_Process_2021
GO_Biological_Process_2021,neuromuscular process (GO:0050905),2/19,0.0152144484017713,0.4932039703868426,0,0,11.754604872251932,49.19901329869125,AGTPBP1;NRXN1,3,GO_Biological_Process_2021
GO_Biological_Process_2021,striated muscle cell differentiation (GO:0051146),2/19,0.0152144484017713,0.4932039703868426,0,0,11.754604872251932,49.19901329869125,POPDC3;BVES,3,GO_Biological_Process_2021
GO_Biological_Process_2021,positive regulation of response to DNA damage stimulus (GO:2001022),3/55,0.0176580617409628,0.4932039703868426,0,0,5.783287778211636,23.34460456181631,EYA4;ANKRD1;MSX1,3,GO_Biological_Process_2021
GO_Biological_Process_2021,cell junction assembly (GO:0034329),4/102,0.0192901194103944,0.4932039703868426,0,0,4.102873802582257,16.19881151232085,GJC1;GPM6A;BDNF;NRXN1,3,GO_Biological_Process_2021
GO_Biological_Process_2021,cellular response to nerve growth factor stimulus (GO:1990090),2/22,0.0201543754357544,0.4932039703868426,0,0,9.98989898989899,39.00390099361183,BDNF;SH3GL2,3,GO_Biological_Process_2021
GO_Biological_Process_2021,positive regulation of signal transduction by p53 class mediator (GO:1901798),2/22,0.0201543754357544,0.4932039703868426,0,0,9.98989898989899,39.00390099361183,ANKRD1;MSX1,3,GO_Biological_Process_2021
GO_Biological_Process_2021,muscle organ development (GO:0007517),3/58,0.0203229330271079,0.4932039703868426,0,0,5.467005076142132,21.29948088737429,TEAD4;BVES;SGCG,3,GO_Biological_Process_2021
GO_Biological_Process_2021,negative regulation of neuron differentiation (GO:0045665),2/24,0.0237689324469591,0.4932039703868426,0,0,9.08080808080808,33.956554984338226,DLX1;DLX2,3,GO_Biological_Process_2021
GO_Biological_Process_2021,positive regulation of filopodium assembly (GO:0051491),2/26,0.0276271829006745,0.4932039703868426,0,0,8.323232323232324,29.871707121892776,GPM6A;RALA,3,GO_Biological_Process_2021
GO_Biological_Process_2021,"regulation of DNA damage response, signal transduction by p53 class mediator (GO:0043516)",2/28,0.0317180982356202,0.4932039703868426,0,0,7.682206682206682,26.51027997028578,ANKRD1;MSX1,3,GO_Biological_Process_2021
GO_Biological_Process_2021,positive regulation of synapse assembly (GO:0051965),2/28,0.0317180982356202,0.4932039703868426,0,0,7.682206682206682,26.51027997028578,BDNF;NRXN1,3,GO_Biological_Process_2021
GO_Biological_Process_2021,synapse assembly (GO:0007416),3/69,0.0318810265797797,0.4932039703868426,0,0,4.553299492385787,15.689505426965288,GPM6A;BDNF;NRXN1,3,GO_Biological_Process_2021
GO_Biological_Process_2021,positive regulation of developmental process (GO:0051094),5/177,0.0328162665926688,0.4932039703868426,0,0,2.9260584376863448,9.997847042580792,DLX1;DLX2;RALA;TFRC;NRXN1,3,GO_Biological_Process_2021
GO_Biological_Process_2021,actin filament polymerization (GO:0030041),2/29,0.0338474516440146,0.4932039703868426,0,0,7.397306397306397,25.046477343523872,DIAPH3;WASF3,3,GO_Biological_Process_2021
GO_Biological_Process_2021,negative regulation of developmental growth (GO:0048640),2/32,0.0405554933220173,0.4932039703868426,0,0,6.656565656565657,21.334852328849312,WWC2;SLC6A4,3,GO_Biological_Process_2021
GO_Biological_Process_2021,cardiac muscle tissue morphogenesis (GO:0055008),2/32,0.0405554933220173,0.4932039703868426,0,0,6.656565656565657,21.334852328849312,TBX20;ANKRD1,3,GO_Biological_Process_2021
GO_Biological_Process_2021,skeletal muscle organ development (GO:0060538),2/32,0.0405554933220173,0.4932039703868426,0,0,6.656565656565657,21.334852328849312,POPDC3;BVES,3,GO_Biological_Process_2021
GO_Biological_Process_2021,muscle cell differentiation (GO:0042692),2/35,0.0477171520360592,0.4932039703868426,0,0,6.05050505050505,18.408446001894514,POPDC3;BVES,3,GO_Biological_Process_2021
GO_Biological_Process_2021,protein side chain deglutamylation (GO:0035610),1/5,0.049014519870416,0.4932039703868426,0,0,24.86934673366834,74.99696447567176,AGTPBP1,3,GO_Biological_Process_2021
GO_Biological_Process_2021,regulation of adherens junction organization (GO:1903391),1/5,0.049014519870416,0.4932039703868426,0,0,24.86934673366834,74.99696447567176,RDX,3,GO_Biological_Process_2021
GO_Biological_Process_2021,C-terminal protein deglutamylation (GO:0035609),1/5,0.049014519870416,0.4932039703868426,0,0,24.86934673366834,74.99696447567176,AGTPBP1,3,GO_Biological_Process_2021
GO_Biological_Process_2021,cardiac muscle cell proliferation (GO:0060038),1/5,0.049014519870416,0.4932039703868426,0,0,24.86934673366834,74.99696447567176,NDRG4,3,GO_Biological_Process_2021
GO_Biological_Process_2021,cellular response to brain-derived neurotrophic factor stimulus (GO:1990416),1/5,0.049014519870416,0.4932039703868426,0,0,24.86934673366834,74.99696447567176,SH3GL2,3,GO_Biological_Process_2021
GO_Biological_Process_2021,cerebellar Purkinje cell differentiation (GO:0021702),1/5,0.049014519870416,0.4932039703868426,0,0,24.86934673366834,74.99696447567176,AGTPBP1,3,GO_Biological_Process_2021
GO_Biological_Process_2021,regulation of interleukin-1 alpha production (GO:0032650),1/5,0.049014519870416,0.4932039703868426,0,0,24.86934673366834,74.99696447567176,NLRP10,3,GO_Biological_Process_2021
GO_Biological_Process_2021,neuroinflammatory response (GO:0150076),1/5,0.049014519870416,0.4932039703868426,0,0,24.86934673366834,74.99696447567176,ADCY8,3,GO_Biological_Process_2021
GO_Biological_Process_2021,G protein-coupled opioid receptor signaling pathway (GO:0038003),1/5,0.049014519870416,0.4932039703868426,0,0,24.86934673366834,74.99696447567176,ADCY8,3,GO_Biological_Process_2021
GO_Biological_Process_2021,response to morphine (GO:0043278),1/5,0.049014519870416,0.4932039703868426,0,0,24.86934673366834,74.99696447567176,ADCY8,3,GO_Biological_Process_2021
GO_Biological_Process_2021,positive regulation of intrinsic apoptotic signaling pathway by p53 class mediator (GO:1902255),1/5,0.049014519870416,0.4932039703868426,0,0,24.86934673366834,74.99696447567176,MSX1,3,GO_Biological_Process_2021
GO_Biological_Process_2021,positive regulation of long-term synaptic depression (GO:1900454),1/5,0.049014519870416,0.4932039703868426,0,0,24.86934673366834,74.99696447567176,ADCY8,3,GO_Biological_Process_2021
GO_Biological_Process_2021,serotonin transport (GO:0006837),1/5,0.049014519870416,0.4932039703868426,0,0,24.86934673366834,74.99696447567176,SLC6A4,3,GO_Biological_Process_2021
GO_Biological_Process_2021,serotonin uptake (GO:0051610),1/5,0.049014519870416,0.4932039703868426,0,0,24.86934673366834,74.99696447567176,SLC6A4,3,GO_Biological_Process_2021
GO_Biological_Process_2021,positive regulation of necrotic cell death (GO:0010940),1/5,0.049014519870416,0.4932039703868426,0,0,24.86934673366834,74.99696447567176,SLC6A13,3,GO_Biological_Process_2021
GO_Biological_Process_2021,striated muscle cell proliferation (GO:0014855),1/5,0.049014519870416,0.4932039703868426,0,0,24.86934673366834,74.99696447567176,NDRG4,3,GO_Biological_Process_2021
GO_Biological_Process_2021,Toll signaling pathway (GO:0008063),1/5,0.049014519870416,0.4932039703868426,0,0,24.86934673366834,74.99696447567176,PELI3,3,GO_Biological_Process_2021
GO_Biological_Process_2021,tricuspid valve development (GO:0003175),1/5,0.049014519870416,0.4932039703868426,0,0,24.86934673366834,74.99696447567176,TBX20,3,GO_Biological_Process_2021
GO_Biological_Process_2021,postsynaptic density protein 95 clustering (GO:0097119),1/5,0.049014519870416,0.4932039703868426,0,0,24.86934673366834,74.99696447567176,NRXN1,3,GO_Biological_Process_2021
GO_Biological_Process_2021,membrane assembly (GO:0071709),2/36,0.0501995008461569,0.4932039703868426,0,0,5.872251931075461,17.568310863627904,NRXN1;SPTBN1,3,GO_Biological_Process_2021
GO_Biological_Process_2021,transition metal ion transport (GO:0000041),2/36,0.0501995008461569,0.4932039703868426,0,0,5.872251931075461,17.568310863627904,TFRC;TRPC3,3,GO_Biological_Process_2021
GO_Biological_Process_2021,skeletal muscle tissue development (GO:0007519),2/37,0.0527274511453542,0.4932039703868426,0,0,5.704184704184704,16.785242657704043,POPDC3;BVES,3,GO_Biological_Process_2021
GO_Biological_Process_2021,odontogenesis (GO:0042476),2/39,0.0579155744332589,0.4932039703868426,0,0,5.395304395304395,15.369975594462096,ODAM;MSX1,3,GO_Biological_Process_2021
GO_Biological_Process_2021,negative regulation of cell size (GO:0045792),1/6,0.0585267307609904,0.4932039703868426,0,0,19.894472361809044,56.46591775214154,RDX,3,GO_Biological_Process_2021
GO_Biological_Process_2021,negative regulation of hematopoietic progenitor cell differentiation (GO:1901533),1/6,0.0585267307609904,0.4932039703868426,0,0,19.894472361809044,56.46591775214154,TCF15,3,GO_Biological_Process_2021
GO_Biological_Process_2021,regulation of cardiac muscle hypertrophy in response to stress (GO:1903242),1/6,0.0585267307609904,0.4932039703868426,0,0,19.894472361809044,56.46591775214154,TRPC3,3,GO_Biological_Process_2021
GO_Biological_Process_2021,dendrite extension (GO:0097484),1/6,0.0585267307609904,0.4932039703868426,0,0,19.894472361809044,56.46591775214154,SH3GL2,3,GO_Biological_Process_2021
GO_Biological_Process_2021,galactolipid biosynthetic process (GO:0019375),1/6,0.0585267307609904,0.4932039703868426,0,0,19.894472361809044,56.46591775214154,B3GALT1,3,GO_Biological_Process_2021
GO_Biological_Process_2021,galactosylceramide biosynthetic process (GO:0006682),1/6,0.0585267307609904,0.4932039703868426,0,0,19.894472361809044,56.46591775214154,B3GALT1,3,GO_Biological_Process_2021
GO_Biological_Process_2021,gamma-aminobutyric acid transport (GO:0015812),1/6,0.0585267307609904,0.4932039703868426,0,0,19.894472361809044,56.46591775214154,SLC6A13,3,GO_Biological_Process_2021
GO_Biological_Process_2021,imitative learning (GO:0098596),1/6,0.0585267307609904,0.4932039703868426,0,0,19.894472361809044,56.46591775214154,NRXN1,3,GO_Biological_Process_2021
GO_Biological_Process_2021,positive regulation of non-membrane spanning protein tyrosine kinase activity (GO:1903997),1/6,0.0585267307609904,0.4932039703868426,0,0,19.894472361809044,56.46591775214154,BDNF,3,GO_Biological_Process_2021
GO_Biological_Process_2021,spinal cord motor neuron differentiation (GO:0021522),1/6,0.0585267307609904,0.4932039703868426,0,0,19.894472361809044,56.46591775214154,TBX20,3,GO_Biological_Process_2021
GO_Biological_Process_2021,positive regulation of receptor binding (GO:1900122),1/6,0.0585267307609904,0.4932039703868426,0,0,19.894472361809044,56.46591775214154,BDNF,3,GO_Biological_Process_2021
GO_Biological_Process_2021,venous blood vessel morphogenesis (GO:0048845),1/6,0.0585267307609904,0.4932039703868426,0,0,19.894472361809044,56.46591775214154,TBX20,3,GO_Biological_Process_2021
GO_Biological_Process_2021,postsynaptic density assembly (GO:0097107),1/6,0.0585267307609904,0.4932039703868426,0,0,19.894472361809044,56.46591775214154,NRXN1,3,GO_Biological_Process_2021
GO_Biological_Process_2021,vocal learning (GO:0042297),1/6,0.0585267307609904,0.4932039703868426,0,0,19.894472361809044,56.46591775214154,NRXN1,3,GO_Biological_Process_2021
GO_Biological_Process_2021,brain development (GO:0007420),4/150,0.0639854868678937,0.4932039703868426,0,0,2.74727425216662,7.552528869212002,DLX2;NDRG4;CCIN;SLC6A4,3,GO_Biological_Process_2021
GO_Biological_Process_2021,negative regulation of dendritic spine development (GO:0061000),1/7,0.0679442688885301,0.4932039703868426,0,0,16.57788944723618,44.57906348265406,SRGAP2C,3,GO_Biological_Process_2021
GO_Biological_Process_2021,AV node cell to bundle of His cell communication (GO:0086067),1/7,0.0679442688885301,0.4932039703868426,0,0,16.57788944723618,44.57906348265406,GJC1,3,GO_Biological_Process_2021
GO_Biological_Process_2021,regulation of blood-brain barrier permeability (GO:1905603),1/7,0.0679442688885301,0.4932039703868426,0,0,16.57788944723618,44.57906348265406,SH3GL2,3,GO_Biological_Process_2021
GO_Biological_Process_2021,regulation of defense response to bacterium (GO:1900424),1/7,0.0679442688885301,0.4932039703868426,0,0,16.57788944723618,44.57906348265406,NLRP10,3,GO_Biological_Process_2021
GO_Biological_Process_2021,cellular response to caffeine (GO:0071313),1/7,0.0679442688885301,0.4932039703868426,0,0,16.57788944723618,44.57906348265406,CACNA1S,3,GO_Biological_Process_2021
GO_Biological_Process_2021,citrulline metabolic process (GO:0000052),1/7,0.0679442688885301,0.4932039703868426,0,0,16.57788944723618,44.57906348265406,OTC,3,GO_Biological_Process_2021
GO_Biological_Process_2021,noradrenergic neuron differentiation (GO:0003357),1/7,0.0679442688885301,0.4932039703868426,0,0,16.57788944723618,44.57906348265406,PHOX2A,3,GO_Biological_Process_2021
GO_Biological_Process_2021,regulation of necrotic cell death (GO:0010939),1/7,0.0679442688885301,0.4932039703868426,0,0,16.57788944723618,44.57906348265406,SLC6A13,3,GO_Biological_Process_2021
GO_Biological_Process_2021,regulation of non-membrane spanning protein tyrosine kinase activity (GO:1903995),1/7,0.0679442688885301,0.4932039703868426,0,0,16.57788944723618,44.57906348265406,BDNF,3,GO_Biological_Process_2021
GO_Biological_Process_2021,pericardium morphogenesis (GO:0003344),1/7,0.0679442688885301,0.4932039703868426,0,0,16.57788944723618,44.57906348265406,TBX20,3,GO_Biological_Process_2021
GO_Biological_Process_2021,photoreceptor cell differentiation (GO:0046530),1/7,0.0679442688885301,0.4932039703868426,0,0,16.57788944723618,44.57906348265406,AGTPBP1,3,GO_Biological_Process_2021
GO_Biological_Process_2021,gap junction assembly (GO:0016264),1/7,0.0679442688885301,0.4932039703868426,0,0,16.57788944723618,44.57906348265406,GJC1,3,GO_Biological_Process_2021
GO_Biological_Process_2021,glycosylceramide biosynthetic process (GO:0046476),1/7,0.0679442688885301,0.4932039703868426,0,0,16.57788944723618,44.57906348265406,B3GALT1,3,GO_Biological_Process_2021
GO_Biological_Process_2021,response to caffeine (GO:0031000),1/7,0.0679442688885301,0.4932039703868426,0,0,16.57788944723618,44.57906348265406,CACNA1S,3,GO_Biological_Process_2021
GO_Biological_Process_2021,membrane biogenesis (GO:0044091),1/7,0.0679442688885301,0.4932039703868426,0,0,16.57788944723618,44.57906348265406,SPTBN1,3,GO_Biological_Process_2021
GO_Biological_Process_2021,positive regulation of synaptic plasticity (GO:0031915),1/7,0.0679442688885301,0.4932039703868426,0,0,16.57788944723618,44.57906348265406,ADCY8,3,GO_Biological_Process_2021
GO_Biological_Process_2021,protein localization to basolateral plasma membrane (GO:1903361),1/7,0.0679442688885301,0.4932039703868426,0,0,16.57788944723618,44.57906348265406,LIN7A,3,GO_Biological_Process_2021
GO_Biological_Process_2021,heart looping (GO:0001947),2/43,0.0687896467784887,0.4932039703868426,0,0,4.867947770386794,13.030045670347697,NDRG4;TBX20,3,GO_Biological_Process_2021
GO_Biological_Process_2021,positive regulation of neuron differentiation (GO:0045666),2/43,0.0687896467784887,0.4932039703868426,0,0,4.867947770386794,13.030045670347697,DLX1;DLX2,3,GO_Biological_Process_2021
GO_Biological_Process_2021,embryonic organ morphogenesis (GO:0048562),2/44,0.0716056114889121,0.4932039703868426,0,0,4.751803751803752,12.52851945708889,TBX20;HOXA4,3,GO_Biological_Process_2021
GO_Biological_Process_2021,regulation of cell differentiation (GO:0045595),4/156,0.0716815873598332,0.4932039703868426,0,0,2.6380236305048337,6.952567640819991,DLX1;DLX2;BDNF;PTPRQ,3,GO_Biological_Process_2021
GO_Biological_Process_2021,adenylate cyclase-inhibiting G protein-coupled acetylcholine receptor signaling pathway (GO:0007197),1/8,0.0772680713380291,0.4932039703868426,0,0,14.208901651112706,36.38152974515558,CHRM1,3,GO_Biological_Process_2021
GO_Biological_Process_2021,atrial cardiac muscle cell to AV node cell signaling (GO:0086026),1/8,0.0772680713380291,0.4932039703868426,0,0,14.208901651112706,36.38152974515558,GJC1,3,GO_Biological_Process_2021
GO_Biological_Process_2021,negative regulation of mitochondrial fusion (GO:0010637),1/8,0.0772680713380291,0.4932039703868426,0,0,14.208901651112706,36.38152974515558,TFRC,3,GO_Biological_Process_2021
GO_Biological_Process_2021,regulation of collateral sprouting (GO:0048670),1/8,0.0772680713380291,0.4932039703868426,0,0,14.208901651112706,36.38152974515558,BDNF,3,GO_Biological_Process_2021
GO_Biological_Process_2021,cellular response to UV-B (GO:0071493),1/8,0.0772680713380291,0.4932039703868426,0,0,14.208901651112706,36.38152974515558,MME,3,GO_Biological_Process_2021
GO_Biological_Process_2021,regulation of intrinsic apoptotic signaling pathway by p53 class mediator (GO:1902253),1/8,0.0772680713380291,0.4932039703868426,0,0,14.208901651112706,36.38152974515558,MSX1,3,GO_Biological_Process_2021
GO_Biological_Process_2021,neurotransmitter reuptake (GO:0098810),1/8,0.0772680713380291,0.4932039703868426,0,0,14.208901651112706,36.38152974515558,SLC6A4,3,GO_Biological_Process_2021
GO_Biological_Process_2021,peptidyl-tyrosine dephosphorylation involved in inactivation of protein kinase activity (GO:1990264),1/8,0.0772680713380291,0.4932039703868426,0,0,14.208901651112706,36.38152974515558,PTPRQ,3,GO_Biological_Process_2021
GO_Biological_Process_2021,regulation of protein localization to early endosome (GO:1902965),1/8,0.0772680713380291,0.4932039703868426,0,0,14.208901651112706,36.38152974515558,RDX,3,GO_Biological_Process_2021
GO_Biological_Process_2021,positive regulation of Arp2/3 complex-mediated actin nucleation (GO:2000601),1/8,0.0772680713380291,0.4932039703868426,0,0,14.208901651112706,36.38152974515558,WASF3,3,GO_Biological_Process_2021
GO_Biological_Process_2021,galactosylceramide metabolic process (GO:0006681),1/8,0.0772680713380291,0.4932039703868426,0,0,14.208901651112706,36.38152974515558,B3GALT1,3,GO_Biological_Process_2021
GO_Biological_Process_2021,positive regulation of defense response to bacterium (GO:1900426),1/8,0.0772680713380291,0.4932039703868426,0,0,14.208901651112706,36.38152974515558,NLRP10,3,GO_Biological_Process_2021
GO_Biological_Process_2021,positive regulation of early endosome to late endosome transport (GO:2000643),1/8,0.0772680713380291,0.4932039703868426,0,0,14.208901651112706,36.38152974515558,RDX,3,GO_Biological_Process_2021
GO_Biological_Process_2021,positive regulation of epithelial cell proliferation involved in wound healing (GO:0060054),1/8,0.0772680713380291,0.4932039703868426,0,0,14.208901651112706,36.38152974515558,ODAM,3,GO_Biological_Process_2021
GO_Biological_Process_2021,positive regulation of peptide secretion (GO:0002793),1/8,0.0772680713380291,0.4932039703868426,0,0,14.208901651112706,36.38152974515558,RASL10B,3,GO_Biological_Process_2021
GO_Biological_Process_2021,positive regulation of protein localization to early endosome (GO:1902966),1/8,0.0772680713380291,0.4932039703868426,0,0,14.208901651112706,36.38152974515558,RDX,3,GO_Biological_Process_2021
GO_Biological_Process_2021,positive regulation of protein localization to endosome (GO:1905668),1/8,0.0772680713380291,0.4932039703868426,0,0,14.208901651112706,36.38152974515558,RDX,3,GO_Biological_Process_2021
GO_Biological_Process_2021,postsynaptic density organization (GO:0097106),1/8,0.0772680713380291,0.4932039703868426,0,0,14.208901651112706,36.38152974515558,NRXN1,3,GO_Biological_Process_2021
GO_Biological_Process_2021,monoamine transport (GO:0015844),1/8,0.0772680713380291,0.4932039703868426,0,0,14.208901651112706,36.38152974515558,SLC6A4,3,GO_Biological_Process_2021
GO_Biological_Process_2021,protein deglutamylation (GO:0035608),1/8,0.0772680713380291,0.4932039703868426,0,0,14.208901651112706,36.38152974515558,AGTPBP1,3,GO_Biological_Process_2021
GO_Biological_Process_2021,determination of heart left/right asymmetry (GO:0061371),2/47,0.0802708691611082,0.4932039703868426,0,0,4.434343434343434,11.184959505346583,NDRG4;TBX20,3,GO_Biological_Process_2021
GO_Biological_Process_2021,embryonic heart tube morphogenesis (GO:0003143),2/47,0.0802708691611082,0.4932039703868426,0,0,4.434343434343434,11.184959505346583,NDRG4;TBX20,3,GO_Biological_Process_2021
GO_Biological_Process_2021,regulation of synapse assembly (GO:0051963),2/47,0.0802708691611082,0.4932039703868426,0,0,4.434343434343434,11.184959505346583,BDNF;NRXN1,3,GO_Biological_Process_2021
GO_Biological_Process_2021,heart development (GO:0007507),4/164,0.082642865247303,0.4932039703868426,0,0,2.5051020408163267,6.245787503157516,POPDC3;NDRG4;BVES;SGCG,3,GO_Biological_Process_2021
GO_Biological_Process_2021,substrate adhesion-dependent cell spreading (GO:0034446),2/48,0.0832284276217124,0.4932039703868426,0,0,4.337725076855512,10.784305954054672,RADIL;BVES,3,GO_Biological_Process_2021
GO_Biological_Process_2021,protein O-linked glycosylation via threonine (GO:0018243),1/9,0.0864990660572792,0.4932039703868426,0,0,12.4321608040201,30.429226090981548,GALNT13,3,GO_Biological_Process_2021
GO_Biological_Process_2021,alpha-amino acid biosynthetic process (GO:1901607),1/9,0.0864990660572792,0.4932039703868426,0,0,12.4321608040201,30.429226090981548,OTC,3,GO_Biological_Process_2021
GO_Biological_Process_2021,regulation of actin filament organization (GO:0110053),1/9,0.0864990660572792,0.4932039703868426,0,0,12.4321608040201,30.429226090981548,RDX,3,GO_Biological_Process_2021
GO_Biological_Process_2021,cellular response to forskolin (GO:1904322),1/9,0.0864990660572792,0.4932039703868426,0,0,12.4321608040201,30.429226090981548,ADCY8,3,GO_Biological_Process_2021
GO_Biological_Process_2021,regulation of glial cell proliferation (GO:0060251),1/9,0.0864990660572792,0.4932039703868426,0,0,12.4321608040201,30.429226090981548,CHRM1,3,GO_Biological_Process_2021
GO_Biological_Process_2021,ornithine metabolic process (GO:0006591),1/9,0.0864990660572792,0.4932039703868426,0,0,12.4321608040201,30.429226090981548,OTC,3,GO_Biological_Process_2021
GO_Biological_Process_2021,pericardium development (GO:0060039),1/9,0.0864990660572792,0.4932039703868426,0,0,12.4321608040201,30.429226090981548,TBX20,3,GO_Biological_Process_2021
GO_Biological_Process_2021,regulation of T-helper 1 type immune response (GO:0002825),1/9,0.0864990660572792,0.4932039703868426,0,0,12.4321608040201,30.429226090981548,NLRP10,3,GO_Biological_Process_2021
GO_Biological_Process_2021,response to forskolin (GO:1904321),1/9,0.0864990660572792,0.4932039703868426,0,0,12.4321608040201,30.429226090981548,ADCY8,3,GO_Biological_Process_2021
GO_Biological_Process_2021,maintenance of apical/basal cell polarity (GO:0035090),1/9,0.0864990660572792,0.4932039703868426,0,0,12.4321608040201,30.429226090981548,LIN7A,3,GO_Biological_Process_2021
GO_Biological_Process_2021,maintenance of epithelial cell apical/basal polarity (GO:0045199),1/9,0.0864990660572792,0.4932039703868426,0,0,12.4321608040201,30.429226090981548,LIN7A,3,GO_Biological_Process_2021
GO_Biological_Process_2021,positive regulation of synapse maturation (GO:0090129),1/9,0.0864990660572792,0.4932039703868426,0,0,12.4321608040201,30.429226090981548,NRXN1,3,GO_Biological_Process_2021
GO_Biological_Process_2021,postsynaptic membrane assembly (GO:0097104),1/9,0.0864990660572792,0.4932039703868426,0,0,12.4321608040201,30.429226090981548,NRXN1,3,GO_Biological_Process_2021
GO_Biological_Process_2021,plasma membrane bounded cell projection morphogenesis (GO:0120039),2/52,0.0953787922697506,0.4932039703868426,0,0,3.98989898989899,9.375859760148904,GPM6A;BDNF,3,GO_Biological_Process_2021
GO_Biological_Process_2021,protein O-linked glycosylation via serine (GO:0018242),1/10,0.0956381720564831,0.4932039703868426,0,0,11.050251256281408,25.93696464958489,GALNT13,3,GO_Biological_Process_2021
GO_Biological_Process_2021,cAMP biosynthetic process (GO:0006171),1/10,0.0956381720564831,0.4932039703868426,0,0,11.050251256281408,25.93696464958489,ADCY8,3,GO_Biological_Process_2021
GO_Biological_Process_2021,cellular response to purine-containing compound (GO:0071415),1/10,0.0956381720564831,0.4932039703868426,0,0,11.050251256281408,25.93696464958489,CACNA1S,3,GO_Biological_Process_2021
GO_Biological_Process_2021,nerve growth factor signaling pathway (GO:0038180),1/10,0.0956381720564831,0.4932039703868426,0,0,11.050251256281408,25.93696464958489,BDNF,3,GO_Biological_Process_2021
GO_Biological_Process_2021,regulation of long-term synaptic depression (GO:1900452),1/10,0.0956381720564831,0.4932039703868426,0,0,11.050251256281408,25.93696464958489,ADCY8,3,GO_Biological_Process_2021
GO_Biological_Process_2021,"complement activation, lectin pathway (GO:0001867)",1/10,0.0956381720564831,0.4932039703868426,0,0,11.050251256281408,25.93696464958489,COLEC10,3,GO_Biological_Process_2021
GO_Biological_Process_2021,regulation of receptor binding (GO:1900120),1/10,0.0956381720564831,0.4932039703868426,0,0,11.050251256281408,25.93696464958489,BDNF,3,GO_Biological_Process_2021
GO_Biological_Process_2021,regulation of T-helper 17 type immune response (GO:2000316),1/10,0.0956381720564831,0.4932039703868426,0,0,11.050251256281408,25.93696464958489,NLRP10,3,GO_Biological_Process_2021
GO_Biological_Process_2021,sequestering of actin monomers (GO:0042989),1/10,0.0956381720564831,0.4932039703868426,0,0,11.050251256281408,25.93696464958489,TMSB15A,3,GO_Biological_Process_2021
GO_Biological_Process_2021,lipid phosphorylation (GO:0046834),1/10,0.0956381720564831,0.4932039703868426,0,0,11.050251256281408,25.93696464958489,DGKK,3,GO_Biological_Process_2021
GO_Biological_Process_2021,positive regulation of receptor recycling (GO:0001921),1/10,0.0956381720564831,0.4932039703868426,0,0,11.050251256281408,25.93696464958489,BVES,3,GO_Biological_Process_2021
GO_Biological_Process_2021,urea cycle (GO:0000050),1/10,0.0956381720564831,0.4932039703868426,0,0,11.050251256281408,25.93696464958489,OTC,3,GO_Biological_Process_2021
GO_Biological_Process_2021,morphogenesis of an epithelial sheet (GO:0002011),1/10,0.0956381720564831,0.4932039703868426,0,0,11.050251256281408,25.93696464958489,TBX20,3,GO_Biological_Process_2021
GO_Biological_Process_2021,heart morphogenesis (GO:0003007),2/53,0.0984917971521169,0.4932039703868426,0,0,3.9114676173499694,9.065929283683165,TBX20;ANKRD1,3,GO_Biological_Process_2021
GO_Biological_Process_2021,actin filament depolymerization (GO:0030042),1/11,0.1046862992439068,0.4932039703868426,0,0,9.944723618090451,22.4431232477853,CFL2,3,GO_Biological_Process_2021
GO_Biological_Process_2021,atrial septum morphogenesis (GO:0060413),1/11,0.1046862992439068,0.4932039703868426,0,0,9.944723618090451,22.4431232477853,TBX20,3,GO_Biological_Process_2021
GO_Biological_Process_2021,negative regulation of homotypic cell-cell adhesion (GO:0034111),1/11,0.1046862992439068,0.4932039703868426,0,0,9.944723618090451,22.4431232477853,RDX,3,GO_Biological_Process_2021
GO_Biological_Process_2021,negative regulation of platelet-derived growth factor receptor signaling pathway (GO:0010642),1/11,0.1046862992439068,0.4932039703868426,0,0,9.944723618090451,22.4431232477853,NDRG4,3,GO_Biological_Process_2021
GO_Biological_Process_2021,cellular response to UV-A (GO:0071492),1/11,0.1046862992439068,0.4932039703868426,0,0,9.944723618090451,22.4431232477853,MME,3,GO_Biological_Process_2021
GO_Biological_Process_2021,regulation of mitochondrial fusion (GO:0010635),1/11,0.1046862992439068,0.4932039703868426,0,0,9.944723618090451,22.4431232477853,TFRC,3,GO_Biological_Process_2021
GO_Biological_Process_2021,enteric nervous system development (GO:0048484),1/11,0.1046862992439068,0.4932039703868426,0,0,9.944723618090451,22.4431232477853,PHOX2A,3,GO_Biological_Process_2021
GO_Biological_Process_2021,positive regulation of actin nucleation (GO:0051127),1/11,0.1046862992439068,0.4932039703868426,0,0,9.944723618090451,22.4431232477853,WASF3,3,GO_Biological_Process_2021
GO_Biological_Process_2021,regulation of synapse maturation (GO:0090128),1/11,0.1046862992439068,0.4932039703868426,0,0,9.944723618090451,22.4431232477853,NRXN1,3,GO_Biological_Process_2021
GO_Biological_Process_2021,positive regulation of cytoplasmic transport (GO:1903651),1/11,0.1046862992439068,0.4932039703868426,0,0,9.944723618090451,22.4431232477853,RDX,3,GO_Biological_Process_2021
GO_Biological_Process_2021,postsynapse assembly (GO:0099068),1/11,0.1046862992439068,0.4932039703868426,0,0,9.944723618090451,22.4431232477853,NRXN1,3,GO_Biological_Process_2021
GO_Biological_Process_2021,protein kinase C-activating G protein-coupled receptor signaling pathway (GO:0007205),1/11,0.1046862992439068,0.4932039703868426,0,0,9.944723618090451,22.4431232477853,CHRM1,3,GO_Biological_Process_2021
GO_Biological_Process_2021,cellular response to transforming growth factor beta stimulus (GO:0071560),3/114,0.1063487931507688,0.4932039703868426,0,0,2.7011935793661683,6.0534587787747896,DLX1;ZFYVE9;ANKRD1,3,GO_Biological_Process_2021
GO_Biological_Process_2021,positive regulation of cell junction assembly (GO:1901890),2/57,0.111218880351375,0.4932039703868426,0,0,3.6262626262626254,7.964197874788815,BDNF;NRXN1,3,GO_Biological_Process_2021
GO_Biological_Process_2021,monocarboxylic acid transport (GO:0015718),2/57,0.111218880351375,0.4932039703868426,0,0,3.6262626262626254,7.964197874788815,SLCO1A2;SLC6A13,3,GO_Biological_Process_2021
GO_Biological_Process_2021,protein localization to synapse (GO:0035418),1/12,0.1136443487055952,0.4932039703868426,0,0,9.040201005025123,19.659557478207127,NRXN1,3,GO_Biological_Process_2021
GO_Biological_Process_2021,angiotensin maturation (GO:0002003),1/12,0.1136443487055952,0.4932039703868426,0,0,9.040201005025123,19.659557478207127,MME,3,GO_Biological_Process_2021
GO_Biological_Process_2021,regulation of actin filament depolymerization (GO:0030834),1/12,0.1136443487055952,0.4932039703868426,0,0,9.040201005025123,19.659557478207127,CFL2,3,GO_Biological_Process_2021
GO_Biological_Process_2021,regulation of angiotensin levels in blood (GO:0002002),1/12,0.1136443487055952,0.4932039703868426,0,0,9.040201005025123,19.659557478207127,MME,3,GO_Biological_Process_2021
GO_Biological_Process_2021,brain morphogenesis (GO:0048854),1/12,0.1136443487055952,0.4932039703868426,0,0,9.040201005025123,19.659557478207127,SLC6A4,3,GO_Biological_Process_2021
GO_Biological_Process_2021,C-terminal protein amino acid modification (GO:0018410),1/12,0.1136443487055952,0.4932039703868426,0,0,9.040201005025123,19.659557478207127,AGTPBP1,3,GO_Biological_Process_2021
GO_Biological_Process_2021,cell differentiation in hindbrain (GO:0021533),1/12,0.1136443487055952,0.4932039703868426,0,0,9.040201005025123,19.659557478207127,AGTPBP1,3,GO_Biological_Process_2021
GO_Biological_Process_2021,cellular response to thyroid hormone stimulus (GO:0097067),1/12,0.1136443487055952,0.4932039703868426,0,0,9.040201005025123,19.659557478207127,RDX,3,GO_Biological_Process_2021
GO_Biological_Process_2021,negative regulation of vascular permeability (GO:0043116),1/12,0.1136443487055952,0.4932039703868426,0,0,9.040201005025123,19.659557478207127,SH3GL2,3,GO_Biological_Process_2021
GO_Biological_Process_2021,positive regulation of actin filament depolymerization (GO:0030836),1/12,0.1136443487055952,0.4932039703868426,0,0,9.040201005025123,19.659557478207127,CFL2,3,GO_Biological_Process_2021
GO_Biological_Process_2021,epithelial cell-cell adhesion (GO:0090136),1/12,0.1136443487055952,0.4932039703868426,0,0,9.040201005025123,19.659557478207127,BVES,3,GO_Biological_Process_2021
GO_Biological_Process_2021,eye photoreceptor cell differentiation (GO:0001754),1/12,0.1136443487055952,0.4932039703868426,0,0,9.040201005025123,19.659557478207127,AGTPBP1,3,GO_Biological_Process_2021
GO_Biological_Process_2021,replicative senescence (GO:0090399),1/12,0.1136443487055952,0.4932039703868426,0,0,9.040201005025123,19.659557478207127,MME,3,GO_Biological_Process_2021
GO_Biological_Process_2021,positive regulation of protein depolymerization (GO:1901881),1/12,0.1136443487055952,0.4932039703868426,0,0,9.040201005025123,19.659557478207127,CFL2,3,GO_Biological_Process_2021
GO_Biological_Process_2021,macrophage chemotaxis (GO:0048246),1/12,0.1136443487055952,0.4932039703868426,0,0,9.040201005025123,19.659557478207127,TAFA4,3,GO_Biological_Process_2021
GO_Biological_Process_2021,positive regulation of T-helper 1 type immune response (GO:0002827),1/12,0.1136443487055952,0.4932039703868426,0,0,9.040201005025123,19.659557478207127,NLRP10,3,GO_Biological_Process_2021
GO_Biological_Process_2021,positive regulation of T-helper 17 type immune response (GO:2000318),1/12,0.1136443487055952,0.4932039703868426,0,0,9.040201005025123,19.659557478207127,NLRP10,3,GO_Biological_Process_2021
GO_Biological_Process_2021,protein polymerization (GO:0051258),2/59,0.1177356082636544,0.4932039703868426,0,0,3.4986709197235517,7.484754897547597,DIAPH3;WASF3,3,GO_Biological_Process_2021
GO_Biological_Process_2021,adenylate cyclase-inhibiting G protein-coupled receptor signaling pathway (GO:0007193),2/60,0.1210294038464434,0.4932039703868426,0,0,3.438174851967956,7.260468635528234,CHRM1;ADCY8,3,GO_Biological_Process_2021
GO_Biological_Process_2021,atrial cardiac muscle cell action potential (GO:0086014),1/13,0.1225132126107664,0.4932039703868426,0,0,8.28643216080402,17.397665920944878,GJC1,3,GO_Biological_Process_2021
GO_Biological_Process_2021,negative regulation of hippo signaling (GO:0035331),1/13,0.1225132126107664,0.4932039703868426,0,0,8.28643216080402,17.397665920944878,WWC2,3,GO_Biological_Process_2021
GO_Biological_Process_2021,cardiac right ventricle morphogenesis (GO:0003215),1/13,0.1225132126107664,0.4932039703868426,0,0,8.28643216080402,17.397665920944878,TBX20,3,GO_Biological_Process_2021
GO_Biological_Process_2021,negative regulation of myotube differentiation (GO:0010832),1/13,0.1225132126107664,0.4932039703868426,0,0,8.28643216080402,17.397665920944878,BDNF,3,GO_Biological_Process_2021
GO_Biological_Process_2021,negative regulation of stem cell differentiation (GO:2000737),1/13,0.1225132126107664,0.4932039703868426,0,0,8.28643216080402,17.397665920944878,TCF15,3,GO_Biological_Process_2021
GO_Biological_Process_2021,regulation of homotypic cell-cell adhesion (GO:0034110),1/13,0.1225132126107664,0.4932039703868426,0,0,8.28643216080402,17.397665920944878,RDX,3,GO_Biological_Process_2021
GO_Biological_Process_2021,regulation of platelet-derived growth factor receptor signaling pathway (GO:0010640),1/13,0.1225132126107664,0.4932039703868426,0,0,8.28643216080402,17.397665920944878,NDRG4,3,GO_Biological_Process_2021
GO_Biological_Process_2021,positive regulation of adaptive immune response based on somatic recombination of immune receptors built from immunoglobulin superfamily domains (GO:0002824),1/13,0.1225132126107664,0.4932039703868426,0,0,8.28643216080402,17.397665920944878,NLRP10,3,GO_Biological_Process_2021
GO_Biological_Process_2021,regulation of response to stress (GO:0080134),1/13,0.1225132126107664,0.4932039703868426,0,0,8.28643216080402,17.397665920944878,ADCY8,3,GO_Biological_Process_2021
GO_Biological_Process_2021,response to thyroid hormone (GO:0097066),1/13,0.1225132126107664,0.4932039703868426,0,0,8.28643216080402,17.397665920944878,RDX,3,GO_Biological_Process_2021
GO_Biological_Process_2021,response to UV-B (GO:0010224),1/13,0.1225132126107664,0.4932039703868426,0,0,8.28643216080402,17.397665920944878,MME,3,GO_Biological_Process_2021
GO_Biological_Process_2021,positive regulation of neuron migration (GO:2001224),1/13,0.1225132126107664,0.4932039703868426,0,0,8.28643216080402,17.397665920944878,SRGAP2C,3,GO_Biological_Process_2021
GO_Biological_Process_2021,protein localization to mitochondrion (GO:0070585),1/13,0.1225132126107664,0.4932039703868426,0,0,8.28643216080402,17.397665920944878,RALA,3,GO_Biological_Process_2021
GO_Biological_Process_2021,atrial septum development (GO:0003283),1/14,0.1312937743788508,0.4932039703868426,0,0,7.648627754155393,15.529145947074284,TBX20,3,GO_Biological_Process_2021
GO_Biological_Process_2021,atrioventricular valve development (GO:0003171),1/14,0.1312937743788508,0.4932039703868426,0,0,7.648627754155393,15.529145947074284,TBX20,3,GO_Biological_Process_2021
GO_Biological_Process_2021,cAMP metabolic process (GO:0046058),1/14,0.1312937743788508,0.4932039703868426,0,0,7.648627754155393,15.529145947074284,ADCY8,3,GO_Biological_Process_2021
GO_Biological_Process_2021,negative regulation of smooth muscle cell migration (GO:0014912),1/14,0.1312937743788508,0.4932039703868426,0,0,7.648627754155393,15.529145947074284,NDRG4,3,GO_Biological_Process_2021
GO_Biological_Process_2021,neuromuscular process controlling balance (GO:0050885),1/14,0.1312937743788508,0.4932039703868426,0,0,7.648627754155393,15.529145947074284,NRXN1,3,GO_Biological_Process_2021
GO_Biological_Process_2021,neurotransmitter biosynthetic process (GO:0042136),1/14,0.1312937743788508,0.4932039703868426,0,0,7.648627754155393,15.529145947074284,SLC6A4,3,GO_Biological_Process_2021
GO_Biological_Process_2021,positive regulation of cardiac muscle cell proliferation (GO:0060045),1/14,0.1312937743788508,0.4932039703868426,0,0,7.648627754155393,15.529145947074284,TBX20,3,GO_Biological_Process_2021
GO_Biological_Process_2021,heart process (GO:0003015),1/14,0.1312937743788508,0.4932039703868426,0,0,7.648627754155393,15.529145947074284,SGCG,3,GO_Biological_Process_2021
GO_Biological_Process_2021,positive regulation of insulin secretion involved in cellular response to glucose stimulus (GO:0035774),1/14,0.1312937743788508,0.4932039703868426,0,0,7.648627754155393,15.529145947074284,ADCY8,3,GO_Biological_Process_2021
GO_Biological_Process_2021,response to UV-A (GO:0070141),1/14,0.1312937743788508,0.4932039703868426,0,0,7.648627754155393,15.529145947074284,MME,3,GO_Biological_Process_2021
GO_Biological_Process_2021,positive regulation of long-term synaptic potentiation (GO:1900273),1/14,0.1312937743788508,0.4932039703868426,0,0,7.648627754155393,15.529145947074284,ADCY8,3,GO_Biological_Process_2021
GO_Biological_Process_2021,sodium-independent organic anion transport (GO:0043252),1/14,0.1312937743788508,0.4932039703868426,0,0,7.648627754155393,15.529145947074284,SLCO1A2,3,GO_Biological_Process_2021
GO_Biological_Process_2021,manganese ion transport (GO:0006828),1/14,0.1312937743788508,0.4932039703868426,0,0,7.648627754155393,15.529145947074284,TRPC3,3,GO_Biological_Process_2021
GO_Biological_Process_2021,central nervous system development (GO:0007417),5/268,0.1318223464178523,0.4932039703868426,0,0,1.904747976991323,3.8595910607285817,SH3GL3;NDRG4;DLX2;CCIN;SH3GL2,3,GO_Biological_Process_2021
GO_Biological_Process_2021,protein localization to membrane (GO:0072657),4/195,0.1321208597699744,0.4932039703868426,0,0,2.0952024788973183,4.24076979323628,NRXN1;RDX;LIN7A;SPTBN1,3,GO_Biological_Process_2021
GO_Biological_Process_2021,synapse organization (GO:0050808),3/126,0.1323995391242033,0.4932039703868426,0,0,2.4361767983162066,4.925781673616739,GPM6A;BDNF;NRXN1,3,GO_Biological_Process_2021
GO_Biological_Process_2021,muscle contraction (GO:0006936),3/129,0.1392329274452611,0.502418768324441,0,0,2.3778100072516315,4.688106881874375,GJC1;MYH2;CACNA1S,3,GO_Biological_Process_2021
GO_Biological_Process_2021,regulation of extracellular matrix organization (GO:1903053),1/15,0.139986908731619,0.502418768324441,0,0,7.101938262742283,13.963876250165317,ANGPTL7,3,GO_Biological_Process_2021
GO_Biological_Process_2021,neurotrophin TRK receptor signaling pathway (GO:0048011),1/15,0.139986908731619,0.502418768324441,0,0,7.101938262742283,13.963876250165317,BDNF,3,GO_Biological_Process_2021
GO_Biological_Process_2021,endoderm development (GO:0007492),1/15,0.139986908731619,0.502418768324441,0,0,7.101938262742283,13.963876250165317,TBX20,3,GO_Biological_Process_2021
GO_Biological_Process_2021,response to muscle stretch (GO:0035994),1/15,0.139986908731619,0.502418768324441,0,0,7.101938262742283,13.963876250165317,ANKRD1,3,GO_Biological_Process_2021
GO_Biological_Process_2021,superoxide anion generation (GO:0042554),1/15,0.139986908731619,0.502418768324441,0,0,7.101938262742283,13.963876250165317,TAFA4,3,GO_Biological_Process_2021
GO_Biological_Process_2021,macrophage migration (GO:1905517),1/15,0.139986908731619,0.502418768324441,0,0,7.101938262742283,13.963876250165317,TAFA4,3,GO_Biological_Process_2021
GO_Biological_Process_2021,protein kinase A signaling (GO:0010737),1/15,0.139986908731619,0.502418768324441,0,0,7.101938262742283,13.963876250165317,RDX,3,GO_Biological_Process_2021
GO_Biological_Process_2021,embryonic organ development (GO:0048568),2/66,0.1412394085870013,0.5033850514468203,0,0,3.11489898989899,6.096788351656931,TEAD4;NDRG4,3,GO_Biological_Process_2021
GO_Biological_Process_2021,protein glycosylation (GO:0006486),3/130,0.1415370182821212,0.5033850514468203,0,0,2.3589671849394462,4.612238445645575,B3GALNT1;B4GAT1;B3GALT1,3,GO_Biological_Process_2021
GO_Biological_Process_2021,axon guidance (GO:0007411),4/203,0.1465136299892268,0.5065664586123751,0,0,2.010152804840529,3.860773485543645,TMEFF1;BDNF;NRXN1;SPTBN1,3,GO_Biological_Process_2021
GO_Biological_Process_2021,neuron cell-cell adhesion (GO:0007158),1/16,0.1485934818111902,0.5065664586123751,0,0,6.628140703517588,12.636822082241835,NRXN1,3,GO_Biological_Process_2021
GO_Biological_Process_2021,regulation of isotype switching (GO:0045191),1/16,0.1485934818111902,0.5065664586123751,0,0,6.628140703517588,12.636822082241835,TFRC,3,GO_Biological_Process_2021
GO_Biological_Process_2021,regulation of systemic arterial blood pressure by hormone (GO:0001990),1/16,0.1485934818111902,0.5065664586123751,0,0,6.628140703517588,12.636822082241835,RASL10B,3,GO_Biological_Process_2021
GO_Biological_Process_2021,positive regulation of immunoglobulin mediated immune response (GO:0002891),1/16,0.1485934818111902,0.5065664586123751,0,0,6.628140703517588,12.636822082241835,TFRC,3,GO_Biological_Process_2021
GO_Biological_Process_2021,response to organophosphorus (GO:0046683),1/16,0.1485934818111902,0.5065664586123751,0,0,6.628140703517588,12.636822082241835,TRPC3,3,GO_Biological_Process_2021
GO_Biological_Process_2021,positive regulation of isotype switching (GO:0045830),1/16,0.1485934818111902,0.5065664586123751,0,0,6.628140703517588,12.636822082241835,TFRC,3,GO_Biological_Process_2021
GO_Biological_Process_2021,motor neuron axon guidance (GO:0008045),1/16,0.1485934818111902,0.5065664586123751,0,0,6.628140703517588,12.636822082241835,TMEFF1,3,GO_Biological_Process_2021
GO_Biological_Process_2021,activation of protein kinase A activity (GO:0034199),1/17,0.157114351192228,0.5065664586123751,0,0,6.21356783919598,11.499955704952034,ADCY8,3,GO_Biological_Process_2021
GO_Biological_Process_2021,pulmonary valve morphogenesis (GO:0003184),1/17,0.157114351192228,0.5065664586123751,0,0,6.21356783919598,11.499955704952034,TBX20,3,GO_Biological_Process_2021
GO_Biological_Process_2021,amyloid-beta metabolic process (GO:0050435),1/17,0.157114351192228,0.5065664586123751,0,0,6.21356783919598,11.499955704952034,MME,3,GO_Biological_Process_2021
GO_Biological_Process_2021,regulation of Arp2/3 complex-mediated actin nucleation (GO:0034315),1/17,0.157114351192228,0.5065664586123751,0,0,6.21356783919598,11.499955704952034,WASF3,3,GO_Biological_Process_2021
GO_Biological_Process_2021,cell communication by electrical coupling involved in cardiac conduction (GO:0086064),1/17,0.157114351192228,0.5065664586123751,0,0,6.21356783919598,11.499955704952034,GJC1,3,GO_Biological_Process_2021
GO_Biological_Process_2021,regulation of receptor recycling (GO:0001919),1/17,0.157114351192228,0.5065664586123751,0,0,6.21356783919598,11.499955704952034,BVES,3,GO_Biological_Process_2021
GO_Biological_Process_2021,positive regulation of cardiac muscle tissue growth (GO:0055023),1/17,0.157114351192228,0.5065664586123751,0,0,6.21356783919598,11.499955704952034,TBX20,3,GO_Biological_Process_2021
GO_Biological_Process_2021,response to purine-containing compound (GO:0014074),1/17,0.157114351192228,0.5065664586123751,0,0,6.21356783919598,11.499955704952034,TRPC3,3,GO_Biological_Process_2021
GO_Biological_Process_2021,positive regulation of stem cell differentiation (GO:2000738),1/17,0.157114351192228,0.5065664586123751,0,0,6.21356783919598,11.499955704952034,TCF15,3,GO_Biological_Process_2021
GO_Biological_Process_2021,mesenchyme morphogenesis (GO:0072132),1/17,0.157114351192228,0.5065664586123751,0,0,6.21356783919598,11.499955704952034,TBX20,3,GO_Biological_Process_2021
GO_Biological_Process_2021,modified amino acid transport (GO:0072337),1/17,0.157114351192228,0.5065664586123751,0,0,6.21356783919598,11.499955704952034,SLC6A13,3,GO_Biological_Process_2021
GO_Biological_Process_2021,cell morphogenesis involved in differentiation (GO:0000904),2/72,0.1621027002960182,0.5065664586123751,0,0,2.8470418470418477,5.180264363849609,RADIL;BVES,3,GO_Biological_Process_2021
GO_Biological_Process_2021,protein localization to cell periphery (GO:1990778),3/140,0.1652477197553054,0.5065664586123751,0,0,2.1856682352069363,3.934879504297894,RDX;LIN7A;SPTBN1,3,GO_Biological_Process_2021
GO_Biological_Process_2021,acidic amino acid transport (GO:0015800),1/18,0.1655503660358053,0.5065664586123751,0,0,5.847768253029855,10.51709310132786,SLC6A13,3,GO_Biological_Process_2021
GO_Biological_Process_2021,protein O-linked mannosylation (GO:0035269),1/18,0.1655503660358053,0.5065664586123751,0,0,5.847768253029855,10.51709310132786,B4GAT1,3,GO_Biological_Process_2021
GO_Biological_Process_2021,regulation of cellular protein catabolic process (GO:1903362),1/18,0.1655503660358053,0.5065664586123751,0,0,5.847768253029855,10.51709310132786,RDX,3,GO_Biological_Process_2021
GO_Biological_Process_2021,regulation of early endosome to late endosome transport (GO:2000641),1/18,0.1655503660358053,0.5065664586123751,0,0,5.847768253029855,10.51709310132786,RDX,3,GO_Biological_Process_2021
GO_Biological_Process_2021,cellular response to alkaloid (GO:0071312),1/18,0.1655503660358053,0.5065664586123751,0,0,5.847768253029855,10.51709310132786,CACNA1S,3,GO_Biological_Process_2021
GO_Biological_Process_2021,negative regulation of tumor necrosis factor-mediated signaling pathway (GO:0010804),1/18,0.1655503660358053,0.5065664586123751,0,0,5.847768253029855,10.51709310132786,PELI3,3,GO_Biological_Process_2021
GO_Biological_Process_2021,embryonic digit morphogenesis (GO:0042733),1/18,0.1655503660358053,0.5065664586123751,0,0,5.847768253029855,10.51709310132786,MSX1,3,GO_Biological_Process_2021
GO_Biological_Process_2021,endothelial cell proliferation (GO:0001935),1/18,0.1655503660358053,0.5065664586123751,0,0,5.847768253029855,10.51709310132786,ANGPT4,3,GO_Biological_Process_2021
GO_Biological_Process_2021,positive regulation of cardiac muscle hypertrophy (GO:0010613),1/18,0.1655503660358053,0.5065664586123751,0,0,5.847768253029855,10.51709310132786,TRPC3,3,GO_Biological_Process_2021
GO_Biological_Process_2021,G protein-coupled acetylcholine receptor signaling pathway (GO:0007213),1/18,0.1655503660358053,0.5065664586123751,0,0,5.847768253029855,10.51709310132786,CHRM1,3,GO_Biological_Process_2021
GO_Biological_Process_2021,positive regulation of CREB transcription factor activity (GO:0032793),1/18,0.1655503660358053,0.5065664586123751,0,0,5.847768253029855,10.51709310132786,ADCY8,3,GO_Biological_Process_2021
GO_Biological_Process_2021,positive regulation of excitatory postsynaptic potential (GO:2000463),1/18,0.1655503660358053,0.5065664586123751,0,0,5.847768253029855,10.51709310132786,NRXN1,3,GO_Biological_Process_2021
GO_Biological_Process_2021,"positive regulation of synaptic transmission, glutamatergic (GO:0051968)",1/18,0.1655503660358053,0.5065664586123751,0,0,5.847768253029855,10.51709310132786,NRXN1,3,GO_Biological_Process_2021
GO_Biological_Process_2021,regulation of hydrolase activity (GO:0051336),2/73,0.1656330532612982,0.5065664586123751,0,0,2.806800398349694,5.046572271238703,RDX;BVES,3,GO_Biological_Process_2021
GO_Biological_Process_2021,positive regulation of synaptic transmission (GO:0050806),2/73,0.1656330532612982,0.5065664586123751,0,0,2.806800398349694,5.046572271238703,NRXN1;ADCY8,3,GO_Biological_Process_2021
GO_Biological_Process_2021,negative regulation of multicellular organismal process (GO:0051241),4/214,0.1672414640339175,0.5081310802305812,0,0,1.903790087463557,3.4045794514374683,DLX1;DLX2;WWC2;SLC6A4,3,GO_Biological_Process_2021
GO_Biological_Process_2021,cardiac atrium morphogenesis (GO:0003209),1/19,0.1739023671527052,0.5081310802305812,0,0,5.522613065326633,9.66049300943,TBX20,3,GO_Biological_Process_2021
GO_Biological_Process_2021,cellular response to glucagon stimulus (GO:0071377),1/19,0.1739023671527052,0.5081310802305812,0,0,5.522613065326633,9.66049300943,ADCY8,3,GO_Biological_Process_2021
GO_Biological_Process_2021,negative regulation of striated muscle cell differentiation (GO:0051154),1/19,0.1739023671527052,0.5081310802305812,0,0,5.522613065326633,9.66049300943,BDNF,3,GO_Biological_Process_2021
GO_Biological_Process_2021,endocardial cushion morphogenesis (GO:0003203),1/19,0.1739023671527052,0.5081310802305812,0,0,5.522613065326633,9.66049300943,TBX20,3,GO_Biological_Process_2021
GO_Biological_Process_2021,piRNA metabolic process (GO:0034587),1/19,0.1739023671527052,0.5081310802305812,0,0,5.522613065326633,9.66049300943,EXD1,3,GO_Biological_Process_2021
GO_Biological_Process_2021,regulation of synaptic vesicle exocytosis (GO:2000300),1/19,0.1739023671527052,0.5081310802305812,0,0,5.522613065326633,9.66049300943,RIMS4,3,GO_Biological_Process_2021
GO_Biological_Process_2021,positive regulation of cellular protein catabolic process (GO:1903364),1/19,0.1739023671527052,0.5081310802305812,0,0,5.522613065326633,9.66049300943,RDX,3,GO_Biological_Process_2021
GO_Biological_Process_2021,response to ATP (GO:0033198),1/19,0.1739023671527052,0.5081310802305812,0,0,5.522613065326633,9.66049300943,TRPC3,3,GO_Biological_Process_2021
GO_Biological_Process_2021,positive regulation of mitochondrial fission (GO:0090141),1/19,0.1739023671527052,0.5081310802305812,0,0,5.522613065326633,9.66049300943,RALA,3,GO_Biological_Process_2021
GO_Biological_Process_2021,mesenchymal cell development (GO:0014031),1/19,0.1739023671527052,0.5081310802305812,0,0,5.522613065326633,9.66049300943,TBX20,3,GO_Biological_Process_2021
GO_Biological_Process_2021,postsynaptic membrane organization (GO:0001941),1/19,0.1739023671527052,0.5081310802305812,0,0,5.522613065326633,9.66049300943,NRXN1,3,GO_Biological_Process_2021
GO_Biological_Process_2021,negative regulation of cell migration (GO:0030336),3/144,0.1750440509507228,0.5095606866527329,0,0,2.1232314504806133,3.700192853755635,SRGAP2C;NDRG4;SRGAP2B,3,GO_Biological_Process_2021
GO_Biological_Process_2021,regulation of BMP signaling pathway (GO:0030510),2/76,0.1763024531867548,0.5095606866527329,0,0,2.6926016926016927,4.673156378016087,DLX1;TBX20,3,GO_Biological_Process_2021
GO_Biological_Process_2021,negative regulation of developmental process (GO:0051093),2/77,0.1798830098073791,0.5095606866527329,0,0,2.656565656565657,4.557201796283064,SRGAP2C;TFRC,3,GO_Biological_Process_2021
GO_Biological_Process_2021,regulation of hippo signaling (GO:0035330),1/20,0.182171186958547,0.5095606866527329,0,0,5.231684739486909,8.908556962758436,WWC2,3,GO_Biological_Process_2021
GO_Biological_Process_2021,dopaminergic neuron differentiation (GO:0071542),1/20,0.182171186958547,0.5095606866527329,0,0,5.231684739486909,8.908556962758436,PHOX2A,3,GO_Biological_Process_2021
GO_Biological_Process_2021,regulation of protein localization to cell periphery (GO:1904375),1/20,0.182171186958547,0.5095606866527329,0,0,5.231684739486909,8.908556962758436,SPTBN1,3,GO_Biological_Process_2021
GO_Biological_Process_2021,regulation of smooth muscle cell migration (GO:0014910),1/20,0.182171186958547,0.5095606866527329,0,0,5.231684739486909,8.908556962758436,NDRG4,3,GO_Biological_Process_2021
GO_Biological_Process_2021,eye morphogenesis (GO:0048592),1/20,0.182171186958547,0.5095606866527329,0,0,5.231684739486909,8.908556962758436,AGTPBP1,3,GO_Biological_Process_2021
GO_Biological_Process_2021,fatty acid transport (GO:0015908),1/20,0.182171186958547,0.5095606866527329,0,0,5.231684739486909,8.908556962758436,SLC27A6,3,GO_Biological_Process_2021
GO_Biological_Process_2021,positive regulation of hormone secretion (GO:0046887),1/20,0.182171186958547,0.5095606866527329,0,0,5.231684739486909,8.908556962758436,RASL10B,3,GO_Biological_Process_2021
GO_Biological_Process_2021,mesoderm development (GO:0007498),1/20,0.182171186958547,0.5095606866527329,0,0,5.231684739486909,8.908556962758436,TCF15,3,GO_Biological_Process_2021
GO_Biological_Process_2021,mesoderm formation (GO:0001707),1/20,0.182171186958547,0.5095606866527329,0,0,5.231684739486909,8.908556962758436,TBX20,3,GO_Biological_Process_2021
GO_Biological_Process_2021,negative regulation of apoptotic signaling pathway (GO:2001234),2/78,0.1834746263330842,0.5113867244602988,0,0,2.621477937267411,4.445184817601474,BDNF;PELI3,3,GO_Biological_Process_2021
GO_Biological_Process_2021,acetylcholine receptor signaling pathway (GO:0095500),1/21,0.1903576498347592,0.5115404645597219,0,0,4.969849246231155,8.244237447277422,CHRM1,3,GO_Biological_Process_2021
GO_Biological_Process_2021,autonomic nervous system development (GO:0048483),1/21,0.1903576498347592,0.5115404645597219,0,0,4.969849246231155,8.244237447277422,PHOX2A,3,GO_Biological_Process_2021
GO_Biological_Process_2021,regulation of cardiac muscle cell proliferation (GO:0060043),1/21,0.1903576498347592,0.5115404645597219,0,0,4.969849246231155,8.244237447277422,TBX20,3,GO_Biological_Process_2021
GO_Biological_Process_2021,regulation of dendritic spine development (GO:0060998),1/21,0.1903576498347592,0.5115404645597219,0,0,4.969849246231155,8.244237447277422,SRGAP2C,3,GO_Biological_Process_2021
GO_Biological_Process_2021,neurotrophin signaling pathway (GO:0038179),1/21,0.1903576498347592,0.5115404645597219,0,0,4.969849246231155,8.244237447277422,BDNF,3,GO_Biological_Process_2021
GO_Biological_Process_2021,cyclic purine nucleotide metabolic process (GO:0052652),1/21,0.1903576498347592,0.5115404645597219,0,0,4.969849246231155,8.244237447277422,ADCY8,3,GO_Biological_Process_2021
GO_Biological_Process_2021,endocardial cushion development (GO:0003197),1/21,0.1903576498347592,0.5115404645597219,0,0,4.969849246231155,8.244237447277422,TBX20,3,GO_Biological_Process_2021
GO_Biological_Process_2021,poly(A)+ mRNA export from nucleus (GO:0016973),1/21,0.1903576498347592,0.5115404645597219,0,0,4.969849246231155,8.244237447277422,DDX25,3,GO_Biological_Process_2021
GO_Biological_Process_2021,response to glucagon (GO:0033762),1/21,0.1903576498347592,0.5115404645597219,0,0,4.969849246231155,8.244237447277422,ADCY8,3,GO_Biological_Process_2021
GO_Biological_Process_2021,sensory perception of pain (GO:0019233),1/21,0.1903576498347592,0.5115404645597219,0,0,4.969849246231155,8.244237447277422,MME,3,GO_Biological_Process_2021
GO_Biological_Process_2021,negative regulation of extrinsic apoptotic signaling pathway (GO:2001237),2/80,0.1906887482391839,0.5115404645597219,0,0,2.554001554001554,4.232268591096898,PELI3;EYA4,3,GO_Biological_Process_2021
GO_Biological_Process_2021,protein mannosylation (GO:0035268),1/22,0.1984625719282345,0.5287850221545503,0,0,4.732950466618808,7.653913334056085,B4GAT1,3,GO_Biological_Process_2021
GO_Biological_Process_2021,amino acid import (GO:0043090),1/22,0.1984625719282345,0.5287850221545503,0,0,4.732950466618808,7.653913334056085,SLC6A13,3,GO_Biological_Process_2021
GO_Biological_Process_2021,peptide metabolic process (GO:0006518),2/83,0.2015788294152306,0.531681073558293,0,0,2.4590347923681257,3.938328060173813,MME;TRHDE,3,GO_Biological_Process_2021
GO_Biological_Process_2021,glycoprotein biosynthetic process (GO:0009101),2/83,0.2015788294152306,0.531681073558293,0,0,2.4590347923681257,3.938328060173813,B3GALNT1;B3GALT1,3,GO_Biological_Process_2021
GO_Biological_Process_2021,positive regulation of plasma membrane bounded cell projection assembly (GO:0120034),2/83,0.2015788294152306,0.531681073558293,0,0,2.4590347923681257,3.938328060173813,GPM6A;RALA,3,GO_Biological_Process_2021
GO_Biological_Process_2021,vascular transport (GO:0010232),2/84,0.2052250792916977,0.5321265390045974,0,0,2.4289233801428924,3.84655954231675,TFRC;SLC6A13,3,GO_Biological_Process_2021
GO_Biological_Process_2021,negative regulation of extrinsic apoptotic signaling pathway in absence of ligand (GO:2001240),1/23,0.2064867613185778,0.5321265390045974,0,0,4.517587939698492,7.126580711797677,EYA4,3,GO_Biological_Process_2021
GO_Biological_Process_2021,negative regulation of GTPase activity (GO:0034260),1/23,0.2064867613185778,0.5321265390045974,0,0,4.517587939698492,7.126580711797677,RDX,3,GO_Biological_Process_2021
GO_Biological_Process_2021,negative regulation of signal transduction in absence of ligand (GO:1901099),1/23,0.2064867613185778,0.5321265390045974,0,0,4.517587939698492,7.126580711797677,EYA4,3,GO_Biological_Process_2021
GO_Biological_Process_2021,oligosaccharide biosynthetic process (GO:0009312),1/23,0.2064867613185778,0.5321265390045974,0,0,4.517587939698492,7.126580711797677,B3GALT1,3,GO_Biological_Process_2021
GO_Biological_Process_2021,diacylglycerol metabolic process (GO:0046339),1/23,0.2064867613185778,0.5321265390045974,0,0,4.517587939698492,7.126580711797677,DGKK,3,GO_Biological_Process_2021
GO_Biological_Process_2021,ear morphogenesis (GO:0042471),1/23,0.2064867613185778,0.5321265390045974,0,0,4.517587939698492,7.126580711797677,TMIE,3,GO_Biological_Process_2021
GO_Biological_Process_2021,transport across blood-brain barrier (GO:0150104),2/86,0.2125388044387241,0.5350564454604896,0,0,2.370851370851371,3.671573213687656,TFRC;SLC6A13,3,GO_Biological_Process_2021
GO_Biological_Process_2021,amino acid import across plasma membrane (GO:0089718),1/24,0.2144310182188985,0.5350564454604896,0,0,4.320952589032117,6.653261007649563,SLC6A13,3,GO_Biological_Process_2021
GO_Biological_Process_2021,regulation of cell size (GO:0008361),1/24,0.2144310182188985,0.5350564454604896,0,0,4.320952589032117,6.653261007649563,RDX,3,GO_Biological_Process_2021
GO_Biological_Process_2021,carbohydrate biosynthetic process (GO:0016051),1/24,0.2144310182188985,0.5350564454604896,0,0,4.320952589032117,6.653261007649563,B3GALT1,3,GO_Biological_Process_2021
GO_Biological_Process_2021,regulation of cellular response to transforming growth factor beta stimulus (GO:1903844),1/24,0.2144310182188985,0.5350564454604896,0,0,4.320952589032117,6.653261007649563,DLX1,3,GO_Biological_Process_2021
GO_Biological_Process_2021,defense response to fungus (GO:0050832),1/24,0.2144310182188985,0.5350564454604896,0,0,4.320952589032117,6.653261007649563,NLRP10,3,GO_Biological_Process_2021
GO_Biological_Process_2021,peptidyl-glutamic acid modification (GO:0018200),1/24,0.2144310182188985,0.5350564454604896,0,0,4.320952589032117,6.653261007649563,AGTPBP1,3,GO_Biological_Process_2021
GO_Biological_Process_2021,dorsal/ventral pattern formation (GO:0009953),1/24,0.2144310182188985,0.5350564454604896,0,0,4.320952589032117,6.653261007649563,TBX20,3,GO_Biological_Process_2021
GO_Biological_Process_2021,regulation of ruffle assembly (GO:1900027),1/24,0.2144310182188985,0.5350564454604896,0,0,4.320952589032117,6.653261007649563,RDX,3,GO_Biological_Process_2021
GO_Biological_Process_2021,inner ear morphogenesis (GO:0042472),1/24,0.2144310182188985,0.5350564454604896,0,0,4.320952589032117,6.653261007649563,TMIE,3,GO_Biological_Process_2021
GO_Biological_Process_2021,sodium ion transmembrane transport (GO:0035725),2/87,0.2162052764803214,0.5359655275711911,0,0,2.342840166369578,3.588122897733772,SLC6A13;SLC6A4,3,GO_Biological_Process_2021
GO_Biological_Process_2021,positive regulation of neuron projection development (GO:0010976),2/88,0.2198775013707891,0.5359655275711911,0,0,2.315480385247827,3.5072227118932733,NDRG4;BDNF,3,GO_Biological_Process_2021
GO_Biological_Process_2021,metal ion transport (GO:0030001),2/88,0.2198775013707891,0.5359655275711911,0,0,2.315480385247827,3.5072227118932733,TRPC3;CACNA1S,3,GO_Biological_Process_2021
GO_Biological_Process_2021,cardiac conduction system development (GO:0003161),1/25,0.2222961348450487,0.5359655275711911,0,0,4.14070351758794,6.226561570384656,MSX1,3,GO_Biological_Process_2021
GO_Biological_Process_2021,cellular response to hexose stimulus (GO:0071331),1/25,0.2222961348450487,0.5359655275711911,0,0,4.14070351758794,6.226561570384656,ADCY8,3,GO_Biological_Process_2021
GO_Biological_Process_2021,regulation of mitochondrial fission (GO:0090140),1/25,0.2222961348450487,0.5359655275711911,0,0,4.14070351758794,6.226561570384656,RALA,3,GO_Biological_Process_2021
GO_Biological_Process_2021,regulation of myotube differentiation (GO:0010830),1/25,0.2222961348450487,0.5359655275711911,0,0,4.14070351758794,6.226561570384656,BDNF,3,GO_Biological_Process_2021
GO_Biological_Process_2021,outflow tract septum morphogenesis (GO:0003148),1/25,0.2222961348450487,0.5359655275711911,0,0,4.14070351758794,6.226561570384656,TBX20,3,GO_Biological_Process_2021
GO_Biological_Process_2021,peptide catabolic process (GO:0043171),1/25,0.2222961348450487,0.5359655275711911,0,0,4.14070351758794,6.226561570384656,TRHDE,3,GO_Biological_Process_2021
GO_Biological_Process_2021,peripheral nervous system development (GO:0007422),1/25,0.2222961348450487,0.5359655275711911,0,0,4.14070351758794,6.226561570384656,BDNF,3,GO_Biological_Process_2021
GO_Biological_Process_2021,negative regulation of actin filament polymerization (GO:0030837),1/25,0.2222961348450487,0.5359655275711911,0,0,4.14070351758794,6.226561570384656,TMSB15A,3,GO_Biological_Process_2021
GO_Biological_Process_2021,post-Golgi vesicle-mediated transport (GO:0006892),2/89,0.2235550003741977,0.5373523862205486,0,0,2.2887495646116336,3.428770706989903,CLVS2;SH3GL2,3,GO_Biological_Process_2021
GO_Biological_Process_2021,sodium ion transport (GO:0006814),2/90,0.2272373036176318,0.5398362866900676,0,0,2.2626262626262625,3.352670034774279,SLC6A13;SLC6A4,3,GO_Biological_Process_2021
GO_Biological_Process_2021,protein complex oligomerization (GO:0051259),2/90,0.2272373036176318,0.5398362866900676,0,0,2.2626262626262625,3.352670034774279,RS1;ADCY8,3,GO_Biological_Process_2021
GO_Biological_Process_2021,regulation of actin filament bundle assembly (GO:0032231),1/26,0.2300828957266827,0.5398362866900676,0,0,3.974874371859297,5.840344997302112,RDX,3,GO_Biological_Process_2021
GO_Biological_Process_2021,cellular response to drug (GO:0035690),1/26,0.2300828957266827,0.5398362866900676,0,0,3.974874371859297,5.840344997302112,TFRC,3,GO_Biological_Process_2021
GO_Biological_Process_2021,endothelial cell development (GO:0001885),1/26,0.2300828957266827,0.5398362866900676,0,0,3.974874371859297,5.840344997302112,RDX,3,GO_Biological_Process_2021
GO_Biological_Process_2021,positive regulation of G1/S transition of mitotic cell cycle (GO:1900087),1/26,0.2300828957266827,0.5398362866900676,0,0,3.974874371859297,5.840344997302112,RDX,3,GO_Biological_Process_2021
GO_Biological_Process_2021,hippo signaling (GO:0035329),1/26,0.2300828957266827,0.5398362866900676,0,0,3.974874371859297,5.840344997302112,TEAD4,3,GO_Biological_Process_2021
GO_Biological_Process_2021,positive regulation of interleukin-2 production (GO:0032743),1/26,0.2300828957266827,0.5398362866900676,0,0,3.974874371859297,5.840344997302112,SPTBN1,3,GO_Biological_Process_2021
GO_Biological_Process_2021,negative regulation of plasma membrane bounded cell projection assembly (GO:0120033),1/27,0.2377920775242915,0.5470939557912783,0,0,3.821801314263626,5.489477227235043,SRGAP2C,3,GO_Biological_Process_2021
GO_Biological_Process_2021,positive regulation of BMP signaling pathway (GO:0030513),1/27,0.2377920775242915,0.5470939557912783,0,0,3.821801314263626,5.489477227235043,TBX20,3,GO_Biological_Process_2021
GO_Biological_Process_2021,modulation of excitatory postsynaptic potential (GO:0098815),1/27,0.2377920775242915,0.5470939557912783,0,0,3.821801314263626,5.489477227235043,NRXN1,3,GO_Biological_Process_2021
GO_Biological_Process_2021,monovalent inorganic cation homeostasis (GO:0055067),1/27,0.2377920775242915,0.5470939557912783,0,0,3.821801314263626,5.489477227235043,OTC,3,GO_Biological_Process_2021
GO_Biological_Process_2021,positive regulation of peptidyl-serine phosphorylation (GO:0033138),2/93,0.2383084712706434,0.5470939557912783,0,0,2.187701187701188,3.1375777372613727,TFRC;BDNF,3,GO_Biological_Process_2021
GO_Biological_Process_2021,visual perception (GO:0007601),2/93,0.2383084712706434,0.5470939557912783,0,0,2.187701187701188,3.1375777372613727,RS1;EYA4,3,GO_Biological_Process_2021
GO_Biological_Process_2021,neuron projection development (GO:0031175),3/171,0.2446846414909542,0.5470939557912783,0,0,1.779550398839739,2.5052244919637907,GPM6A;BDNF;SH3GL2,3,GO_Biological_Process_2021
GO_Biological_Process_2021,receptor clustering (GO:0043113),1/28,0.2454244493195781,0.5470939557912783,0,0,3.680067001675042,5.169633447658624,NRXN1,3,GO_Biological_Process_2021
GO_Biological_Process_2021,bile acid and bile salt transport (GO:0015721),1/28,0.2454244493195781,0.5470939557912783,0,0,3.680067001675042,5.169633447658624,SLCO1A2,3,GO_Biological_Process_2021
GO_Biological_Process_2021,calcium ion import (GO:0070509),1/28,0.2454244493195781,0.5470939557912783,0,0,3.680067001675042,5.169633447658624,CACNA1S,3,GO_Biological_Process_2021
GO_Biological_Process_2021,regulation of extrinsic apoptotic signaling pathway in absence of ligand (GO:2001239),1/28,0.2454244493195781,0.5470939557912783,0,0,3.680067001675042,5.169633447658624,EYA4,3,GO_Biological_Process_2021
GO_Biological_Process_2021,regulation of insulin secretion involved in cellular response to glucose stimulus (GO:0061178),1/28,0.2454244493195781,0.5470939557912783,0,0,3.680067001675042,5.169633447658624,ADCY8,3,GO_Biological_Process_2021
GO_Biological_Process_2021,regulation of neuron migration (GO:2001222),1/28,0.2454244493195781,0.5470939557912783,0,0,3.680067001675042,5.169633447658624,SRGAP2C,3,GO_Biological_Process_2021
GO_Biological_Process_2021,sarcomere organization (GO:0045214),1/28,0.2454244493195781,0.5470939557912783,0,0,3.680067001675042,5.169633447658624,ANKRD1,3,GO_Biological_Process_2021
GO_Biological_Process_2021,keratan sulfate biosynthetic process (GO:0018146),1/28,0.2454244493195781,0.5470939557912783,0,0,3.680067001675042,5.169633447658624,B4GAT1,3,GO_Biological_Process_2021
GO_Biological_Process_2021,sulfur compound transport (GO:0072348),1/28,0.2454244493195781,0.5470939557912783,0,0,3.680067001675042,5.169633447658624,SLC6A13,3,GO_Biological_Process_2021
GO_Biological_Process_2021,protein depolymerization (GO:0051261),1/28,0.2454244493195781,0.5470939557912783,0,0,3.680067001675042,5.169633447658624,CFL2,3,GO_Biological_Process_2021
GO_Biological_Process_2021,sensory perception of light stimulus (GO:0050953),2/95,0.2457050463032076,0.5470939557912783,0,0,2.140436624307592,3.004367063071291,RS1;EYA4,3,GO_Biological_Process_2021
GO_Biological_Process_2021,negative regulation of mRNA catabolic process (GO:1902373),1/29,0.252980772589684,0.5585474361109315,0,0,3.548456568557071,4.877147000705543,TENT5B,3,GO_Biological_Process_2021
GO_Biological_Process_2021,regulation of DNA biosynthetic process (GO:2000278),1/29,0.252980772589684,0.5585474361109315,0,0,3.548456568557071,4.877147000705543,ANKRD1,3,GO_Biological_Process_2021
GO_Biological_Process_2021,establishment of endothelial barrier (GO:0061028),1/29,0.252980772589684,0.5585474361109315,0,0,3.548456568557071,4.877147000705543,RDX,3,GO_Biological_Process_2021
GO_Biological_Process_2021,regulation of peptidyl-serine phosphorylation (GO:0033135),2/98,0.2568151396703299,0.5639751399724289,0,0,2.073232323232323,2.818349436543183,TFRC;BDNF,3,GO_Biological_Process_2021
GO_Biological_Process_2021,alpha-amino acid catabolic process (GO:1901606),1/30,0.2604618012849767,0.5639751399724289,0,0,3.425922717033443,4.608890626901229,OTC,3,GO_Biological_Process_2021
GO_Biological_Process_2021,regulation of long-term synaptic potentiation (GO:1900271),1/30,0.2604618012849767,0.5639751399724289,0,0,3.425922717033443,4.608890626901229,ADCY8,3,GO_Biological_Process_2021
GO_Biological_Process_2021,regulation of protein localization to membrane (GO:1905475),1/30,0.2604618012849767,0.5639751399724289,0,0,3.425922717033443,4.608890626901229,SPTBN1,3,GO_Biological_Process_2021
GO_Biological_Process_2021,positive regulation of B cell proliferation (GO:0030890),1/30,0.2604618012849767,0.5639751399724289,0,0,3.425922717033443,4.608890626901229,TFRC,3,GO_Biological_Process_2021
GO_Biological_Process_2021,positive regulation of DNA recombination (GO:0045911),1/30,0.2604618012849767,0.5639751399724289,0,0,3.425922717033443,4.608890626901229,TFRC,3,GO_Biological_Process_2021
GO_Biological_Process_2021,Golgi to plasma membrane protein transport (GO:0043001),1/30,0.2604618012849767,0.5639751399724289,0,0,3.425922717033443,4.608890626901229,SPTBN1,3,GO_Biological_Process_2021
GO_Biological_Process_2021,organic acid transport (GO:0015849),2/100,0.2642273190435063,0.5705567933192197,0,0,2.0307153164296023,2.702771390555414,SLCO1A2;SLC6A13,3,GO_Biological_Process_2021
GO_Biological_Process_2021,regulation of cellular component size (GO:0032535),1/31,0.2678682819607093,0.5705812184854132,0,0,3.3115577889447234,4.362182296847866,RDX,3,GO_Biological_Process_2021
GO_Biological_Process_2021,cardiac muscle cell action potential involved in contraction (GO:0086002),1/31,0.2678682819607093,0.5705812184854132,0,0,3.3115577889447234,4.362182296847866,GJC1,3,GO_Biological_Process_2021
GO_Biological_Process_2021,embryonic skeletal system morphogenesis (GO:0048704),1/31,0.2678682819607093,0.5705812184854132,0,0,3.3115577889447234,4.362182296847866,HOXA4,3,GO_Biological_Process_2021
GO_Biological_Process_2021,renal water homeostasis (GO:0003091),1/31,0.2678682819607093,0.5705812184854132,0,0,3.3115577889447234,4.362182296847866,ADCY8,3,GO_Biological_Process_2021
GO_Biological_Process_2021,positive regulation of locomotion (GO:0040017),1/31,0.2678682819607093,0.5705812184854132,0,0,3.3115577889447234,4.362182296847866,BVES,3,GO_Biological_Process_2021
GO_Biological_Process_2021,protein O-linked glycosylation (GO:0006493),2/102,0.2716402584331571,0.5722432530860815,0,0,1.9898989898989896,2.593388923930461,GALNT13;B4GAT1,3,GO_Biological_Process_2021
GO_Biological_Process_2021,activation of phospholipase C activity (GO:0007202),1/32,0.2752009537742224,0.5722432530860815,0,0,3.204571243313341,4.1347099266061775,BDNF,3,GO_Biological_Process_2021
GO_Biological_Process_2021,negative regulation of DNA biosynthetic process (GO:2000279),1/32,0.2752009537742224,0.5722432530860815,0,0,3.204571243313341,4.1347099266061775,ANKRD1,3,GO_Biological_Process_2021
GO_Biological_Process_2021,aortic valve morphogenesis (GO:0003180),1/32,0.2752009537742224,0.5722432530860815,0,0,3.204571243313341,4.1347099266061775,TBX20,3,GO_Biological_Process_2021
GO_Biological_Process_2021,regulation of cellular amide metabolic process (GO:0034248),1/32,0.2752009537742224,0.5722432530860815,0,0,3.204571243313341,4.1347099266061775,DDX25,3,GO_Biological_Process_2021
GO_Biological_Process_2021,cellular response to glucose stimulus (GO:0071333),1/32,0.2752009537742224,0.5722432530860815,0,0,3.204571243313341,4.1347099266061775,ADCY8,3,GO_Biological_Process_2021
GO_Biological_Process_2021,establishment or maintenance of epithelial cell apical/basal polarity (GO:0045197),1/32,0.2752009537742224,0.5722432530860815,0,0,3.204571243313341,4.1347099266061775,LIN7A,3,GO_Biological_Process_2021
GO_Biological_Process_2021,long-chain fatty acid transport (GO:0015909),1/32,0.2752009537742224,0.5722432530860815,0,0,3.204571243313341,4.1347099266061775,SLC27A6,3,GO_Biological_Process_2021
GO_Biological_Process_2021,superoxide metabolic process (GO:0006801),1/32,0.2752009537742224,0.5722432530860815,0,0,3.204571243313341,4.1347099266061775,TAFA4,3,GO_Biological_Process_2021
GO_Biological_Process_2021,negative regulation of smooth muscle cell proliferation (GO:0048662),1/33,0.2824605485993796,0.5736795638219957,0,0,3.1042713567839195,3.9244707255325473,NDRG4,3,GO_Biological_Process_2021
GO_Biological_Process_2021,neuron projection extension (GO:1990138),1/33,0.2824605485993796,0.5736795638219957,0,0,3.1042713567839195,3.9244707255325473,SH3GL2,3,GO_Biological_Process_2021
GO_Biological_Process_2021,regulation of neurotransmitter secretion (GO:0046928),1/33,0.2824605485993796,0.5736795638219957,0,0,3.1042713567839195,3.9244707255325473,RIMS4,3,GO_Biological_Process_2021
GO_Biological_Process_2021,regulation of protein localization to cell surface (GO:2000008),1/33,0.2824605485993796,0.5736795638219957,0,0,3.1042713567839195,3.9244707255325473,BDNF,3,GO_Biological_Process_2021
GO_Biological_Process_2021,RNA stabilization (GO:0043489),1/33,0.2824605485993796,0.5736795638219957,0,0,3.1042713567839195,3.9244707255325473,TENT5B,3,GO_Biological_Process_2021
GO_Biological_Process_2021,keratan sulfate metabolic process (GO:0042339),1/33,0.2824605485993796,0.5736795638219957,0,0,3.1042713567839195,3.9244707255325473,B4GAT1,3,GO_Biological_Process_2021
GO_Biological_Process_2021,lytic vacuole organization (GO:0080171),1/33,0.2824605485993796,0.5736795638219957,0,0,3.1042713567839195,3.9244707255325473,CLVS2,3,GO_Biological_Process_2021
GO_Biological_Process_2021,vasculogenesis (GO:0001570),1/33,0.2824605485993796,0.5736795638219957,0,0,3.1042713567839195,3.9244707255325473,TBX20,3,GO_Biological_Process_2021
GO_Biological_Process_2021,very long-chain fatty acid metabolic process (GO:0000038),1/33,0.2824605485993796,0.5736795638219957,0,0,3.1042713567839195,3.9244707255325473,SLC27A6,3,GO_Biological_Process_2021
GO_Biological_Process_2021,protein processing (GO:0016485),2/106,0.2864567291305087,0.5779375181398074,0,0,1.912975912975913,2.3915408635892965,MME;CD5L,3,GO_Biological_Process_2021
GO_Biological_Process_2021,negative regulation of blood vessel endothelial cell migration (GO:0043537),1/34,0.2896477910754225,0.5779375181398074,0,0,3.010050251256281,3.7297219848476746,ANGPT4,3,GO_Biological_Process_2021
GO_Biological_Process_2021,negative regulation of mitochondrion organization (GO:0010823),1/34,0.2896477910754225,0.5779375181398074,0,0,3.010050251256281,3.7297219848476746,TFRC,3,GO_Biological_Process_2021
GO_Biological_Process_2021,central nervous system neuron differentiation (GO:0021953),1/34,0.2896477910754225,0.5779375181398074,0,0,3.010050251256281,3.7297219848476746,AGTPBP1,3,GO_Biological_Process_2021
GO_Biological_Process_2021,epithelial tube morphogenesis (GO:0060562),1/34,0.2896477910754225,0.5779375181398074,0,0,3.010050251256281,3.7297219848476746,TBX20,3,GO_Biological_Process_2021
GO_Biological_Process_2021,positive regulation of calcium ion transport into cytosol (GO:0010524),1/34,0.2896477910754225,0.5779375181398074,0,0,3.010050251256281,3.7297219848476746,TRPC3,3,GO_Biological_Process_2021
GO_Biological_Process_2021,response to calcium ion (GO:0051592),2/107,0.290156850388619,0.5779375181398074,0,0,1.8946608946608947,2.344327659095108,TRPC3;ADCY8,3,GO_Biological_Process_2021
GO_Biological_Process_2021,nervous system development (GO:0007399),6/447,0.2904393379964681,0.5779375181398074,0,0,1.357668840732169,1.6785681862078752,GPM6A;SH3GL3;CHRM1;BDNF;NRXN1;SH3GL2,3,GO_Biological_Process_2021
GO_Biological_Process_2021,regulation of GTPase activity (GO:0043087),3/189,0.2932709854088831,0.5787990854099179,0,0,1.6058621254298346,1.969843996438265,ODAM;RDX;BVES,3,GO_Biological_Process_2021
GO_Biological_Process_2021,inorganic cation transmembrane transport (GO:0098662),4/274,0.2940329466256148,0.5787990854099179,0,0,1.4761904761904765,1.8069508138885344,TRPC3;SLC6A13;KCNA4;SLC6A4,3,GO_Biological_Process_2021
GO_Biological_Process_2021,peptidyl-tyrosine dephosphorylation (GO:0035335),1/35,0.2967633987534311,0.5787990854099179,0,0,2.9213715637008573,3.54894088012851,PTPRQ,3,GO_Biological_Process_2021
GO_Biological_Process_2021,embryonic skeletal system development (GO:0048706),1/35,0.2967633987534311,0.5787990854099179,0,0,2.9213715637008573,3.54894088012851,HOXA4,3,GO_Biological_Process_2021
GO_Biological_Process_2021,regulation of regulated secretory pathway (GO:1903305),1/35,0.2967633987534311,0.5787990854099179,0,0,2.9213715637008573,3.54894088012851,RIMS4,3,GO_Biological_Process_2021
GO_Biological_Process_2021,positive regulation of cell cycle G1/S phase transition (GO:1902808),1/35,0.2967633987534311,0.5787990854099179,0,0,2.9213715637008573,3.54894088012851,RDX,3,GO_Biological_Process_2021
GO_Biological_Process_2021,regulation of trans-synaptic signaling (GO:0099177),1/35,0.2967633987534311,0.5787990854099179,0,0,2.9213715637008573,3.54894088012851,BDNF,3,GO_Biological_Process_2021
GO_Biological_Process_2021,positive regulation of immunoglobulin production (GO:0002639),1/35,0.2967633987534311,0.5787990854099179,0,0,2.9213715637008573,3.54894088012851,TFRC,3,GO_Biological_Process_2021
GO_Biological_Process_2021,activation of adenylate cyclase activity (GO:0007190),1/36,0.3038080819844295,0.5838463384835246,0,0,2.8377602297200286,3.380791434126185,ADCY8,3,GO_Biological_Process_2021
GO_Biological_Process_2021,negative regulation of DNA metabolic process (GO:0051053),1/36,0.3038080819844295,0.5838463384835246,0,0,2.8377602297200286,3.380791434126185,ANKRD1,3,GO_Biological_Process_2021
GO_Biological_Process_2021,aortic valve development (GO:0003176),1/36,0.3038080819844295,0.5838463384835246,0,0,2.8377602297200286,3.380791434126185,TBX20,3,GO_Biological_Process_2021
GO_Biological_Process_2021,endoderm formation (GO:0001706),1/36,0.3038080819844295,0.5838463384835246,0,0,2.8377602297200286,3.380791434126185,TBX20,3,GO_Biological_Process_2021
GO_Biological_Process_2021,establishment of protein localization to plasma membrane (GO:0061951),1/36,0.3038080819844295,0.5838463384835246,0,0,2.8377602297200286,3.380791434126185,SPTBN1,3,GO_Biological_Process_2021
GO_Biological_Process_2021,transferrin transport (GO:0033572),1/36,0.3038080819844295,0.5838463384835246,0,0,2.8377602297200286,3.380791434126185,TFRC,3,GO_Biological_Process_2021
GO_Biological_Process_2021,protein-containing complex subunit organization (GO:0043933),2/112,0.3086170575351828,0.5903129097222795,0,0,1.808080808080808,2.1256775548508937,LIN7A;WASF3,3,GO_Biological_Process_2021
GO_Biological_Process_2021,neural crest cell migration (GO:0001755),1/37,0.3107825442509396,0.5903129097222795,0,0,2.758793969849246,3.2240971983470845,RADIL,3,GO_Biological_Process_2021
GO_Biological_Process_2021,positive regulation of calcium ion transport (GO:0051928),1/37,0.3107825442509396,0.5903129097222795,0,0,2.758793969849246,3.2240971983470845,TRPC3,3,GO_Biological_Process_2021
GO_Biological_Process_2021,ncRNA metabolic process (GO:0034660),1/37,0.3107825442509396,0.5903129097222795,0,0,2.758793969849246,3.2240971983470845,EXD1,3,GO_Biological_Process_2021
GO_Biological_Process_2021,negative regulation of cell motility (GO:2000146),2/114,0.3159765270928876,0.5903129097222795,0,0,1.7756132756132756,2.045661592448686,SRGAP2C;SRGAP2B,3,GO_Biological_Process_2021
GO_Biological_Process_2021,positive regulation of cellular component organization (GO:0051130),2/114,0.3159765270928876,0.5903129097222795,0,0,1.7756132756132756,2.045661592448686,TFRC;NRXN1,3,GO_Biological_Process_2021
GO_Biological_Process_2021,actin-myosin filament sliding (GO:0033275),1/38,0.3176874819497763,0.5903129097222795,0,0,2.684096156457965,3.07781854672427,MYH2,3,GO_Biological_Process_2021
GO_Biological_Process_2021,negative regulation of endothelial cell migration (GO:0010596),1/38,0.3176874819497763,0.5903129097222795,0,0,2.684096156457965,3.07781854672427,ANGPT4,3,GO_Biological_Process_2021
GO_Biological_Process_2021,regulation of apoptotic signaling pathway (GO:2001233),1/38,0.3176874819497763,0.5903129097222795,0,0,2.684096156457965,3.07781854672427,BDNF,3,GO_Biological_Process_2021
GO_Biological_Process_2021,positive regulation of cell development (GO:0010720),1/38,0.3176874819497763,0.5903129097222795,0,0,2.684096156457965,3.07781854672427,MME,3,GO_Biological_Process_2021
GO_Biological_Process_2021,positive regulation of insulin secretion (GO:0032024),1/38,0.3176874819497763,0.5903129097222795,0,0,2.684096156457965,3.07781854672427,ADCY8,3,GO_Biological_Process_2021
GO_Biological_Process_2021,lysosome organization (GO:0007040),1/38,0.3176874819497763,0.5903129097222795,0,0,2.684096156457965,3.07781854672427,CLVS2,3,GO_Biological_Process_2021
GO_Biological_Process_2021,positive regulation of signaling (GO:0023056),1/38,0.3176874819497763,0.5903129097222795,0,0,2.684096156457965,3.07781854672427,BVES,3,GO_Biological_Process_2021
GO_Biological_Process_2021,muscle filament sliding (GO:0030049),1/38,0.3176874819497763,0.5903129097222795,0,0,2.684096156457965,3.07781854672427,MYH2,3,GO_Biological_Process_2021
GO_Biological_Process_2021,calcium ion transport (GO:0006816),2/115,0.3196498104363898,0.5925583750070811,0,0,1.759810494323769,2.007115298893896,TRPC3;CACNA1S,3,GO_Biological_Process_2021
GO_Biological_Process_2021,regulation of cellular component biogenesis (GO:0044087),1/39,0.3245235847719431,0.5987688676778105,0,0,2.6133298069293835,2.941033694945818,RDX,3,GO_Biological_Process_2021
GO_Biological_Process_2021,cellular response to ketone (GO:1901655),1/39,0.3245235847719431,0.5987688676778105,0,0,2.6133298069293835,2.941033694945818,ADCY8,3,GO_Biological_Process_2021
GO_Biological_Process_2021,positive regulation of cell projection organization (GO:0031346),2/117,0.3269820795650746,0.6018920715179125,0,0,1.7290294246815987,1.932795390467605,NDRG4;BDNF,3,GO_Biological_Process_2021
GO_Biological_Process_2021,adenylate cyclase-activating G protein-coupled receptor signaling pathway (GO:0007189),2/118,0.3306405252999629,0.6027665436481094,0,0,1.7140369209334727,1.8969649746192256,ADCY8;S1PR5,3,GO_Biological_Process_2021
GO_Biological_Process_2021,negative regulation of ERBB signaling pathway (GO:1901185),1/40,0.3312915354401823,0.6027665436481094,0,0,2.54619250096637,2.8129227654318845,SH3GL2,3,GO_Biological_Process_2021
GO_Biological_Process_2021,organic hydroxy compound transport (GO:0015850),1/40,0.3312915354401823,0.6027665436481094,0,0,2.54619250096637,2.8129227654318845,SLCO1A2,3,GO_Biological_Process_2021
GO_Biological_Process_2021,positive regulation of intrinsic apoptotic signaling pathway (GO:2001244),1/40,0.3312915354401823,0.6027665436481094,0,0,2.54619250096637,2.8129227654318845,MSX1,3,GO_Biological_Process_2021
GO_Biological_Process_2021,stem cell differentiation (GO:0048863),1/40,0.3312915354401823,0.6027665436481094,0,0,2.54619250096637,2.8129227654318845,GPM6A,3,GO_Biological_Process_2021
GO_Biological_Process_2021,cytoskeleton organization (GO:0007010),2/120,0.337940732613065,0.6079215558152887,0,0,1.684814244136278,1.827829273598234,DIAPH3;WASF3,3,GO_Biological_Process_2021
GO_Biological_Process_2021,acylglycerol metabolic process (GO:0006639),1/41,0.3379920100397979,0.6079215558152887,0,0,2.4824120603015074,2.6927543377926204,DGKK,3,GO_Biological_Process_2021
GO_Biological_Process_2021,negative regulation of cell-cell adhesion (GO:0022408),1/41,0.3379920100397979,0.6079215558152887,0,0,2.4824120603015074,2.6927543377926204,RDX,3,GO_Biological_Process_2021
GO_Biological_Process_2021,heart contraction (GO:0060047),1/41,0.3379920100397979,0.6079215558152887,0,0,2.4824120603015074,2.6927543377926204,SGCG,3,GO_Biological_Process_2021
GO_Biological_Process_2021,import into cell (GO:0098657),1/41,0.3379920100397979,0.6079215558152887,0,0,2.4824120603015074,2.6927543377926204,SLC6A13,3,GO_Biological_Process_2021
GO_Biological_Process_2021,protein homooligomerization (GO:0051260),2/121,0.3415819885568875,0.6129758972733187,0,0,1.6705712588065529,1.794473428095151,RS1;ADCY8,3,GO_Biological_Process_2021
GO_Biological_Process_2021,skeletal system morphogenesis (GO:0048705),1/42,0.344625677945044,0.6147836452691192,0,0,2.4217428606446867,2.579874053958348,HOXA4,3,GO_Biological_Process_2021
GO_Biological_Process_2021,positive regulation of protein tyrosine kinase activity (GO:0061098),1/42,0.344625677945044,0.6147836452691192,0,0,2.4217428606446867,2.579874053958348,BDNF,3,GO_Biological_Process_2021
GO_Biological_Process_2021,cellular response to organic substance (GO:0071310),2/123,0.3488455825927885,0.6147836452691192,0,0,1.642791551882461,1.73006635039327,MME;PTPN5,3,GO_Biological_Process_2021
GO_Biological_Process_2021,anion transport (GO:0006820),1/43,0.3511932019412653,0.6147836452691192,0,0,2.363962670495334,2.473694919601735,SLCO1A2,3,GO_Biological_Process_2021
GO_Biological_Process_2021,cellular glucose homeostasis (GO:0001678),1/43,0.3511932019412653,0.6147836452691192,0,0,2.363962670495334,2.473694919601735,ADCY8,3,GO_Biological_Process_2021
GO_Biological_Process_2021,positive regulation of axonogenesis (GO:0050772),1/43,0.3511932019412653,0.6147836452691192,0,0,2.363962670495334,2.473694919601735,BDNF,3,GO_Biological_Process_2021
GO_Biological_Process_2021,positive regulation of peptide hormone secretion (GO:0090277),1/43,0.3511932019412653,0.6147836452691192,0,0,2.363962670495334,2.473694919601735,RASL10B,3,GO_Biological_Process_2021
GO_Biological_Process_2021,spermatid development (GO:0007286),1/43,0.3511932019412653,0.6147836452691192,0,0,2.363962670495334,2.473694919601735,DDX25,3,GO_Biological_Process_2021
GO_Biological_Process_2021,positive regulation of phospholipase C activity (GO:0010863),1/43,0.3511932019412653,0.6147836452691192,0,0,2.363962670495334,2.473694919601735,BDNF,3,GO_Biological_Process_2021
GO_Biological_Process_2021,lipid modification (GO:0030258),1/43,0.3511932019412653,0.6147836452691192,0,0,2.363962670495334,2.473694919601735,DGKK,3,GO_Biological_Process_2021
GO_Biological_Process_2021,myofibril assembly (GO:0030239),1/43,0.3511932019412653,0.6147836452691192,0,0,2.363962670495334,2.473694919601735,ANKRD1,3,GO_Biological_Process_2021
GO_Biological_Process_2021,negative regulation of epidermal growth factor receptor signaling pathway (GO:0042059),1/44,0.3576952382847675,0.6206367710636363,0,0,2.308869931050602,2.373689018141451,SH3GL2,3,GO_Biological_Process_2021
GO_Biological_Process_2021,cardiac ventricle morphogenesis (GO:0003208),1/44,0.3576952382847675,0.6206367710636363,0,0,2.308869931050602,2.373689018141451,TBX20,3,GO_Biological_Process_2021
GO_Biological_Process_2021,mRNA stabilization (GO:0048255),1/44,0.3576952382847675,0.6206367710636363,0,0,2.308869931050602,2.373689018141451,TENT5B,3,GO_Biological_Process_2021
GO_Biological_Process_2021,protein K63-linked ubiquitination (GO:0070534),1/44,0.3576952382847675,0.6206367710636363,0,0,2.308869931050602,2.373689018141451,PELI3,3,GO_Biological_Process_2021
GO_Biological_Process_2021,circulatory system development (GO:0072359),2/126,0.3596901730363681,0.6221915113669892,0,0,1.6028022157054416,1.638884897548312,POPDC3;BVES,3,GO_Biological_Process_2021
GO_Biological_Process_2021,amino acid transmembrane transport (GO:0003333),1/45,0.3641324366778817,0.6221915113669892,0,0,2.256281407035176,2.279380404926681,SLC6A13,3,GO_Biological_Process_2021
GO_Biological_Process_2021,regulation of DNA repair (GO:0006282),1/45,0.3641324366778817,0.6221915113669892,0,0,2.256281407035176,2.279380404926681,EYA4,3,GO_Biological_Process_2021
GO_Biological_Process_2021,neural crest cell development (GO:0014032),1/45,0.3641324366778817,0.6221915113669892,0,0,2.256281407035176,2.279380404926681,RADIL,3,GO_Biological_Process_2021
GO_Biological_Process_2021,positive regulation of Notch signaling pathway (GO:0045747),1/45,0.3641324366778817,0.6221915113669892,0,0,2.256281407035176,2.279380404926681,ENHO,3,GO_Biological_Process_2021
GO_Biological_Process_2021,positive regulation of response to biotic stimulus (GO:0002833),1/45,0.3641324366778817,0.6221915113669892,0,0,2.256281407035176,2.279380404926681,NLRP10,3,GO_Biological_Process_2021
GO_Biological_Process_2021,zymogen activation (GO:0031638),1/45,0.3641324366778817,0.6221915113669892,0,0,2.256281407035176,2.279380404926681,CD5L,3,GO_Biological_Process_2021
GO_Biological_Process_2021,chemical synaptic transmission (GO:0007268),4/306,0.3663555418889417,0.6235915979464075,0,0,1.3176104879037709,1.3230798774223729,CHRM1;NRXN1;LIN7A;SYN2,3,GO_Biological_Process_2021
GO_Biological_Process_2021,plasma membrane bounded cell projection organization (GO:0120036),2/128,0.36688342802432,0.6235915979464075,0,0,1.5772005772005773,1.5814765512286706,GPM6A;SH3GL2,3,GO_Biological_Process_2021
GO_Biological_Process_2021,regulation of B cell proliferation (GO:0030888),1/46,0.3705054405101429,0.6235915979464075,0,0,2.2060301507537687,2.1903389894516705,TFRC,3,GO_Biological_Process_2021
GO_Biological_Process_2021,regulation of cellular protein localization (GO:1903827),1/46,0.3705054405101429,0.6235915979464075,0,0,2.2060301507537687,2.1903389894516705,BDNF,3,GO_Biological_Process_2021
GO_Biological_Process_2021,"regulation of synaptic transmission, glutamatergic (GO:0051966)",1/46,0.3705054405101429,0.6235915979464075,0,0,2.2060301507537687,2.1903389894516705,NRXN1,3,GO_Biological_Process_2021
GO_Biological_Process_2021,interleukin-12-mediated signaling pathway (GO:0035722),1/46,0.3705054405101429,0.6235915979464075,0,0,2.2060301507537687,2.1903389894516705,RALA,3,GO_Biological_Process_2021
GO_Biological_Process_2021,posttranscriptional regulation of gene expression (GO:0010608),1/46,0.3705054405101429,0.6235915979464075,0,0,2.2060301507537687,2.1903389894516705,DDX25,3,GO_Biological_Process_2021
GO_Biological_Process_2021,regulation of protein localization to nucleus (GO:1900180),1/47,0.376814886705751,0.6308186796953746,0,0,2.1579637317019884,2.1061752538856453,TFRC,3,GO_Biological_Process_2021
GO_Biological_Process_2021,glycosphingolipid metabolic process (GO:0006687),1/47,0.376814886705751,0.6308186796953746,0,0,2.1579637317019884,2.1061752538856453,B3GALNT1,3,GO_Biological_Process_2021
GO_Biological_Process_2021,purine ribonucleotide biosynthetic process (GO:0009152),1/48,0.3830614060395898,0.6308186796953746,0,0,2.111942692184326,2.026535673888961,ADCY8,3,GO_Biological_Process_2021
GO_Biological_Process_2021,cellular response to alcohol (GO:0097306),1/48,0.3830614060395898,0.6308186796953746,0,0,2.111942692184326,2.026535673888961,ADCY8,3,GO_Biological_Process_2021
GO_Biological_Process_2021,cellular response to interleukin-12 (GO:0071349),1/48,0.3830614060395898,0.6308186796953746,0,0,2.111942692184326,2.026535673888961,RALA,3,GO_Biological_Process_2021
GO_Biological_Process_2021,regulation of interleukin-2 production (GO:0032663),1/48,0.3830614060395898,0.6308186796953746,0,0,2.111942692184326,2.026535673888961,SPTBN1,3,GO_Biological_Process_2021
GO_Biological_Process_2021,establishment of protein localization to mitochondrion (GO:0072655),1/48,0.3830614060395898,0.6308186796953746,0,0,2.111942692184326,2.026535673888961,RALA,3,GO_Biological_Process_2021
GO_Biological_Process_2021,positive regulation of blood vessel endothelial cell migration (GO:0043536),1/48,0.3830614060395898,0.6308186796953746,0,0,2.111942692184326,2.026535673888961,ANGPT4,3,GO_Biological_Process_2021
GO_Biological_Process_2021,positive regulation of DNA repair (GO:0045739),1/48,0.3830614060395898,0.6308186796953746,0,0,2.111942692184326,2.026535673888961,EYA4,3,GO_Biological_Process_2021
GO_Biological_Process_2021,Golgi to plasma membrane transport (GO:0006893),1/48,0.3830614060395898,0.6308186796953746,0,0,2.111942692184326,2.026535673888961,SPTBN1,3,GO_Biological_Process_2021
GO_Biological_Process_2021,receptor internalization (GO:0031623),1/49,0.3892456229672477,0.6308186796953746,0,0,2.0678391959799,1.9510987409424116,TFRC,3,GO_Biological_Process_2021
GO_Biological_Process_2021,regulation of cellular protein metabolic process (GO:0032268),1/49,0.3892456229672477,0.6308186796953746,0,0,2.0678391959799,1.9510987409424116,DDX25,3,GO_Biological_Process_2021
GO_Biological_Process_2021,cellular defense response (GO:0006968),1/49,0.3892456229672477,0.6308186796953746,0,0,2.0678391959799,1.9510987409424116,CD5L,3,GO_Biological_Process_2021
GO_Biological_Process_2021,cellular response to mechanical stimulus (GO:0071260),1/49,0.3892456229672477,0.6308186796953746,0,0,2.0678391959799,1.9510987409424116,ANKRD1,3,GO_Biological_Process_2021
GO_Biological_Process_2021,oligosaccharide metabolic process (GO:0009311),1/49,0.3892456229672477,0.6308186796953746,0,0,2.0678391959799,1.9510987409424116,B3GALT1,3,GO_Biological_Process_2021
GO_Biological_Process_2021,regulation of smooth muscle cell proliferation (GO:0048660),1/49,0.3892456229672477,0.6308186796953746,0,0,2.0678391959799,1.9510987409424116,NDRG4,3,GO_Biological_Process_2021
GO_Biological_Process_2021,response to glucose (GO:0009749),1/49,0.3892456229672477,0.6308186796953746,0,0,2.0678391959799,1.9510987409424116,ADCY8,3,GO_Biological_Process_2021
GO_Biological_Process_2021,mitotic cytokinesis (GO:0000281),1/49,0.3892456229672477,0.6308186796953746,0,0,2.0678391959799,1.9510987409424116,SPTBN1,3,GO_Biological_Process_2021
GO_Biological_Process_2021,protein localization to plasma membrane (GO:0072659),2/136,0.3953292015314795,0.6329111413855983,0,0,1.4824363033318255,1.375754908856019,RDX;SPTBN1,3,GO_Biological_Process_2021
GO_Biological_Process_2021,cellular calcium ion homeostasis (GO:0006874),2/136,0.3953292015314795,0.6329111413855983,0,0,1.4824363033318255,1.375754908856019,TRPC3;ADCY8,3,GO_Biological_Process_2021
GO_Biological_Process_2021,organic substance transport (GO:0071702),2/136,0.3953292015314795,0.6329111413855983,0,0,1.4824363033318255,1.375754908856019,SLCO1A2;SLC6A4,3,GO_Biological_Process_2021
GO_Biological_Process_2021,neuron migration (GO:0001764),1/50,0.3953681557510544,0.6329111413855983,0,0,2.025535842477695,1.8795714928238212,GPM6A,3,GO_Biological_Process_2021
GO_Biological_Process_2021,positive regulation of ion transport (GO:0043270),1/50,0.3953681557510544,0.6329111413855983,0,0,2.025535842477695,1.8795714928238212,CHRM1,3,GO_Biological_Process_2021
GO_Biological_Process_2021,iron ion transport (GO:0006826),1/50,0.3953681557510544,0.6329111413855983,0,0,2.025535842477695,1.8795714928238212,TFRC,3,GO_Biological_Process_2021
GO_Biological_Process_2021,blood circulation (GO:0008015),1/51,0.4014296166851454,0.6353977398308706,0,0,1.984924623115578,1.8116864795932897,SGCG,3,GO_Biological_Process_2021
GO_Biological_Process_2021,sensory perception (GO:0007600),1/51,0.4014296166851454,0.6353977398308706,0,0,1.984924623115578,1.8116864795932897,MME,3,GO_Biological_Process_2021
GO_Biological_Process_2021,mesenchymal cell differentiation (GO:0048762),1/51,0.4014296166851454,0.6353977398308706,0,0,1.984924623115578,1.8116864795932897,TBX20,3,GO_Biological_Process_2021
GO_Biological_Process_2021,regulation of cellular component organization (GO:0051128),2/139,0.4058480895063414,0.6353977398308706,0,0,1.44975300449753,1.3073529773997317,TFRC;ANGPTL7,3,GO_Biological_Process_2021
GO_Biological_Process_2021,protein dephosphorylation (GO:0006470),2/139,0.4058480895063414,0.6353977398308706,0,0,1.44975300449753,1.3073529773997317,EYA4;PTPN5,3,GO_Biological_Process_2021
GO_Biological_Process_2021,negative regulation of BMP signaling pathway (GO:0030514),1/52,0.4074306117999475,0.6353977398308706,0,0,1.9459060005911912,1.7471991060741807,DLX1,3,GO_Biological_Process_2021
GO_Biological_Process_2021,ameboidal-type cell migration (GO:0001667),1/52,0.4074306117999475,0.6353977398308706,0,0,1.9459060005911912,1.7471991060741807,RADIL,3,GO_Biological_Process_2021
GO_Biological_Process_2021,amide biosynthetic process (GO:0043604),1/52,0.4074306117999475,0.6353977398308706,0,0,1.9459060005911912,1.7471991060741807,OTC,3,GO_Biological_Process_2021
GO_Biological_Process_2021,regulation of exocytosis (GO:0017157),1/52,0.4074306117999475,0.6353977398308706,0,0,1.9459060005911912,1.7471991060741807,RALA,3,GO_Biological_Process_2021
GO_Biological_Process_2021,positive regulation of developmental growth (GO:0048639),1/52,0.4074306117999475,0.6353977398308706,0,0,1.9459060005911912,1.7471991060741807,BDNF,3,GO_Biological_Process_2021
GO_Biological_Process_2021,glycolipid metabolic process (GO:0006664),1/52,0.4074306117999475,0.6353977398308706,0,0,1.9459060005911912,1.7471991060741807,B3GALNT1,3,GO_Biological_Process_2021
GO_Biological_Process_2021,positive regulation of protein localization to cell periphery (GO:1904377),1/52,0.4074306117999475,0.6353977398308706,0,0,1.9459060005911912,1.7471991060741807,SPTBN1,3,GO_Biological_Process_2021
GO_Biological_Process_2021,positive regulation of protein localization to plasma membrane (GO:1903078),1/52,0.4074306117999475,0.6353977398308706,0,0,1.9459060005911912,1.7471991060741807,SPTBN1,3,GO_Biological_Process_2021
GO_Biological_Process_2021,neuron projection morphogenesis (GO:0048812),2/140,0.4093350504017323,0.6371036626054686,0,0,1.4391743522178304,1.28550113423387,GPM6A;BDNF,3,GO_Biological_Process_2021
GO_Biological_Process_2021,positive regulation of B cell activation (GO:0050871),1/53,0.4133717413870322,0.6421149974905282,0,0,1.9083880943177425,1.6858852917962188,TFRC,3,GO_Biological_Process_2021
GO_Biological_Process_2021,Ras protein signal transduction (GO:0007265),2/142,0.4162790368686154,0.6453556666247173,0,0,1.4184704184704184,1.2431467398061158,RALA;CTNNAL1,3,GO_Biological_Process_2021
GO_Biological_Process_2021,neuron development (GO:0048666),2/143,0.4197357656077661,0.6481577834336034,0,0,1.4083387062110466,1.2226209334221314,GPM6A;SH3GL2,3,GO_Biological_Process_2021
GO_Biological_Process_2021,nitrogen compound transport (GO:0071705),2/143,0.4197357656077661,0.6481577834336034,0,0,1.4083387062110466,1.2226209334221314,SLC6A13;SLC6A4,3,GO_Biological_Process_2021
GO_Biological_Process_2021,negative regulation of cytokine-mediated signaling pathway (GO:0001960),1/55,0.4250767749174149,0.6538362917516403,0,0,1.8375209380234503,1.5719724807707876,PELI3,3,GO_Biological_Process_2021
GO_Biological_Process_2021,regulation of blood vessel endothelial cell migration (GO:0043535),1/55,0.4250767749174149,0.6538362917516403,0,0,1.8375209380234503,1.5719724807707876,ANGPT4,3,GO_Biological_Process_2021
GO_Biological_Process_2021,blood vessel morphogenesis (GO:0048514),1/56,0.4308418497249187,0.6595240984241354,0,0,1.8040201005025125,1.5190105312629705,TBX20,3,GO_Biological_Process_2021
GO_Biological_Process_2021,Rho protein signal transduction (GO:0007266),1/56,0.4308418497249187,0.6595240984241354,0,0,1.8040201005025125,1.5190105312629705,CTNNAL1,3,GO_Biological_Process_2021
GO_Biological_Process_2021,axonogenesis (GO:0007409),3/240,0.4314322217611132,0.6595240984241354,0,0,1.257019854783782,1.056707275654343,BDNF;NRXN1;SPTBN1,3,GO_Biological_Process_2021
GO_Biological_Process_2021,positive regulation of cytosolic calcium ion concentration (GO:0007204),2/147,0.433457636286527,0.6595240984241354,0,0,1.369209334726576,1.1446058954410874,TRPC3;ADCY8,3,GO_Biological_Process_2021
GO_Biological_Process_2021,carboxylic acid transport (GO:0046942),1/57,0.4365494010474847,0.6595240984241354,0,0,1.7717157214644652,1.4684931926330618,SLC6A13,3,GO_Biological_Process_2021
GO_Biological_Process_2021,renal system development (GO:0072001),1/57,0.4365494010474847,0.6595240984241354,0,0,1.7717157214644652,1.4684931926330618,MME,3,GO_Biological_Process_2021
GO_Biological_Process_2021,membrane organization (GO:0061024),3/242,0.4367082179113618,0.6595240984241354,0,0,1.246373425652571,1.0326079199920388,TFRC;SPTBN1;SH3GL2,3,GO_Biological_Process_2021
GO_Biological_Process_2021,regulation of cytosolic calcium ion concentration (GO:0051480),2/148,0.436861177553996,0.6595240984241354,0,0,1.35976200359762,1.1260730416696714,TRPC3;ADCY8,3,GO_Biological_Process_2021
GO_Biological_Process_2021,anterograde trans-synaptic signaling (GO:0098916),3/244,0.4419660769453039,0.6595240984241354,0,0,1.2359037007393054,1.0091427454898318,CHRM1;NRXN1;SYN2,3,GO_Biological_Process_2021
GO_Biological_Process_2021,receptor metabolic process (GO:0043112),1/58,0.4421999998339941,0.6595240984241354,0,0,1.740544829410209,1.4202724160163902,TFRC,3,GO_Biological_Process_2021
GO_Biological_Process_2021,negative regulation of hydrolase activity (GO:0051346),1/58,0.4421999998339941,0.6595240984241354,0,0,1.740544829410209,1.4202724160163902,RDX,3,GO_Biological_Process_2021
GO_Biological_Process_2021,cellular iron ion homeostasis (GO:0006879),1/58,0.4421999998339941,0.6595240984241354,0,0,1.740544829410209,1.4202724160163902,TFRC,3,GO_Biological_Process_2021
GO_Biological_Process_2021,regulation of tumor necrosis factor-mediated signaling pathway (GO:0010803),1/58,0.4421999998339941,0.6595240984241354,0,0,1.740544829410209,1.4202724160163902,PELI3,3,GO_Biological_Process_2021
GO_Biological_Process_2021,positive regulation of mitochondrion organization (GO:0010822),1/58,0.4421999998339941,0.6595240984241354,0,0,1.740544829410209,1.4202724160163902,RALA,3,GO_Biological_Process_2021
GO_Biological_Process_2021,positive regulation of mitotic cell cycle phase transition (GO:1901992),1/58,0.4421999998339941,0.6595240984241354,0,0,1.740544829410209,1.4202724160163902,RDX,3,GO_Biological_Process_2021
GO_Biological_Process_2021,positive regulation of protein binding (GO:0032092),1/58,0.4421999998339941,0.6595240984241354,0,0,1.740544829410209,1.4202724160163902,BDNF,3,GO_Biological_Process_2021
GO_Biological_Process_2021,response to cytokine (GO:0034097),2/150,0.4436350681034258,0.6604112945630544,0,0,1.3412503412503411,1.0901052026516995,MME;PTPN5,3,GO_Biological_Process_2021
GO_Biological_Process_2021,regulation of secretion by cell (GO:1903530),1/59,0.4477942115947188,0.665342628191775,0,0,1.7104487957026513,1.3742113392020114,RALA,3,GO_Biological_Process_2021
GO_Biological_Process_2021,O-glycan processing (GO:0016266),1/61,0.4588157080798082,0.6778743356216715,0,0,1.6532663316582914,1.288070804786777,GALNT13,3,GO_Biological_Process_2021
GO_Biological_Process_2021,positive regulation of interleukin-8 production (GO:0032757),1/61,0.4588157080798082,0.6778743356216715,0,0,1.6532663316582914,1.288070804786777,NLRP10,3,GO_Biological_Process_2021
GO_Biological_Process_2021,iron ion homeostasis (GO:0055072),1/61,0.4588157080798082,0.6778743356216715,0,0,1.6532663316582914,1.288070804786777,TFRC,3,GO_Biological_Process_2021
GO_Biological_Process_2021,cellular response to interleukin-1 (GO:0071347),2/155,0.4603707970895622,0.6788957720682851,0,0,1.29708853238265,1.006181451159133,PELI3;ANKRD1,3,GO_Biological_Process_2021
GO_Biological_Process_2021,positive regulation of signal transduction (GO:0009967),3/252,0.4628031466485777,0.6807758573335708,0,0,1.195706684606446,0.921236381632643,ENHO;BDNF;NRXN1,3,GO_Biological_Process_2021
GO_Biological_Process_2021,regulation of neurogenesis (GO:0050767),1/62,0.4642440960951576,0.6807758573335708,0,0,1.6260812258011368,1.2477649663473405,MME,3,GO_Biological_Process_2021
GO_Biological_Process_2021,positive regulation of interleukin-1 production (GO:0032732),1/62,0.4642440960951576,0.6807758573335708,0,0,1.6260812258011368,1.2477649663473405,NLRP10,3,GO_Biological_Process_2021
GO_Biological_Process_2021,actin cytoskeleton reorganization (GO:0031532),1/63,0.4696183035751055,0.6819804938779748,0,0,1.5997730588426,1.2091645247691418,RALA,3,GO_Biological_Process_2021
GO_Biological_Process_2021,amyloid fibril formation (GO:1990000),1/63,0.4696183035751055,0.6819804938779748,0,0,1.5997730588426,1.2091645247691418,ODAM,3,GO_Biological_Process_2021
GO_Biological_Process_2021,anterior/posterior pattern specification (GO:0009952),1/63,0.4696183035751055,0.6819804938779748,0,0,1.5997730588426,1.2091645247691418,HOXA4,3,GO_Biological_Process_2021
GO_Biological_Process_2021,organonitrogen compound catabolic process (GO:1901565),1/63,0.4696183035751055,0.6819804938779748,0,0,1.5997730588426,1.2091645247691418,TRHDE,3,GO_Biological_Process_2021
GO_Biological_Process_2021,positive regulation of DNA metabolic process (GO:0051054),1/63,0.4696183035751055,0.6819804938779748,0,0,1.5997730588426,1.2091645247691418,EYA4,3,GO_Biological_Process_2021
GO_Biological_Process_2021,cellular response to growth factor stimulus (GO:0071363),2/158,0.470271536490919,0.6819804938779748,0,0,1.271950271950272,0.9596165405879008,DLX1;ANKRD1,3,GO_Biological_Process_2021
GO_Biological_Process_2021,regulation of extrinsic apoptotic signaling pathway (GO:2001236),1/64,0.4749388686968527,0.6862168213156732,0,0,1.574300071787509,1.1721753146425786,PELI3,3,GO_Biological_Process_2021
GO_Biological_Process_2021,plasma membrane organization (GO:0007009),1/64,0.4749388686968527,0.6862168213156732,0,0,1.574300071787509,1.1721753146425786,SPTBN1,3,GO_Biological_Process_2021
GO_Biological_Process_2021,positive regulation of cell differentiation (GO:0045597),3/258,0.4782098601343109,0.6896751377349879,0,0,1.1672140937593312,0.861060379086573,DLX1;DLX2;TCF15,3,GO_Biological_Process_2021
GO_Biological_Process_2021,"G protein-coupled receptor signaling pathway, coupled to cyclic nucleotide second messenger (GO:0007187)",1/65,0.4802063242660991,0.6912860272402087,0,0,1.5496231155778897,1.1367096495006708,CHRM1,3,GO_Biological_Process_2021
GO_Biological_Process_2021,cell-cell junction assembly (GO:0007043),1/66,0.4854211976341649,0.694304901496994,0,0,1.525705450328566,1.1026857881843173,GJC1,3,GO_Biological_Process_2021
GO_Biological_Process_2021,positive regulation of cell death (GO:0010942),1/66,0.4854211976341649,0.694304901496994,0,0,1.525705450328566,1.1026857881843173,SLC6A13,3,GO_Biological_Process_2021
GO_Biological_Process_2021,positive regulation of T cell proliferation (GO:0042102),1/66,0.4854211976341649,0.694304901496994,0,0,1.525705450328566,1.1026857881843173,TFRC,3,GO_Biological_Process_2021
GO_Biological_Process_2021,cellular component assembly (GO:0022607),3/261,0.4858367631340288,0.694304901496994,0,0,1.1534647621296188,0.8326661297596739,LIN7A;SPTBN1;WASF3,3,GO_Biological_Process_2021
GO_Biological_Process_2021,anion transmembrane transport (GO:0098656),1/67,0.4905840112592053,0.6972857736884908,0,0,1.5025125628140703,1.0700274503610792,SLC6A13,3,GO_Biological_Process_2021
GO_Biological_Process_2021,regulation of epidermal growth factor receptor signaling pathway (GO:0042058),1/67,0.4905840112592053,0.6972857736884908,0,0,1.5025125628140703,1.0700274503610792,SH3GL2,3,GO_Biological_Process_2021
GO_Biological_Process_2021,peptidyl-threonine modification (GO:0018210),1/67,0.4905840112592053,0.6972857736884908,0,0,1.5025125628140703,1.0700274503610792,GALNT13,3,GO_Biological_Process_2021
GO_Biological_Process_2021,adenylate cyclase-modulating G protein-coupled receptor signaling pathway (GO:0007188),2/165,0.4929466684286051,0.6981190655583488,0,0,1.2168928549296647,0.8607743794829743,ADCY8;S1PR5,3,GO_Biological_Process_2021
GO_Biological_Process_2021,regulation of neuron projection development (GO:0010975),2/165,0.4929466684286051,0.6981190655583488,0,0,1.2168928549296647,0.8607743794829743,NDRG4;BDNF,3,GO_Biological_Process_2021
GO_Biological_Process_2021,positive regulation of protein localization to nucleus (GO:1900182),1/68,0.4956952821636893,0.7005755631886785,0,0,1.4800120003000077,1.0386633811930914,TFRC,3,GO_Biological_Process_2021
GO_Biological_Process_2021,regulation of protein phosphorylation (GO:0001932),3/266,0.4984290000410134,0.7005755631886785,0,0,1.1312462604466234,0.7876801272531928,TFRC;ODAM;SH3GL2,3,GO_Biological_Process_2021
GO_Biological_Process_2021,cellular response to calcium ion (GO:0071277),1/69,0.500755522308534,0.7005755631886785,0,0,1.4581732190363583,1.0085269537658983,ADCY8,3,GO_Biological_Process_2021
GO_Biological_Process_2021,cellular response to decreased oxygen levels (GO:0036294),1/69,0.500755522308534,0.7005755631886785,0,0,1.4581732190363583,1.0085269537658983,ANGPT4,3,GO_Biological_Process_2021
GO_Biological_Process_2021,positive regulation of protein transport (GO:0051222),1/69,0.500755522308534,0.7005755631886785,0,0,1.4581732190363583,1.0085269537658983,ANKRD1,3,GO_Biological_Process_2021
GO_Biological_Process_2021,protein-containing complex assembly (GO:0065003),3/267,0.5009290147655804,0.7005755631886785,0,0,1.1269035532994924,0.7790181434353709,LIN7A;ADCY8;WASF3,3,GO_Biological_Process_2021
GO_Biological_Process_2021,carbohydrate homeostasis (GO:0033500),1/70,0.5057652387756465,0.7005755631886785,0,0,1.4369674459252786,0.9795558086095748,ADCY8,3,GO_Biological_Process_2021
GO_Biological_Process_2021,regulation of plasma membrane bounded cell projection assembly (GO:0120032),1/70,0.5057652387756465,0.7005755631886785,0,0,1.4369674459252786,0.9795558086095748,RDX,3,GO_Biological_Process_2021
GO_Biological_Process_2021,kidney development (GO:0001822),1/70,0.5057652387756465,0.7005755631886785,0,0,1.4369674459252786,0.9795558086095748,MME,3,GO_Biological_Process_2021
GO_Biological_Process_2021,wound healing (GO:0042060),1/70,0.5057652387756465,0.7005755631886785,0,0,1.4369674459252786,0.9795558086095748,ODAM,3,GO_Biological_Process_2021
GO_Biological_Process_2021,positive regulation of protein phosphorylation (GO:0001934),4/371,0.510046849773867,0.7005755631886785,0,0,1.0806317077239616,0.7275382097233641,ANGPT4;TFRC;ODAM;BDNF,3,GO_Biological_Process_2021
GO_Biological_Process_2021,negative regulation of neuron apoptotic process (GO:0043524),1/71,0.5107249334696091,0.7005755631886785,0,0,1.416367552045944,0.9516915272016224,BDNF,3,GO_Biological_Process_2021
GO_Biological_Process_2021,cellular response to BMP stimulus (GO:0071773),1/71,0.5107249334696091,0.7005755631886785,0,0,1.416367552045944,0.9516915272016224,DLX1,3,GO_Biological_Process_2021
GO_Biological_Process_2021,regulation of G1/S transition of mitotic cell cycle (GO:2000045),1/71,0.5107249334696091,0.7005755631886785,0,0,1.416367552045944,0.9516915272016224,RDX,3,GO_Biological_Process_2021
GO_Biological_Process_2021,regulation of hematopoietic stem cell differentiation (GO:1902036),1/71,0.5107249334696091,0.7005755631886785,0,0,1.416367552045944,0.9516915272016224,TCF15,3,GO_Biological_Process_2021
GO_Biological_Process_2021,Fc-gamma receptor signaling pathway involved in phagocytosis (GO:0038096),1/71,0.5107249334696091,0.7005755631886785,0,0,1.416367552045944,0.9516915272016224,MYH2,3,GO_Biological_Process_2021
GO_Biological_Process_2021,positive regulation of cellular protein localization (GO:1903829),1/71,0.5107249334696091,0.7005755631886785,0,0,1.416367552045944,0.9516915272016224,TFRC,3,GO_Biological_Process_2021
GO_Biological_Process_2021,response to metal ion (GO:0010038),1/71,0.5107249334696091,0.7005755631886785,0,0,1.416367552045944,0.9516915272016224,TRPC3,3,GO_Biological_Process_2021
GO_Biological_Process_2021,cytoskeleton-dependent cytokinesis (GO:0061640),1/72,0.5156351033007534,0.7011923723086368,0,0,1.396347936867436,0.9248793332622998,SPTBN1,3,GO_Biological_Process_2021
GO_Biological_Process_2021,Fc-gamma receptor signaling pathway (GO:0038094),1/72,0.5156351033007534,0.7011923723086368,0,0,1.396347936867436,0.9248793332622998,MYH2,3,GO_Biological_Process_2021
GO_Biological_Process_2021,positive regulation of neurogenesis (GO:0050769),1/72,0.5156351033007534,0.7011923723086368,0,0,1.396347936867436,0.9248793332622998,MME,3,GO_Biological_Process_2021
GO_Biological_Process_2021,positive regulation of protein secretion (GO:0050714),1/72,0.5156351033007534,0.7011923723086368,0,0,1.396347936867436,0.9248793332622998,ANKRD1,3,GO_Biological_Process_2021
GO_Biological_Process_2021,positive regulation of secretion by cell (GO:1903532),1/72,0.5156351033007534,0.7011923723086368,0,0,1.396347936867436,0.9248793332622998,ANKRD1,3,GO_Biological_Process_2021
GO_Biological_Process_2021,regulation of actin filament-based process (GO:0032970),1/73,0.5204962404113022,0.7053621464884198,0,0,1.3768844221105527,0.8990678202624621,ODAM,3,GO_Biological_Process_2021
GO_Biological_Process_2021,defense response to Gram-negative bacterium (GO:0050829),1/73,0.5204962404113022,0.7053621464884198,0,0,1.3768844221105527,0.8990678202624621,NLRP10,3,GO_Biological_Process_2021
GO_Biological_Process_2021,regulation of peptide hormone secretion (GO:0090276),1/74,0.5253088319278648,0.709437700851034,0,0,1.3579541543333105,0.8742087038575203,RASL10B,3,GO_Biological_Process_2021
GO_Biological_Process_2021,Fc receptor mediated stimulatory signaling pathway (GO:0002431),1/74,0.5253088319278648,0.709437700851034,0,0,1.3579541543333105,0.8742087038575203,MYH2,3,GO_Biological_Process_2021
GO_Biological_Process_2021,positive regulation of immune response (GO:0050778),1/75,0.5300733603880184,0.7122011303674914,0,0,1.3395355154149124,0.8502565938086776,NLRP10,3,GO_Biological_Process_2021
GO_Biological_Process_2021,positive regulation of lymphocyte proliferation (GO:0050671),1/75,0.5300733603880184,0.7122011303674914,0,0,1.3395355154149124,0.8502565938086776,TFRC,3,GO_Biological_Process_2021
GO_Biological_Process_2021,positive regulation of T cell activation (GO:0050870),1/75,0.5300733603880184,0.7122011303674914,0,0,1.3395355154149124,0.8502565938086776,TFRC,3,GO_Biological_Process_2021
GO_Biological_Process_2021,actomyosin structure organization (GO:0031032),1/76,0.5347903032317255,0.7124494548137903,0,0,1.321608040201005,0.8271687875669174,ANKRD1,3,GO_Biological_Process_2021
GO_Biological_Process_2021,cellular response to hormone stimulus (GO:0032870),1/76,0.5347903032317255,0.7124494548137903,0,0,1.321608040201005,0.8271687875669174,RDX,3,GO_Biological_Process_2021
GO_Biological_Process_2021,establishment of protein localization to organelle (GO:0072594),1/76,0.5347903032317255,0.7124494548137903,0,0,1.321608040201005,0.8271687875669174,RALA,3,GO_Biological_Process_2021
GO_Biological_Process_2021,regulation of T cell proliferation (GO:0042129),1/76,0.5347903032317255,0.7124494548137903,0,0,1.321608040201005,0.8271687875669174,TFRC,3,GO_Biological_Process_2021
GO_Biological_Process_2021,positive regulation of interleukin-6 production (GO:0032755),1/76,0.5347903032317255,0.7124494548137903,0,0,1.321608040201005,0.8271687875669174,NLRP10,3,GO_Biological_Process_2021
GO_Biological_Process_2021,positive regulation of macromolecule metabolic process (GO:0010604),4/384,0.5371605065235718,0.7143962066455626,0,0,1.0429645542427497,0.6481590146174901,TFRC;ODAM;RDX;BVES,3,GO_Biological_Process_2021
GO_Biological_Process_2021,cellular response to UV (GO:0034644),1/77,0.5394601334395485,0.7150348480328585,0,0,1.3041523406506217,0.8049050782659102,MME,3,GO_Biological_Process_2021
GO_Biological_Process_2021,regulation of organelle assembly (GO:1902115),1/77,0.5394601334395485,0.7150348480328585,0,0,1.3041523406506217,0.8049050782659102,RDX,3,GO_Biological_Process_2021
GO_Biological_Process_2021,negative regulation of blood vessel morphogenesis (GO:2000181),1/78,0.544083319204552,0.7199486345029931,0,0,1.2871500358937544,0.7834275809102157,ANGPT4,3,GO_Biological_Process_2021
GO_Biological_Process_2021,regulation of ion transport (GO:0043269),1/79,0.5486603241296241,0.7234752134944481,0,0,1.2705836876691148,0.7627005714660321,CHRM1,3,GO_Biological_Process_2021
GO_Biological_Process_2021,regulation of neuron differentiation (GO:0045664),1/79,0.5486603241296241,0.7234752134944481,0,0,1.2705836876691148,0.7627005714660321,BDNF,3,GO_Biological_Process_2021
GO_Biological_Process_2021,negative regulation of cellular component organization (GO:0051129),1/80,0.5531916072648388,0.7234752134944481,0,0,1.254436740665352,0.7426903392796255,RDX,3,GO_Biological_Process_2021
GO_Biological_Process_2021,negative regulation of cellular response to growth factor stimulus (GO:0090288),1/80,0.5531916072648388,0.7234752134944481,0,0,1.254436740665352,0.7426903392796255,DLX1,3,GO_Biological_Process_2021
GO_Biological_Process_2021,regulation of fat cell differentiation (GO:0045598),1/80,0.5531916072648388,0.7234752134944481,0,0,1.254436740665352,0.7426903392796255,PTPRQ,3,GO_Biological_Process_2021
GO_Biological_Process_2021,regulation of organelle organization (GO:0033043),1/80,0.5531916072648388,0.7234752134944481,0,0,1.254436740665352,0.7426903392796255,RDX,3,GO_Biological_Process_2021
GO_Biological_Process_2021,regulation of protein localization to plasma membrane (GO:1903076),1/80,0.5531916072648388,0.7234752134944481,0,0,1.254436740665352,0.7426903392796255,SPTBN1,3,GO_Biological_Process_2021
GO_Biological_Process_2021,negative regulation of protein modification process (GO:0031400),1/81,0.5576776229377498,0.7257195556772705,0,0,1.2386934673366834,0.7233650516865618,SH3GL2,3,GO_Biological_Process_2021
GO_Biological_Process_2021,regulation of interleukin-8 production (GO:0032677),1/81,0.5576776229377498,0.7257195556772705,0,0,1.2386934673366834,0.7233650516865618,NLRP10,3,GO_Biological_Process_2021
GO_Biological_Process_2021,phospholipase C-activating G protein-coupled receptor signaling pathway (GO:0007200),1/81,0.5576776229377498,0.7257195556772705,0,0,1.2386934673366834,0.7233650516865618,CHRM1,3,GO_Biological_Process_2021
GO_Biological_Process_2021,cell-cell junction organization (GO:0045216),1/82,0.5621188211968801,0.7290848076910029,0,0,1.2233389168062534,0.7046946278996441,GJC1,3,GO_Biological_Process_2021
GO_Biological_Process_2021,positive regulation of cytoskeleton organization (GO:0051495),1/82,0.5621188211968801,0.7290848076910029,0,0,1.2233389168062534,0.7046946278996441,CFL2,3,GO_Biological_Process_2021
GO_Biological_Process_2021,regulation of Notch signaling pathway (GO:0008593),1/83,0.5665156476761636,0.7335770989678164,0,0,1.208358867508273,0.6866506239569532,ENHO,3,GO_Biological_Process_2021
GO_Biological_Process_2021,positive regulation of protein catabolic process (GO:0045732),1/85,0.5751779449472499,0.7429742381149741,0,0,1.1794687724335966,0.6523356544527062,RDX,3,GO_Biological_Process_2021
GO_Biological_Process_2021,negative regulation of phosphorylation (GO:0042326),1/86,0.5794442849420854,0.7429742381149741,0,0,1.1655335501034585,0.636015065932131,SH3GL2,3,GO_Biological_Process_2021
GO_Biological_Process_2021,regulation of Ras protein signal transduction (GO:0046578),1/86,0.5794442849420854,0.7429742381149741,0,0,1.1655335501034585,0.636015065932131,RDX,3,GO_Biological_Process_2021
GO_Biological_Process_2021,glucose homeostasis (GO:0042593),1/86,0.5794442849420854,0.7429742381149741,0,0,1.1655335501034585,0.636015065932131,ADCY8,3,GO_Biological_Process_2021
GO_Biological_Process_2021,positive regulation of endothelial cell migration (GO:0010595),1/86,0.5794442849420854,0.7429742381149741,0,0,1.1655335501034585,0.636015065932131,ANGPT4,3,GO_Biological_Process_2021
GO_Biological_Process_2021,response to interleukin-1 (GO:0070555),1/86,0.5794442849420854,0.7429742381149741,0,0,1.1655335501034585,0.636015065932131,ANKRD1,3,GO_Biological_Process_2021
GO_Biological_Process_2021,negative regulation of angiogenesis (GO:0016525),1/87,0.5836679914950987,0.7459561647400774,0,0,1.1519224027112305,0.6202214761277236,ANGPT4,3,GO_Biological_Process_2021
GO_Biological_Process_2021,calcium ion transmembrane transport (GO:0070588),1/87,0.5836679914950987,0.7459561647400774,0,0,1.1519224027112305,0.6202214761277236,TRPC3,3,GO_Biological_Process_2021
GO_Biological_Process_2021,regulation of cell migration (GO:0030334),4/408,0.5851613549057431,0.7466506898634968,0,0,0.9797938977571228,0.5250398529169897,SRGAP2C;TMSB15A;RDX;SRGAP2B,3,GO_Biological_Process_2021
GO_Biological_Process_2021,sensory perception of mechanical stimulus (GO:0050954),1/88,0.5878494885157634,0.7488649886116532,0,0,1.138624155259054,0.6049331780092367,TMIE,3,GO_Biological_Process_2021
GO_Biological_Process_2021,regulation of endothelial cell migration (GO:0010594),1/89,0.591989195722158,0.7504895287703488,0,0,1.1256281407035176,0.5901295699518402,ANGPT4,3,GO_Biological_Process_2021
GO_Biological_Process_2021,positive regulation of inflammatory response (GO:0050729),1/89,0.591989195722158,0.7504895287703488,0,0,1.1256281407035176,0.5901295699518402,NLRP10,3,GO_Biological_Process_2021
GO_Biological_Process_2021,transforming growth factor beta receptor signaling pathway (GO:0007179),1/89,0.591989195722158,0.7504895287703488,0,0,1.1256281407035176,0.5901295699518402,ZFYVE9,3,GO_Biological_Process_2021
GO_Biological_Process_2021,cellular amino acid catabolic process (GO:0009063),1/90,0.5960875287025766,0.7511367682629222,0,0,1.1129241714188922,0.5757910883551692,OTC,3,GO_Biological_Process_2021
GO_Biological_Process_2021,negative regulation of protein kinase activity (GO:0006469),1/90,0.5960875287025766,0.7511367682629222,0,0,1.1129241714188922,0.5757910883551692,PTPRQ,3,GO_Biological_Process_2021
GO_Biological_Process_2021,regulation of macromolecule metabolic process (GO:0060255),2/200,0.5967065753140588,0.7511367682629222,0,0,1.0,0.516329785050999,CAVIN4;TRIM58,3,GO_Biological_Process_2021
GO_Biological_Process_2021,regulation of actin cytoskeleton organization (GO:0032956),1/91,0.6001448988156681,0.7511367682629222,0,0,1.100502512562814,0.5618991453376235,ODAM,3,GO_Biological_Process_2021
GO_Biological_Process_2021,regulation of stem cell differentiation (GO:2000736),1/91,0.6001448988156681,0.7511367682629222,0,0,1.100502512562814,0.5618991453376235,TCF15,3,GO_Biological_Process_2021
GO_Biological_Process_2021,sensory perception of sound (GO:0007605),1/91,0.6001448988156681,0.7511367682629222,0,0,1.100502512562814,0.5618991453376235,TMIE,3,GO_Biological_Process_2021
GO_Biological_Process_2021,positive regulation of supramolecular fiber organization (GO:1902905),1/91,0.6001448988156681,0.7511367682629222,0,0,1.100502512562814,0.5618991453376235,CFL2,3,GO_Biological_Process_2021
GO_Biological_Process_2021,positive regulation of transport (GO:0051050),1/91,0.6001448988156681,0.7511367682629222,0,0,1.100502512562814,0.5618991453376235,CHRM1,3,GO_Biological_Process_2021
GO_Biological_Process_2021,regulation of peptidyl-tyrosine phosphorylation (GO:0050730),1/92,0.6041617136020576,0.7525691075930543,0,0,1.0883538571980782,0.5484360698708618,ANGPT4,3,GO_Biological_Process_2021
GO_Biological_Process_2021,positive regulation of cellular component biogenesis (GO:0044089),1/92,0.6041617136020576,0.7525691075930543,0,0,1.0883538571980782,0.5484360698708618,TFRC,3,GO_Biological_Process_2021
GO_Biological_Process_2021,positive regulation of transmembrane receptor protein serine/threonine kinase signaling pathway (GO:0090100),1/92,0.6041617136020576,0.7525691075930543,0,0,1.0883538571980782,0.5484360698708618,TBX20,3,GO_Biological_Process_2021
GO_Biological_Process_2021,positive regulation of epithelial cell migration (GO:0010634),1/94,0.6120752863236749,0.7600176541080702,0,0,1.0648403306856864,0.5227301046685241,ANGPT4,3,GO_Biological_Process_2021
GO_Biological_Process_2021,interleukin-1-mediated signaling pathway (GO:0070498),1/94,0.6120752863236749,0.7600176541080702,0,0,1.0648403306856864,0.5227301046685241,PELI3,3,GO_Biological_Process_2021
GO_Biological_Process_2021,cellular transition metal ion homeostasis (GO:0046916),1/96,0.6198314260741546,0.7672244108571427,0,0,1.0423168473948692,0.4985482066164667,TFRC,3,GO_Biological_Process_2021
GO_Biological_Process_2021,regulation of vesicle-mediated transport (GO:0060627),1/96,0.6198314260741546,0.7672244108571427,0,0,1.0423168473948692,0.4985482066164667,RALA,3,GO_Biological_Process_2021
GO_Biological_Process_2021,protein maturation (GO:0051604),1/97,0.6236514348962008,0.7693643275381716,0,0,1.0314070351758795,0.4869929254325685,MME,3,GO_Biological_Process_2021
GO_Biological_Process_2021,glycosaminoglycan biosynthetic process (GO:0006024),1/97,0.6236514348962008,0.7693643275381716,0,0,1.0314070351758795,0.4869929254325685,B4GAT1,3,GO_Biological_Process_2021
GO_Biological_Process_2021,antigen processing and presentation of exogenous peptide antigen via MHC class II (GO:0019886),1/98,0.6274332493027582,0.7693643275381716,0,0,1.0207221675387246,0.4757769643136218,SH3GL2,3,GO_Biological_Process_2021
GO_Biological_Process_2021,negative regulation of neuron death (GO:1901215),1/98,0.6274332493027582,0.7693643275381716,0,0,1.0207221675387246,0.4757769643136218,BDNF,3,GO_Biological_Process_2021
GO_Biological_Process_2021,regulation of neuron apoptotic process (GO:0043523),1/98,0.6274332493027582,0.7693643275381716,0,0,1.0207221675387246,0.4757769643136218,BDNF,3,GO_Biological_Process_2021
GO_Biological_Process_2021,positive regulation of defense response (GO:0031349),1/98,0.6274332493027582,0.7693643275381716,0,0,1.0207221675387246,0.4757769643136218,NLRP10,3,GO_Biological_Process_2021
GO_Biological_Process_2021,organic anion transport (GO:0015711),1/99,0.6311772493570809,0.771547928452046,0,0,1.0102553584247769,0.464887747030177,SLCO1A2,3,GO_Biological_Process_2021
GO_Biological_Process_2021,mRNA-containing ribonucleoprotein complex export from nucleus (GO:0071427),1/99,0.6311772493570809,0.771547928452046,0,0,1.0102553584247769,0.464887747030177,DDX25,3,GO_Biological_Process_2021
GO_Biological_Process_2021,positive regulation of GTPase activity (GO:0043547),2/214,0.6335420505971561,0.7720372895649064,0,0,0.9332952163140842,0.4259829119553461,ODAM;TBC1D26,3,GO_Biological_Process_2021
GO_Biological_Process_2021,positive regulation of protein modification process (GO:0031401),2/214,0.6335420505971561,0.7720372895649064,0,0,0.9332952163140842,0.4259829119553461,TFRC;ODAM,3,GO_Biological_Process_2021
GO_Biological_Process_2021,antigen processing and presentation of peptide antigen via MHC class II (GO:0002495),1/100,0.6348838112697764,0.7724747301208116,0,0,1.0,0.454313271209604,SH3GL2,3,GO_Biological_Process_2021
GO_Biological_Process_2021,positive regulation of protein localization to membrane (GO:1905477),1/101,0.6385533074411538,0.7753583409285445,0,0,0.9899497487437184,0.4440420770500481,SPTBN1,3,GO_Biological_Process_2021
GO_Biological_Process_2021,regulation of cell growth (GO:0001558),2/217,0.6410868145146278,0.7753583409285445,0,0,0.9201315480385248,0.409081648552525,TFRC;MSX1,3,GO_Biological_Process_2021
GO_Biological_Process_2021,positive regulation of cell growth (GO:0030307),1/102,0.642186106799596,0.7753583409285445,0,0,0.9800985123637992,0.4340632175669919,BDNF,3,GO_Biological_Process_2021
GO_Biological_Process_2021,positive regulation of cellular protein metabolic process (GO:0032270),1/102,0.642186106799596,0.7753583409285445,0,0,0.9800985123637992,0.4340632175669919,RDX,3,GO_Biological_Process_2021
GO_Biological_Process_2021,positive regulation of vasculature development (GO:1904018),1/102,0.642186106799596,0.7753583409285445,0,0,0.9800985123637992,0.4340632175669919,ANGPT4,3,GO_Biological_Process_2021
GO_Biological_Process_2021,antigen processing and presentation of exogenous peptide antigen (GO:0002478),1/103,0.6457825744876868,0.777632981902985,0,0,0.9704404374815252,0.4243662317025385,SH3GL2,3,GO_Biological_Process_2021
GO_Biological_Process_2021,cellular response to lipid (GO:0071396),2/219,0.6460487750415385,0.777632981902985,0,0,0.9115579760741052,0.3982416991649523,ANKRD1;ADCY8,3,GO_Biological_Process_2021
GO_Biological_Process_2021,mRNA transport (GO:0051028),1/104,0.6493430720264805,0.7804031416098067,0,0,0.9609698980338586,0.4149411183845573,DDX25,3,GO_Biological_Process_2021
GO_Biological_Process_2021,activation of GTPase activity (GO:0090630),1/105,0.6528679573920863,0.7816622148660346,0,0,0.9516814843448008,0.4057783123183748,TBC1D26,3,GO_Biological_Process_2021
GO_Biological_Process_2021,positive regulation of cellular metabolic process (GO:0031325),1/105,0.6528679573920863,0.7816622148660346,0,0,0.9516814843448008,0.4057783123183748,BVES,3,GO_Biological_Process_2021
GO_Biological_Process_2021,cellular response to peptide hormone stimulus (GO:0071375),1/106,0.6563575850020138,0.7816622148660346,0,0,0.9425699928212492,0.3968686613882323,ADCY8,3,GO_Biological_Process_2021
GO_Biological_Process_2021,RNA export from nucleus (GO:0006405),1/106,0.6563575850020138,0.7816622148660346,0,0,0.9425699928212492,0.3968686613882323,DDX25,3,GO_Biological_Process_2021
GO_Biological_Process_2021,small GTPase mediated signal transduction (GO:0007264),1/106,0.6563575850020138,0.7816622148660346,0,0,0.9425699928212492,0.3968686613882323,RALA,3,GO_Biological_Process_2021
GO_Biological_Process_2021,protein localization to nucleus (GO:0034504),1/106,0.6563575850020138,0.7816622148660346,0,0,0.9425699928212492,0.3968686613882323,MSX1,3,GO_Biological_Process_2021
GO_Biological_Process_2021,mRNA export from nucleus (GO:0006406),1/107,0.6598123057378238,0.7845877039484562,0,0,0.933630416232104,0.388203405372955,DDX25,3,GO_Biological_Process_2021
GO_Biological_Process_2021,negative regulation of transmembrane receptor protein serine/threonine kinase signaling pathway (GO:0090101),1/108,0.6632324670568477,0.7874633219134174,0,0,0.9248579345324754,0.3797741558133871,DLX1,3,GO_Biological_Process_2021
GO_Biological_Process_2021,lipid transport (GO:0006869),1/109,0.6666184129739804,0.789099506924019,0,0,0.916247906197655,0.3715728772578474,SLCO1A2,3,GO_Biological_Process_2021
GO_Biological_Process_2021,modulation of chemical synaptic transmission (GO:0050804),1/109,0.6666184129739804,0.789099506924019,0,0,0.916247906197655,0.3715728772578474,BDNF,3,GO_Biological_Process_2021
GO_Biological_Process_2021,regulation of interleukin-6 production (GO:0032675),1/110,0.6699704840956059,0.7906858866353547,0,0,0.9077958600341156,0.3635918695397154,NLRP10,3,GO_Biological_Process_2021
GO_Biological_Process_2021,response to tumor necrosis factor (GO:0034612),1/110,0.6699704840956059,0.7906858866353547,0,0,0.9077958600341156,0.3635918695397154,ANKRD1,3,GO_Biological_Process_2021
GO_Biological_Process_2021,inflammatory response (GO:0006954),2/230,0.6723772715757,0.7923366348703152,0,0,0.8670919723551302,0.3441797416335511,ODAM;ADCY8,3,GO_Biological_Process_2021
GO_Biological_Process_2021,regulation of cytoskeleton organization (GO:0051493),1/112,0.6765743473112501,0.7960889775249139,0,0,0.8913486350672281,0.3482614435144341,ODAM,3,GO_Biological_Process_2021
GO_Biological_Process_2021,sulfur compound biosynthetic process (GO:0044272),1/113,0.6798268039735822,0.7987202809016976,0,0,0.8833452979181622,0.3408981557475202,B4GAT1,3,GO_Biological_Process_2021
GO_Biological_Process_2021,activation of protein kinase activity (GO:0032147),1/114,0.683046714602197,0.8001113527232888,0,0,0.8754836127540356,0.3337273716848506,ADCY8,3,GO_Biological_Process_2021
GO_Biological_Process_2021,histone modification (GO:0016570),1/114,0.683046714602197,0.8001113527232888,0,0,0.8754836127540356,0.3337273716848506,EYA4,3,GO_Biological_Process_2021
GO_Biological_Process_2021,cellular amide metabolic process (GO:0043603),1/115,0.6862344035181568,0.8014565247626616,0,0,0.8677598518910341,0.326742835332831,MME,3,GO_Biological_Process_2021
GO_Biological_Process_2021,cellular response to molecule of bacterial origin (GO:0071219),1/115,0.6862344035181568,0.8014565247626616,0,0,0.8677598518910341,0.326742835332831,ANKRD1,3,GO_Biological_Process_2021
GO_Biological_Process_2021,regulation of protein-containing complex assembly (GO:0043254),1/116,0.6893901914288371,0.8015690687323461,0,0,0.8601704173039109,0.3199385396662478,TFRC,3,GO_Biological_Process_2021
GO_Biological_Process_2021,positive regulation of angiogenesis (GO:0045766),1/116,0.6893901914288371,0.8015690687323461,0,0,0.8601704173039109,0.3199385396662478,ANGPT4,3,GO_Biological_Process_2021
GO_Biological_Process_2021,sphingolipid metabolic process (GO:0006665),1/116,0.6893901914288371,0.8015690687323461,0,0,0.8601704173039109,0.3199385396662478,B3GALNT1,3,GO_Biological_Process_2021
GO_Biological_Process_2021,regulation of cellular response to stress (GO:0080135),1/118,0.6956073317848006,0.8064120395027334,0,0,0.845380749903363,0.3068478138715934,ADCY8,3,GO_Biological_Process_2021
GO_Biological_Process_2021,positive regulation of protein-containing complex assembly (GO:0031334),1/118,0.6956073317848006,0.8064120395027334,0,0,0.845380749903363,0.3068478138715934,TFRC,3,GO_Biological_Process_2021
GO_Biological_Process_2021,cellular response to lipopolysaccharide (GO:0071222),1/120,0.701700639474265,0.8122779125578384,0,0,0.8310882141801444,0.294411674622422,ANKRD1,3,GO_Biological_Process_2021
GO_Biological_Process_2021,epithelium development (GO:0060429),1/122,0.7076725687660174,0.8157642971610384,0,0,0.8172681589767017,0.2825898889623316,NDRG4,3,GO_Biological_Process_2021
GO_Biological_Process_2021,potassium ion transport (GO:0006813),1/122,0.7076725687660174,0.8157642971610384,0,0,0.8172681589767017,0.2825898889623316,KCNA4,3,GO_Biological_Process_2021
GO_Biological_Process_2021,positive regulation of DNA-binding transcription factor activity (GO:0051091),2/246,0.7078260186562699,0.8157642971610384,0,0,0.8095711210465308,0.2797529288928009,TFRC;ADCY8,3,GO_Biological_Process_2021
GO_Biological_Process_2021,positive regulation of epithelial cell proliferation (GO:0050679),1/123,0.7106137702230504,0.8177780723211093,0,0,0.8105280500864981,0.2768976317492876,ODAM,3,GO_Biological_Process_2021
GO_Biological_Process_2021,fatty acid metabolic process (GO:0006631),1/124,0.7135255255654438,0.8199284548164311,0,0,0.8038975364628018,0.2713452170770706,SLC27A6,3,GO_Biological_Process_2021
GO_Biological_Process_2021,regulation of protein secretion (GO:0050708),1/125,0.7164081282131235,0.8214952115751969,0,0,0.7973739666072297,0.2659284143992235,ANKRD1,3,GO_Biological_Process_2021
GO_Biological_Process_2021,protein transport (GO:0015031),3/369,0.7169792813493449,0.8214952115751969,0,0,0.8086044769909295,0.2690294492980863,TFRC;SPTBN1;TBC1D26,3,GO_Biological_Process_2021
GO_Biological_Process_2021,negative regulation of cell growth (GO:0030308),1/126,0.7192618685309876,0.8217148672461574,0,0,0.7909547738693468,0.2606431490060761,MSX1,3,GO_Biological_Process_2021
GO_Biological_Process_2021,negative regulation of growth (GO:0045926),1/126,0.7192618685309876,0.8217148672461574,0,0,0.7909547738693468,0.2606431490060761,MSX1,3,GO_Biological_Process_2021
GO_Biological_Process_2021,positive regulation of phosphorylation (GO:0042327),2/253,0.7223054310479826,0.8239942943450136,0,0,0.786711738902974,0.2559229889386919,TFRC;ODAM,3,GO_Biological_Process_2021
GO_Biological_Process_2021,cellular response to hypoxia (GO:0071456),1/131,0.7331076000158043,0.8338966333030712,0,0,0.7603401623502126,0.2360573310794884,ANGPT4,3,GO_Biological_Process_2021
GO_Biological_Process_2021,cellular response to metal ion (GO:0071248),1/131,0.7331076000158043,0.8338966333030712,0,0,0.7603401623502126,0.2360573310794884,ADCY8,3,GO_Biological_Process_2021
GO_Biological_Process_2021,regulation of cell motility (GO:2000145),1/133,0.7384537036728938,0.8375535513519401,0,0,0.7487437185929648,0.2270167509014778,TMSB15A,3,GO_Biological_Process_2021
GO_Biological_Process_2021,transmembrane receptor protein serine/threonine kinase signaling pathway (GO:0007178),1/133,0.7384537036728938,0.8375535513519401,0,0,0.7487437185929648,0.2270167509014778,ZFYVE9,3,GO_Biological_Process_2021
GO_Biological_Process_2021,positive regulation of peptidyl-tyrosine phosphorylation (GO:0050731),1/134,0.7410866611649599,0.8393286969389893,0,0,0.7430762836740091,0.2226536751666657,ANGPT4,3,GO_Biological_Process_2021
GO_Biological_Process_2021,negative regulation of inflammatory response to antigenic stimulus (GO:0002862),1/136,0.7462737148219287,0.8439872515827855,0,0,0.7319932998324958,0.2142272351530403,ADCY8,3,GO_Biological_Process_2021
GO_Biological_Process_2021,regulation of inflammatory response to antigenic stimulus (GO:0002861),1/137,0.7488283343138599,0.845157420131365,0,0,0.7265740467041087,0.210158284256341,ADCY8,3,GO_Biological_Process_2021
GO_Biological_Process_2021,negative regulation of signal transduction (GO:0009968),2/267,0.7494589336279407,0.845157420131365,0,0,0.7446159710310654,0.2147500418036741,NDRG4;BDNF,3,GO_Biological_Process_2021
GO_Biological_Process_2021,positive regulation of cell migration (GO:0030335),2/269,0.7531470172506343,0.846478261162198,0,0,0.7389626603109749,0.2094920924360804,SRGAP2C;RDX,3,GO_Biological_Process_2021
GO_Biological_Process_2021,positive regulation of response to external stimulus (GO:0032103),1/139,0.7538610468365632,0.846478261162198,0,0,0.715971160148569,0.202295658016559,NLRP10,3,GO_Biological_Process_2021
GO_Biological_Process_2021,potassium ion transmembrane transport (GO:0071805),1/139,0.7538610468365632,0.846478261162198,0,0,0.715971160148569,0.202295658016559,KCNA4,3,GO_Biological_Process_2021
GO_Biological_Process_2021,enzyme linked receptor protein signaling pathway (GO:0007167),1/140,0.7563396476796467,0.846841827743878,0,0,0.7107841365098876,0.1984969430102926,BDNF,3,GO_Biological_Process_2021
GO_Biological_Process_2021,transcription initiation from RNA polymerase II promoter (GO:0006367),1/140,0.7563396476796467,0.846841827743878,0,0,0.7107841365098876,0.1984969430102926,TEAD4,3,GO_Biological_Process_2021
GO_Biological_Process_2021,positive regulation of cellular catabolic process (GO:0031331),1/141,0.758793412472914,0.8483806859227745,0,0,0.7056712132089017,0.1947834064490234,RDX,3,GO_Biological_Process_2021
GO_Biological_Process_2021,protein localization to organelle (GO:0033365),1/142,0.7612225890637079,0.849887720176242,0,0,0.7006308136426815,0.1911527324338831,MSX1,3,GO_Biological_Process_2021
GO_Biological_Process_2021,receptor-mediated endocytosis (GO:0006898),1/143,0.76362742236206,0.8513633389738713,0,0,0.6956614056196475,0.1876026814442347,TFRC,3,GO_Biological_Process_2021
GO_Biological_Process_2021,regulation of mRNA stability (GO:0043488),1/146,0.7706982785234464,0.8580295282144885,0,0,0.6811644429041761,0.1774149463430572,TENT5B,3,GO_Biological_Process_2021
GO_Biological_Process_2021,positive regulation of hydrolase activity (GO:0051345),1/149,0.777558641095328,0.8644428456873094,0,0,0.6672551948933858,0.1678788815691765,ODAM,3,GO_Biological_Process_2021
GO_Biological_Process_2021,cellular response to organic cyclic compound (GO:0071407),1/150,0.7797997353776313,0.8657098757158448,0,0,0.6627432464335098,0.164836268730291,ADCY8,3,GO_Biological_Process_2021
GO_Biological_Process_2021,negative regulation of protein phosphorylation (GO:0001933),1/152,0.7842147458452606,0.8682403674346898,0,0,0.6538986322340178,0.1589447004917271,SH3GL2,3,GO_Biological_Process_2021
GO_Biological_Process_2021,proteolysis (GO:0006508),2/287,0.7842883726191218,0.8682403674346898,0,0,0.6916533758639022,0.1680569025840271,MME;TRHDE,3,GO_Biological_Process_2021
GO_Biological_Process_2021,dephosphorylation (GO:0016311),1/153,0.7863891079150508,0.8693415454588326,0,0,0.6495636075112404,0.1560924478581284,PTPN5,3,GO_Biological_Process_2021
GO_Biological_Process_2021,positive regulation of NF-kappaB transcription factor activity (GO:0051092),1/155,0.7906726445156229,0.8728492957714602,0,0,0.6410624551328069,0.1505671382701188,TFRC,3,GO_Biological_Process_2021
GO_Biological_Process_2021,organelle organization (GO:0006996),3/420,0.7942924153090611,0.8756154816731024,0,0,0.7078479348500895,0.1630199306839521,AGTPBP1;DIAPH3;WASF3,3,GO_Biological_Process_2021
GO_Biological_Process_2021,organonitrogen compound biosynthetic process (GO:1901566),1/158,0.7969382105229577,0.8760747321273352,0,0,0.6287168325704958,0.1427049714417737,OTC,3,GO_Biological_Process_2021
GO_Biological_Process_2021,skeletal system development (GO:0001501),1/158,0.7969382105229577,0.8760747321273352,0,0,0.6287168325704958,0.1427049714417737,TEAD4,3,GO_Biological_Process_2021
GO_Biological_Process_2021,response to lipopolysaccharide (GO:0032496),1/159,0.7989849820224193,0.8770980389240525,0,0,0.6247058075186057,0.1401921851942683,ANKRD1,3,GO_Biological_Process_2021
GO_Biological_Process_2021,innate immune response (GO:0045087),2/302,0.8075623384422789,0.8852775425601551,0,0,0.6565656565656566,0.1403310786981967,COLEC10;TRIM58,3,GO_Biological_Process_2021
GO_Biological_Process_2021,"DNA-templated transcription, initiation (GO:0006352)",1/168,0.8165063001156674,0.8938355875918029,0,0,0.5907682123190804,0.1197609163547349,TEAD4,3,GO_Biological_Process_2021
GO_Biological_Process_2021,peptidyl-serine modification (GO:0018209),1/169,0.8183567646763946,0.894615322719953,0,0,0.5872218234027279,0.1177126632932345,GALNT13,3,GO_Biological_Process_2021
GO_Biological_Process_2021,positive regulation of I-kappaB kinase/NF-kappaB signaling (GO:0043123),1/171,0.8220021720657791,0.8973523711718088,0,0,0.5802542122376588,0.1137369287884457,TFRC,3,GO_Biological_Process_2021
GO_Biological_Process_2021,positive regulation of ERK1 and ERK2 cascade (GO:0070374),1/172,0.8237974838089034,0.8980649407403579,0,0,0.5768315260513092,0.1118075727341318,NDRG4,3,GO_Biological_Process_2021
GO_Biological_Process_2021,cation transport (GO:0006812),1/174,0.8273342321436886,0.899425596770317,0,0,0.5701048595579051,0.1080613895941531,KCNA4,3,GO_Biological_Process_2021
GO_Biological_Process_2021,neuron differentiation (GO:0030182),1/174,0.8273342321436886,0.899425596770317,0,0,0.5701048595579051,0.1080613895941531,PHOX2A,3,GO_Biological_Process_2021
GO_Biological_Process_2021,mitochondrion organization (GO:0007005),1/175,0.8290760267785648,0.9000742500662321,0,0,0.5667995148154565,0.1062428389619336,AGTPBP1,3,GO_Biological_Process_2021
GO_Biological_Process_2021,defense response to bacterium (GO:0042742),1/176,0.8308003376270978,0.9007021591377915,0,0,0.5635319454414932,0.1044595389554742,NLRP10,3,GO_Biological_Process_2021
GO_Biological_Process_2021,negative regulation of immune response (GO:0050777),1/178,0.8341972043024418,0.9018968398648134,0,0,0.5571075717570906,0.1009954960513889,ADCY8,3,GO_Biological_Process_2021
GO_Biological_Process_2021,regulation of translation (GO:0006417),1/178,0.8341972043024418,0.9018968398648134,0,0,0.5571075717570906,0.1009954960513889,DDX25,3,GO_Biological_Process_2021
GO_Biological_Process_2021,protein stabilization (GO:0050821),1/179,0.8358701042759268,0.9024641510451626,0,0,0.5539495228953758,0.0993132091800345,MSX1,3,GO_Biological_Process_2021
GO_Biological_Process_2021,endoplasmic reticulum to Golgi vesicle-mediated transport (GO:0006888),1/185,0.8455606086408664,0.9116744010860368,0,0,0.5357220887043915,0.089870289044078,SPTBN1,3,GO_Biological_Process_2021
GO_Biological_Process_2021,positive regulation of cytokine production (GO:0001819),2/335,0.8510798907415559,0.9163682111272096,0,0,0.5904995904995906,0.0952176315366197,NLRP10;SPTBN1,3,GO_Biological_Process_2021
GO_Biological_Process_2021,negative regulation of macromolecule metabolic process (GO:0010605),1/194,0.8590391139870378,0.9224108519041144,0,0,0.51050589736246,0.0775666865527218,SH3GL2,3,GO_Biological_Process_2021
GO_Biological_Process_2021,cellular response to tumor necrosis factor (GO:0071356),1/194,0.8590391139870378,0.9224108519041144,0,0,0.51050589736246,0.0775666865527218,ANKRD1,3,GO_Biological_Process_2021
GO_Biological_Process_2021,cellular response to cytokine stimulus (GO:0071345),3/482,0.8638607163355274,0.9242536889328506,0,0,0.6142555874654261,0.0898924545300583,MME;ANKRD1;PTPN5,3,GO_Biological_Process_2021
GO_Biological_Process_2021,positive regulation of gene expression (GO:0010628),3/482,0.8638607163355274,0.9242536889328506,0,0,0.6142555874654261,0.0898924545300583,TFRC;ODAM;RDX,3,GO_Biological_Process_2021
GO_Biological_Process_2021,negative regulation of intracellular signal transduction (GO:1902532),1/198,0.8646474640160556,0.9242536889328506,0,0,0.5000382623778793,0.0727222702154346,WWC2,3,GO_Biological_Process_2021
GO_Biological_Process_2021,endomembrane system organization (GO:0010256),1/199,0.8660145054493834,0.9242536889328506,0,0,0.4974874371859296,0.0715653690513794,SPTBN1,3,GO_Biological_Process_2021
GO_Biological_Process_2021,negative regulation of apoptotic process (GO:0043066),3/485,0.866634820284365,0.9242536889328506,0,0,0.6103376371716831,0.0873622585574426,ANGPT4;TFRC;BDNF,3,GO_Biological_Process_2021
GO_Biological_Process_2021,generation of neurons (GO:0048699),1/202,0.8700337449207012,0.92662130556595,0,0,0.489987249681242,0.0682176324608558,GPM6A,3,GO_Biological_Process_2021
GO_Biological_Process_2021,regulation of angiogenesis (GO:0045765),1/203,0.8713466499544589,0.926763825256028,0,0,0.4875366933678292,0.0671413061317208,ANGPT4,3,GO_Biological_Process_2021
GO_Biological_Process_2021,regulation of inflammatory response (GO:0050727),1/206,0.875206707312448,0.9296114485778164,0,0,0.4803284716264248,0.064025471811619,NLRP10,3,GO_Biological_Process_2021
GO_Biological_Process_2021,negative regulation of inflammatory response (GO:0050728),1/212,0.8825844796760208,0.9361827274296254,0,0,0.4665269475338779,0.0582695736095748,ADCY8,3,GO_Biological_Process_2021
GO_Biological_Process_2021,positive regulation of cell motility (GO:2000147),1/221,0.8928451496713368,0.945790145069637,0,0,0.4472361809045226,0.0506906958849928,RDX,3,GO_Biological_Process_2021
GO_Biological_Process_2021,regulation of I-kappaB kinase/NF-kappaB signaling (GO:0043122),1/224,0.8960630607042999,0.9475379089344876,0,0,0.4411519480812132,0.0484139947753602,TFRC,3,GO_Biological_Process_2021
GO_Biological_Process_2021,negative regulation of programmed cell death (GO:0043069),2/381,0.8969061122738662,0.9475379089344876,0,0,0.5176034753871166,0.0563173756340477,ANGPT4;TFRC,3,GO_Biological_Process_2021
GO_Biological_Process_2021,protein ubiquitination (GO:0016567),3/525,0.8991439054156172,0.9486269928277518,0,0,0.562401540346578,0.0597901363518623,PELI3;RNF182;TRIM58,3,GO_Biological_Process_2021
GO_Biological_Process_2021,regulation of ERK1 and ERK2 cascade (GO:0070372),1/238,0.9098537308828673,0.9586394537184096,0,0,0.4147954964696902,0.0391863227484248,NDRG4,3,GO_Biological_Process_2021
GO_Biological_Process_2021,negative regulation of cellular macromolecule biosynthetic process (GO:2000113),3/547,0.9138263276771555,0.9607933951156222,0,0,0.5390415049268439,0.0485755845617737,SCML2;TBX20;ANKRD1,3,GO_Biological_Process_2021
GO_Biological_Process_2021,negative regulation of transcription by RNA polymerase II (GO:0000122),4/684,0.9143428238504904,0.9607933951156222,0,0,0.5738295318127251,0.0513862607344577,DLX1;DLX2;WWC2;TBX20,3,GO_Biological_Process_2021
GO_Biological_Process_2021,protein modification by small protein conjugation (GO:0032446),2/409,0.9180076918680656,0.963356536459679,0,0,0.4812994812994813,0.041174934526358,RNF182;TRIM58,3,GO_Biological_Process_2021
GO_Biological_Process_2021,regulation of gene expression (GO:0010468),7/1079,0.919266100856057,0.9633908736971476,0,0,0.6336323563529502,0.0533389460230615,TFRC;ODAM;RDX;CAVIN4;WWC2;TRIM58;SH3GL2,3,GO_Biological_Process_2021
GO_Biological_Process_2021,positive regulation of MAPK cascade (GO:0043410),1/274,0.9375150731680164,0.9812075199867654,0,0,0.3594345353139323,0.0231915943964372,NDRG4,3,GO_Biological_Process_2021
GO_Biological_Process_2021,positive regulation of programmed cell death (GO:0043068),1/286,0.9447091399823354,0.9874220532262176,0,0,0.3440888653795292,0.0195711509134396,ANKRD1,3,GO_Biological_Process_2021
GO_Biological_Process_2021,negative regulation of nucleic acid-templated transcription (GO:1903507),2/464,0.9482184627131331,0.9897738535093265,0,0,0.4227994227994228,0.0224803964085118,SCML2;TBX20,3,GO_Biological_Process_2021
GO_Biological_Process_2021,regulation of cellular macromolecule biosynthetic process (GO:2000112),2/468,0.9499435509673938,0.99025945763975,0,0,0.4190835392552131,0.0215210780501476,DDX25;WWC2,3,GO_Biological_Process_2021
GO_Biological_Process_2021,positive regulation of cellular process (GO:0048522),3/625,0.9515772420512812,0.9906486254997444,0,0,0.4695349862079096,0.023305094971047,DLX1;DLX2;TRPC3,3,GO_Biological_Process_2021
GO_Biological_Process_2021,MAPK cascade (GO:0000165),1/303,0.9535118636316956,0.9913496359980328,0,0,0.3244367533029385,0.0154442963787638,SPTBN1,3,GO_Biological_Process_2021
GO_Biological_Process_2021,positive regulation of apoptotic process (GO:0043065),1/310,0.9567174492841332,0.9933684480017552,0,0,0.3169732155925257,0.0140251701108881,ANKRD1,3,GO_Biological_Process_2021
GO_Biological_Process_2021,protein polyubiquitination (GO:0000209),1/314,0.9584494379787424,0.9934215818524652,0,0,0.3128582208165428,0.0132772239317099,PELI3,3,GO_Biological_Process_2021
GO_Biological_Process_2021,transcription by RNA polymerase II (GO:0006366),1/320,0.9609189451734752,0.9934215818524652,0,0,0.3068792237047305,0.0122338070978475,TEAD4,3,GO_Biological_Process_2021
GO_Biological_Process_2021,negative regulation of gene expression (GO:0010629),1/322,0.9617092140888042,0.9934215818524652,0,0,0.304935894425398,0.0119056567280658,SH3GL2,3,GO_Biological_Process_2021
GO_Biological_Process_2021,cellular response to oxygen-containing compound (GO:1901701),1/323,0.9620983648661592,0.9934215818524652,0,0,0.3039732825618777,0.0117450969576037,ANKRD1,3,GO_Biological_Process_2021
GO_Biological_Process_2021,"negative regulation of transcription, DNA-templated (GO:0045892)",5/948,0.9632133180576968,0.9934215818524652,0,0,0.5127389400984311,0.0192176491035855,DLX1;SCML2;DLX2;WWC2;TBX20,3,GO_Biological_Process_2021
GO_Biological_Process_2021,cellular protein localization (GO:0034613),1/329,0.9643519935794284,0.9934215818524652,0,0,0.2983208726559627,0.0108287232387204,TBC1D26,3,GO_Biological_Process_2021
GO_Biological_Process_2021,intracellular protein transport (GO:0006886),1/336,0.9668132087126,0.9946533796441148,0,0,0.2919822995574889,0.0098543932506148,TBC1D26,3,GO_Biological_Process_2021
GO_Biological_Process_2021,positive regulation of multicellular organismal process (GO:0051240),1/345,0.9697307221192838,0.9963507811578522,0,0,0.2842117564567021,0.0087357747195956,TFRC,3,GO_Biological_Process_2021
GO_Biological_Process_2021,supramolecular fiber organization (GO:0097435),1/351,0.971532463962775,0.9968988468338656,0,0,0.2792534099066762,0.0080650044648875,ODAM,3,GO_Biological_Process_2021
GO_Biological_Process_2021,gene expression (GO:0010467),1/356,0.9729520975279716,0.997053909591898,0,0,0.2752494868709746,0.0075474592148238,DDX25,3,GO_Biological_Process_2021
GO_Biological_Process_2021,negative regulation of cell population proliferation (GO:0008285),1/379,0.9786269285538292,0.9994232301463576,0,0,0.2581957406078009,0.0055782629677402,NDRG4,3,GO_Biological_Process_2021
GO_Biological_Process_2021,regulation of apoptotic process (GO:0042981),3/742,0.980521577769528,0.9994232301463576,0,0,0.3927862456468131,0.0077263516046204,ANGPT4;TFRC;ANKRD1,3,GO_Biological_Process_2021
GO_Biological_Process_2021,phosphorylation (GO:0016310),1/400,0.982765829831352,0.9994232301463576,0,0,0.2443420108059092,0.0042477409925911,DGKK,3,GO_Biological_Process_2021
GO_Biological_Process_2021,transmembrane receptor protein tyrosine kinase signaling pathway (GO:0007169),1/404,0.9834585245220536,0.9994232301463576,0,0,0.2418669027519732,0.004034294792654,BDNF,3,GO_Biological_Process_2021
GO_Biological_Process_2021,cytokine-mediated signaling pathway (GO:0019221),2/621,0.986815686369103,0.9994232301463576,0,0,0.3130007669587637,0.0041541456326868,RALA;PELI3,3,GO_Biological_Process_2021
GO_Biological_Process_2021,regulation of nucleic acid-templated transcription (GO:1903506),1/430,0.9873327194590372,0.9994232301463576,0,0,0.2269037495168148,0.0028926131480677,WWC2,3,GO_Biological_Process_2021
GO_Biological_Process_2021,regulation of intracellular signal transduction (GO:1902531),1/437,0.9882115516316248,0.9994232301463576,0,0,0.2231801207874233,0.0026465776839799,WWC2,3,GO_Biological_Process_2021
GO_Biological_Process_2021,"regulation of transcription, DNA-templated (GO:0006355)",13/2244,0.9914794253953312,0.9994232301463576,0,0,0.5474559980057383,0.004684625989865,TEAD4;DLX1;DLX2;TCF15;WWC2;PHOX2A;SCML2;TBX20;ANKRD1;MSX1;HMX2;HOXA4;PURG,3,GO_Biological_Process_2021
GO_Biological_Process_2021,positive regulation of cell population proliferation (GO:0008284),1/474,0.9919420586538026,0.9994232301463576,0,0,0.2053289704335631,0.0016612308760119,TBX20,3,GO_Biological_Process_2021
GO_Biological_Process_2021,neutrophil degranulation (GO:0043312),1/481,0.9925022535841216,0.9994232301463576,0,0,0.2022613065326633,0.0015222177454181,MME,3,GO_Biological_Process_2021
GO_Biological_Process_2021,neutrophil activation involved in immune response (GO:0002283),1/485,0.9928047788980954,0.9994232301463576,0,0,0.2005481955230699,0.0014482049563311,MME,3,GO_Biological_Process_2021
GO_Biological_Process_2021,neutrophil mediated immunity (GO:0002446),1/488,0.9930236707303104,0.9994232301463576,0,0,0.1992818300950337,0.0013951277777186,MME,3,GO_Biological_Process_2021
GO_Biological_Process_2021,regulation of transcription by RNA polymerase II (GO:0006357),12/2206,0.995002827395772,0.9994232301463576,0,0,0.5122093136018929,0.002566015112979,TEAD4;DLX1;DLX2;TCF15;WWC2;TBX20;ANKRD1;MSX1;HMX2;HOXA4;PURG;PHOX2A,3,GO_Biological_Process_2021
GO_Biological_Process_2021,positive regulation of transcription by RNA polymerase II (GO:0045944),3/908,0.9950330070310076,0.9994232301463576,0,0,0.3179459853605182,0.0015831705352419,DLX1;TCF15;PHOX2A,3,GO_Biological_Process_2021
GO_Biological_Process_2021,positive regulation of intracellular signal transduction (GO:1902533),1/546,0.996164152433086,0.9994232301463576,0,0,0.1775390715043105,0.000682322295855006,TFRC,3,GO_Biological_Process_2021
GO_Biological_Process_2021,regulation of cell population proliferation (GO:0042127),2/764,0.9964062695570802,0.9994232301463576,0,0,0.2523661815000397,0.000908569585911699,CHRM1;TFRC,3,GO_Biological_Process_2021
GO_Biological_Process_2021,negative regulation of cellular process (GO:0048523),1/566,0.996880168492041,0.9994232301463576,0,0,0.1710766220482945,0.0005345645456674033,MSX1,3,GO_Biological_Process_2021
GO_Biological_Process_2021,cellular protein modification process (GO:0006464),3/1025,0.998180759708536,0.9994523275552984,0,0,0.2798037092592408,0.000509493768028848,B3GALNT1;B3GALT1;PTPN5,3,GO_Biological_Process_2021
GO_Biological_Process_2021,"positive regulation of transcription, DNA-templated (GO:0045893)",3/1183,0.9995500875288372,0.9995500875288372,0,0,0.2402994063494795,0.00010813802787781923,DLX1;TCF15;PHOX2A,3,GO_Biological_Process_2021
KEGG_2021_Human,Cortisol synthesis and secretion,3/65,0.0273538141573354,0.8903045738116004,0,0,4.848043229081382,17.447619395780233,KCNA4;CACNA1S;ADCY8,3,KEGG_2021_Human
KEGG_2021_Human,GABAergic synapse,3/89,0.0599063264776533,0.8903045738116004,0,0,3.490851139180734,9.82665226973149,SLC6A13;CACNA1S;ADCY8,3,KEGG_2021_Human
KEGG_2021_Human,Dilated cardiomyopathy,3/96,0.0717230639353225,0.8903045738116004,0,0,3.2269526772556083,8.502836079014903,CACNA1S;ADCY8;SGCG,3,KEGG_2021_Human
KEGG_2021_Human,Glycosphingolipid biosynthesis,2/45,0.0744584746361064,0.8903045738116004,0,0,4.641061780596664,12.055221541075596,B3GALNT1;B3GALT1,3,KEGG_2021_Human
KEGG_2021_Human,Cholinergic synapse,3/113,0.1042776844975899,0.8903045738116004,0,0,2.7258883248730963,6.162409997576357,CHRM1;CACNA1S;ADCY8,3,KEGG_2021_Human
KEGG_2021_Human,cAMP signaling pathway,4/216,0.1711183244038166,0.8903045738116004,0,0,1.8856372737774356,3.3289040548034623,CHRM1;BDNF;CACNA1S;ADCY8,3,KEGG_2021_Human
KEGG_2021_Human,Regulation of actin cytoskeleton,4/218,0.1750265580930103,0.8903045738116004,0,0,1.867823765020027,3.255276049268623,CHRM1;DIAPH3;CFL2;RDX,3,KEGG_2021_Human
KEGG_2021_Human,Arrhythmogenic right ventricular cardiomyopathy,2/77,0.1798830098073791,0.8903045738116004,0,0,2.656565656565657,4.557201796283064,CACNA1S;SGCG,3,KEGG_2021_Human
KEGG_2021_Human,Synaptic vesicle cycle,2/78,0.1834746263330842,0.8903045738116004,0,0,2.621477937267411,4.445184817601474,SLC6A13;SLC6A4,3,KEGG_2021_Human
KEGG_2021_Human,Phospholipase D signaling pathway,3/148,0.1849990407589495,0.8903045738116004,0,0,2.0642394538771223,3.483207230487368,RALA;DGKK;ADCY8,3,KEGG_2021_Human
KEGG_2021_Human,Arginine biosynthesis,1/22,0.1984625719282345,0.8903045738116004,0,0,4.732950466618808,7.653913334056085,OTC,3,KEGG_2021_Human
KEGG_2021_Human,Cushing syndrome,3/155,0.2027633389651177,0.8903045738116004,0,0,1.9684744857066525,3.141125834684901,KCNA4;CACNA1S;ADCY8,3,KEGG_2021_Human
KEGG_2021_Human,Mannose type O-glycan biosynthesis,1/23,0.2064867613185778,0.8903045738116004,0,0,4.517587939698492,7.126580711797677,B4GAT1,3,KEGG_2021_Human
KEGG_2021_Human,Renin-angiotensin system,1/23,0.2064867613185778,0.8903045738116004,0,0,4.517587939698492,7.126580711797677,MME,3,KEGG_2021_Human
KEGG_2021_Human,Insulin secretion,2/86,0.2125388044387241,0.8903045738116004,0,0,2.370851370851371,3.671573213687656,CACNA1S;ADCY8,3,KEGG_2021_Human
KEGG_2021_Human,Bile secretion,2/90,0.2272373036176318,0.8903045738116004,0,0,2.2626262626262625,3.352670034774279,SLCO1A2;ADCY8,3,KEGG_2021_Human
KEGG_2021_Human,Hypertrophic cardiomyopathy,2/90,0.2272373036176318,0.8903045738116004,0,0,2.2626262626262625,3.352670034774279,CACNA1S;SGCG,3,KEGG_2021_Human
KEGG_2021_Human,GnRH signaling pathway,2/93,0.2383084712706434,0.8903045738116004,0,0,2.187701187701188,3.1375777372613727,CACNA1S;ADCY8,3,KEGG_2021_Human
KEGG_2021_Human,Endocytosis,4/252,0.2455111752970841,0.8903045738116004,0,0,1.608953258722844,2.259634570821855,SH3GL3;TFRC;ZFYVE9;SH3GL2,3,KEGG_2021_Human
KEGG_2021_Human,Fc gamma R-mediated phagocytosis,2/97,0.253110289845866,0.8903045738116004,0,0,2.095162147793727,2.878606039624586,CFL2;WASF3,3,KEGG_2021_Human
KEGG_2021_Human,Aldosterone synthesis and secretion,2/98,0.2568151396703299,0.8903045738116004,0,0,2.073232323232323,2.818349436543183,CACNA1S;ADCY8,3,KEGG_2021_Human
KEGG_2021_Human,Choline metabolism in cancer,2/98,0.2568151396703299,0.8903045738116004,0,0,2.073232323232323,2.818349436543183,DGKK;WASF3,3,KEGG_2021_Human
KEGG_2021_Human,Hematopoietic cell lineage,2/99,0.2605209452628556,0.8903045738116004,0,0,2.0517546600020826,2.7597577787968723,TFRC;MME,3,KEGG_2021_Human
KEGG_2021_Human,HIF-1 signaling pathway,2/109,0.2975499631159602,0.8903045738116004,0,0,1.8590578684036627,2.2534999856206213,ANGPT4;TFRC,3,KEGG_2021_Human
KEGG_2021_Human,Mucin type O-glycan biosynthesis,1/36,0.3038080819844295,0.8903045738116004,0,0,2.8377602297200286,3.380791434126185,GALNT13,3,KEGG_2021_Human
KEGG_2021_Human,Serotonergic synapse,2/113,0.3122988478346994,0.8903045738116004,0,0,1.7917007917007917,2.0851718925161022,CACNA1S;SLC6A4,3,KEGG_2021_Human
KEGG_2021_Human,"Growth hormone synthesis, secretion and action",2/119,0.3342934948533607,0.8903045738116004,0,0,1.6993006993006994,1.8619848571697335,CACNA1S;ADCY8,3,KEGG_2021_Human
KEGG_2021_Human,Ferroptosis,1/41,0.3379920100397979,0.8903045738116004,0,0,2.4824120603015074,2.6927543377926204,TFRC,3,KEGG_2021_Human
KEGG_2021_Human,MAPK signaling pathway,4/294,0.3391365409127307,0.8903045738116004,0,0,1.3729767769176635,1.4846718387758946,ANGPT4;BDNF;CACNA1S;PTPN5,3,KEGG_2021_Human
KEGG_2021_Human,Rap1 signaling pathway,3/210,0.3506285032775068,0.8903045738116004,0,0,1.4414036636504084,1.5106314149991948,ANGPT4;RALA;ADCY8,3,KEGG_2021_Human
KEGG_2021_Human,Other types of O-glycan biosynthesis,1/47,0.376814886705751,0.8903045738116004,0,0,2.1579637317019884,2.1061752538856453,GALNT13,3,KEGG_2021_Human
KEGG_2021_Human,Vascular smooth muscle contraction,2/133,0.3847267669681982,0.8903045738116004,0,0,1.5166165471508983,1.4487053288734584,CACNA1S;ADCY8,3,KEGG_2021_Human
KEGG_2021_Human,Cocaine addiction,1/49,0.3892456229672477,0.8903045738116004,0,0,2.0678391959799,1.9510987409424116,BDNF,3,KEGG_2021_Human
KEGG_2021_Human,Ovarian steroidogenesis,1/51,0.4014296166851454,0.8903045738116004,0,0,1.984924623115578,1.8116864795932897,ADCY8,3,KEGG_2021_Human
KEGG_2021_Human,Ras signaling pathway,3/232,0.4101608320326375,0.8903045738116004,0,0,1.3014652095848205,1.1598735032985887,ANGPT4;RALA;BDNF,3,KEGG_2021_Human
KEGG_2021_Human,Regulation of lipolysis in adipocytes,1/55,0.4250767749174149,0.8903045738116004,0,0,1.8375209380234503,1.5719724807707876,ADCY8,3,KEGG_2021_Human
KEGG_2021_Human,Calcium signaling pathway,3/240,0.4314322217611132,0.8903045738116004,0,0,1.257019854783782,1.056707275654343,CHRM1;CACNA1S;ADCY8,3,KEGG_2021_Human
KEGG_2021_Human,Retrograde endocannabinoid signaling,2/148,0.436861177553996,0.8903045738116004,0,0,1.35976200359762,1.1260730416696714,CACNA1S;ADCY8,3,KEGG_2021_Human
KEGG_2021_Human,Adrenergic signaling in cardiomyocytes,2/150,0.4436350681034258,0.8903045738116004,0,0,1.3412503412503411,1.0901052026516995,CACNA1S;ADCY8,3,KEGG_2021_Human
KEGG_2021_Human,Viral myocarditis,1/60,0.4533325962584122,0.8903045738116004,0,0,1.681372966527553,1.330183274831934,SGCG,3,KEGG_2021_Human
KEGG_2021_Human,Oxytocin signaling pathway,2/154,0.4570468311439537,0.8903045738116004,0,0,1.3056884635832005,1.022314136665567,CACNA1S;ADCY8,3,KEGG_2021_Human
KEGG_2021_Human,Glycerolipid metabolism,1/61,0.4588157080798082,0.8903045738116004,0,0,1.6532663316582914,1.288070804786777,DGKK,3,KEGG_2021_Human
KEGG_2021_Human,GnRH secretion,1/64,0.4749388686968527,0.8903045738116004,0,0,1.574300071787509,1.1721753146425786,CACNA1S,3,KEGG_2021_Human
KEGG_2021_Human,Long-term potentiation,1/67,0.4905840112592053,0.8903045738116004,0,0,1.5025125628140703,1.0700274503610792,ADCY8,3,KEGG_2021_Human
KEGG_2021_Human,cGMP-PKG signaling pathway,2/167,0.4993126955468189,0.8903045738116004,0,0,1.202020202020202,0.8348303583619261,CACNA1S;ADCY8,3,KEGG_2021_Human
KEGG_2021_Human,Renin secretion,1/69,0.500755522308534,0.8903045738116004,0,0,1.4581732190363583,1.0085269537658983,CACNA1S,3,KEGG_2021_Human
KEGG_2021_Human,Tight junction,2/169,0.5056276520142977,0.8903045738116004,0,0,1.1875037803181516,0.8098238390721395,RDX;BVES,3,KEGG_2021_Human
KEGG_2021_Human,Adherens junction,1/71,0.5107249334696091,0.8903045738116004,0,0,1.416367552045944,0.9516915272016224,WASF3,3,KEGG_2021_Human
KEGG_2021_Human,PPAR signaling pathway,1/74,0.5253088319278648,0.8903045738116004,0,0,1.3579541543333105,0.8742087038575203,SLC27A6,3,KEGG_2021_Human
KEGG_2021_Human,Thyroid hormone synthesis,1/75,0.5300733603880184,0.8903045738116004,0,0,1.3395355154149124,0.8502565938086776,ADCY8,3,KEGG_2021_Human
KEGG_2021_Human,Gastric acid secretion,1/76,0.5347903032317255,0.8903045738116004,0,0,1.321608040201005,0.8271687875669174,ADCY8,3,KEGG_2021_Human
KEGG_2021_Human,Pancreatic cancer,1/76,0.5347903032317255,0.8903045738116004,0,0,1.321608040201005,0.8271687875669174,RALA,3,KEGG_2021_Human
KEGG_2021_Human,Pertussis,1/76,0.5347903032317255,0.8903045738116004,0,0,1.321608040201005,0.8271687875669174,CFL2,3,KEGG_2021_Human
KEGG_2021_Human,Axon guidance,2/182,0.5453994083800013,0.8903045738116004,0,0,1.101010101010101,0.6674729431463129,TRPC3;CFL2,3,KEGG_2021_Human
KEGG_2021_Human,Taste transduction,1/86,0.5794442849420854,0.8903045738116004,0,0,1.1655335501034585,0.636015065932131,ADCY8,3,KEGG_2021_Human
KEGG_2021_Human,Colorectal cancer,1/86,0.5794442849420854,0.8903045738116004,0,0,1.1655335501034585,0.636015065932131,RALA,3,KEGG_2021_Human
KEGG_2021_Human,Cardiac muscle contraction,1/87,0.5836679914950987,0.8903045738116004,0,0,1.1519224027112305,0.6202214761277236,CACNA1S,3,KEGG_2021_Human
KEGG_2021_Human,Gap junction,1/88,0.5878494885157634,0.8903045738116004,0,0,1.138624155259054,0.6049331780092367,ADCY8,3,KEGG_2021_Human
KEGG_2021_Human,Morphine addiction,1/91,0.6001448988156681,0.8903045738116004,0,0,1.100502512562814,0.5618991453376235,ADCY8,3,KEGG_2021_Human
KEGG_2021_Human,Salivary secretion,1/93,0.6081383763355012,0.8903045738116004,0,0,1.0764693030369237,0.5353850545471538,ADCY8,3,KEGG_2021_Human
KEGG_2021_Human,TGF-beta signaling pathway,1/94,0.6120752863236749,0.8903045738116004,0,0,1.0648403306856864,0.5227301046685241,ZFYVE9,3,KEGG_2021_Human
KEGG_2021_Human,Circadian entrainment,1/97,0.6236514348962008,0.8903045738116004,0,0,1.0314070351758795,0.4869929254325685,ADCY8,3,KEGG_2021_Human
KEGG_2021_Human,Phosphatidylinositol signaling system,1/97,0.6236514348962008,0.8903045738116004,0,0,1.0314070351758795,0.4869929254325685,DGKK,3,KEGG_2021_Human
KEGG_2021_Human,Glycerophospholipid metabolism,1/98,0.6274332493027582,0.8903045738116004,0,0,1.0207221675387246,0.4757769643136218,DGKK,3,KEGG_2021_Human
KEGG_2021_Human,Inflammatory mediator regulation of TRP channels,1/98,0.6274332493027582,0.8903045738116004,0,0,1.0207221675387246,0.4757769643136218,ADCY8,3,KEGG_2021_Human
KEGG_2021_Human,Progesterone-mediated oocyte maturation,1/100,0.6348838112697764,0.8903045738116004,0,0,1.0,0.454313271209604,ADCY8,3,KEGG_2021_Human
KEGG_2021_Human,Melanogenesis,1/101,0.6385533074411538,0.8903045738116004,0,0,0.9899497487437184,0.4440420770500481,ADCY8,3,KEGG_2021_Human
KEGG_2021_Human,Longevity regulating pathway,1/102,0.642186106799596,0.8903045738116004,0,0,0.9800985123637992,0.4340632175669919,ADCY8,3,KEGG_2021_Human
KEGG_2021_Human,Pancreatic secretion,1/102,0.642186106799596,0.8903045738116004,0,0,0.9800985123637992,0.4340632175669919,ADCY8,3,KEGG_2021_Human
KEGG_2021_Human,Protein digestion and absorption,1/103,0.6457825744876868,0.8903045738116004,0,0,0.9704404374815252,0.4243662317025385,MME,3,KEGG_2021_Human
KEGG_2021_Human,Human T-cell leukemia virus 1 infection,2/219,0.6460487750415385,0.8903045738116004,0,0,0.9115579760741052,0.3982416991649523,MSX1;ADCY8,3,KEGG_2021_Human
KEGG_2021_Human,"Parathyroid hormone synthesis, secretion and action",1/106,0.6563575850020138,0.8903045738116004,0,0,0.9425699928212492,0.3968686613882323,ADCY8,3,KEGG_2021_Human
KEGG_2021_Human,Insulin resistance,1/108,0.6632324670568477,0.8903045738116004,0,0,0.9248579345324754,0.3797741558133871,SLC27A6,3,KEGG_2021_Human
KEGG_2021_Human,Glutamatergic synapse,1/114,0.683046714602197,0.8903045738116004,0,0,0.8754836127540356,0.3337273716848506,ADCY8,3,KEGG_2021_Human
KEGG_2021_Human,PI3K-Akt signaling pathway,3/354,0.6903854515393084,0.8903045738116004,0,0,0.8438110113237017,0.3126363775917088,ANGPT4;CHRM1;BDNF,3,KEGG_2021_Human
KEGG_2021_Human,Chemical carcinogenesis,2/239,0.6927255623338799,0.8903045738116004,0,0,0.8337808464390742,0.3060987684376879,CACNA1S;ADCY8,3,KEGG_2021_Human
KEGG_2021_Human,Sphingolipid signaling pathway,1/119,0.6986693101557254,0.8903045738116004,0,0,0.8381739204497062,0.3005505089455322,S1PR5,3,KEGG_2021_Human
KEGG_2021_Human,Neurotrophin signaling pathway,1/119,0.6986693101557254,0.8903045738116004,0,0,0.8381739204497062,0.3005505089455322,BDNF,3,KEGG_2021_Human
KEGG_2021_Human,Pathways of neurodegeneration,4/475,0.7027149637147879,0.8903045738116004,0,0,0.8375146236838684,0.2954784476628118,CHRM1;TRPC3;BDNF;CACNA1S,3,KEGG_2021_Human
KEGG_2021_Human,Platelet activation,1/124,0.7135255255654438,0.8903045738116004,0,0,0.8038975364628018,0.2713452170770706,ADCY8,3,KEGG_2021_Human
KEGG_2021_Human,Salmonella infection,2/249,0.7141067222770565,0.8903045738116004,0,0,0.7996155890892733,0.2692488455287063,RALA;WASF3,3,KEGG_2021_Human
KEGG_2021_Human,Alzheimer disease,3/369,0.7169792813493449,0.8903045738116004,0,0,0.8086044769909295,0.2690294492980863,CHRM1;MME;CACNA1S,3,KEGG_2021_Human
KEGG_2021_Human,Oocyte meiosis,1/129,0.7276527766729426,0.8903045738116004,0,0,0.7722989949748744,0.2455380232172469,ADCY8,3,KEGG_2021_Human
KEGG_2021_Human,Purine metabolism,1/129,0.7276527766729426,0.8903045738116004,0,0,0.7722989949748744,0.2455380232172469,ADCY8,3,KEGG_2021_Human
KEGG_2021_Human,Relaxin signaling pathway,1/129,0.7276527766729426,0.8903045738116004,0,0,0.7722989949748744,0.2455380232172469,ADCY8,3,KEGG_2021_Human
KEGG_2021_Human,Apelin signaling pathway,1/137,0.7488283343138599,0.8951511122832349,0,0,0.7265740467041087,0.210158284256341,ADCY8,3,KEGG_2021_Human
KEGG_2021_Human,Estrogen signaling pathway,1/137,0.7488283343138599,0.8951511122832349,0,0,0.7265740467041087,0.210158284256341,ADCY8,3,KEGG_2021_Human
KEGG_2021_Human,Spinocerebellar ataxia,1/143,0.76362742236206,0.9024687718824348,0,0,0.6956614056196475,0.1876026814442347,TRPC3,3,KEGG_2021_Human
KEGG_2021_Human,Cell adhesion molecules,1/148,0.7752948529641656,0.9059625248120586,0,0,0.6718285304071377,0.1709883332727604,NRXN1,3,KEGG_2021_Human
KEGG_2021_Human,Phagosome,1/152,0.7842147458452606,0.9062037063100788,0,0,0.6538986322340178,0.1589447004917271,TFRC,3,KEGG_2021_Human
KEGG_2021_Human,Hippo signaling pathway,1/163,0.8069688204409236,0.9222500805039126,0,0,0.6091568955890564,0.1306460303698868,TEAD4,3,KEGG_2021_Human
KEGG_2021_Human,Alcoholism,1/186,0.8471194043176771,0.9450496914709066,0,0,0.5327991307890806,0.0883986330790981,BDNF,3,KEGG_2021_Human
KEGG_2021_Human,Chemokine signaling pathway,1/192,0.8561488312819886,0.9450496914709066,0,0,0.5159041279696914,0.0801256116253105,ADCY8,3,KEGG_2021_Human
KEGG_2021_Human,Neuroactive ligand-receptor interaction,2/341,0.8579625155978091,0.9450496914709066,0,0,0.5798694913739162,0.0888330305147032,CHRM1;S1PR5,3,KEGG_2021_Human
KEGG_2021_Human,Pathogenic Escherichia coli infection,1/197,0.8632665450936166,0.9450496914709066,0,0,0.5026151163983181,0.0739003936329984,WASF3,3,KEGG_2021_Human
KEGG_2021_Human,Proteoglycans in cancer,1/205,0.8739329998369425,0.9462761431577956,0,0,0.4827076559266923,0.065045612310389,RDX,3,KEGG_2021_Human
KEGG_2021_Human,Human immunodeficiency virus 1 infection,1/212,0.8825844796760208,0.9462761431577956,0,0,0.4665269475338779,0.0582695736095748,CFL2,3,KEGG_2021_Human
KEGG_2021_Human,Human cytomegalovirus infection,1/225,0.8971141839201324,0.9498474719353616,0,0,0.4391600861450108,0.0476805458252078,ADCY8,3,KEGG_2021_Human
KEGG_2021_Human,Thermogenesis,1/232,0.9041817280923152,0.9498474719353616,0,0,0.425699928212491,0.0428785878681947,ADCY8,3,KEGG_2021_Human
KEGG_2021_Human,Prion disease,1/273,0.9368751094862604,0.9743501138657108,0,0,0.360774460537984,0.0235244045008293,CACNA1S,3,KEGG_2021_Human
KEGG_2021_Human,Huntington disease,1/306,0.9549136361159888,0.9754766149563712,0,0,0.3211961446577148,0.0148181837000505,BDNF,3,KEGG_2021_Human
KEGG_2021_Human,MicroRNAs in cancer,1/310,0.9567174492841332,0.9754766149563712,0,0,0.3169732155925257,0.0140251701108881,RDX,3,KEGG_2021_Human
KEGG_2021_Human,Pathways in cancer,2/531,0.9708554551999208,0.9802812363183666,0,0,0.3679708235473831,0.0108837245796237,RALA;ADCY8,3,KEGG_2021_Human
KEGG_2021_Human,Olfactory transduction,1/440,0.9885693617865328,0.9885693617865328,0,0,0.2216206316319639,0.0025478549664925,OR2W3,3,KEGG_2021_Human
Reactome_2022,InlB-mediated Entry Of Listeria Monocytogenes Into Host Cell R-HSA-8875360,2/15,0.0095900084936835,0.592737645788094,0,0,15.374514374514376,71.44588341233826,SH3GL3;SH3GL2,3,Reactome_2022
Reactome_2022,Neurotransmitter Release Cycle R-HSA-112310,3/50,0.0136786260429923,0.592737645788094,0,0,6.400151204233719,27.468942123223947,SLC6A13;LIN7A;SYN2,3,Reactome_2022
Reactome_2022,Listeria Monocytogenes Entry Into Host Cells R-HSA-8876384,2/19,0.0152144484017713,0.592737645788094,0,0,11.754604872251932,49.19901329869125,SH3GL3;SH3GL2,3,Reactome_2022
Reactome_2022,Sensory Processing Of Sound By Outer Hair Cells Of Cochlea R-HSA-9662361,3/53,0.0159972388139271,0.592737645788094,0,0,6.01522842639594,24.875009582390742,TMIE;RDX;SPTBN1,3,Reactome_2022
Reactome_2022,Negative Regulation Of MET Activity R-HSA-6807004,2/21,0.0184420232483939,0.592737645788094,0,0,10.516214779372676,41.9925427496273,SH3GL3;SH3GL2,3,Reactome_2022
Reactome_2022,Dopamine Neurotransmitter Release Cycle R-HSA-212676,2/23,0.02193048949736,0.592737645788094,0,0,9.513708513708512,36.34120010270031,LIN7A;SYN2,3,Reactome_2022
Reactome_2022,Sensory Processing Of Sound By Inner Hair Cells Of Cochlea R-HSA-9662360,3/67,0.0295713073395418,0.592737645788094,0,0,4.696065989847716,16.534616995789808,TMIE;RDX;SPTBN1,3,Reactome_2022
Reactome_2022,Effects Of PIP2 Hydrolysis R-HSA-114508,2/27,0.0296442334084981,0.592737645788094,0,0,7.98989898989899,28.11236101024157,TRPC3;DGKK,3,Reactome_2022
Reactome_2022,Recycling Pathway Of L1 R-HSA-437239,2/28,0.0317180982356202,0.592737645788094,0,0,7.682206682206682,26.51027997028578,RDX;SH3GL2,3,Reactome_2022
Reactome_2022,trans-Golgi Network Vesicle Budding R-HSA-199992,3/71,0.0342825169101805,0.592737645788094,0,0,4.418931024186325,14.905583581524706,TFRC;CLVS2;SH3GL2,3,Reactome_2022
Reactome_2022,EGFR Downregulation R-HSA-182971,2/31,0.0382674239788824,0.592737645788094,0,0,6.886450714036921,22.47156498788087,SH3GL3;SH3GL2,3,Reactome_2022
Reactome_2022,Sensory Processing Of Sound R-HSA-9659379,3/75,0.0393585070908985,0.592737645788094,0,0,4.1725888324873095,13.498504866555718,TMIE;RDX;SPTBN1,3,Reactome_2022
Reactome_2022,Lysosome Vesicle Biogenesis R-HSA-432720,2/34,0.0452815731960364,0.592737645788094,0,0,6.23989898989899,19.311583224616665,CLVS2;SH3GL2,3,Reactome_2022
Reactome_2022,Muscarinic Acetylcholine Receptors R-HSA-390648,1/5,0.049014519870416,0.592737645788094,0,0,24.86934673366834,74.99696447567176,CHRM1,3,Reactome_2022
Reactome_2022,SMAD2/3 Phosphorylation Motif Mutants In Cancer R-HSA-3304356,1/6,0.0585267307609904,0.592737645788094,0,0,19.894472361809044,56.46591775214154,ZFYVE9,3,Reactome_2022
Reactome_2022,Loss Of Function Of SMAD2/3 In Cancer R-HSA-3304349,1/7,0.0679442688885301,0.592737645788094,0,0,16.57788944723618,44.57906348265406,ZFYVE9,3,Reactome_2022
Reactome_2022,Loss Of Function Of TGFBR1 In Cancer R-HSA-3656534,1/7,0.0679442688885301,0.592737645788094,0,0,16.57788944723618,44.57906348265406,ZFYVE9,3,Reactome_2022
Reactome_2022,"Transport Of Vitamins, Nucleosides, And Related Molecules R-HSA-425397",2/43,0.0687896467784887,0.592737645788094,0,0,4.867947770386794,13.030045670347697,SLCO1A2;SLC27A6,3,Reactome_2022
Reactome_2022,L1CAM Interactions R-HSA-373760,3/99,0.0770835823208496,0.592737645788094,0,0,3.125634517766497,8.010579186959143,RDX;SH3GL2;SPTBN1,3,Reactome_2022
Reactome_2022,Orexin And Neuropeptides FF And QRFP Bind To Their Respective Receptors R-HSA-389397,1/8,0.0772680713380291,0.592737645788094,0,0,14.208901651112706,36.38152974515558,QRFPR,3,Reactome_2022
Reactome_2022,Transport Of Fatty Acids R-HSA-804914,1/8,0.0772680713380291,0.592737645788094,0,0,14.208901651112706,36.38152974515558,SLC27A6,3,Reactome_2022
Reactome_2022,RUNX3 Regulates YAP1-mediated Transcription R-HSA-8951671,1/8,0.0772680713380291,0.592737645788094,0,0,14.208901651112706,36.38152974515558,TEAD4,3,Reactome_2022
Reactome_2022,Lectin Pathway Of Complement Activation R-HSA-166662,1/8,0.0772680713380291,0.592737645788094,0,0,14.208901651112706,36.38152974515558,COLEC10,3,Reactome_2022
Reactome_2022,Signaling By TGF-beta Receptor Complex In Cancer R-HSA-3304351,1/8,0.0772680713380291,0.592737645788094,0,0,14.208901651112706,36.38152974515558,ZFYVE9,3,Reactome_2022
Reactome_2022,Signaling By EGFR R-HSA-177929,2/49,0.0862189382580095,0.592737645788094,0,0,4.24521813883516,10.404458354124063,SH3GL3;SH3GL2,3,Reactome_2022
Reactome_2022,Cargo Recognition For Clathrin-Mediated Endocytosis R-HSA-8856825,3/104,0.0863951479385647,0.592737645788094,0,0,2.9701462532040006,7.273364724037877,SH3GL3;TFRC;SH3GL2,3,Reactome_2022
Reactome_2022,Adenylate Cyclase Activating Pathway R-HSA-170660,1/9,0.0864990660572792,0.592737645788094,0,0,12.4321608040201,30.429226090981548,ADCY8,3,Reactome_2022
Reactome_2022,Neuronal System R-HSA-112316,7/386,0.0935357333873736,0.592737645788094,0,0,1.858545121467729,4.4036586309279455,NRXN1;SLC6A13;KCNA4;LIN7A;ADCY8;SYN2;SLC6A4,3,Reactome_2022
Reactome_2022,IRAK1 Recruits IKK Complex R-HSA-937039,1/10,0.0956381720564831,0.592737645788094,0,0,11.050251256281408,25.93696464958489,PELI3,3,Reactome_2022
Reactome_2022,Urea Cycle R-HSA-70635,1/10,0.0956381720564831,0.592737645788094,0,0,11.050251256281408,25.93696464958489,OTC,3,Reactome_2022
Reactome_2022,Role Of Second Messengers In Netrin-1 Signaling R-HSA-418890,1/10,0.0956381720564831,0.592737645788094,0,0,11.050251256281408,25.93696464958489,TRPC3,3,Reactome_2022
Reactome_2022,Neurotransmitter Clearance R-HSA-112311,1/10,0.0956381720564831,0.592737645788094,0,0,11.050251256281408,25.93696464958489,SLC6A4,3,Reactome_2022
Reactome_2022,Transmission Across Chemical Synapses R-HSA-112315,5/246,0.1012805157724002,0.592737645788094,0,0,2.0809660602191724,4.765123498204115,SLC6A13;LIN7A;ADCY8;SYN2;SLC6A4,3,Reactome_2022
Reactome_2022,RHOJ GTPase Cycle R-HSA-9013409,2/54,0.1016331727713355,0.592737645788094,0,0,3.836052836052836,8.77069478933889,DIAPH3;TFRC,3,Reactome_2022
Reactome_2022,Transport Of Organic Anions R-HSA-879518,1/11,0.1046862992439068,0.592737645788094,0,0,9.944723618090451,22.4431232477853,SLCO1A2,3,Reactome_2022
Reactome_2022,Golgi Associated Vesicle Biogenesis R-HSA-432722,2/55,0.1048020475500832,0.592737645788094,0,0,3.763483895559368,8.489222766072233,TFRC;SH3GL2,3,Reactome_2022
Reactome_2022,Signaling By NTRK1 (TRKA) R-HSA-187037,3/114,0.1063487931507688,0.592737645788094,0,0,2.7011935793661683,6.0534587787747896,SH3GL3;RALA;SH3GL2,3,Reactome_2022
Reactome_2022,NCAM Signaling For Neurite Out-Growth R-HSA-375165,2/57,0.111218880351375,0.592737645788094,0,0,3.6262626262626254,7.964197874788815,CACNA1S;SPTBN1,3,Reactome_2022
Reactome_2022,Neurexins And Neuroligins R-HSA-6794361,2/57,0.111218880351375,0.592737645788094,0,0,3.6262626262626254,7.964197874788815,NRXN1;LIN7A,3,Reactome_2022
Reactome_2022,CREB1 Phosphorylation Thru Activation Of Adenylate Cyclase R-HSA-442720,1/12,0.1136443487055952,0.592737645788094,0,0,9.040201005025123,19.659557478207127,ADCY8,3,Reactome_2022
Reactome_2022,p38MAPK Events R-HSA-171007,1/12,0.1136443487055952,0.592737645788094,0,0,9.040201005025123,19.659557478207127,RALA,3,Reactome_2022
Reactome_2022,RHOQ GTPase Cycle R-HSA-9013406,2/59,0.1177356082636544,0.592737645788094,0,0,3.4986709197235517,7.484754897547597,DIAPH3;TFRC,3,Reactome_2022
Reactome_2022,Transcriptional Regulation By MECP2 R-HSA-8986944,2/60,0.1210294038464434,0.592737645788094,0,0,3.438174851967956,7.260468635528234,TRPC3;SLC6A4,3,Reactome_2022
Reactome_2022,FCGR3A-mediated Phagocytosis R-HSA-9664422,2/60,0.1210294038464434,0.592737645788094,0,0,3.438174851967956,7.260468635528234,MYH2;WASF3,3,Reactome_2022
Reactome_2022,Adenylate Cyclase Inhibitory Pathway R-HSA-170670,1/13,0.1225132126107664,0.592737645788094,0,0,8.28643216080402,17.397665920944878,ADCY8,3,Reactome_2022
Reactome_2022,Regulation Of Actin Dynamics For Phagocytic Cup Formation R-HSA-2029482,2/62,0.1276839186856092,0.592737645788094,0,0,3.323232323232323,6.839868307696459,MYH2;WASF3,3,Reactome_2022
Reactome_2022,Signaling By MET R-HSA-6806834,2/63,0.1310431018295034,0.592737645788094,0,0,3.2685875144891536,6.642518297732,SH3GL3;SH3GL2,3,Reactome_2022
Reactome_2022,Creation Of C4 And C2 Activators R-HSA-166786,1/14,0.1312937743788508,0.592737645788094,0,0,7.648627754155393,15.529145947074284,COLEC10,3,Reactome_2022
Reactome_2022,Lysosphingolipid And LPA Receptors R-HSA-419408,1/14,0.1312937743788508,0.592737645788094,0,0,7.648627754155393,15.529145947074284,S1PR5,3,Reactome_2022
Reactome_2022,Retrograde Neurotrophin Signaling R-HSA-177504,1/14,0.1312937743788508,0.592737645788094,0,0,7.648627754155393,15.529145947074284,SH3GL2,3,Reactome_2022
Reactome_2022,YAP1- And WWTR1 (TAZ)-stimulated Gene Expression R-HSA-2032785,1/15,0.139986908731619,0.592737645788094,0,0,7.101938262742283,13.963876250165317,TEAD4,3,Reactome_2022
Reactome_2022,Elevation Of Cytosolic Ca2+ Levels R-HSA-139853,1/15,0.139986908731619,0.592737645788094,0,0,7.101938262742283,13.963876250165317,TRPC3,3,Reactome_2022
Reactome_2022,Signaling By NTRKs R-HSA-166520,3/132,0.1461833943108462,0.592737645788094,0,0,2.3221579506551766,4.465262011584285,SH3GL3;RALA;SH3GL2,3,Reactome_2022
Reactome_2022,PKA Activation In Glucagon Signaling R-HSA-164378,1/16,0.1485934818111902,0.592737645788094,0,0,6.628140703517588,12.636822082241835,ADCY8,3,Reactome_2022
Reactome_2022,RHOB GTPase Cycle R-HSA-9013026,2/69,0.1515987898971927,0.592737645788094,0,0,2.974973616764661,5.612340646899519,DIAPH3;TFRC,3,Reactome_2022
Reactome_2022,PKA Activation R-HSA-163615,1/17,0.157114351192228,0.592737645788094,0,0,6.21356783919598,11.499955704952034,ADCY8,3,Reactome_2022
Reactome_2022,Tie2 Signaling R-HSA-210993,1/17,0.157114351192228,0.592737645788094,0,0,6.21356783919598,11.499955704952034,ANGPT4,3,Reactome_2022
Reactome_2022,G Alpha (Q) Signaling Events R-HSA-416476,4/212,0.1633967452928477,0.592737645788094,0,0,1.9222919937205647,3.482374225841472,CHRM1;TRPC3;DGKK;QRFPR,3,Reactome_2022
Reactome_2022,Recycling Of Bile Acids And Salts R-HSA-159418,1/18,0.1655503660358053,0.592737645788094,0,0,5.847768253029855,10.51709310132786,SLCO1A2,3,Reactome_2022
Reactome_2022,Lewis Blood Group Biosynthesis R-HSA-9037629,1/18,0.1655503660358053,0.592737645788094,0,0,5.847768253029855,10.51709310132786,B3GALT1,3,Reactome_2022
Reactome_2022,MECP2 Regulates Neuronal Receptors And Channels R-HSA-9022699,1/18,0.1655503660358053,0.592737645788094,0,0,5.847768253029855,10.51709310132786,TRPC3,3,Reactome_2022
Reactome_2022,Serotonin Neurotransmitter Release Cycle R-HSA-181429,1/18,0.1655503660358053,0.592737645788094,0,0,5.847768253029855,10.51709310132786,SYN2,3,Reactome_2022
Reactome_2022,Signaling By FLT3 Fusion Proteins R-HSA-9703465,1/18,0.1655503660358053,0.592737645788094,0,0,5.847768253029855,10.51709310132786,SPTBN1,3,Reactome_2022
Reactome_2022,RHOC GTPase Cycle R-HSA-9013106,2/73,0.1656330532612982,0.592737645788094,0,0,2.806800398349694,5.046572271238703,DIAPH3;TFRC,3,Reactome_2022
Reactome_2022,Activation Of NMDA Receptors And Postsynaptic Events R-HSA-442755,2/74,0.1691768732048807,0.592737645788094,0,0,2.767676767676768,4.917637208774679,LIN7A;ADCY8,3,Reactome_2022
Reactome_2022,RHOG GTPase Cycle R-HSA-9013408,2/74,0.1691768732048807,0.592737645788094,0,0,2.767676767676768,4.917637208774679,DIAPH3;TFRC,3,Reactome_2022
Reactome_2022,Clathrin-mediated Endocytosis R-HSA-8856828,3/142,0.1701252400646478,0.592737645788094,0,0,2.1540006573421464,3.815209920769243,SH3GL3;TFRC;SH3GL2,3,Reactome_2022
Reactome_2022,Signaling To RAS R-HSA-167044,1/19,0.1739023671527052,0.592737645788094,0,0,5.522613065326633,9.66049300943,RALA,3,Reactome_2022
Reactome_2022,PKA-mediated Phosphorylation Of CREB R-HSA-111931,1/19,0.1739023671527052,0.592737645788094,0,0,5.522613065326633,9.66049300943,ADCY8,3,Reactome_2022
Reactome_2022,"GABA Synthesis, Release, Reuptake And Degradation R-HSA-888590",1/19,0.1739023671527052,0.592737645788094,0,0,5.522613065326633,9.66049300943,SLC6A13,3,Reactome_2022
Reactome_2022,Na+/Cl- Dependent Neurotransmitter Transporters R-HSA-442660,1/19,0.1739023671527052,0.592737645788094,0,0,5.522613065326633,9.66049300943,SLC6A13,3,Reactome_2022
Reactome_2022,Initial Triggering Of Complement R-HSA-166663,1/21,0.1903576498347592,0.6310486473974212,0,0,4.969849246231155,8.244237447277422,COLEC10,3,Reactome_2022
Reactome_2022,Interleukin-37 Signaling R-HSA-9008059,1/21,0.1903576498347592,0.6310486473974212,0,0,4.969849246231155,8.244237447277422,PTPN5,3,Reactome_2022
Reactome_2022,Blood Group Systems Biosynthesis R-HSA-9033658,1/22,0.1984625719282345,0.6403725654217699,0,0,4.732950466618808,7.653913334056085,B3GALT1,3,Reactome_2022
Reactome_2022,Nephrin Family Interactions R-HSA-373753,1/22,0.1984625719282345,0.6403725654217699,0,0,4.732950466618808,7.653913334056085,SPTBN1,3,Reactome_2022
Reactome_2022,Fcgamma Receptor (FCGR) Dependent Phagocytosis R-HSA-2029480,2/87,0.2162052764803214,0.6724458079062725,0,0,2.342840166369578,3.588122897733772,MYH2;WASF3,3,Reactome_2022
Reactome_2022,RAC2 GTPase Cycle R-HSA-9013404,2/87,0.2162052764803214,0.6724458079062725,0,0,2.342840166369578,3.588122897733772,DIAPH3;TFRC,3,Reactome_2022
Reactome_2022,Protein-protein Interactions At Synapses R-HSA-6794362,2/88,0.2198775013707891,0.6724458079062725,0,0,2.315480385247827,3.5072227118932733,NRXN1;LIN7A,3,Reactome_2022
Reactome_2022,TRP Channels R-HSA-3295583,1/25,0.2222961348450487,0.6724458079062725,0,0,4.14070351758794,6.226561570384656,TRPC3,3,Reactome_2022
Reactome_2022,Assembly And Cell Surface Presentation Of NMDA Receptors R-HSA-9609736,1/25,0.2222961348450487,0.6724458079062725,0,0,4.14070351758794,6.226561570384656,LIN7A,3,Reactome_2022
Reactome_2022,Platelet Calcium Homeostasis R-HSA-418360,1/26,0.2300828957266827,0.6790251312909418,0,0,3.974874371859297,5.840344997302112,TRPC3,3,Reactome_2022
Reactome_2022,Downregulation Of TGF-beta Receptor Signaling R-HSA-2173788,1/26,0.2300828957266827,0.6790251312909418,0,0,3.974874371859297,5.840344997302112,ZFYVE9,3,Reactome_2022
Reactome_2022,FLT3 Signaling In Disease R-HSA-9682385,1/27,0.2377920775242915,0.6865553577082824,0,0,3.821801314263626,5.489477227235043,SPTBN1,3,Reactome_2022
Reactome_2022,RAC3 GTPase Cycle R-HSA-9013423,2/93,0.2383084712706434,0.6865553577082824,0,0,2.187701187701188,3.1375777372613727,DIAPH3;TFRC,3,Reactome_2022
Reactome_2022,Keratan Sulfate Biosynthesis R-HSA-2022854,1/28,0.2454244493195781,0.6987378439451518,0,0,3.680067001675042,5.169633447658624,B4GAT1,3,Reactome_2022
Reactome_2022,Interaction Between L1 And Ankyrins R-HSA-445095,1/29,0.252980772589684,0.7118761275198084,0,0,3.548456568557071,4.877147000705543,SPTBN1,3,Reactome_2022
Reactome_2022,RAC1 GTPase Cycle R-HSA-9013149,3/178,0.2634515635145014,0.7195310816952617,0,0,1.707759245830312,2.277955718305796,DIAPH3;TFRC;WASF3,3,Reactome_2022
Reactome_2022,Transferrin Endocytosis And Recycling R-HSA-917977,1/31,0.2678682819607093,0.7195310816952617,0,0,3.3115577889447234,4.362182296847866,TFRC,3,Reactome_2022
Reactome_2022,Regulation Of MECP2 Expression And Activity R-HSA-9022692,1/31,0.2678682819607093,0.7195310816952617,0,0,3.3115577889447234,4.362182296847866,SLC6A4,3,Reactome_2022
Reactome_2022,Glucagon Signaling In Metabolic Regulation R-HSA-163359,1/32,0.2752009537742224,0.7195310816952617,0,0,3.204571243313341,4.1347099266061775,ADCY8,3,Reactome_2022
Reactome_2022,"Inactivation, Recovery And Regulation Of Phototransduction Cascade R-HSA-2514859",1/32,0.2752009537742224,0.7195310816952617,0,0,3.204571243313341,4.1347099266061775,RGS9BP,3,Reactome_2022
Reactome_2022,Signaling To ERKs R-HSA-187687,1/33,0.2824605485993796,0.7195310816952617,0,0,3.1042713567839195,3.9244707255325473,RALA,3,Reactome_2022
Reactome_2022,Phototransduction Cascade R-HSA-2514856,1/33,0.2824605485993796,0.7195310816952617,0,0,3.1042713567839195,3.9244707255325473,RGS9BP,3,Reactome_2022
Reactome_2022,CaM Pathway R-HSA-111997,1/33,0.2824605485993796,0.7195310816952617,0,0,3.1042713567839195,3.9244707255325473,ADCY8,3,Reactome_2022
Reactome_2022,Keratan Sulfate/Keratin Metabolism R-HSA-1638074,1/33,0.2824605485993796,0.7195310816952617,0,0,3.1042713567839195,3.9244707255325473,B4GAT1,3,Reactome_2022
Reactome_2022,Gene And Protein Expression By JAK-STAT Signaling After Interleukin-12 Stimulation R-HSA-8950505,1/35,0.2967633987534311,0.726399614271677,0,0,2.9213715637008573,3.54894088012851,RALA,3,Reactome_2022
Reactome_2022,Ca-dependent Events R-HSA-111996,1/35,0.2967633987534311,0.726399614271677,0,0,2.9213715637008573,3.54894088012851,ADCY8,3,Reactome_2022
Reactome_2022,RHO GTPases Activate WASPs And WAVEs R-HSA-5663213,1/36,0.3038080819844295,0.726399614271677,0,0,2.8377602297200286,3.380791434126185,WASF3,3,Reactome_2022
Reactome_2022,RHOH GTPase Cycle R-HSA-9013407,1/36,0.3038080819844295,0.726399614271677,0,0,2.8377602297200286,3.380791434126185,TFRC,3,Reactome_2022
Reactome_2022,RHOV GTPase Cycle R-HSA-9013424,1/37,0.3107825442509396,0.726399614271677,0,0,2.758793969849246,3.2240971983470845,SPTBN1,3,Reactome_2022
Reactome_2022,Cooperation Of PDCL (PhLP1) And TRiC/CCT In G-protein Beta Folding R-HSA-6814122,1/37,0.3107825442509396,0.726399614271677,0,0,2.758793969849246,3.2240971983470845,RGS9BP,3,Reactome_2022
Reactome_2022,NCAM1 Interactions R-HSA-419037,1/37,0.3107825442509396,0.726399614271677,0,0,2.758793969849246,3.2240971983470845,CACNA1S,3,Reactome_2022
Reactome_2022,FCGR3A-mediated IL10 Synthesis R-HSA-9664323,1/38,0.3176874819497763,0.726399614271677,0,0,2.684096156457965,3.07781854672427,ADCY8,3,Reactome_2022
Reactome_2022,RHOU GTPase Cycle R-HSA-9013420,1/39,0.3245235847719431,0.726399614271677,0,0,2.6133298069293835,2.941033694945818,SPTBN1,3,Reactome_2022
Reactome_2022,DAG And IP3 Signaling R-HSA-1489509,1/39,0.3245235847719431,0.726399614271677,0,0,2.6133298069293835,2.941033694945818,ADCY8,3,Reactome_2022
Reactome_2022,NGF-stimulated Transcription R-HSA-9031628,1/39,0.3245235847719431,0.726399614271677,0,0,2.6133298069293835,2.941033694945818,SH3GL3,3,Reactome_2022
Reactome_2022,Amine Ligand-Binding Receptors R-HSA-375280,1/40,0.3312915354401823,0.726399614271677,0,0,2.54619250096637,2.8129227654318845,CHRM1,3,Reactome_2022
Reactome_2022,Carboxyterminal Post-Translational Modifications Of Tubulin R-HSA-8955332,1/41,0.3379920100397979,0.726399614271677,0,0,2.4824120603015074,2.6927543377926204,AGTPBP1,3,Reactome_2022
Reactome_2022,Non-integrin membrane-ECM Interactions R-HSA-3000171,1/41,0.3379920100397979,0.726399614271677,0,0,2.4824120603015074,2.6927543377926204,NRXN1,3,Reactome_2022
Reactome_2022,Activation Of GABAB Receptors R-HSA-991365,1/42,0.344625677945044,0.726399614271677,0,0,2.4217428606446867,2.579874053958348,ADCY8,3,Reactome_2022
Reactome_2022,Glucagon-like Peptide-1 (GLP1) Regulates Insulin Secretion R-HSA-381676,1/42,0.344625677945044,0.726399614271677,0,0,2.4217428606446867,2.579874053958348,ADCY8,3,Reactome_2022
Reactome_2022,RHOF GTPase Cycle R-HSA-9035034,1/42,0.344625677945044,0.726399614271677,0,0,2.4217428606446867,2.579874053958348,DIAPH3,3,Reactome_2022
Reactome_2022,Vasopressin Regulates Renal Water Homeostasis Via Aquaporins R-HSA-432040,1/42,0.344625677945044,0.726399614271677,0,0,2.4217428606446867,2.579874053958348,ADCY8,3,Reactome_2022
Reactome_2022,RND1 GTPase Cycle R-HSA-9696273,1/42,0.344625677945044,0.726399614271677,0,0,2.4217428606446867,2.579874053958348,TFRC,3,Reactome_2022
Reactome_2022,GPER1 Signaling R-HSA-9634597,1/43,0.3511932019412653,0.726399614271677,0,0,2.363962670495334,2.473694919601735,ADCY8,3,Reactome_2022
Reactome_2022,RND2 GTPase Cycle R-HSA-9696270,1/43,0.3511932019412653,0.726399614271677,0,0,2.363962670495334,2.473694919601735,TFRC,3,Reactome_2022
Reactome_2022,Voltage Gated Potassium Channels R-HSA-1296072,1/43,0.3511932019412653,0.726399614271677,0,0,2.363962670495334,2.473694919601735,KCNA4,3,Reactome_2022
Reactome_2022,TGF-beta Receptor Signaling Activates SMADs R-HSA-2173789,1/44,0.3576952382847675,0.7274138459236448,0,0,2.308869931050602,2.373689018141451,ZFYVE9,3,Reactome_2022
Reactome_2022,Interleukin-12 Signaling R-HSA-9020591,1/44,0.3576952382847675,0.7274138459236448,0,0,2.308869931050602,2.373689018141451,RALA,3,Reactome_2022
Reactome_2022,Glycosphingolipid Metabolism R-HSA-1660662,1/45,0.3641324366778817,0.7282648733557635,0,0,2.256281407035176,2.279380404926681,B3GALNT1,3,Reactome_2022
Reactome_2022,Bile Acid And Bile Salt Metabolism R-HSA-194068,1/45,0.3641324366778817,0.7282648733557635,0,0,2.256281407035176,2.279380404926681,SLCO1A2,3,Reactome_2022
Reactome_2022,PLC Beta Mediated Events R-HSA-112043,1/47,0.376814886705751,0.7413756307544044,0,0,2.1579637317019884,2.1061752538856453,ADCY8,3,Reactome_2022
Reactome_2022,G Alpha (Z) Signaling Events R-HSA-418597,1/47,0.376814886705751,0.7413756307544044,0,0,2.1579637317019884,2.1061752538856453,ADCY8,3,Reactome_2022
Reactome_2022,Netrin-1 Signaling R-HSA-373752,1/49,0.3892456229672477,0.7596567803070479,0,0,2.0678391959799,1.9510987409424116,TRPC3,3,Reactome_2022
Reactome_2022,Aquaporin-mediated Transport R-HSA-445717,1/50,0.3953681557510544,0.7654327495340414,0,0,2.025535842477695,1.8795714928238212,ADCY8,3,Reactome_2022
Reactome_2022,Translocation Of SLC2A4 (GLUT4) To Plasma Membrane R-HSA-1445148,1/51,0.4014296166851454,0.7702985004342758,0,0,1.984924623115578,1.8116864795932897,RALA,3,Reactome_2022
Reactome_2022,G-protein Mediated Events R-HSA-112040,1/52,0.4074306117999475,0.7702985004342758,0,0,1.9459060005911912,1.7471991060741807,ADCY8,3,Reactome_2022
Reactome_2022,RHOD GTPase Cycle R-HSA-9013405,1/52,0.4074306117999475,0.7702985004342758,0,0,1.9459060005911912,1.7471991060741807,DIAPH3,3,Reactome_2022
Reactome_2022,Interleukin-12 Family Signaling R-HSA-447115,1/54,0.4192535996279672,0.7819253616571379,0,0,1.8722859580923483,1.627539412897697,RALA,3,Reactome_2022
Reactome_2022,GPCR Downstream Signaling R-HSA-388396,7/619,0.4247825350123427,0.7819253616571379,0,0,1.1371533069186224,0.9736055568319022,CHRM1;TRPC3;RGS9BP;ADCY8;DGKK;QRFPR;S1PR5,3,Reactome_2022
Reactome_2022,Complement Cascade R-HSA-166658,1/55,0.4250767749174149,0.7819253616571379,0,0,1.8375209380234503,1.5719724807707876,COLEC10,3,Reactome_2022
Reactome_2022,RHOA GTPase Cycle R-HSA-8980692,2/147,0.433457636286527,0.7819253616571379,0,0,1.369209334726576,1.1446058954410874,DIAPH3;TFRC,3,Reactome_2022
Reactome_2022,CDC42 GTPase Cycle R-HSA-9013148,2/149,0.4402536949587857,0.7819253616571379,0,0,1.3504432075860646,1.107909196685694,DIAPH3;TFRC,3,Reactome_2022
Reactome_2022,GABA Receptor Activation R-HSA-977443,1/59,0.4477942115947188,0.7819253616571379,0,0,1.7104487957026513,1.3742113392020114,ADCY8,3,Reactome_2022
Reactome_2022,Iron Uptake And Transport R-HSA-917937,1/59,0.4477942115947188,0.7819253616571379,0,0,1.7104487957026513,1.3742113392020114,TFRC,3,Reactome_2022
Reactome_2022,Leishmania Infection R-HSA-9658195,3/247,0.4498174108345097,0.7819253616571379,0,0,1.220520928684364,0.9750906863314656,MYH2;ADCY8;WASF3,3,Reactome_2022
Reactome_2022,SLC-mediated Transmembrane Transport R-HSA-425407,3/247,0.4498174108345097,0.7819253616571379,0,0,1.220520928684364,0.9750906863314656,SLCO1A2;SLC6A13;SLC27A6,3,Reactome_2022
Reactome_2022,Interleukin-1 Family Signaling R-HSA-446652,2/152,0.4503639175015068,0.7819253616571379,0,0,1.323232323232323,1.0555415211165364,PELI3;PTPN5,3,Reactome_2022
Reactome_2022,Recruitment And ATM-mediated Phosphorylation Of Repair And Signal Proteins At DNA Double Strand Breaks R-HSA-5693565,1/60,0.4533325962584122,0.7819253616571379,0,0,1.681372966527553,1.330183274831934,EYA4,3,Reactome_2022
Reactome_2022,Post NMDA Receptor Activation Events R-HSA-438064,1/61,0.4588157080798082,0.7819253616571379,0,0,1.6532663316582914,1.288070804786777,ADCY8,3,Reactome_2022
Reactome_2022,DNA Double Strand Break Response R-HSA-5693606,1/61,0.4588157080798082,0.7819253616571379,0,0,1.6532663316582914,1.288070804786777,EYA4,3,Reactome_2022
Reactome_2022,Nuclear Events (Kinase And Transcription Factor Activation) R-HSA-198725,1/61,0.4588157080798082,0.7819253616571379,0,0,1.6532663316582914,1.288070804786777,SH3GL3,3,Reactome_2022
Reactome_2022,Mitochondrial Protein Import R-HSA-1268020,1/65,0.4802063242660991,0.8126568564503216,0,0,1.5496231155778897,1.1367096495006708,OTC,3,Reactome_2022
Reactome_2022,Diseases Associated With O-glycosylation Of Proteins R-HSA-3906995,1/69,0.500755522308534,0.8415474749907308,0,0,1.4581732190363583,1.0085269537658983,B4GAT1,3,Reactome_2022
Reactome_2022,Signaling By GPCR R-HSA-372790,7/689,0.5367975470838167,0.8870809888252965,0,0,1.0167140230653515,0.6325326292701339,CHRM1;TRPC3;RGS9BP;ADCY8;DGKK;QRFPR;S1PR5,3,Reactome_2022
Reactome_2022,Regulation Of Insulin Secretion R-HSA-422356,1/77,0.5394601334395485,0.8870809888252965,0,0,1.3041523406506217,0.8049050782659102,ADCY8,3,Reactome_2022
Reactome_2022,Neurotransmitter Receptors And Postsynaptic Signal Transmission R-HSA-112314,2/182,0.5453994083800013,0.8870809888252965,0,0,1.101010101010101,0.6674729431463129,LIN7A;ADCY8,3,Reactome_2022
Reactome_2022,Amyloid Fiber Formation R-HSA-977225,1/79,0.5486603241296241,0.8870809888252965,0,0,1.2705836876691148,0.7627005714660321,ODAM,3,Reactome_2022
Reactome_2022,COPI-mediated Anterograde Transport R-HSA-6807878,1/80,0.5531916072648388,0.8870809888252965,0,0,1.254436740665352,0.7426903392796255,SPTBN1,3,Reactome_2022
Reactome_2022,Membrane Trafficking R-HSA-199991,6/599,0.555925560866811,0.8870809888252965,0,0,1.0017384955059891,0.5881415840339872,SH3GL3;RALA;TFRC;CLVS2;SPTBN1;SH3GL2,3,Reactome_2022
Reactome_2022,Platelet Homeostasis R-HSA-418346,1/83,0.5665156476761636,0.8870809888252965,0,0,1.208358867508273,0.6866506239569532,TRPC3,3,Reactome_2022
Reactome_2022,"Transport Of Bile Salts And Organic Acids, Metal Ions And Amine Compounds R-HSA-425366",1/86,0.5794442849420854,0.8870809888252965,0,0,1.1655335501034585,0.636015065932131,SLC6A13,3,Reactome_2022
Reactome_2022,Sensory Perception R-HSA-9709957,6/616,0.5834025940575415,0.8870809888252965,0,0,0.9729592699002874,0.5243061266372772,TMIE;OR2W3;RGS9BP;RDX;ADCY8;SPTBN1,3,Reactome_2022
Reactome_2022,Opioid Signaling R-HSA-111885,1/88,0.5878494885157634,0.8870809888252965,0,0,1.138624155259054,0.6049331780092367,ADCY8,3,Reactome_2022
Reactome_2022,Sphingolipid Metabolism R-HSA-428157,1/89,0.591989195722158,0.8870809888252965,0,0,1.1256281407035176,0.5901295699518402,B3GALNT1,3,Reactome_2022
Reactome_2022,Axon Guidance R-HSA-422475,5/519,0.5958253260661494,0.8870809888252965,0,0,0.9620871994412852,0.4981761906735881,TRPC3;RDX;CACNA1S;SPTBN1;SH3GL2,3,Reactome_2022
Reactome_2022,Chaperonin-mediated Protein Folding R-HSA-390466,1/90,0.5960875287025766,0.8870809888252965,0,0,1.1129241714188922,0.5757910883551692,RGS9BP,3,Reactome_2022
Reactome_2022,Activation Of HOX Genes During Differentiation R-HSA-5619507,1/91,0.6001448988156681,0.8870809888252965,0,0,1.100502512562814,0.5618991453376235,HOXA4,3,Reactome_2022
Reactome_2022,Signaling By TGF-beta Receptor Complex R-HSA-170834,1/91,0.6001448988156681,0.8870809888252965,0,0,1.100502512562814,0.5618991453376235,ZFYVE9,3,Reactome_2022
Reactome_2022,G Alpha (I) Signaling Events R-HSA-418594,3/312,0.6062445475662641,0.8870809888252965,0,0,0.960573653343847,0.4807400545960321,RGS9BP;ADCY8;S1PR5,3,Reactome_2022
Reactome_2022,VEGFA-VEGFR2 Pathway R-HSA-4420097,1/93,0.6081383763355012,0.8870809888252965,0,0,1.0764693030369237,0.5353850545471538,WASF3,3,Reactome_2022
Reactome_2022,Transcriptional Regulation By RUNX3 R-HSA-8878159,1/95,0.6159728391110465,0.8870809888252965,0,0,1.0534587832780926,0.5104559909803796,TEAD4,3,Reactome_2022
Reactome_2022,Vesicle-mediated Transport R-HSA-5653656,6/637,0.6161266031000613,0.8870809888252965,0,0,0.9395493979446796,0.4550264154871236,SH3GL3;RALA;TFRC;CLVS2;SPTBN1;SH3GL2,3,Reactome_2022
Reactome_2022,Protein Folding R-HSA-391251,1/96,0.6198314260741546,0.8870809888252965,0,0,1.0423168473948692,0.4985482066164667,RGS9BP,3,Reactome_2022
Reactome_2022,MyD88 Cascade Initiated On Plasma Membrane R-HSA-975871,1/96,0.6198314260741546,0.8870809888252965,0,0,1.0423168473948692,0.4985482066164667,PELI3,3,Reactome_2022
Reactome_2022,Hedgehog Off State R-HSA-5610787,1/98,0.6274332493027582,0.8870809888252965,0,0,1.0207221675387246,0.4757769643136218,ADCY8,3,Reactome_2022
Reactome_2022,Visual Phototransduction R-HSA-2187338,1/98,0.6274332493027582,0.8870809888252965,0,0,1.0207221675387246,0.4757769643136218,RGS9BP,3,Reactome_2022
Reactome_2022,Stimuli-sensing Channels R-HSA-2672351,1/100,0.6348838112697764,0.8870809888252965,0,0,1.0,0.454313271209604,TRPC3,3,Reactome_2022
Reactome_2022,Class A/1 (Rhodopsin-like Receptors) R-HSA-373076,3/327,0.6379291071786508,0.8870809888252965,0,0,0.9153976311336718,0.4114969753394559,CHRM1;QRFPR;S1PR5,3,Reactome_2022
Reactome_2022,TRAF6 Mediated Induction Of NFkB And MAP Kinases Upon TLR7/8 Or 9 Activation R-HSA-975138,1/101,0.6385533074411538,0.8870809888252965,0,0,0.9899497487437184,0.4440420770500481,PELI3,3,Reactome_2022
Reactome_2022,Nervous System Development R-HSA-9675108,5/545,0.6389475267227855,0.8870809888252965,0,0,0.9145299145299144,0.4096480786203873,TRPC3;RDX;CACNA1S;SPTBN1;SH3GL2,3,Reactome_2022
Reactome_2022,Potassium Channels R-HSA-1296071,1/102,0.642186106799596,0.8870809888252965,0,0,0.9800985123637992,0.4340632175669919,KCNA4,3,Reactome_2022
Reactome_2022,MyD88 Dependent Cascade Initiated On Endosome R-HSA-975155,1/102,0.642186106799596,0.8870809888252965,0,0,0.9800985123637992,0.4340632175669919,PELI3,3,Reactome_2022
Reactome_2022,Signaling By VEGF R-HSA-194138,1/102,0.642186106799596,0.8870809888252965,0,0,0.9800985123637992,0.4340632175669919,WASF3,3,Reactome_2022
Reactome_2022,Toll Like Receptor 7/8 (TLR7/8) Cascade R-HSA-168181,1/103,0.6457825744876868,0.8870809888252965,0,0,0.9704404374815252,0.4243662317025385,PELI3,3,Reactome_2022
Reactome_2022,RHO GTPase Cycle R-HSA-9012999,4/441,0.6462480426086027,0.8870809888252965,0,0,0.9042637650025686,0.3947761337202347,DIAPH3;TFRC;SPTBN1;WASF3,3,Reactome_2022
Reactome_2022,MHC Class II Antigen Presentation R-HSA-2132295,1/104,0.6493430720264805,0.8870809888252965,0,0,0.9609698980338586,0.4149411183845573,SH3GL2,3,Reactome_2022
Reactome_2022,Integration Of Energy Metabolism R-HSA-163685,1/105,0.6528679573920863,0.8870809888252965,0,0,0.9516814843448008,0.4057783123183748,ADCY8,3,Reactome_2022
Reactome_2022,Toll Like Receptor 9 (TLR9) Cascade R-HSA-168138,1/106,0.6563575850020138,0.8870809888252965,0,0,0.9425699928212492,0.3968686613882323,PELI3,3,Reactome_2022
Reactome_2022,O-linked Glycosylation R-HSA-5173105,1/107,0.6598123057378238,0.8870809888252965,0,0,0.933630416232104,0.388203405372955,B4GAT1,3,Reactome_2022
Reactome_2022,MyD88:MAL(TIRAP) Cascade Initiated On Plasma Membrane R-HSA-166058,1/112,0.6765743473112501,0.9032529508126176,0,0,0.8913486350672281,0.3482614435144341,PELI3,3,Reactome_2022
Reactome_2022,Interleukin-1 Signaling R-HSA-9020702,1/114,0.683046714602197,0.9032529508126176,0,0,0.8754836127540356,0.3337273716848506,PELI3,3,Reactome_2022
Reactome_2022,PPARA Activates Gene Expression R-HSA-1989781,1/116,0.6893901914288371,0.9032529508126176,0,0,0.8601704173039109,0.3199385396662478,ANKRD1,3,Reactome_2022
Reactome_2022,Regulation Of Lipid Metabolism By PPARalpha R-HSA-400206,1/118,0.6956073317848006,0.9032529508126176,0,0,0.845380749903363,0.3068478138715934,ANKRD1,3,Reactome_2022
Reactome_2022,RHO GTPases Activate Formins R-HSA-5663220,1/119,0.6986693101557254,0.9032529508126176,0,0,0.8381739204497062,0.3005505089455322,DIAPH3,3,Reactome_2022
Reactome_2022,Signaling By TGFB Family Members R-HSA-9006936,1/119,0.6986693101557254,0.9032529508126176,0,0,0.8381739204497062,0.3005505089455322,ZFYVE9,3,Reactome_2022
Reactome_2022,Glycosaminoglycan Metabolism R-HSA-1630316,1/120,0.701700639474265,0.9032529508126176,0,0,0.8310882141801444,0.294411674622422,B4GAT1,3,Reactome_2022
Reactome_2022,Cell-Cell Communication R-HSA-1500931,1/120,0.701700639474265,0.9032529508126176,0,0,0.8310882141801444,0.294411674622422,SPTBN1,3,Reactome_2022
Reactome_2022,Transport Of Small Molecules R-HSA-382551,6/706,0.7128294883264231,0.9127234718253672,0,0,0.8438880706921944,0.2856671111455429,TFRC;TRPC3;SLCO1A2;SLC6A13;SLC27A6;ADCY8,3,Reactome_2022
Reactome_2022,"Platelet Activation, Signaling And Aggregation R-HSA-76002",2/254,0.7243240374497107,0.9225600898043684,0,0,0.7835497835497836,0.2527076720113272,TRPC3;DGKK,3,Reactome_2022
Reactome_2022,ADORA2B Mediated Anti-Inflammatory Cytokine Production R-HSA-9660821,1/131,0.7331076000158043,0.922942384773062,0,0,0.7603401623502126,0.2360573310794884,ADCY8,3,Reactome_2022
Reactome_2022,Signaling By Receptor Tyrosine Kinases R-HSA-9006934,4/496,0.7342172843473855,0.922942384773062,0,0,0.800895968143355,0.2474370227597824,SH3GL3;RALA;SH3GL2;WASF3,3,Reactome_2022
Reactome_2022,ER To Golgi Anterograde Transport R-HSA-199977,1/133,0.7384537036728938,0.922942384773062,0,0,0.7487437185929648,0.2270167509014778,SPTBN1,3,Reactome_2022
Reactome_2022,Cell Surface Interactions At Vascular Wall R-HSA-202733,1/134,0.7410866611649599,0.922942384773062,0,0,0.7430762836740091,0.2226536751666657,ANGPT4,3,Reactome_2022
Reactome_2022,Signaling By Hedgehog R-HSA-5358351,1/135,0.743693243928707,0.922942384773062,0,0,0.7374934373359334,0.2183914504625392,ADCY8,3,Reactome_2022
Reactome_2022,RHO GTPase Effectors R-HSA-195258,2/269,0.7531470172506343,0.9291075875049466,0,0,0.7389626603109749,0.2094920924360804,DIAPH3;WASF3,3,Reactome_2022
Reactome_2022,Toll Like Receptor 4 (TLR4) Cascade R-HSA-166016,1/140,0.7563396476796467,0.9291075875049466,0,0,0.7107841365098876,0.1984969430102926,PELI3,3,Reactome_2022
Reactome_2022,Diseases Of Glycosylation R-HSA-3781865,1/143,0.76362742236206,0.9333224051091846,0,0,0.6956614056196475,0.1876026814442347,B4GAT1,3,Reactome_2022
Reactome_2022,DNA Double-Strand Break Repair R-HSA-5693532,1/149,0.777558641095328,0.9421097233437736,0,0,0.6672551948933858,0.1678788815691765,EYA4,3,Reactome_2022
Reactome_2022,Metabolism Of Carbohydrates R-HSA-71387,2/285,0.7810058444750079,0.9421097233437736,0,0,0.6966127708177178,0.1721836216943668,B4GAT1;B3GALT1,3,Reactome_2022
Reactome_2022,G Alpha (S) Signaling Events R-HSA-418555,1/153,0.7863891079150508,0.9421097233437736,0,0,0.6495636075112404,0.1560924478581284,ADCY8,3,Reactome_2022
Reactome_2022,Metabolism Of Steroids R-HSA-8957322,1/153,0.7863891079150508,0.9421097233437736,0,0,0.6495636075112404,0.1560924478581284,SLCO1A2,3,Reactome_2022
Reactome_2022,Toll-like Receptor Cascades R-HSA-168898,1/162,0.8050029422478624,0.9525420853033087,0,0,0.6129716907518962,0.1329592889277211,PELI3,3,Reactome_2022
Reactome_2022,Protein Localization R-HSA-9609507,1/164,0.8089149773235216,0.9525420853033087,0,0,0.6053889077288281,0.128379657736663,OTC,3,Reactome_2022
Reactome_2022,Transport To Golgi And Subsequent Modification R-HSA-948021,1/164,0.8089149773235216,0.9525420853033087,0,0,0.6053889077288281,0.128379657736663,SPTBN1,3,Reactome_2022
Reactome_2022,Anti-inflammatory Response Favoring Leishmania Infection R-HSA-9662851,1/165,0.8108416098036432,0.9525420853033087,0,0,0.6016668709400662,0.1261590415104338,ADCY8,3,Reactome_2022
Reactome_2022,Ion Channel Transport R-HSA-983712,1/175,0.8290760267785648,0.9692579636734914,0,0,0.5667995148154565,0.1062428389619336,TRPC3,3,Reactome_2022
Reactome_2022,Signaling By Interleukins R-HSA-449147,3/453,0.8343524116249389,0.9707369404482464,0,0,0.6548223350253807,0.1185879385081383,RALA;PELI3;PTPN5,3,Reactome_2022
Reactome_2022,GPCR Ligand Binding R-HSA-500792,3/458,0.8398015942151279,0.972401845933306,0,0,0.6474591398449266,0.1130396402747082,CHRM1;QRFPR;S1PR5,3,Reactome_2022
Reactome_2022,Peptide Ligand-Binding Receptors R-HSA-375276,1/196,0.8618716082753269,0.9932044247744244,0,0,0.5052183996907615,0.075100192580976,QRFPR,3,Reactome_2022
Reactome_2022,Signaling By Rho GTPases R-HSA-194315,4/644,0.8891234325182489,0.999974934623822,0,0,0.610969387755102,0.0718006390980824,DIAPH3;TFRC;SPTBN1;WASF3,3,Reactome_2022
Reactome_2022,"Signaling By Rho GTPases, Miro GTPases And RHOBTB3 R-HSA-9716542",4/660,0.8998993438788321,0.999974934623822,0,0,0.5955699352911896,0.0628161678393594,DIAPH3;TFRC;SPTBN1;WASF3,3,Reactome_2022
Reactome_2022,Olfactory Signaling Pathway R-HSA-381753,2/401,0.9124312199780998,0.999974934623822,0,0,0.4911521227310701,0.0450104436391099,OR2W3;ADCY8,3,Reactome_2022
Reactome_2022,Diseases Of Metabolism R-HSA-5668914,1/247,0.9177413070177284,0.999974934623822,0,0,0.3994362054173305,0.0342874955096515,B4GAT1,3,Reactome_2022
Reactome_2022,Diseases Of Signal Transduction By Growth Factor Receptors And Second Messengers R-HSA-5663202,2/424,0.927578663334769,0.999974934623822,0,0,0.4638326391880894,0.0348698598096496,ZFYVE9;SPTBN1,3,Reactome_2022
Reactome_2022,Hemostasis R-HSA-109582,3/576,0.9302226958788812,0.999974934623822,0,0,0.5109894490658304,0.0369605125198409,ANGPT4;TRPC3;DGKK,3,Reactome_2022
Reactome_2022,RAF/MAP Kinase Cascade R-HSA-5673001,1/271,0.9355755511631364,0.999974934623822,0,0,0.3634840871021775,0.0242056326035099,SPTBN1,3,Reactome_2022
Reactome_2022,MAPK1/MAPK3 Signaling R-HSA-5684996,1/277,0.9393964860819424,0.999974934623822,0,0,0.3554730172602141,0.02222333625369,SPTBN1,3,Reactome_2022
Reactome_2022,Asparagine N-linked Glycosylation R-HSA-446203,1/282,0.9424077253042356,0.999974934623822,0,0,0.3490584595575743,0.020705194416427,SPTBN1,3,Reactome_2022
Reactome_2022,Extracellular Matrix Organization R-HSA-1474244,1/291,0.9474576247830658,0.999974934623822,0,0,0.3380696586380177,0.0182466560691828,NRXN1,3,Reactome_2022
Reactome_2022,Intracellular Signaling By Second Messengers R-HSA-9006925,1/306,0.9549136361159888,0.999974934623822,0,0,0.3211961446577148,0.0148181837000505,ADCY8,3,Reactome_2022
Reactome_2022,Antigen Processing: Ubiquitination And Proteasome Degradation R-HSA-983168,1/307,0.9553714830383324,0.999974934623822,0,0,0.3201300620750812,0.0146155465195783,RNF182,3,Reactome_2022
Reactome_2022,DNA Repair R-HSA-73894,1/310,0.9567174492841332,0.999974934623822,0,0,0.3169732155925257,0.0140251701108881,EYA4,3,Reactome_2022
Reactome_2022,MAPK Family Signaling Cascades R-HSA-5683057,1/318,0.9601124482965848,0.999974934623822,0,0,0.308847074489165,0.0125715793182226,SPTBN1,3,Reactome_2022
Reactome_2022,Developmental Biology R-HSA-1266738,6/1073,0.9606322200745352,0.999974934623822,0,0,0.5429907535338506,0.0218084898721669,TRPC3;RDX;CACNA1S;SPTBN1;SH3GL2;HOXA4,3,Reactome_2022
Reactome_2022,Infectious Disease R-HSA-5663205,5/961,0.9662654770588504,0.999974934623822,0,0,0.5054178736187105,0.0173442541123611,SH3GL3;MYH2;ADCY8;SH3GL2;WASF3,3,Reactome_2022
Reactome_2022,Cytokine Signaling In Immune System R-HSA-1280215,3/702,0.9732592385186264,0.999974934623822,0,0,0.4161347247336659,0.011279248526573,RALA;PELI3;PTPN5,3,Reactome_2022
Reactome_2022,Metabolism Of Amino Acids And Derivatives R-HSA-71291,1/364,0.9750783988975512,0.999974934623822,0,0,0.2690726359068067,0.006790694304129,OTC,3,Reactome_2022
Reactome_2022,Class I MHC Mediated Antigen Processing And Presentation R-HSA-983169,1/378,0.9784068619537668,0.999974934623822,0,0,0.2588939391919811,0.0056515721544826,RNF182,3,Reactome_2022
Reactome_2022,Metabolism Of Lipids R-HSA-556833,3/732,0.9789051392136716,0.999974934623822,0,0,0.3983831547283324,0.0084937426870247,B3GALNT1;SLCO1A2;ANKRD1,3,Reactome_2022
Reactome_2022,Expression And Translocation Of Olfactory Receptors R-HSA-9752946,1/393,0.9814834490884822,0.999974934623822,0,0,0.2487949953850887,0.0046500103797915,OR2W3,3,Reactome_2022
Reactome_2022,Signal Transduction R-HSA-162582,15/2465,0.989906343286246,0.999974934623822,0,0,0.5741864313292885,0.0058250886572807,SH3GL3;RALA;CHRM1;TFRC;TRPC3;ZFYVE9;ADCY8;DIAPH3;RGS9BP;DGKK;QRFPR;S1PR5;SPTBN1;SH3GL2;WASF3,3,Reactome_2022
Reactome_2022,Innate Immune System R-HSA-168249,4/1035,0.9932907461546489,0.999974934623822,0,0,0.3715235851857716,0.0025010455306821,MYH2;COLEC10;PELI3;WASF3,3,Reactome_2022
Reactome_2022,Adaptive Immune System R-HSA-1280218,2/733,0.9952196305074617,0.999974934623822,0,0,0.2634968011165001,0.0012626324043823,RNF182;SH3GL2,3,Reactome_2022
Reactome_2022,Disease R-HSA-1643685,8/1736,0.9969006490934804,0.999974934623822,0,0,0.4357638888888889,0.001352682507435,SH3GL3;MYH2;B4GAT1;ZFYVE9;ADCY8;SPTBN1;SH3GL2;WASF3,3,Reactome_2022
Reactome_2022,Generic Transcription Pathway R-HSA-212436,4/1190,0.998068094723441,0.999974934623822,0,0,0.3203014764084386,0.0006193906071843294,TEAD4;TRPC3;ZNF804B;SLC6A4,3,Reactome_2022
Reactome_2022,Immune System R-HSA-168256,8/1943,0.999289880718251,0.999974934623822,0,0,0.3846899224806202,0.0002732727710676515,MYH2;COLEC10;RALA;PELI3;RNF182;PTPN5;SH3GL2;WASF3,3,Reactome_2022
Reactome_2022,RNA Polymerase II Transcription R-HSA-73857,4/1312,0.9993013172372488,0.999974934623822,0,0,0.2885227485489609,0.0002016563261785467,TEAD4;TRPC3;ZNF804B;SLC6A4,3,Reactome_2022
Reactome_2022,Gene Expression (Transcription) R-HSA-74160,4/1449,0.9997830771486708,0.999974934623822,0,0,0.2592331050067085,5.6239684353858286e-05,TEAD4;TRPC3;ZNF804B;SLC6A4,3,Reactome_2022
Reactome_2022,Metabolism R-HSA-1430728,7/2049,0.9999014764233004,0.999974934623822,0,0,0.315412604730707,3.107710889330511e-05,B3GALNT1;B4GAT1;B3GALT1;SLCO1A2;ANKRD1;ADCY8;OTC,3,Reactome_2022
Reactome_2022,Post-translational Protein Modification R-HSA-597592,3/1383,0.999925322248748,0.999974934623822,0,0,0.203266387111013,1.5180043507408648e-05,AGTPBP1;B4GAT1;SPTBN1,3,Reactome_2022
Reactome_2022,Metabolism Of Proteins R-HSA-392499,5/1890,0.999974934623822,0.999974934623822,0,0,0.2436917635856628,6.108302279487168e-06,AGTPBP1;B4GAT1;ODAM;RGS9BP;SPTBN1,3,Reactome_2022
MSigDB_Hallmark_2020,Angiogenesis,1/36,0.3038080819844295,0.8673678080217752,0,0,2.8377602297200286,3.380791434126185,MSX1,3,MSigDB_Hallmark_2020
MSigDB_Hallmark_2020,Myogenesis,3/200,0.3233044834418361,0.8673678080217752,0,0,1.5153443788811871,1.711067359910169,TEAD4;MYH2;SGCG,3,MSigDB_Hallmark_2020
MSigDB_Hallmark_2020,Epithelial Mesenchymal Transition,3/200,0.3233044834418361,0.8673678080217752,0,0,1.5153443788811871,1.711067359910169,BDNF;MSX1;SGCG,3,MSigDB_Hallmark_2020
MSigDB_Hallmark_2020,TGF-beta Signaling,1/54,0.4192535996279672,0.8673678080217752,0,0,1.8722859580923483,1.627539412897697,SPTBN1,3,MSigDB_Hallmark_2020
MSigDB_Hallmark_2020,UV Response Up,2/158,0.470271536490919,0.8673678080217752,0,0,1.271950271950272,0.9596165405879008,TFRC;MSX1,3,MSigDB_Hallmark_2020
MSigDB_Hallmark_2020,heme Metabolism,2/200,0.5967065753140588,0.8673678080217752,0,0,1.0,0.516329785050999,TFRC;TRIM58,3,MSigDB_Hallmark_2020
MSigDB_Hallmark_2020,E2F Targets,2/200,0.5967065753140588,0.8673678080217752,0,0,1.0,0.516329785050999,DIAPH3;TFRC,3,MSigDB_Hallmark_2020
MSigDB_Hallmark_2020,Protein Secretion,1/96,0.6198314260741546,0.8673678080217752,0,0,1.0423168473948692,0.4985482066164667,SH3GL2,3,MSigDB_Hallmark_2020
MSigDB_Hallmark_2020,Bile Acid Metabolism,1/112,0.6765743473112501,0.8673678080217752,0,0,0.8913486350672281,0.3482614435144341,SLCO1A2,3,MSigDB_Hallmark_2020
MSigDB_Hallmark_2020,Spermatogenesis,1/135,0.743693243928707,0.8673678080217752,0,0,0.7374934373359334,0.2183914504625392,DDX25,3,MSigDB_Hallmark_2020
MSigDB_Hallmark_2020,UV Response Dn,1/144,0.7660081552523519,0.8673678080217752,0,0,0.690761499806726,0.1841310865645969,BDNF,3,MSigDB_Hallmark_2020
MSigDB_Hallmark_2020,DNA Repair,1/150,0.7797997353776313,0.8673678080217752,0,0,0.6627432464335098,0.164836268730291,RALA,3,MSigDB_Hallmark_2020
MSigDB_Hallmark_2020,Mitotic Spindle,1/199,0.8660145054493834,0.8673678080217752,0,0,0.4974874371859296,0.0715653690513794,SPTBN1,3,MSigDB_Hallmark_2020
MSigDB_Hallmark_2020,mTORC1 Signaling,1/200,0.8673678080217752,0.8673678080217752,0,0,0.49496224842807,0.0704292481681379,TFRC,3,MSigDB_Hallmark_2020
